section_id,chapter_id,chapter_title,section_title,rank,source_id,corpus,folder_name,similarity_score,mapping_grade,status
0.1,CH00,导论　设计史的对象、证据、时间与叙事,“设计”是对象、活动还是制度,1,B0180,book,Guy Julier：《The Culture of Design》，2000,0.357255,UNREVIEWED,candidate_needs_review
0.1,CH00,导论　设计史的对象、证据、时间与叙事,“设计”是对象、活动还是制度,2,B0242,book,Julier：《The culture of design，2018》,0.336181,UNREVIEWED,candidate_needs_review
0.1,CH00,导论　设计史的对象、证据、时间与叙事,“设计”是对象、活动还是制度,3,B0198,book,James J. Gibson：《The Ecological Approach To Visual Perception》,0.328569,UNREVIEWED,candidate_needs_review
0.1,CH00,导论　设计史的对象、证据、时间与叙事,“设计”是对象、活动还是制度,4,B0059,book,"Buchanan, Richard; Margolin, Victor (eds.), The Idea of Design, 1995",0.32243,UNREVIEWED,candidate_needs_review
0.1,CH00,导论　设计史的对象、证据、时间与叙事,“设计”是对象、活动还是制度,5,B0032,book,"Arturo Escobar：《Designs for the Pluriverse Radical Interdependence, Autonomy, and the Making of Worlds》，2018",0.317838,UNREVIEWED,candidate_needs_review
0.1,CH00,导论　设计史的对象、证据、时间与叙事,“设计”是对象、活动还是制度,6,B0135,book,"Edgar Kaufmann, Jr：《Nineteenth-Century Design》",0.311735,UNREVIEWED,candidate_needs_review
0.1,CH00,导论　设计史的对象、证据、时间与叙事,“设计”是对象、活动还是制度,7,B0299,book,Massimo Vignelli：《The Vignelli Canon》,0.305985,UNREVIEWED,candidate_needs_review
0.1,CH00,导论　设计史的对象、证据、时间与叙事,“设计”是对象、活动还是制度,8,B0138,book,"Edward Steinfeld, Jordana Maisel：《Universal Design Creating Inclusive Environments》，2012",0.303006,UNREVIEWED,candidate_needs_review
0.1,CH00,导论　设计史的对象、证据、时间与叙事,“设计”是对象、活动还是制度,9,B0226,book,John Heskett：《Toothpicks and Logos Design in Everyday Life》,0.301897,UNREVIEWED,candidate_needs_review
0.1,CH00,导论　设计史的对象、证据、时间与叙事,“设计”是对象、活动还是制度,10,B0107,book,Design Anthropology in Context _ An Introduction to Design -- Adam Drazin -- Lon,0.301442,UNREVIEWED,candidate_needs_review
0.1,CH00,导论　设计史的对象、证据、时间与叙事,“设计”是对象、活动还是制度,11,B0151,book,"Ezio Manzini：《Design, When Everybody Designs An Introduction to Design for Social Innovation》，2015",0.300037,UNREVIEWED,candidate_needs_review
0.1,CH00,导论　设计史的对象、证据、时间与叙事,“设计”是对象、活动还是制度,12,B0108,book,"Design discourse _ history, theory, criticism -- Margolin, Victor, 1941- -- Chic",0.299264,UNREVIEWED,candidate_needs_review
0.1,CH00,导论　设计史的对象、证据、时间与叙事,“设计”是对象、活动还是制度,13,B0460,book,"Wolfgang F. E. Preiser, Elaine Ostroff：《Universal Design Handbook》，2001",0.29848,UNREVIEWED,candidate_needs_review
0.1,CH00,导论　设计史的对象、证据、时间与叙事,“设计”是对象、活动还是制度,14,B0099,book,"David Crowley, Susan E. Reid：《Socialist Spaces Sites of Everyday Life in the Eastern Bloc》，2002",0.29824,UNREVIEWED,candidate_needs_review
0.1,CH00,导论　设计史的对象、证据、时间与叙事,“设计”是对象、活动还是制度,15,B0033,book,Arturo Escobar：《Designs for the Pluriverse，2018》,0.296621,UNREVIEWED,candidate_needs_review
0.1,CH00,导论　设计史的对象、证据、时间与叙事,“设计”是对象、活动还是制度,16,B0106,book,Design and the Creation of Value -- John Heskett; Clive Dilnot; Suzan Boztepe --,0.296304,UNREVIEWED,candidate_needs_review
0.1,CH00,导论　设计史的对象、证据、时间与叙事,“设计”是对象、活动还是制度,17,B0234,book,Jonathan M. Woodham：《Dictionary of Modern Design》,0.295126,UNREVIEWED,candidate_needs_review
0.1,CH00,导论　设计史的对象、证据、时间与叙事,“设计”是对象、活动还是制度,18,B0084,book,"Clive Dilnot：《A John Heskett Reader Design, History, Economics》",0.294845,UNREVIEWED,candidate_needs_review
0.1,CH00,导论　设计史的对象、证据、时间与叙事,“设计”是对象、活动还是制度,19,B0441,book,Walker：《Sustainable by design explorations in theory and practice》,0.294278,UNREVIEWED,candidate_needs_review
0.1,CH00,导论　设计史的对象、证据、时间与叙事,“设计”是对象、活动还是制度,20,B0130,book,Donald Quataert：《Ottoman Manufacturing in the Age of the Industrial Revolution》,0.292515,UNREVIEWED,candidate_needs_review
0.1,CH00,导论　设计史的对象、证据、时间与叙事,“设计”是对象、活动还是制度,21,B0093,book,"CROSS, NIGEL. From a Design Science to a Design Discipline Understanding Designe",0.290329,UNREVIEWED,candidate_needs_review
0.1,CH00,导论　设计史的对象、证据、时间与叙事,“设计”是对象、活动还是制度,22,B0065,book,Carl DiSalvo：《Adversarial Design》,0.288743,UNREVIEWED,candidate_needs_review
0.1,CH00,导论　设计史的对象、证据、时间与叙事,“设计”是对象、活动还是制度,23,B0105,book,"Design and Creativity Policy, Management and Practice (Guy Julier Liz Moor (edit",0.287837,UNREVIEWED,candidate_needs_review
0.1,CH00,导论　设计史的对象、证据、时间与叙事,“设计”是对象、活动还是制度,24,B0089,book,Craig Clunas：《Superfluous Things Material Culture and Social Status in Early Modern China》,0.287469,UNREVIEWED,candidate_needs_review
0.1,CH00,导论　设计史的对象、证据、时间与叙事,“设计”是对象、活动还是制度,25,B0380,book,Rudolf Arnheim：《The Dynamics of Architectural Form Based on the 1975 Mary Duke Biddle Lectures at the Cooper Union》，1975,0.284681,UNREVIEWED,candidate_needs_review
0.1,CH00,导论　设计史的对象、证据、时间与叙事,“设计”是对象、活动还是制度,26,B0222,book,John E. Bowlt (ed.)：《Russian Art of the Avant-Garde Theory and Criticism 1902-1934》，1976,0.2817,UNREVIEWED,candidate_needs_review
0.1,CH00,导论　设计史的对象、证据、时间与叙事,“设计”是对象、活动还是制度,27,B0237,book,Josef Albers：《Interaction of Color》，1963,0.280868,UNREVIEWED,candidate_needs_review
0.1,CH00,导论　设计史的对象、证据、时间与叙事,“设计”是对象、活动还是制度,28,B0061,book,By Edgar Kaufmann：《Introduction To Modern Design》,0.280846,UNREVIEWED,candidate_needs_review
0.1,CH00,导论　设计史的对象、证据、时间与叙事,“设计”是对象、活动还是制度,29,B0022,book,Anne Massey：《Interior Design of the 20th Century》，1990,0.279623,UNREVIEWED,candidate_needs_review
0.1,CH00,导论　设计史的对象、证据、时间与叙事,“设计”是对象、活动还是制度,30,B0058,book,"Buchanan, Richard; Margolin, Victor (eds.), Discovering Design, 1995",0.278091,UNREVIEWED,candidate_needs_review
0.2,CH00,导论　设计史的对象、证据、时间与叙事,现代性、现代化、现代主义与当代性,1,B0313,book,Mike Davis：《Late Victorian Holocausts El Nino Famines and the Making of the Third World》,0.349973,UNREVIEWED,candidate_needs_review
0.2,CH00,导论　设计史的对象、证据、时间与叙事,现代性、现代化、现代主义与当代性,2,B0165,book,"Geoffrey Alan Jellicoe, Susan Jellicoe：《The Landscape of Man》，1975",0.330827,UNREVIEWED,candidate_needs_review
0.2,CH00,导论　设计史的对象、证据、时间与叙事,现代性、现代化、现代主义与当代性,3,P0031,paper,"Frampton, Kenneth：Towards a Critical Regionalism：Six Points for an Architecture of Resistance, 1983",0.316398,UNREVIEWED,candidate_needs_review
0.2,CH00,导论　设计史的对象、证据、时间与叙事,现代性、现代化、现代主义与当代性,4,B0038,book,"Bauer, Arnold J：《Goods, power, history Latin Americas material culture》",0.314381,UNREVIEWED,candidate_needs_review
0.2,CH00,导论　设计史的对象、证据、时间与叙事,现代性、现代化、现代主义与当代性,5,B0337,book,Paul Greenhalgh (ed.)：《Modernism in Design》，1990,0.308041,UNREVIEWED,candidate_needs_review
0.2,CH00,导论　设计史的对象、证据、时间与叙事,现代性、现代化、现代主义与当代性,6,B0339,book,"Paul Greenhalgh：《Ephemeral Vistas The Expositions Universelles, Great Exhibition",0.305132,UNREVIEWED,candidate_needs_review
0.2,CH00,导论　设计史的对象、证据、时间与叙事,现代性、现代化、现代主义与当代性,7,B0143,book,Elizabeth Wilson：《Adorned in Dreams Fashion and Modernity》,0.303695,UNREVIEWED,candidate_needs_review
0.2,CH00,导论　设计史的对象、证据、时间与叙事,现代性、现代化、现代主义与当代性,8,B0146,book,Ellen Lupton：《Thinking with Type》，2004,0.293385,UNREVIEWED,candidate_needs_review
0.2,CH00,导论　设计史的对象、证据、时间与叙事,现代性、现代化、现代主义与当代性,9,B0030,book,Arthur A. Cohen：《Herbert Bayer The Complete Work》，1984,0.291359,UNREVIEWED,candidate_needs_review
0.2,CH00,导论　设计史的对象、证据、时间与叙事,现代性、现代化、现代主义与当代性,10,B0394,book,Sharon Zukin：《Landscapes of Power From Detroit to Disney World》,0.280233,UNREVIEWED,candidate_needs_review
0.2,CH00,导论　设计史的对象、证据、时间与叙事,现代性、现代化、现代主义与当代性,11,B0272,book,"Lears, T. J. Jackson：《No place of grace antimodernism and the transformation of American culture, 1880-1920》",0.279886,UNREVIEWED,candidate_needs_review
0.2,CH00,导论　设计史的对象、证据、时间与叙事,现代性、现代化、现代主义与当代性,12,B0180,book,Guy Julier：《The Culture of Design》，2000,0.279805,UNREVIEWED,candidate_needs_review
0.2,CH00,导论　设计史的对象、证据、时间与叙事,现代性、现代化、现代主义与当代性,13,B0197,book,"James H. Fraser, Steven Heller：《Japanese Modern Graphic Design Between the Wars》，1996",0.278833,UNREVIEWED,candidate_needs_review
0.2,CH00,导论　设计史的对象、证据、时间与叙事,现代性、现代化、现代主义与当代性,14,B0211,book,"Joanne Entwistle：《The Fashioned Body Fashion, Dress and Modern Social Theory》，2000",0.278529,UNREVIEWED,candidate_needs_review
0.2,CH00,导论　设计史的对象、证据、时间与叙事,现代性、现代化、现代主义与当代性,15,B0221,book,John Clifford：《Graphic Icons Visionaries Who Shaped Modern Graphic Design》，2014,0.278262,UNREVIEWED,candidate_needs_review
0.2,CH00,导论　设计史的对象、证据、时间与叙事,现代性、现代化、现代主义与当代性,16,B0506,book,维克多·马格林：《世界设计史1：史前至一战》，2015,0.276499,UNREVIEWED,candidate_needs_review
0.2,CH00,导论　设计史的对象、证据、时间与叙事,现代性、现代化、现代主义与当代性,17,B0238,book,Judith Gura：《Postmodern Design Complete》，2017,0.27643,UNREVIEWED,candidate_needs_review
0.2,CH00,导论　设计史的对象、证据、时间与叙事,现代性、现代化、现代主义与当代性,18,B0044,book,Bevis Hillier：《Art Deco of the 20s and 30s》,0.275329,UNREVIEWED,candidate_needs_review
0.2,CH00,导论　设计史的对象、证据、时间与叙事,现代性、现代化、现代主义与当代性,19,B0115,book,"Design, History and Time _ New Temporalities in a Digital -- Hendon, Zoë (editor",0.275197,UNREVIEWED,candidate_needs_review
0.2,CH00,导论　设计史的对象、证据、时间与叙事,现代性、现代化、现代主义与当代性,20,B0488,book,"李砚祖, 王春雨：《室内设计史》，2013",0.274794,UNREVIEWED,candidate_needs_review
0.2,CH00,导论　设计史的对象、证据、时间与叙事,现代性、现代化、现代主义与当代性,21,B0054,book,"Bringing design to software (Terry Winograd, (ed.))",0.273769,UNREVIEWED,candidate_needs_review
0.2,CH00,导论　设计史的对象、证据、时间与叙事,现代性、现代化、现代主义与当代性,22,B0100,book,David Crowley：《Warsaw》,0.272207,UNREVIEWED,candidate_needs_review
0.2,CH00,导论　设计史的对象、证据、时间与叙事,现代性、现代化、现代主义与当代性,23,B0153,book,FALLMAN D. Design-oriented human-computer interaction[C],0.271884,UNREVIEWED,candidate_needs_review
0.2,CH00,导论　设计史的对象、证据、时间与叙事,现代性、现代化、现代主义与当代性,24,B0075,book,"Charlotte Fiell, Peter Fiell：《Design of the 20th Century》，1999",0.271276,UNREVIEWED,candidate_needs_review
0.2,CH00,导论　设计史的对象、证据、时间与叙事,现代性、现代化、现代主义与当代性,25,B0297,book,Mary Warner Marien：《Photography A Cultural History》,0.271118,UNREVIEWED,candidate_needs_review
0.2,CH00,导论　设计史的对象、证据、时间与叙事,现代性、现代化、现代主义与当代性,26,B0005,book,"Adamson, Glenn; Riello, Giorgio; Teasley, Sarah (eds.), Global Design History, 2011",0.269708,UNREVIEWED,candidate_needs_review
0.2,CH00,导论　设计史的对象、证据、时间与叙事,现代性、现代化、现代主义与当代性,27,B0424,book,Theory Culture：《and Society 23 2 3 Problematizing Global Knowledge，2006》,0.266359,UNREVIEWED,candidate_needs_review
0.2,CH00,导论　设计史的对象、证据、时间与叙事,现代性、现代化、现代主义与当代性,28,B0320,book,"Muthesius, Hermann：The English House, 1979",0.265733,UNREVIEWED,candidate_needs_review
0.2,CH00,导论　设计史的对象、证据、时间与叙事,现代性、现代化、现代主义与当代性,29,B0311,book,"Mihaly Csikszentmihalyi, Eugene Halton：《The Meaning of Things Domestic Symbols and the Self》",0.265274,UNREVIEWED,candidate_needs_review
0.2,CH00,导论　设计史的对象、证据、时间与叙事,现代性、现代化、现代主义与当代性,30,B0190,book,"Hobsbawm, Eric：《Age of Revolution 1789-1848》",0.264394,UNREVIEWED,candidate_needs_review
0.3,CH00,导论　设计史的对象、证据、时间与叙事,从英雄谱系到关系史,1,B0169,book,Giorgio Riello：《Cotton The Fabric That Made the Modern World》,0.444437,UNREVIEWED,candidate_needs_review
0.3,CH00,导论　设计史的对象、证据、时间与叙事,从英雄谱系到关系史,2,B0209,book,Jeremy Prestholdt：《Domesticating the World African Consumerism and the Genealogies of Globalization》,0.42842,UNREVIEWED,candidate_needs_review
0.3,CH00,导论　设计史的对象、证据、时间与叙事,从英雄谱系到关系史,3,B0005,book,"Adamson, Glenn; Riello, Giorgio; Teasley, Sarah (eds.), Global Design History, 2011",0.416167,UNREVIEWED,candidate_needs_review
0.3,CH00,导论　设计史的对象、证据、时间与叙事,从英雄谱系到关系史,4,B0365,book,Richard Poulin：《Graphic Design and Architecture A 20th Century History》，2012,0.380312,UNREVIEWED,candidate_needs_review
0.3,CH00,导论　设计史的对象、证据、时间与叙事,从英雄谱系到关系史,5,B0242,book,Julier：《The culture of design，2018》,0.377343,UNREVIEWED,candidate_needs_review
0.3,CH00,导论　设计史的对象、证据、时间与叙事,从英雄谱系到关系史,6,B0400,book,"Sparke, Penny：《An introduction to design and culture 1900 to the present》",0.356531,UNREVIEWED,candidate_needs_review
0.3,CH00,导论　设计史的对象、证据、时间与叙事,从英雄谱系到关系史,7,B0292,book,Margolin：《World history of design》,0.35444,UNREVIEWED,candidate_needs_review
0.3,CH00,导论　设计史的对象、证据、时间与叙事,从英雄谱系到关系史,8,B0004,book,"Adam, Peter：Eileen Gray：Architect, Designer, 1987",0.352718,UNREVIEWED,candidate_needs_review
0.3,CH00,导论　设计史的对象、证据、时间与叙事,从英雄谱系到关系史,9,B0006,book,"Adburgham, Alison：《Libertys a biography of a shop》",0.348542,UNREVIEWED,candidate_needs_review
0.3,CH00,导论　设计史的对象、证据、时间与叙事,从英雄谱系到关系史,10,B0205,book,Jeffrey L. Meikle：《Design in the USA》,0.344036,UNREVIEWED,candidate_needs_review
0.3,CH00,导论　设计史的对象、证据、时间与叙事,从英雄谱系到关系史,11,B0102,book,David Raizman：《History of Modern Design》，2023,0.343023,UNREVIEWED,candidate_needs_review
0.3,CH00,导论　设计史的对象、证据、时间与叙事,从英雄谱系到关系史,12,B0250,book,"Kate Fletcher, Lynda Grose：《Fashion & Sustainability Design for Change》，2012",0.341216,UNREVIEWED,candidate_needs_review
0.3,CH00,导论　设计史的对象、证据、时间与叙事,从英雄谱系到关系史,13,B0086,book,Colleen E. Kriger：《Cloth in West African History》,0.340289,UNREVIEWED,candidate_needs_review
0.3,CH00,导论　设计史的对象、证据、时间与叙事,从英雄谱系到关系史,14,B0388,book,Scandinavian Design Alternative Histories (Kjetil Fallan (editor)),0.337576,UNREVIEWED,candidate_needs_review
0.3,CH00,导论　设计史的对象、证据、时间与叙事,从英雄谱系到关系史,15,B0122,book,"Digital Design Theory_ Readings from the Field (Design -- Armstrong, Helen -- De",0.335561,UNREVIEWED,candidate_needs_review
0.3,CH00,导论　设计史的对象、证据、时间与叙事,从英雄谱系到关系史,16,B0273,book,"Lees-Maffei, Grace; Houze, Rebecca (eds.)：The Design History Reader, 2010",0.335386,UNREVIEWED,candidate_needs_review
0.3,CH00,导论　设计史的对象、证据、时间与叙事,从英雄谱系到关系史,17,B0235,book,Jonathan M. Woodham：《Twentieth Century Design》,0.334766,UNREVIEWED,candidate_needs_review
0.3,CH00,导论　设计史的对象、证据、时间与叙事,从英雄谱系到关系史,18,B0036,book,"Attfield：《A View from the interior feminism, women, and design》",0.332512,UNREVIEWED,candidate_needs_review
0.3,CH00,导论　设计史的对象、证据、时间与叙事,从英雄谱系到关系史,19,B0180,book,Guy Julier：《The Culture of Design》，2000,0.332342,UNREVIEWED,candidate_needs_review
0.3,CH00,导论　设计史的对象、证据、时间与叙事,从英雄谱系到关系史,20,P0007,paper,"Bauhaus Imaginista Haus der Kulturen der Welt, Berlin, -- Basu, Priyanka -- West",0.330089,UNREVIEWED,candidate_needs_review
0.3,CH00,导论　设计史的对象、证据、时间与叙事,从英雄谱系到关系史,21,B0052,book,"Briggs, Asa：《Victorian things》",0.321697,UNREVIEWED,candidate_needs_review
0.3,CH00,导论　设计史的对象、证据、时间与叙事,从英雄谱系到关系史,22,B0108,book,"Design discourse _ history, theory, criticism -- Margolin, Victor, 1941- -- Chic",0.320233,UNREVIEWED,candidate_needs_review
0.3,CH00,导论　设计史的对象、证据、时间与叙事,从英雄谱系到关系史,23,B0107,book,Design Anthropology in Context _ An Introduction to Design -- Adam Drazin -- Lon,0.319921,UNREVIEWED,candidate_needs_review
0.3,CH00,导论　设计史的对象、证据、时间与叙事,从英雄谱系到关系史,24,B0259,book,"Kenneth Pomeranz：《The Great Divergence China, Europe, and the Making of the Modern World Economy》",0.318488,UNREVIEWED,candidate_needs_review
0.3,CH00,导论　设计史的对象、证据、时间与叙事,从英雄谱系到关系史,25,B0089,book,Craig Clunas：《Superfluous Things Material Culture and Social Status in Early Modern China》,0.318199,UNREVIEWED,candidate_needs_review
0.3,CH00,导论　设计史的对象、证据、时间与叙事,从英雄谱系到关系史,26,B0399,book,"Sparke, Penny; Fisher, Fiona (eds.), The Routledge Companion to Design Studies, 2016",0.315776,UNREVIEWED,candidate_needs_review
0.3,CH00,导论　设计史的对象、证据、时间与叙事,从英雄谱系到关系史,27,B0266,book,Landsberger：《Chinese propaganda posters from revolution to modernization》,0.315057,UNREVIEWED,candidate_needs_review
0.3,CH00,导论　设计史的对象、证据、时间与叙事,从英雄谱系到关系史,28,B0185,book,Heller：《Paul Rand》,0.31438,UNREVIEWED,candidate_needs_review
0.3,CH00,导论　设计史的对象、证据、时间与叙事,从英雄谱系到关系史,29,B0170,book,Glenn Adamson：《Global Design History》,0.311504,UNREVIEWED,candidate_needs_review
0.3,CH00,导论　设计史的对象、证据、时间与叙事,从英雄谱系到关系史,30,B0166,book,"George, Kenneth M.; Nordholt, Henk Schulte：《Outward Appearances Dressing State and Society in Indonesia》",0.306971,UNREVIEWED,candidate_needs_review
0.4,CH00,导论　设计史的对象、证据、时间与叙事,人工物如何成为史料,1,B0087,book,"Contextual Design_ Defining Customer-Centered Systems -- Beyer, Hugh, Holtzblatt",0.382456,UNREVIEWED,candidate_needs_review
0.4,CH00,导论　设计史的对象、证据、时间与叙事,人工物如何成为史料,2,P0072,paper,"Winner, Langdon：Do Artifacts Have Politics？, 1980",0.377945,UNREVIEWED,candidate_needs_review
0.4,CH00,导论　设计史的对象、证据、时间与叙事,人工物如何成为史料,3,B0419,book,"The designed world _ images, objects, environments -- Buchanan, Richard (editor)",0.375083,UNREVIEWED,candidate_needs_review
0.4,CH00,导论　设计史的对象、证据、时间与叙事,人工物如何成为史料,4,B0240,book,Judy Attfield：《Wild Things The Material Culture of Everyday Life》，2000,0.36781,UNREVIEWED,candidate_needs_review
0.4,CH00,导论　设计史的对象、证据、时间与叙事,人工物如何成为史料,5,B0057,book,"Buchanan, Richard; Doordan, Dennis P.; Margolin, Victor (eds.), The Designed World, 2010",0.366886,UNREVIEWED,candidate_needs_review
0.4,CH00,导论　设计史的对象、证据、时间与叙事,人工物如何成为史料,6,B0108,book,"Design discourse _ history, theory, criticism -- Margolin, Victor, 1941- -- Chic",0.362727,UNREVIEWED,candidate_needs_review
0.4,CH00,导论　设计史的对象、证据、时间与叙事,人工物如何成为史料,7,B0017,book,Alison J. Clarke (ed.)：《Design Anthropology Object Cultures in Transition》,0.359432,UNREVIEWED,candidate_needs_review
0.4,CH00,导论　设计史的对象、证据、时间与叙事,人工物如何成为史料,8,B0059,book,"Buchanan, Richard; Margolin, Victor (eds.), The Idea of Design, 1995",0.355318,UNREVIEWED,candidate_needs_review
0.4,CH00,导论　设计史的对象、证据、时间与叙事,人工物如何成为史料,9,B0107,book,Design Anthropology in Context _ An Introduction to Design -- Adam Drazin -- Lon,0.353294,UNREVIEWED,candidate_needs_review
0.4,CH00,导论　设计史的对象、证据、时间与叙事,人工物如何成为史料,10,B0142,book,"Elizabeth Shove, Matthew Watson, Martin Hand, Jack Ingram：《The Design of Everyday Life》，2007",0.352098,UNREVIEWED,candidate_needs_review
0.4,CH00,导论　设计史的对象、证据、时间与叙事,人工物如何成为史料,11,B0441,book,Walker：《Sustainable by design explorations in theory and practice》,0.351414,UNREVIEWED,candidate_needs_review
0.4,CH00,导论　设计史的对象、证据、时间与叙事,人工物如何成为史料,12,B0115,book,"Design, History and Time _ New Temporalities in a Digital -- Hendon, Zoë (editor",0.346359,UNREVIEWED,candidate_needs_review
0.4,CH00,导论　设计史的对象、证据、时间与叙事,人工物如何成为史料,13,B0125,book,Don Norman：《The Design of Future Things》,0.342162,UNREVIEWED,candidate_needs_review
0.4,CH00,导论　设计史的对象、证据、时间与叙事,人工物如何成为史料,14,B0402,book,"Sprigg, June：《Shaker design》",0.340069,UNREVIEWED,candidate_needs_review
0.4,CH00,导论　设计史的对象、证据、时间与叙事,人工物如何成为史料,15,B0263,book,Kjetil Fallan：《Design History Understanding Theory and Method》,0.335802,UNREVIEWED,candidate_needs_review
0.4,CH00,导论　设计史的对象、证据、时间与叙事,人工物如何成为史料,16,B0241,book,Juhani Pallasmaa：《The Eyes of the Skin Architecture and the Senses》，1996,0.335215,UNREVIEWED,candidate_needs_review
0.4,CH00,导论　设计史的对象、证据、时间与叙事,人工物如何成为史料,17,B0046,book,Bill Moggridge：《Designing Interactions》，2007,0.335146,UNREVIEWED,candidate_needs_review
0.4,CH00,导论　设计史的对象、证据、时间与叙事,人工物如何成为史料,18,B0099,book,"David Crowley, Susan E. Reid：《Socialist Spaces Sites of Everyday Life in the Eastern Bloc》，2002",0.334722,UNREVIEWED,candidate_needs_review
0.4,CH00,导论　设计史的对象、证据、时间与叙事,人工物如何成为史料,19,B0264,book,Klaus Krippendorff：《The Semantic Turn A New Foundation For Design》,0.331247,UNREVIEWED,candidate_needs_review
0.4,CH00,导论　设计史的对象、证据、时间与叙事,人工物如何成为史料,20,B0243,book,Junichiro Tanizaki：《In Praise of Shadows》，1933,0.330993,UNREVIEWED,candidate_needs_review
0.4,CH00,导论　设计史的对象、证据、时间与叙事,人工物如何成为史料,21,B0448,book,"Weiner, Annette B.; Schneider, Jane：《Cloth and human experience》",0.330692,UNREVIEWED,candidate_needs_review
0.4,CH00,导论　设计史的对象、证据、时间与叙事,人工物如何成为史料,22,B0052,book,"Briggs, Asa：《Victorian things》",0.329523,UNREVIEWED,candidate_needs_review
0.4,CH00,导论　设计史的对象、证据、时间与叙事,人工物如何成为史料,23,B0123,book,Digital Materialities ： Design and Anthropology -- Sarah Pink; Elisenda Ardèvol;,0.326173,UNREVIEWED,candidate_needs_review
0.4,CH00,导论　设计史的对象、证据、时间与叙事,人工物如何成为史料,24,B0290,book,"Margolin, Victor; Buchanan, Richard (eds.)：The Idea of Design：A Design Issues Reader, 1995",0.325757,UNREVIEWED,candidate_needs_review
0.4,CH00,导论　设计史的对象、证据、时间与叙事,人工物如何成为史料,25,B0280,book,Löwgren：《Thoughtful interaction design a design perspective on information technology》,0.325321,UNREVIEWED,candidate_needs_review
0.4,CH00,导论　设计史的对象、证据、时间与叙事,人工物如何成为史料,26,P0041,paper,Laura Forlano：《Posthumanism and Design》，2017,0.324201,UNREVIEWED,candidate_needs_review
0.4,CH00,导论　设计史的对象、证据、时间与叙事,人工物如何成为史料,27,B0301,book,"Matt Malpass：《Critical Design in Context History, Theory, and Practices》",0.323541,UNREVIEWED,candidate_needs_review
0.4,CH00,导论　设计史的对象、证据、时间与叙事,人工物如何成为史料,28,B0227,book,John M. Carroll (ed.)：《Human-Computer Interaction in the New Millennium》，2002,0.322474,UNREVIEWED,candidate_needs_review
0.4,CH00,导论　设计史的对象、证据、时间与叙事,人工物如何成为史料,29,B0489,book,李砚祖：《外国设计艺术经典论著选读(上)》，2004,0.320084,UNREVIEWED,candidate_needs_review
0.4,CH00,导论　设计史的对象、证据、时间与叙事,人工物如何成为史料,30,B0120,book,Deyan Sudjic：《The Language of Things Understanding the World of Desirable Objects》，2008,0.318462,UNREVIEWED,candidate_needs_review
0.5,CH00,导论　设计史的对象、证据、时间与叙事,图像、档案、口述与数字痕迹,1,B0376,book,"Roland Marchand：《Advertising and the American dream - Making way for modernity, 1920-1940》",0.346858,UNREVIEWED,candidate_needs_review
0.5,CH00,导论　设计史的对象、证据、时间与叙事,图像、档案、口述与数字痕迹,2,B0005,book,"Adamson, Glenn; Riello, Giorgio; Teasley, Sarah (eds.), Global Design History, 2011",0.331262,UNREVIEWED,candidate_needs_review
0.5,CH00,导论　设计史的对象、证据、时间与叙事,图像、档案、口述与数字痕迹,3,B0214,book,"Johanna Drucker, Emily McVarish：《Graphic Design History A Critical Guide》，2009",0.318997,UNREVIEWED,candidate_needs_review
0.5,CH00,导论　设计史的对象、证据、时间与叙事,图像、档案、口述与数字痕迹,4,B0189,book,"Heskett, John：《Industrial design》",0.311729,UNREVIEWED,candidate_needs_review
0.5,CH00,导论　设计史的对象、证据、时间与叙事,图像、档案、口述与数字痕迹,5,B0282,book,Magdalena Droste：《The Bauhaus 1919-1933》，1990,0.302533,UNREVIEWED,candidate_needs_review
0.5,CH00,导论　设计史的对象、证据、时间与叙事,图像、档案、口述与数字痕迹,6,B0178,book,Greiman：《Hybrid imagery the fusion of technology and graphic design》,0.295541,UNREVIEWED,candidate_needs_review
0.5,CH00,导论　设计史的对象、证据、时间与叙事,图像、档案、口述与数字痕迹,7,B0182,book,"Hans M. Wingler：《The Bauhaus Weimar, Dessau, Berlin, Chicago》，1969",0.277126,UNREVIEWED,candidate_needs_review
0.5,CH00,导论　设计史的对象、证据、时间与叙事,图像、档案、口述与数字痕迹,8,B0115,book,"Design, History and Time _ New Temporalities in a Digital -- Hendon, Zoë (editor",0.276852,UNREVIEWED,candidate_needs_review
0.5,CH00,导论　设计史的对象、证据、时间与叙事,图像、档案、口述与数字痕迹,9,B0517,book,靳埭强：《中国现代设计与包豪斯＝BAUHAUS CHINESE MODERN DESIGN》,0.276616,UNREVIEWED,candidate_needs_review
0.5,CH00,导论　设计史的对象、证据、时间与叙事,图像、档案、口述与数字痕迹,10,B0256,book,"Kelly, Rob Roy：American Wood Type, 1828-1900：Notes on the Evolution of Decorated and Large Types, 1977",0.276274,UNREVIEWED,candidate_needs_review
0.5,CH00,导论　设计史的对象、证据、时间与叙事,图像、档案、口述与数字痕迹,11,B0099,book,"David Crowley, Susan E. Reid：《Socialist Spaces Sites of Everyday Life in the Eastern Bloc》，2002",0.275796,UNREVIEWED,candidate_needs_review
0.5,CH00,导论　设计史的对象、证据、时间与叙事,图像、档案、口述与数字痕迹,12,B0186,book,Henry Dreyfuss：《Designing for People》，1967,0.274671,UNREVIEWED,candidate_needs_review
0.5,CH00,导论　设计史的对象、证据、时间与叙事,图像、档案、口述与数字痕迹,13,B0305,book,McKendrick：《The birth of a consumer society the commercialization of eighteenth-,0.268326,UNREVIEWED,candidate_needs_review
0.5,CH00,导论　设计史的对象、证据、时间与叙事,图像、档案、口述与数字痕迹,14,B0078,book,Chris Calori：《Signage and Wayfinding Design A Complete Guide to Creating Environ,0.267699,UNREVIEWED,candidate_needs_review
0.5,CH00,导论　设计史的对象、证据、时间与叙事,图像、档案、口述与数字痕迹,15,B0407,book,"Steven Heller, Georgette Ballance：《Graphic Design History》，2001",0.262571,UNREVIEWED,candidate_needs_review
0.5,CH00,导论　设计史的对象、证据、时间与叙事,图像、档案、口述与数字痕迹,16,B0096,book,Dan Saffer：《Designing for Interaction Creating Innovative Applications》，2009,0.262189,UNREVIEWED,candidate_needs_review
0.5,CH00,导论　设计史的对象、证据、时间与叙事,图像、档案、口述与数字痕迹,17,B0003,book,A. H. Munsell：《A color notation》,0.259785,UNREVIEWED,candidate_needs_review
0.5,CH00,导论　设计史的对象、证据、时间与叙事,图像、档案、口述与数字痕迹,18,B0466,book,世界设计史_I_史前至一战,0.259483,UNREVIEWED,candidate_needs_review
0.5,CH00,导论　设计史的对象、证据、时间与叙事,图像、档案、口述与数字痕迹,19,B0167,book,Gilles Lipovetsky：《The Empire of Fashion Dressing Modern Democracy》，1987,0.258842,UNREVIEWED,candidate_needs_review
0.5,CH00,导论　设计史的对象、证据、时间与叙事,图像、档案、口述与数字痕迹,20,B0253,book,Kathryn B Hiesinger：《JAPANESE DESIGN A SURVEY SINCE 1950》,0.257103,UNREVIEWED,candidate_needs_review
0.5,CH00,导论　设计史的对象、证据、时间与叙事,图像、档案、口述与数字痕迹,21,B0077,book,Chermayeff：《Identify. Basic Principles of Identity Design in the Iconic Trademar,0.256857,UNREVIEWED,candidate_needs_review
0.5,CH00,导论　设计史的对象、证据、时间与叙事,图像、档案、口述与数字痕迹,22,B0355,book,"R. Roger Remington：《American modernism graphic design, 1920 to 1960》",0.255873,UNREVIEWED,candidate_needs_review
0.5,CH00,导论　设计史的对象、证据、时间与叙事,图像、档案、口述与数字痕迹,23,B0381,book,Rudolf Arnheim：《Visual Thinking》,0.254017,UNREVIEWED,candidate_needs_review
0.5,CH00,导论　设计史的对象、证据、时间与叙事,图像、档案、口述与数字痕迹,24,B0103,book,Dennis P. Doordan：《Design History An Anthology》,0.252329,UNREVIEWED,candidate_needs_review
0.5,CH00,导论　设计史的对象、证据、时间与叙事,图像、档案、口述与数字痕迹,25,B0197,book,"James H. Fraser, Steven Heller：《Japanese Modern Graphic Design Between the Wars》，1996",0.251819,UNREVIEWED,candidate_needs_review
0.5,CH00,导论　设计史的对象、证据、时间与叙事,图像、档案、口述与数字痕迹,26,B0084,book,"Clive Dilnot：《A John Heskett Reader Design, History, Economics》",0.251614,UNREVIEWED,candidate_needs_review
0.5,CH00,导论　设计史的对象、证据、时间与叙事,图像、档案、口述与数字痕迹,27,B0163,book,Garrett：《The elements of user experience user-centered design for the Web and beyond》,0.250949,UNREVIEWED,candidate_needs_review
0.5,CH00,导论　设计史的对象、证据、时间与叙事,图像、档案、口述与数字痕迹,28,B0236,book,Joost Baljeu：《Theo van Doesburg》，1974,0.250018,UNREVIEWED,candidate_needs_review
0.5,CH00,导论　设计史的对象、证据、时间与叙事,图像、档案、口述与数字痕迹,29,B0360,book,Rem Koolhaas：《Delirious New York a retroactive manifesto for Manhattan》,0.249107,UNREVIEWED,candidate_needs_review
0.5,CH00,导论　设计史的对象、证据、时间与叙事,图像、档案、口述与数字痕迹,30,B0045,book,"Bijker, Wiebe E.：《OF BICYCLES BAKELITES AND BULBS》",0.247327,UNREVIEWED,candidate_needs_review
0.6,CH00,导论　设计史的对象、证据、时间与叙事,证据偏差与缺席者,1,B0115,book,"Design, History and Time _ New Temporalities in a Digital -- Hendon, Zoë (editor",0.357605,UNREVIEWED,candidate_needs_review
0.6,CH00,导论　设计史的对象、证据、时间与叙事,证据偏差与缺席者,2,B0311,book,"Mihaly Csikszentmihalyi, Eugene Halton：《The Meaning of Things Domestic Symbols and the Self》",0.333461,UNREVIEWED,candidate_needs_review
0.6,CH00,导论　设计史的对象、证据、时间与叙事,证据偏差与缺席者,3,B0440,book,Walker：《Design History and the History of Design》,0.311029,UNREVIEWED,candidate_needs_review
0.6,CH00,导论　设计史的对象、证据、时间与叙事,证据偏差与缺席者,4,B0016,book,Alison Black：《Information Design. Research and practice》,0.309226,UNREVIEWED,candidate_needs_review
0.6,CH00,导论　设计史的对象、证据、时间与叙事,证据偏差与缺席者,5,B0183,book,Hazel Conway：《Design history a students handbook》,0.30256,UNREVIEWED,candidate_needs_review
0.6,CH00,导论　设计史的对象、证据、时间与叙事,证据偏差与缺席者,6,B0151,book,"Ezio Manzini：《Design, When Everybody Designs An Introduction to Design for Social Innovation》，2015",0.302382,UNREVIEWED,candidate_needs_review
0.6,CH00,导论　设计史的对象、证据、时间与叙事,证据偏差与缺席者,7,B0023,book,"Anthony Dunne, Fiona Raby：《Design Noir The Secret Life of Electronic Objects》",0.301655,UNREVIEWED,candidate_needs_review
0.6,CH00,导论　设计史的对象、证据、时间与叙事,证据偏差与缺席者,8,B0005,book,"Adamson, Glenn; Riello, Giorgio; Teasley, Sarah (eds.), Global Design History, 2011",0.29515,UNREVIEWED,candidate_needs_review
0.6,CH00,导论　设计史的对象、证据、时间与叙事,证据偏差与缺席者,9,B0315,book,"Miller, Daniel：Material Culture and Mass Consumption, 1987",0.291129,UNREVIEWED,candidate_needs_review
0.6,CH00,导论　设计史的对象、证据、时间与叙事,证据偏差与缺席者,10,B0038,book,"Bauer, Arnold J：《Goods, power, history Latin Americas material culture》",0.28965,UNREVIEWED,candidate_needs_review
0.6,CH00,导论　设计史的对象、证据、时间与叙事,证据偏差与缺席者,11,B0139,book,Edward T. Hall：《The Hidden Dimension》，1966,0.288121,UNREVIEWED,candidate_needs_review
0.6,CH00,导论　设计史的对象、证据、时间与叙事,证据偏差与缺席者,12,B0099,book,"David Crowley, Susan E. Reid：《Socialist Spaces Sites of Everyday Life in the Eastern Bloc》，2002",0.286373,UNREVIEWED,candidate_needs_review
0.6,CH00,导论　设计史的对象、证据、时间与叙事,证据偏差与缺席者,13,P0039,paper,Jeanne Liedtka：《Perspective： Linking Design Thinking with Innovation Outcomes through Cognitive Bias Reduction》，2015,0.282882,UNREVIEWED,candidate_needs_review
0.6,CH00,导论　设计史的对象、证据、时间与叙事,证据偏差与缺席者,14,B0037,book,Batchen：《Burning with desire the conception of photography》,0.281056,UNREVIEWED,candidate_needs_review
0.6,CH00,导论　设计史的对象、证据、时间与叙事,证据偏差与缺席者,15,B0459,book,Wixon：《Field methods casebook for software design》,0.280444,UNREVIEWED,candidate_needs_review
0.6,CH00,导论　设计史的对象、证据、时间与叙事,证据偏差与缺席者,16,B0169,book,Giorgio Riello：《Cotton The Fabric That Made the Modern World》,0.279518,UNREVIEWED,candidate_needs_review
0.6,CH00,导论　设计史的对象、证据、时间与叙事,证据偏差与缺席者,17,B0421,book,The Politics of Design： A (Not So) Global Design Manual for -- [writer and desig,0.279391,UNREVIEWED,candidate_needs_review
0.6,CH00,导论　设计史的对象、证据、时间与叙事,证据偏差与缺席者,18,B0143,book,Elizabeth Wilson：《Adorned in Dreams Fashion and Modernity》,0.272287,UNREVIEWED,candidate_needs_review
0.6,CH00,导论　设计史的对象、证据、时间与叙事,证据偏差与缺席者,19,B0101,book,David Raizman：《History of Modern Design》,0.271743,UNREVIEWED,candidate_needs_review
0.6,CH00,导论　设计史的对象、证据、时间与叙事,证据偏差与缺席者,20,B0155,book,"Fiona Kerlogue, Tara Sosrowardoyo：《Batik design, style & history featuring selections from》，2004",0.270031,UNREVIEWED,candidate_needs_review
0.6,CH00,导论　设计史的对象、证据、时间与叙事,证据偏差与缺席者,21,B0028,book,"Appadurai, Arjun (ed.)：The Social Life of Things：Commodities in Cultural Perspective, 1986",0.269603,UNREVIEWED,candidate_needs_review
0.6,CH00,导论　设计史的对象、证据、时间与叙事,证据偏差与缺席者,22,B0242,book,Julier：《The culture of design，2018》,0.269291,UNREVIEWED,candidate_needs_review
0.6,CH00,导论　设计史的对象、证据、时间与叙事,证据偏差与缺席者,23,B0208,book,Jenny L. Davis：《How Artifacts Afford The Power and Politics of Everyday Things》,0.268694,UNREVIEWED,candidate_needs_review
0.6,CH00,导论　设计史的对象、证据、时间与叙事,证据偏差与缺席者,24,B0281,book,"M. Havinden：《Colonialism and Development Britain and Its Tropical Colonies, 1850-1960》",0.268317,UNREVIEWED,candidate_needs_review
0.6,CH00,导论　设计史的对象、证据、时间与叙事,证据偏差与缺席者,25,B0312,book,Mihaly Csikszentmihalyi：《Creativity》,0.267523,UNREVIEWED,candidate_needs_review
0.6,CH00,导论　设计史的对象、证据、时间与叙事,证据偏差与缺席者,26,B0339,book,"Paul Greenhalgh：《Ephemeral Vistas The Expositions Universelles, Great Exhibition",0.266994,UNREVIEWED,candidate_needs_review
0.6,CH00,导论　设计史的对象、证据、时间与叙事,证据偏差与缺席者,27,B0170,book,Glenn Adamson：《Global Design History》,0.266839,UNREVIEWED,candidate_needs_review
0.6,CH00,导论　设计史的对象、证据、时间与叙事,证据偏差与缺席者,28,B0031,book,Arthur J. Pulos：《American design ethic a history of industrial design to 1940》,0.264481,UNREVIEWED,candidate_needs_review
0.6,CH00,导论　设计史的对象、证据、时间与叙事,证据偏差与缺席者,29,B0102,book,David Raizman：《History of Modern Design》，2023,0.26309,UNREVIEWED,candidate_needs_review
0.6,CH00,导论　设计史的对象、证据、时间与叙事,证据偏差与缺席者,30,B0280,book,Löwgren：《Thoughtful interaction design a design perspective on information technology》,0.262702,UNREVIEWED,candidate_needs_review
0.7,CH00,导论　设计史的对象、证据、时间与叙事,全球设计史的三种模型,1,B0417,book,"The design history reader -- Grace Lees-Maffei, Rebecca Houze (eds_) -- New York",0.382468,UNREVIEWED,candidate_needs_review
0.7,CH00,导论　设计史的对象、证据、时间与叙事,全球设计史的三种模型,2,B0170,book,Glenn Adamson：《Global Design History》,0.374749,UNREVIEWED,candidate_needs_review
0.7,CH00,导论　设计史的对象、证据、时间与叙事,全球设计史的三种模型,3,B0099,book,"David Crowley, Susan E. Reid：《Socialist Spaces Sites of Everyday Life in the Eastern Bloc》，2002",0.359157,UNREVIEWED,candidate_needs_review
0.7,CH00,导论　设计史的对象、证据、时间与叙事,全球设计史的三种模型,4,B0151,book,"Ezio Manzini：《Design, When Everybody Designs An Introduction to Design for Social Innovation》，2015",0.35655,UNREVIEWED,candidate_needs_review
0.7,CH00,导论　设计史的对象、证据、时间与叙事,全球设计史的三种模型,5,B0005,book,"Adamson, Glenn; Riello, Giorgio; Teasley, Sarah (eds.), Global Design History, 2011",0.351446,UNREVIEWED,candidate_needs_review
0.7,CH00,导论　设计史的对象、证据、时间与叙事,全球设计史的三种模型,6,P0041,paper,Laura Forlano：《Posthumanism and Design》，2017,0.343632,UNREVIEWED,candidate_needs_review
0.7,CH00,导论　设计史的对象、证据、时间与叙事,全球设计史的三种模型,7,B0290,book,"Margolin, Victor; Buchanan, Richard (eds.)：The Idea of Design：A Design Issues Reader, 1995",0.33769,UNREVIEWED,candidate_needs_review
0.7,CH00,导论　设计史的对象、证据、时间与叙事,全球设计史的三种模型,8,B0059,book,"Buchanan, Richard; Margolin, Victor (eds.), The Idea of Design, 1995",0.336418,UNREVIEWED,candidate_needs_review
0.7,CH00,导论　设计史的对象、证据、时间与叙事,全球设计史的三种模型,9,B0036,book,"Attfield：《A View from the interior feminism, women, and design》",0.318534,UNREVIEWED,candidate_needs_review
0.7,CH00,导论　设计史的对象、证据、时间与叙事,全球设计史的三种模型,10,B0303,book,Mauricio Tenorio-Trillo：《Mexico at the worlds fairs crafting a modern nation》,0.315626,UNREVIEWED,candidate_needs_review
0.7,CH00,导论　设计史的对象、证据、时间与叙事,全球设计史的三种模型,11,B0157,book,"Forty, Adrian：Objects of Desire, 1986",0.313817,UNREVIEWED,candidate_needs_review
0.7,CH00,导论　设计史的对象、证据、时间与叙事,全球设计史的三种模型,12,B0309,book,Michael Twyman：《Lithography》,0.312053,UNREVIEWED,candidate_needs_review
0.7,CH00,导论　设计史的对象、证据、时间与叙事,全球设计史的三种模型,13,B0065,book,Carl DiSalvo：《Adversarial Design》,0.30794,UNREVIEWED,candidate_needs_review
0.7,CH00,导论　设计史的对象、证据、时间与叙事,全球设计史的三种模型,14,B0198,book,James J. Gibson：《The Ecological Approach To Visual Perception》,0.307212,UNREVIEWED,candidate_needs_review
0.7,CH00,导论　设计史的对象、证据、时间与叙事,全球设计史的三种模型,15,B0156,book,Fiona MacCarthy：《William Morris a life for our time》,0.305831,UNREVIEWED,candidate_needs_review
0.7,CH00,导论　设计史的对象、证据、时间与叙事,全球设计史的三种模型,16,B0214,book,"Johanna Drucker, Emily McVarish：《Graphic Design History A Critical Guide》，2009",0.304745,UNREVIEWED,candidate_needs_review
0.7,CH00,导论　设计史的对象、证据、时间与叙事,全球设计史的三种模型,17,B0176,book,"Graphic Design Theory： Readings from the Field (Design -- Armstrong, Helen(Autho",0.304229,UNREVIEWED,candidate_needs_review
0.7,CH00,导论　设计史的对象、证据、时间与叙事,全球设计史的三种模型,18,B0399,book,"Sparke, Penny; Fisher, Fiona (eds.), The Routledge Companion to Design Studies, 2016",0.303287,UNREVIEWED,candidate_needs_review
0.7,CH00,导论　设计史的对象、证据、时间与叙事,全球设计史的三种模型,19,B0254,book,"Kathryn Best：《Design Management Managing Design Strategy, Process and Implementation》",0.302445,UNREVIEWED,candidate_needs_review
0.7,CH00,导论　设计史的对象、证据、时间与叙事,全球设计史的三种模型,20,B0115,book,"Design, History and Time _ New Temporalities in a Digital -- Hendon, Zoë (editor",0.302015,UNREVIEWED,candidate_needs_review
0.7,CH00,导论　设计史的对象、证据、时间与叙事,全球设计史的三种模型,21,B0100,book,David Crowley：《Warsaw》,0.300898,UNREVIEWED,candidate_needs_review
0.7,CH00,导论　设计史的对象、证据、时间与叙事,全球设计史的三种模型,22,B0356,book,"Rachel Charlotte Smith, Ton Otto, Wendy Gunn：《Design Anthropology Theory and Practice》",0.300164,UNREVIEWED,candidate_needs_review
0.7,CH00,导论　设计史的对象、证据、时间与叙事,全球设计史的三种模型,23,B0108,book,"Design discourse _ history, theory, criticism -- Margolin, Victor, 1941- -- Chic",0.29961,UNREVIEWED,candidate_needs_review
0.7,CH00,导论　设计史的对象、证据、时间与叙事,全球设计史的三种模型,24,B0325,book,Nikolaus Pevsner：《Pioneers of modern design from William Morris to Walter Gropius》,0.298949,UNREVIEWED,candidate_needs_review
0.7,CH00,导论　设计史的对象、证据、时间与叙事,全球设计史的三种模型,25,B0463,book,Zeynep Çelik：《Displaying the Orient Architecture of Islam at Nineteenth-Century Worlds Fairs》,0.298724,UNREVIEWED,candidate_needs_review
0.7,CH00,导论　设计史的对象、证据、时间与叙事,全球设计史的三种模型,26,B0292,book,Margolin：《World history of design》,0.297938,UNREVIEWED,candidate_needs_review
0.7,CH00,导论　设计史的对象、证据、时间与叙事,全球设计史的三种模型,27,B0195,book,"Ingold, Tim：Making：Anthropology, Archaeology, Art and Architecture, 2010",0.297783,UNREVIEWED,candidate_needs_review
0.7,CH00,导论　设计史的对象、证据、时间与叙事,全球设计史的三种模型,28,B0016,book,Alison Black：《Information Design. Research and practice》,0.294312,UNREVIEWED,candidate_needs_review
0.7,CH00,导论　设计史的对象、证据、时间与叙事,全球设计史的三种模型,29,B0028,book,"Appadurai, Arjun (ed.)：The Social Life of Things：Commodities in Cultural Perspective, 1986",0.292492,UNREVIEWED,candidate_needs_review
0.7,CH00,导论　设计史的对象、证据、时间与叙事,全球设计史的三种模型,30,B0044,book,Bevis Hillier：《Art Deco of the 20s and 30s》,0.289751,UNREVIEWED,candidate_needs_review
0.8,CH00,导论　设计史的对象、证据、时间与叙事,如何阅读本书,1,B0312,book,Mihaly Csikszentmihalyi：《Creativity》,0.368944,UNREVIEWED,candidate_needs_review
0.8,CH00,导论　设计史的对象、证据、时间与叙事,如何阅读本书,2,B0417,book,"The design history reader -- Grace Lees-Maffei, Rebecca Houze (eds_) -- New York",0.360183,UNREVIEWED,candidate_needs_review
0.8,CH00,导论　设计史的对象、证据、时间与叙事,如何阅读本书,3,B0235,book,Jonathan M. Woodham：《Twentieth Century Design》,0.33074,UNREVIEWED,candidate_needs_review
0.8,CH00,导论　设计史的对象、证据、时间与叙事,如何阅读本书,4,B0149,book,"Epstein, Stephan R.; Prak, Maarten：Guilds, Innovation, and the European Economy, 1400-1800, 2008",0.31628,UNREVIEWED,candidate_needs_review
0.8,CH00,导论　设计史的对象、证据、时间与叙事,如何阅读本书,5,B0146,book,Ellen Lupton：《Thinking with Type》，2004,0.30733,UNREVIEWED,candidate_needs_review
0.8,CH00,导论　设计史的对象、证据、时间与叙事,如何阅读本书,6,B0411,book,teaching design -- (德)克劳斯·雷曼(Klaus Lehmann)：《设计教育 教育设计》,0.306077,UNREVIEWED,candidate_needs_review
0.8,CH00,导论　设计史的对象、证据、时间与叙事,如何阅读本书,7,B0404,book,Stephen J. Eskilson：《Graphic Design A New History》，2007,0.303474,UNREVIEWED,candidate_needs_review
0.8,CH00,导论　设计史的对象、证据、时间与叙事,如何阅读本书,8,B0117,book,"Designing Mobile Interfaces _ Patterns for Interaction -- Hoober, Steven; Berkma",0.301829,UNREVIEWED,candidate_needs_review
0.8,CH00,导论　设计史的对象、证据、时间与叙事,如何阅读本书,9,B0020,book,Ami Ayalon：《The Arabic Print Revolution Cultural Production and Mass Readership》,0.294455,UNREVIEWED,candidate_needs_review
0.8,CH00,导论　设计史的对象、证据、时间与叙事,如何阅读本书,10,B0184,book,"Helen Sharp, Jenny Preece, Yvonne Rogers：《Interaction Design Beyond Human-Computer Interaction》，2019",0.293566,UNREVIEWED,candidate_needs_review
0.8,CH00,导论　设计史的对象、证据、时间与叙事,如何阅读本书,11,B0067,book,"Carter, Sebastian：Twentieth Century Type Designers, 1987",0.29229,UNREVIEWED,candidate_needs_review
0.8,CH00,导论　设计史的对象、证据、时间与叙事,如何阅读本书,12,B0151,book,"Ezio Manzini：《Design, When Everybody Designs An Introduction to Design for Social Innovation》，2015",0.290333,UNREVIEWED,candidate_needs_review
0.8,CH00,导论　设计史的对象、证据、时间与叙事,如何阅读本书,13,B0516,book,"霍维国, 霍光：《中国室内设计史(第2版)》，2015",0.287954,UNREVIEWED,candidate_needs_review
0.8,CH00,导论　设计史的对象、证据、时间与叙事,如何阅读本书,14,B0461,book,World History Of Design - Volume 2_ World War I To World War -- Victor Margolin,0.286236,UNREVIEWED,candidate_needs_review
0.8,CH00,导论　设计史的对象、证据、时间与叙事,如何阅读本书,15,B0148,book,Emmanuel Cooper：《Ten Thousand Years of Pottery》，2000,0.286029,UNREVIEWED,candidate_needs_review
0.8,CH00,导论　设计史的对象、证据、时间与叙事,如何阅读本书,16,B0336,book,"Paul B. Niell, Stacie G. Widdifield：《Buen Gusto and Classicism in the Visual Cultures of Latin America, 1780-1910》",0.280806,UNREVIEWED,candidate_needs_review
0.8,CH00,导论　设计史的对象、证据、时间与叙事,如何阅读本书,17,B0086,book,Colleen E. Kriger：《Cloth in West African History》,0.280037,UNREVIEWED,candidate_needs_review
0.8,CH00,导论　设计史的对象、证据、时间与叙事,如何阅读本书,18,B0158,book,Frank Whitford：《Bauhaus》,0.277305,UNREVIEWED,candidate_needs_review
0.8,CH00,导论　设计史的对象、证据、时间与叙事,如何阅读本书,19,B0238,book,Judith Gura：《Postmodern Design Complete》，2017,0.275868,UNREVIEWED,candidate_needs_review
0.8,CH00,导论　设计史的对象、证据、时间与叙事,如何阅读本书,20,B0201,book,Jane Jacobs：《The Death and Life of Great American Cities》，1961,0.275464,UNREVIEWED,candidate_needs_review
0.8,CH00,导论　设计史的对象、证据、时间与叙事,如何阅读本书,21,B0132,book,"Dr Maxine Berg：《The Age of Manufactures, 1700-1820 - Industry, Innovation and Work in Britain》",0.275281,UNREVIEWED,candidate_needs_review
0.8,CH00,导论　设计史的对象、证据、时间与叙事,如何阅读本书,22,B0085,book,Cole Nussbaumer Knaflic：《Storytelling with Data》,0.273425,UNREVIEWED,candidate_needs_review
0.8,CH00,导论　设计史的对象、证据、时间与叙事,如何阅读本书,23,B0260,book,Kenya Hara：《Designing Design》，2007,0.269856,UNREVIEWED,candidate_needs_review
0.8,CH00,导论　设计史的对象、证据、时间与叙事,如何阅读本书,24,B0092,book,Criticality：《and Its Discontents》,0.26957,UNREVIEWED,candidate_needs_review
0.8,CH00,导论　设计史的对象、证据、时间与叙事,如何阅读本书,25,B0137,book,"Edward Rolf Tufte：《Visual Explanations Images and Quantities, Evidence and Narrative》",0.268797,UNREVIEWED,candidate_needs_review
0.8,CH00,导论　设计史的对象、证据、时间与叙事,如何阅读本书,26,B0166,book,"George, Kenneth M.; Nordholt, Henk Schulte：《Outward Appearances Dressing State and Society in Indonesia》",0.267619,UNREVIEWED,candidate_needs_review
0.8,CH00,导论　设计史的对象、证据、时间与叙事,如何阅读本书,27,B0111,book,Design History and Culture ： Methods and Approaches -- Javier Gimeno-Martínez --,0.267069,UNREVIEWED,candidate_needs_review
0.8,CH00,导论　设计史的对象、证据、时间与叙事,如何阅读本书,28,B0007,book,Ades：《Photomontage》,0.266286,UNREVIEWED,candidate_needs_review
0.8,CH00,导论　设计史的对象、证据、时间与叙事,如何阅读本书,29,B0115,book,"Design, History and Time _ New Temporalities in a Digital -- Hendon, Zoë (editor",0.264945,UNREVIEWED,candidate_needs_review
0.8,CH00,导论　设计史的对象、证据、时间与叙事,如何阅读本书,30,B0273,book,"Lees-Maffei, Grace; Houze, Rebecca (eds.)：The Design History Reader, 2010",0.264836,UNREVIEWED,candidate_needs_review
1.1,CH01,第一章　工业化、劳动分工与“设计”的生成,前工业造物与分布式知识,1,B0084,book,"Clive Dilnot：《A John Heskett Reader Design, History, Economics》",0.382052,UNREVIEWED,candidate_needs_review
1.1,CH01,第一章　工业化、劳动分工与“设计”的生成,前工业造物与分布式知识,2,B0149,book,"Epstein, Stephan R.; Prak, Maarten：Guilds, Innovation, and the European Economy, 1400-1800, 2008",0.375009,UNREVIEWED,candidate_needs_review
1.1,CH01,第一章　工业化、劳动分工与“设计”的生成,前工业造物与分布式知识,3,B0506,book,维克多·马格林：《世界设计史1：史前至一战》，2015,0.371384,UNREVIEWED,candidate_needs_review
1.1,CH01,第一章　工业化、劳动分工与“设计”的生成,前工业造物与分布式知识,4,B0130,book,Donald Quataert：《Ottoman Manufacturing in the Age of the Industrial Revolution》,0.369737,UNREVIEWED,candidate_needs_review
1.1,CH01,第一章　工业化、劳动分工与“设计”的生成,前工业造物与分布式知识,5,B0424,book,Theory Culture：《and Society 23 2 3 Problematizing Global Knowledge，2006》,0.368258,UNREVIEWED,candidate_needs_review
1.1,CH01,第一章　工业化、劳动分工与“设计”的生成,前工业造物与分布式知识,6,B0086,book,Colleen E. Kriger：《Cloth in West African History》,0.36218,UNREVIEWED,candidate_needs_review
1.1,CH01,第一章　工业化、劳动分工与“设计”的生成,前工业造物与分布式知识,7,B0259,book,"Kenneth Pomeranz：《The Great Divergence China, Europe, and the Making of the Modern World Economy》",0.358998,UNREVIEWED,candidate_needs_review
1.1,CH01,第一章　工业化、劳动分工与“设计”的生成,前工业造物与分布式知识,8,B0132,book,"Dr Maxine Berg：《The Age of Manufactures, 1700-1820 - Industry, Innovation and Work in Britain》",0.355227,UNREVIEWED,candidate_needs_review
1.1,CH01,第一章　工业化、劳动分工与“设计”的生成,前工业造物与分布式知识,9,B0393,book,"Sennett, Richard：The Craftsman, 2008",0.340975,UNREVIEWED,candidate_needs_review
1.1,CH01,第一章　工业化、劳动分工与“设计”的生成,前工业造物与分布式知识,10,B0107,book,Design Anthropology in Context _ An Introduction to Design -- Adam Drazin -- Lon,0.340761,UNREVIEWED,candidate_needs_review
1.1,CH01,第一章　工业化、劳动分工与“设计”的生成,前工业造物与分布式知识,11,B0225,book,John Heskett：《Industrial Design》，1980,0.339745,UNREVIEWED,candidate_needs_review
1.1,CH01,第一章　工业化、劳动分工与“设计”的生成,前工业造物与分布式知识,12,B0021,book,Andrew Feenberg：《Transforming Technology A Critical Theory Revisited》,0.333491,UNREVIEWED,candidate_needs_review
1.1,CH01,第一章　工业化、劳动分工与“设计”的生成,前工业造物与分布式知识,13,B0101,book,David Raizman：《History of Modern Design》,0.326065,UNREVIEWED,candidate_needs_review
1.1,CH01,第一章　工业化、劳动分工与“设计”的生成,前工业造物与分布式知识,14,B0151,book,"Ezio Manzini：《Design, When Everybody Designs An Introduction to Design for Social Innovation》，2015",0.319807,UNREVIEWED,candidate_needs_review
1.1,CH01,第一章　工业化、劳动分工与“设计”的生成,前工业造物与分布式知识,15,B0257,book,"Ken Friedman：《Theory construction in design research criteria approaches, and methods》",0.318958,UNREVIEWED,candidate_needs_review
1.1,CH01,第一章　工业化、劳动分工与“设计”的生成,前工业造物与分布式知识,16,B0515,book,阿德里安·福蒂：《欲求之物：1750年以来的设计与社会》，2001,0.318543,UNREVIEWED,candidate_needs_review
1.1,CH01,第一章　工业化、劳动分工与“设计”的生成,前工业造物与分布式知识,17,B0054,book,"Bringing design to software (Terry Winograd, (ed.))",0.317647,UNREVIEWED,candidate_needs_review
1.1,CH01,第一章　工业化、劳动分工与“设计”的生成,前工业造物与分布式知识,18,P0018,paper,"Cross, Nigel：Designerly Ways of Knowing, 2006",0.31577,UNREVIEWED,candidate_needs_review
1.1,CH01,第一章　工业化、劳动分工与“设计”的生成,前工业造物与分布式知识,19,B0318,book,"Morris, William：Hopes and Fears for Art, 1882",0.315197,UNREVIEWED,candidate_needs_review
1.1,CH01,第一章　工业化、劳动分工与“设计”的生成,前工业造物与分布式知识,20,B0320,book,"Muthesius, Hermann：The English House, 1979",0.312712,UNREVIEWED,candidate_needs_review
1.1,CH01,第一章　工业化、劳动分工与“设计”的生成,前工业造物与分布式知识,21,B0128,book,Donald A. Schön：《The Reflective Practitioner How Professionals Think In Action》,0.311255,UNREVIEWED,candidate_needs_review
1.1,CH01,第一章　工业化、劳动分工与“设计”的生成,前工业造物与分布式知识,22,P0071,paper,"Wiebe E. Bijker, Thomas P. Hughes：《The Social Construction of Technological Systems》，1987",0.311052,UNREVIEWED,candidate_needs_review
1.1,CH01,第一章　工业化、劳动分工与“设计”的生成,前工业造物与分布式知识,23,B0188,book,"Heskett, John：Design：A Very Short Introduction, 2005",0.308942,UNREVIEWED,candidate_needs_review
1.1,CH01,第一章　工业化、劳动分工与“设计”的生成,前工业造物与分布式知识,24,B0229,book,"John Pile, Judith Gura, Drew Plunkett：《A History of Interior Design, 5th Edition》，2023",0.308636,UNREVIEWED,candidate_needs_review
1.1,CH01,第一章　工业化、劳动分工与“设计”的生成,前工业造物与分布式知识,25,B0145,book,Ellen Lupton：《Mechanical Brides Women and Machines from Home to Office》,0.306465,UNREVIEWED,candidate_needs_review
1.1,CH01,第一章　工业化、劳动分工与“设计”的生成,前工业造物与分布式知识,26,B0416,book,"The arts and crafts movement (Blakesley, Rosalind P. (Rosalind Polly)) (z-librar",0.305042,UNREVIEWED,candidate_needs_review
1.1,CH01,第一章　工业化、劳动分工与“设计”的生成,前工业造物与分布式知识,27,P0049,paper,"Nigel Thrift：《Non-Representational Theory： Space, Politics, Affect》，2008",0.304632,UNREVIEWED,candidate_needs_review
1.1,CH01,第一章　工业化、劳动分工与“设计”的生成,前工业造物与分布式知识,28,B0308,book,Michael Polanyi：《The tacit dimension》,0.304458,UNREVIEWED,candidate_needs_review
1.1,CH01,第一章　工业化、劳动分工与“设计”的生成,前工业造物与分布式知识,29,B0059,book,"Buchanan, Richard; Margolin, Victor (eds.), The Idea of Design, 1995",0.3041,UNREVIEWED,candidate_needs_review
1.1,CH01,第一章　工业化、劳动分工与“设计”的生成,前工业造物与分布式知识,30,B0157,book,"Forty, Adrian：Objects of Desire, 1986",0.302147,UNREVIEWED,candidate_needs_review
1.2,CH01,第一章　工业化、劳动分工与“设计”的生成,机器、能源与尺度变化,1,B0130,book,Donald Quataert：《Ottoman Manufacturing in the Age of the Industrial Revolution》,0.42096,UNREVIEWED,candidate_needs_review
1.2,CH01,第一章　工业化、劳动分工与“设计”的生成,机器、能源与尺度变化,2,B0040,book,"Beckert, Sven：Empire of Cotton：A Global History, 2014",0.409927,UNREVIEWED,candidate_needs_review
1.2,CH01,第一章　工业化、劳动分工与“设计”的生成,机器、能源与尺度变化,3,B0132,book,"Dr Maxine Berg：《The Age of Manufactures, 1700-1820 - Industry, Innovation and Work in Britain》",0.385473,UNREVIEWED,candidate_needs_review
1.2,CH01,第一章　工业化、劳动分工与“设计”的生成,机器、能源与尺度变化,4,B0086,book,Colleen E. Kriger：《Cloth in West African History》,0.380597,UNREVIEWED,candidate_needs_review
1.2,CH01,第一章　工业化、劳动分工与“设计”的生成,机器、能源与尺度变化,5,B0259,book,"Kenneth Pomeranz：《The Great Divergence China, Europe, and the Making of the Modern World Economy》",0.342426,UNREVIEWED,candidate_needs_review
1.2,CH01,第一章　工业化、劳动分工与“设计”的生成,机器、能源与尺度变化,6,B0373,book,Robert Venturi：《Complexity and Contradiction in Architecture》,0.337957,UNREVIEWED,candidate_needs_review
1.2,CH01,第一章　工业化、劳动分工与“设计”的生成,机器、能源与尺度变化,7,B0334,book,"Parthasarathi, Prasannan：Why Europe Grew Rich and Asia Did Not：Global Economic Divergence, 1600-1850, 2011",0.335025,UNREVIEWED,candidate_needs_review
1.2,CH01,第一章　工业化、劳动分工与“设计”的生成,机器、能源与尺度变化,8,B0169,book,Giorgio Riello：《Cotton The Fabric That Made the Modern World》,0.333741,UNREVIEWED,candidate_needs_review
1.2,CH01,第一章　工业化、劳动分工与“设计”的生成,机器、能源与尺度变化,9,B0115,book,"Design, History and Time _ New Temporalities in a Digital -- Hendon, Zoë (editor",0.331224,UNREVIEWED,candidate_needs_review
1.2,CH01,第一章　工业化、劳动分工与“设计”的生成,机器、能源与尺度变化,10,B0346,book,Penny Sparke：《Italian Design 1870 to the Present》，1988,0.328478,UNREVIEWED,candidate_needs_review
1.2,CH01,第一章　工业化、劳动分工与“设计”的生成,机器、能源与尺度变化,11,B0154,book,Finlay Robert：《The pilgrim art cultures of porcelain in world history》,0.319285,UNREVIEWED,candidate_needs_review
1.2,CH01,第一章　工业化、劳动分工与“设计”的生成,机器、能源与尺度变化,12,B0482,book,张夫也：《外国现代设计史》，2009,0.315536,UNREVIEWED,candidate_needs_review
1.2,CH01,第一章　工业化、劳动分工与“设计”的生成,机器、能源与尺度变化,13,B0272,book,"Lears, T. J. Jackson：《No place of grace antimodernism and the transformation of American culture, 1880-1920》",0.315069,UNREVIEWED,candidate_needs_review
1.2,CH01,第一章　工业化、劳动分工与“设计”的生成,机器、能源与尺度变化,14,B0189,book,"Heskett, John：《Industrial design》",0.314226,UNREVIEWED,candidate_needs_review
1.2,CH01,第一章　工业化、劳动分工与“设计”的生成,机器、能源与尺度变化,15,B0380,book,Rudolf Arnheim：《The Dynamics of Architectural Form Based on the 1975 Mary Duke Biddle Lectures at the Cooper Union》，1975,0.310322,UNREVIEWED,candidate_needs_review
1.2,CH01,第一章　工业化、劳动分工与“设计”的生成,机器、能源与尺度变化,16,B0292,book,Margolin：《World history of design》,0.310003,UNREVIEWED,candidate_needs_review
1.2,CH01,第一章　工业化、劳动分工与“设计”的生成,机器、能源与尺度变化,17,B0225,book,John Heskett：《Industrial Design》，1980,0.309625,UNREVIEWED,candidate_needs_review
1.2,CH01,第一章　工业化、劳动分工与“设计”的生成,机器、能源与尺度变化,18,B0251,book,Kate Fletcher：《Sustainable Fashion and Textiles Design Journeys》，2008,0.309258,UNREVIEWED,candidate_needs_review
1.2,CH01,第一章　工业化、劳动分工与“设计”的生成,机器、能源与尺度变化,19,B0206,book,"Jeffrey L. Meikle：《Twentieth Century Limited Industrial Design in America, 1925-1939》，2001",0.308606,UNREVIEWED,candidate_needs_review
1.2,CH01,第一章　工业化、劳动分工与“设计”的生成,机器、能源与尺度变化,20,B0328,book,"Objects of desire ： design and society since 1750 -- Forty, Adrian, 1948- -- New",0.307579,UNREVIEWED,candidate_needs_review
1.2,CH01,第一章　工业化、劳动分工与“设计”的生成,机器、能源与尺度变化,21,B0288,book,"Margolin, Victor, World History of Design, Volume 1, 2015",0.307245,UNREVIEWED,candidate_needs_review
1.2,CH01,第一章　工业化、劳动分工与“设计”的生成,机器、能源与尺度变化,22,B0090,book,"Crane, Walter：The Bases of Design, 1898",0.302953,UNREVIEWED,candidate_needs_review
1.2,CH01,第一章　工业化、劳动分工与“设计”的生成,机器、能源与尺度变化,23,B0486,book,朱和平：《世界现代设计史》，2004,0.301024,UNREVIEWED,candidate_needs_review
1.2,CH01,第一章　工业化、劳动分工与“设计”的生成,机器、能源与尺度变化,24,B0024,book,"Anthony Dunne, Fiona Raby：《Speculative Everything Design, Fiction, and Social Dreaming》，2013",0.299437,UNREVIEWED,candidate_needs_review
1.2,CH01,第一章　工业化、劳动分工与“设计”的生成,机器、能源与尺度变化,25,B0101,book,David Raizman：《History of Modern Design》,0.299381,UNREVIEWED,candidate_needs_review
1.2,CH01,第一章　工业化、劳动分工与“设计”的生成,机器、能源与尺度变化,26,B0299,book,Massimo Vignelli：《The Vignelli Canon》,0.297822,UNREVIEWED,candidate_needs_review
1.2,CH01,第一章　工业化、劳动分工与“设计”的生成,机器、能源与尺度变化,27,B0065,book,Carl DiSalvo：《Adversarial Design》,0.296991,UNREVIEWED,candidate_needs_review
1.2,CH01,第一章　工业化、劳动分工与“设计”的生成,机器、能源与尺度变化,28,B0102,book,David Raizman：《History of Modern Design》，2023,0.2953,UNREVIEWED,candidate_needs_review
1.2,CH01,第一章　工业化、劳动分工与“设计”的生成,机器、能源与尺度变化,29,B0031,book,Arthur J. Pulos：《American design ethic a history of industrial design to 1940》,0.294193,UNREVIEWED,candidate_needs_review
1.2,CH01,第一章　工业化、劳动分工与“设计”的生成,机器、能源与尺度变化,30,B0157,book,"Forty, Adrian：Objects of Desire, 1986",0.293681,UNREVIEWED,candidate_needs_review
1.3,CH01,第一章　工业化、劳动分工与“设计”的生成,劳动分工与图样权力,1,B0225,book,John Heskett：《Industrial Design》，1980,0.398045,UNREVIEWED,candidate_needs_review
1.3,CH01,第一章　工业化、劳动分工与“设计”的生成,劳动分工与图样权力,2,B0415,book,"Thackara, John (ed.), Design After Modernism, 1988",0.34871,UNREVIEWED,candidate_needs_review
1.3,CH01,第一章　工业化、劳动分工与“设计”的生成,劳动分工与图样权力,3,B0189,book,"Heskett, John：《Industrial design》",0.328404,UNREVIEWED,candidate_needs_review
1.3,CH01,第一章　工业化、劳动分工与“设计”的生成,劳动分工与图样权力,4,B0075,book,"Charlotte Fiell, Peter Fiell：《Design of the 20th Century》，1999",0.324042,UNREVIEWED,candidate_needs_review
1.3,CH01,第一章　工业化、劳动分工与“设计”的生成,劳动分工与图样权力,5,B0285,book,"Margolin, Victor, Design History or Design Studies, 1992",0.293771,UNREVIEWED,candidate_needs_review
1.3,CH01,第一章　工业化、劳动分工与“设计”的生成,劳动分工与图样权力,6,B0328,book,"Objects of desire ： design and society since 1750 -- Forty, Adrian, 1948- -- New",0.29324,UNREVIEWED,candidate_needs_review
1.3,CH01,第一章　工业化、劳动分工与“设计”的生成,劳动分工与图样权力,7,B0101,book,David Raizman：《History of Modern Design》,0.29065,UNREVIEWED,candidate_needs_review
1.3,CH01,第一章　工业化、劳动分工与“设计”的生成,劳动分工与图样权力,8,B0205,book,Jeffrey L. Meikle：《Design in the USA》,0.290469,UNREVIEWED,candidate_needs_review
1.3,CH01,第一章　工业化、劳动分工与“设计”的生成,劳动分工与图样权力,9,B0157,book,"Forty, Adrian：Objects of Desire, 1986",0.288822,UNREVIEWED,candidate_needs_review
1.3,CH01,第一章　工业化、劳动分工与“设计”的生成,劳动分工与图样权力,10,B0036,book,"Attfield：《A View from the interior feminism, women, and design》",0.279379,UNREVIEWED,candidate_needs_review
1.3,CH01,第一章　工业化、劳动分工与“设计”的生成,劳动分工与图样权力,11,B0336,book,"Paul B. Niell, Stacie G. Widdifield：《Buen Gusto and Classicism in the Visual Cultures of Latin America, 1780-1910》",0.275683,UNREVIEWED,candidate_needs_review
1.3,CH01,第一章　工业化、劳动分工与“设计”的生成,劳动分工与图样权力,12,B0466,book,世界设计史_I_史前至一战,0.273741,UNREVIEWED,candidate_needs_review
1.3,CH01,第一章　工业化、劳动分工与“设计”的生成,劳动分工与图样权力,13,B0439,book,"Walker, John Albert; Attfield, Judy：Design History and the History of Design, 1989",0.272028,UNREVIEWED,candidate_needs_review
1.3,CH01,第一章　工业化、劳动分工与“设计”的生成,劳动分工与图样权力,14,B0168,book,"Gillian Naylor：《The arts and crafts movement a study of its sources, ideals and influence on design theory》",0.271454,UNREVIEWED,candidate_needs_review
1.3,CH01,第一章　工业化、劳动分工与“设计”的生成,劳动分工与图样权力,15,B0071,book,Charles Jencks：《The Language of Post-Modern Architecture》，1977,0.270223,UNREVIEWED,candidate_needs_review
1.3,CH01,第一章　工业化、劳动分工与“设计”的生成,劳动分工与图样权力,16,B0132,book,"Dr Maxine Berg：《The Age of Manufactures, 1700-1820 - Industry, Innovation and Work in Britain》",0.266473,UNREVIEWED,candidate_needs_review
1.3,CH01,第一章　工业化、劳动分工与“设计”的生成,劳动分工与图样权力,17,B0515,book,阿德里安·福蒂：《欲求之物：1750年以来的设计与社会》，2001,0.266242,UNREVIEWED,candidate_needs_review
1.3,CH01,第一章　工业化、劳动分工与“设计”的生成,劳动分工与图样权力,18,B0154,book,Finlay Robert：《The pilgrim art cultures of porcelain in world history》,0.266224,UNREVIEWED,candidate_needs_review
1.3,CH01,第一章　工业化、劳动分工与“设计”的生成,劳动分工与图样权力,19,B0038,book,"Bauer, Arnold J：《Goods, power, history Latin Americas material culture》",0.265022,UNREVIEWED,candidate_needs_review
1.3,CH01,第一章　工业化、劳动分工与“设计”的生成,劳动分工与图样权力,20,B0099,book,"David Crowley, Susan E. Reid：《Socialist Spaces Sites of Everyday Life in the Eastern Bloc》，2002",0.263686,UNREVIEWED,candidate_needs_review
1.3,CH01,第一章　工业化、劳动分工与“设计”的生成,劳动分工与图样权力,21,B0083,book,"Clark, Hazel; Brody, David (eds.), Design Studies： A Reader, 2009",0.260109,UNREVIEWED,candidate_needs_review
1.3,CH01,第一章　工业化、劳动分工与“设计”的生成,劳动分工与图样权力,22,B0293,book,Marius B. Jansen：《The Making of Modern Japan》，2000,0.259869,UNREVIEWED,candidate_needs_review
1.3,CH01,第一章　工业化、劳动分工与“设计”的生成,劳动分工与图样权力,23,B0031,book,Arthur J. Pulos：《American design ethic a history of industrial design to 1940》,0.256598,UNREVIEWED,candidate_needs_review
1.3,CH01,第一章　工业化、劳动分工与“设计”的生成,劳动分工与图样权力,24,B0084,book,"Clive Dilnot：《A John Heskett Reader Design, History, Economics》",0.256156,UNREVIEWED,candidate_needs_review
1.3,CH01,第一章　工业化、劳动分工与“设计”的生成,劳动分工与图样权力,25,B0399,book,"Sparke, Penny; Fisher, Fiona (eds.), The Routledge Companion to Design Studies, 2016",0.255465,UNREVIEWED,candidate_needs_review
1.3,CH01,第一章　工业化、劳动分工与“设计”的生成,劳动分工与图样权力,26,B0288,book,"Margolin, Victor, World History of Design, Volume 1, 2015",0.254548,UNREVIEWED,candidate_needs_review
1.3,CH01,第一章　工业化、劳动分工与“设计”的生成,劳动分工与图样权力,27,B0478,book,大卫·瑞兹曼 (David Raizman)：《现代设计史（第2版）》，2013,0.254384,UNREVIEWED,candidate_needs_review
1.3,CH01,第一章　工业化、劳动分工与“设计”的生成,劳动分工与图样权力,28,B0417,book,"The design history reader -- Grace Lees-Maffei, Rebecca Houze (eds_) -- New York",0.247352,UNREVIEWED,candidate_needs_review
1.3,CH01,第一章　工业化、劳动分工与“设计”的生成,劳动分工与图样权力,29,B0396,book,"Silverman：《Art nouveau in fin-de-siècle France politics, psychology, and style》",0.244098,UNREVIEWED,candidate_needs_review
1.3,CH01,第一章　工业化、劳动分工与“设计”的生成,劳动分工与图样权力,30,B0102,book,David Raizman：《History of Modern Design》，2023,0.243735,UNREVIEWED,candidate_needs_review
1.4,CH01,第一章　工业化、劳动分工与“设计”的生成,材料系统与新形式,1,B0071,book,Charles Jencks：《The Language of Post-Modern Architecture》，1977,0.423993,UNREVIEWED,candidate_needs_review
1.4,CH01,第一章　工业化、劳动分工与“设计”的生成,材料系统与新形式,2,B0074,book,"Charlotte Fiell, Peter Fiell：《1000 Chairs》",0.362491,UNREVIEWED,candidate_needs_review
1.4,CH01,第一章　工业化、劳动分工与“设计”的生成,材料系统与新形式,3,B0034,book,Arwas：《Art deco》,0.35688,UNREVIEWED,candidate_needs_review
1.4,CH01,第一章　工业化、劳动分工与“设计”的生成,材料系统与新形式,4,B0008,book,Adolf Loos：《Ornament and Crime》，2019,0.349317,UNREVIEWED,candidate_needs_review
1.4,CH01,第一章　工业化、劳动分工与“设计”的生成,材料系统与新形式,5,B0320,book,"Muthesius, Hermann：The English House, 1979",0.347395,UNREVIEWED,candidate_needs_review
1.4,CH01,第一章　工业化、劳动分工与“设计”的生成,材料系统与新形式,6,B0101,book,David Raizman：《History of Modern Design》,0.345377,UNREVIEWED,candidate_needs_review
1.4,CH01,第一章　工业化、劳动分工与“设计”的生成,材料系统与新形式,7,B0005,book,"Adamson, Glenn; Riello, Giorgio; Teasley, Sarah (eds.), Global Design History, 2011",0.341673,UNREVIEWED,candidate_needs_review
1.4,CH01,第一章　工业化、劳动分工与“设计”的生成,材料系统与新形式,8,B0288,book,"Margolin, Victor, World History of Design, Volume 1, 2015",0.337828,UNREVIEWED,candidate_needs_review
1.4,CH01,第一章　工业化、劳动分工与“设计”的生成,材料系统与新形式,9,B0154,book,Finlay Robert：《The pilgrim art cultures of porcelain in world history》,0.327805,UNREVIEWED,candidate_needs_review
1.4,CH01,第一章　工业化、劳动分工与“设计”的生成,材料系统与新形式,10,B0258,book,Kenneth Frampton：《Modern Architecture A Critical History》，1980,0.324223,UNREVIEWED,candidate_needs_review
1.4,CH01,第一章　工业化、劳动分工与“设计”的生成,材料系统与新形式,11,B0006,book,"Adburgham, Alison：《Libertys a biography of a shop》",0.324108,UNREVIEWED,candidate_needs_review
1.4,CH01,第一章　工业化、劳动分工与“设计”的生成,材料系统与新形式,12,B0348,book,"Peterson, William S.：The Kelmscott Press：A History of William Morris's Typographical Adventure, 1991",0.322687,UNREVIEWED,candidate_needs_review
1.4,CH01,第一章　工业化、劳动分工与“设计”的生成,材料系统与新形式,13,B0333,book,Paris—the Capital of the Nineteenth Century,0.321451,UNREVIEWED,candidate_needs_review
1.4,CH01,第一章　工业化、劳动分工与“设计”的生成,材料系统与新形式,14,B0130,book,Donald Quataert：《Ottoman Manufacturing in the Age of the Industrial Revolution》,0.320975,UNREVIEWED,candidate_needs_review
1.4,CH01,第一章　工业化、劳动分工与“设计”的生成,材料系统与新形式,15,B0076,book,"Charlotte Fiell, Peter Fiell：《Scandinavian Design》，2002",0.312466,UNREVIEWED,candidate_needs_review
1.4,CH01,第一章　工业化、劳动分工与“设计”的生成,材料系统与新形式,16,B0172,book,Goss：《French art deco》,0.306921,UNREVIEWED,candidate_needs_review
1.4,CH01,第一章　工业化、劳动分工与“设计”的生成,材料系统与新形式,17,B0225,book,John Heskett：《Industrial Design》，1980,0.30521,UNREVIEWED,candidate_needs_review
1.4,CH01,第一章　工业化、劳动分工与“设计”的生成,材料系统与新形式,18,B0469,book,刘小羊：《中国平面设计史论稿》，2016,0.304391,UNREVIEWED,candidate_needs_review
1.4,CH01,第一章　工业化、劳动分工与“设计”的生成,材料系统与新形式,19,B0304,book,Maxine Berg：《Luxury and Pleasure in Eighteenth-Century Britain (2007)》,0.304112,UNREVIEWED,candidate_needs_review
1.4,CH01,第一章　工业化、劳动分工与“设计”的生成,材料系统与新形式,20,B0102,book,David Raizman：《History of Modern Design》，2023,0.300511,UNREVIEWED,candidate_needs_review
1.4,CH01,第一章　工业化、劳动分工与“设计”的生成,材料系统与新形式,21,B0436,book,Victoria Charles：《Art Deco》,0.3002,UNREVIEWED,candidate_needs_review
1.4,CH01,第一章　工业化、劳动分工与“设计”的生成,材料系统与新形式,22,B0396,book,"Silverman：《Art nouveau in fin-de-siècle France politics, psychology, and style》",0.299816,UNREVIEWED,candidate_needs_review
1.4,CH01,第一章　工业化、劳动分工与“设计”的生成,材料系统与新形式,23,B0035,book,"Aslin, Elizabeth：《The aesthetic movement prelude to Art Nouveau》",0.299244,UNREVIEWED,candidate_needs_review
1.4,CH01,第一章　工业化、劳动分工与“设计”的生成,材料系统与新形式,24,B0236,book,Joost Baljeu：《Theo van Doesburg》，1974,0.296703,UNREVIEWED,candidate_needs_review
1.4,CH01,第一章　工业化、劳动分工与“设计”的生成,材料系统与新形式,25,B0123,book,Digital Materialities ： Design and Anthropology -- Sarah Pink; Elisenda Ardèvol;,0.292875,UNREVIEWED,candidate_needs_review
1.4,CH01,第一章　工业化、劳动分工与“设计”的生成,材料系统与新形式,26,B0073,book,"Charlotte Benton, Tim Benton：《Art Deco 1910–1939》",0.291597,UNREVIEWED,candidate_needs_review
1.4,CH01,第一章　工业化、劳动分工与“设计”的生成,材料系统与新形式,27,B0226,book,John Heskett：《Toothpicks and Logos Design in Everyday Life》,0.288032,UNREVIEWED,candidate_needs_review
1.4,CH01,第一章　工业化、劳动分工与“设计”的生成,材料系统与新形式,28,B0040,book,"Beckert, Sven：Empire of Cotton：A Global History, 2014",0.286911,UNREVIEWED,candidate_needs_review
1.4,CH01,第一章　工业化、劳动分工与“设计”的生成,材料系统与新形式,29,B0149,book,"Epstein, Stephan R.; Prak, Maarten：Guilds, Innovation, and the European Economy, 1400-1800, 2008",0.28377,UNREVIEWED,candidate_needs_review
1.4,CH01,第一章　工业化、劳动分工与“设计”的生成,材料系统与新形式,30,B0012,book,Alastair Duncan：《American Art Deco (1986)》，1986,0.283228,UNREVIEWED,candidate_needs_review
1.5,CH01,第一章　工业化、劳动分工与“设计”的生成,工厂中的匿名设计,1,B0006,book,"Adburgham, Alison：《Libertys a biography of a shop》",0.470025,UNREVIEWED,candidate_needs_review
1.5,CH01,第一章　工业化、劳动分工与“设计”的生成,工厂中的匿名设计,2,B0020,book,Ami Ayalon：《The Arabic Print Revolution Cultural Production and Mass Readership》,0.461868,UNREVIEWED,candidate_needs_review
1.5,CH01,第一章　工业化、劳动分工与“设计”的生成,工厂中的匿名设计,3,B0197,book,"James H. Fraser, Steven Heller：《Japanese Modern Graphic Design Between the Wars》，1996",0.395832,UNREVIEWED,candidate_needs_review
1.5,CH01,第一章　工业化、劳动分工与“设计”的生成,工厂中的匿名设计,4,B0040,book,"Beckert, Sven：Empire of Cotton：A Global History, 2014",0.394846,UNREVIEWED,candidate_needs_review
1.5,CH01,第一章　工业化、劳动分工与“设计”的生成,工厂中的匿名设计,5,B0036,book,"Attfield：《A View from the interior feminism, women, and design》",0.391105,UNREVIEWED,candidate_needs_review
1.5,CH01,第一章　工业化、劳动分工与“设计”的生成,工厂中的匿名设计,6,B0388,book,Scandinavian Design Alternative Histories (Kjetil Fallan (editor)),0.376253,UNREVIEWED,candidate_needs_review
1.5,CH01,第一章　工业化、劳动分工与“设计”的生成,工厂中的匿名设计,7,B0410,book,Taste and Power _ Furnishing Modern France -- Leora Auslander -- University of C,0.374923,UNREVIEWED,candidate_needs_review
1.5,CH01,第一章　工业化、劳动分工与“设计”的生成,工厂中的匿名设计,8,B0015,book,Alice Rawsthorn：《Hello World Where Design Meets Life》，2013,0.372125,UNREVIEWED,candidate_needs_review
1.5,CH01,第一章　工业化、劳动分工与“设计”的生成,工厂中的匿名设计,9,B0206,book,"Jeffrey L. Meikle：《Twentieth Century Limited Industrial Design in America, 1925-1939》，2001",0.37089,UNREVIEWED,candidate_needs_review
1.5,CH01,第一章　工业化、劳动分工与“设计”的生成,工厂中的匿名设计,10,B0084,book,"Clive Dilnot：《A John Heskett Reader Design, History, Economics》",0.364236,UNREVIEWED,candidate_needs_review
1.5,CH01,第一章　工业化、劳动分工与“设计”的生成,工厂中的匿名设计,11,B0305,book,McKendrick：《The birth of a consumer society the commercialization of eighteenth-,0.362043,UNREVIEWED,candidate_needs_review
1.5,CH01,第一章　工业化、劳动分工与“设计”的生成,工厂中的匿名设计,12,B0132,book,"Dr Maxine Berg：《The Age of Manufactures, 1700-1820 - Industry, Innovation and Work in Britain》",0.355898,UNREVIEWED,candidate_needs_review
1.5,CH01,第一章　工业化、劳动分工与“设计”的生成,工厂中的匿名设计,13,B0328,book,"Objects of desire ： design and society since 1750 -- Forty, Adrian, 1948- -- New",0.355559,UNREVIEWED,candidate_needs_review
1.5,CH01,第一章　工业化、劳动分工与“设计”的生成,工厂中的匿名设计,14,B0157,book,"Forty, Adrian：Objects of Desire, 1986",0.353709,UNREVIEWED,candidate_needs_review
1.5,CH01,第一章　工业化、劳动分工与“设计”的生成,工厂中的匿名设计,15,B0188,book,"Heskett, John：Design：A Very Short Introduction, 2005",0.353329,UNREVIEWED,candidate_needs_review
1.5,CH01,第一章　工业化、劳动分工与“设计”的生成,工厂中的匿名设计,16,B0060,book,"Buddensieg, Tilmann; Rogge, Henning：《Industriekultur Peter Behrens and the AEG, 1907-1914》",0.349123,UNREVIEWED,candidate_needs_review
1.5,CH01,第一章　工业化、劳动分工与“设计”的生成,工厂中的匿名设计,17,B0439,book,"Walker, John Albert; Attfield, Judy：Design History and the History of Design, 1989",0.346822,UNREVIEWED,candidate_needs_review
1.5,CH01,第一章　工业化、劳动分工与“设计”的生成,工厂中的匿名设计,18,B0438,book,"Walker, John A., Design History and the History of Design, 1989",0.345912,UNREVIEWED,candidate_needs_review
1.5,CH01,第一章　工业化、劳动分工与“设计”的生成,工厂中的匿名设计,19,B0440,book,Walker：《Design History and the History of Design》,0.34498,UNREVIEWED,candidate_needs_review
1.5,CH01,第一章　工业化、劳动分工与“设计”的生成,工厂中的匿名设计,20,B0417,book,"The design history reader -- Grace Lees-Maffei, Rebecca Houze (eds_) -- New York",0.343596,UNREVIEWED,candidate_needs_review
1.5,CH01,第一章　工业化、劳动分工与“设计”的生成,工厂中的匿名设计,21,B0331,book,Otl Aicher：《The World as Design》，1991,0.340551,UNREVIEWED,candidate_needs_review
1.5,CH01,第一章　工业化、劳动分工与“设计”的生成,工厂中的匿名设计,22,B0398,book,"Sparke, Penny, An Introduction to Design and Culture, 1986",0.339775,UNREVIEWED,candidate_needs_review
1.5,CH01,第一章　工业化、劳动分工与“设计”的生成,工厂中的匿名设计,23,B0023,book,"Anthony Dunne, Fiona Raby：《Design Noir The Secret Life of Electronic Objects》",0.339336,UNREVIEWED,candidate_needs_review
1.5,CH01,第一章　工业化、劳动分工与“设计”的生成,工厂中的匿名设计,24,B0401,book,Sparke：《An introduction to design and culture _ 1900 to the present，2020》,0.338358,UNREVIEWED,candidate_needs_review
1.5,CH01,第一章　工业化、劳动分工与“设计”的生成,工厂中的匿名设计,25,B0091,book,"Crawford, Alan：《C.R. Ashbee architect, designer romantic socialist》",0.336199,UNREVIEWED,candidate_needs_review
1.5,CH01,第一章　工业化、劳动分工与“设计”的生成,工厂中的匿名设计,26,B0090,book,"Crane, Walter：The Bases of Design, 1898",0.332606,UNREVIEWED,candidate_needs_review
1.5,CH01,第一章　工业化、劳动分工与“设计”的生成,工厂中的匿名设计,27,B0108,book,"Design discourse _ history, theory, criticism -- Margolin, Victor, 1941- -- Chic",0.330896,UNREVIEWED,candidate_needs_review
1.5,CH01,第一章　工业化、劳动分工与“设计”的生成,工厂中的匿名设计,28,B0119,book,"Deyan Sudjic：《B is for Bauhaus, Y is for YouTube Designing the Modern World from A to Z》",0.326576,UNREVIEWED,candidate_needs_review
1.5,CH01,第一章　工业化、劳动分工与“设计”的生成,工厂中的匿名设计,29,B0309,book,Michael Twyman：《Lithography》,0.324757,UNREVIEWED,candidate_needs_review
1.5,CH01,第一章　工业化、劳动分工与“设计”的生成,工厂中的匿名设计,30,B0031,book,Arthur J. Pulos：《American design ethic a history of industrial design to 1940》,0.324357,UNREVIEWED,candidate_needs_review
1.6,CH01,第一章　工业化、劳动分工与“设计”的生成,“工业艺术”“装饰艺术”与“设计”,1,B0235,book,Jonathan M. Woodham：《Twentieth Century Design》,0.401654,UNREVIEWED,candidate_needs_review
1.6,CH01,第一章　工业化、劳动分工与“设计”的生成,“工业艺术”“装饰艺术”与“设计”,2,B0031,book,Arthur J. Pulos：《American design ethic a history of industrial design to 1940》,0.400583,UNREVIEWED,candidate_needs_review
1.6,CH01,第一章　工业化、劳动分工与“设计”的生成,“工业艺术”“装饰艺术”与“设计”,3,P0021,paper,"Design history _ an anthology -- Doordan, Dennis P -- A Design issues reader, Ca",0.400373,UNREVIEWED,candidate_needs_review
1.6,CH01,第一章　工业化、劳动分工与“设计”的生成,“工业艺术”“装饰艺术”与“设计”,4,B0175,book,"Grand Designs Labor, Empire, and the Museum in Victorian Culture",0.394947,UNREVIEWED,candidate_needs_review
1.6,CH01,第一章　工业化、劳动分工与“设计”的生成,“工业艺术”“装饰艺术”与“设计”,5,B0014,book,"Alexey Brodovitch：《Kerry William Purcell; Alexey Brodovitch -- 2002, 2002 -- Pha",0.393488,UNREVIEWED,candidate_needs_review
1.6,CH01,第一章　工业化、劳动分工与“设计”的生成,“工业艺术”“装饰艺术”与“设计”,6,B0152,book,"Fallan, Kjetil, Design History： Understanding Theory and Method, 2010",0.392188,UNREVIEWED,candidate_needs_review
1.6,CH01,第一章　工业化、劳动分工与“设计”的生成,“工业艺术”“装饰艺术”与“设计”,7,B0101,book,David Raizman：《History of Modern Design》,0.390239,UNREVIEWED,candidate_needs_review
1.6,CH01,第一章　工业化、劳动分工与“设计”的生成,“工业艺术”“装饰艺术”与“设计”,8,B0225,book,John Heskett：《Industrial Design》，1980,0.379892,UNREVIEWED,candidate_needs_review
1.6,CH01,第一章　工业化、劳动分工与“设计”的生成,“工业艺术”“装饰艺术”与“设计”,9,B0503,book,王受之：《世界现代设计史》，2015,0.370187,UNREVIEWED,candidate_needs_review
1.6,CH01,第一章　工业化、劳动分工与“设计”的生成,“工业艺术”“装饰艺术”与“设计”,10,B0066,book,Carroll Gantz：《Founders of American Industrial Design》，2014,0.369844,UNREVIEWED,candidate_needs_review
1.6,CH01,第一章　工业化、劳动分工与“设计”的生成,“工业艺术”“装饰艺术”与“设计”,11,B0103,book,Dennis P. Doordan：《Design History An Anthology》,0.366915,UNREVIEWED,candidate_needs_review
1.6,CH01,第一章　工业化、劳动分工与“设计”的生成,“工业艺术”“装饰艺术”与“设计”,12,B0189,book,"Heskett, John：《Industrial design》",0.365688,UNREVIEWED,candidate_needs_review
1.6,CH01,第一章　工业化、劳动分工与“设计”的生成,“工业艺术”“装饰艺术”与“设计”,13,B0401,book,Sparke：《An introduction to design and culture _ 1900 to the present，2020》,0.362573,UNREVIEWED,candidate_needs_review
1.6,CH01,第一章　工业化、劳动分工与“设计”的生成,“工业艺术”“装饰艺术”与“设计”,14,B0396,book,"Silverman：《Art nouveau in fin-de-siècle France politics, psychology, and style》",0.359749,UNREVIEWED,candidate_needs_review
1.6,CH01,第一章　工业化、劳动分工与“设计”的生成,“工业艺术”“装饰艺术”与“设计”,15,B0478,book,大卫·瑞兹曼 (David Raizman)：《现代设计史（第2版）》，2013,0.359492,UNREVIEWED,candidate_needs_review
1.6,CH01,第一章　工业化、劳动分工与“设计”的生成,“工业艺术”“装饰艺术”与“设计”,16,B0328,book,"Objects of desire ： design and society since 1750 -- Forty, Adrian, 1948- -- New",0.359389,UNREVIEWED,candidate_needs_review
1.6,CH01,第一章　工业化、劳动分工与“设计”的生成,“工业艺术”“装饰艺术”与“设计”,17,B0073,book,"Charlotte Benton, Tim Benton：《Art Deco 1910–1939》",0.358468,UNREVIEWED,candidate_needs_review
1.6,CH01,第一章　工业化、劳动分工与“设计”的生成,“工业艺术”“装饰艺术”与“设计”,18,B0506,book,维克多·马格林：《世界设计史1：史前至一战》，2015,0.357338,UNREVIEWED,candidate_needs_review
1.6,CH01,第一章　工业化、劳动分工与“设计”的生成,“工业艺术”“装饰艺术”与“设计”,19,B0157,book,"Forty, Adrian：Objects of Desire, 1986",0.357304,UNREVIEWED,candidate_needs_review
1.6,CH01,第一章　工业化、劳动分工与“设计”的生成,“工业艺术”“装饰艺术”与“设计”,20,B0468,book,何人可：《工业设计史(第四版)》，2010,0.354589,UNREVIEWED,candidate_needs_review
1.6,CH01,第一章　工业化、劳动分工与“设计”的生成,“工业艺术”“装饰艺术”与“设计”,21,B0214,book,"Johanna Drucker, Emily McVarish：《Graphic Design History A Critical Guide》，2009",0.352682,UNREVIEWED,candidate_needs_review
1.6,CH01,第一章　工业化、劳动分工与“设计”的生成,“工业艺术”“装饰艺术”与“设计”,22,B0410,book,Taste and Power _ Furnishing Modern France -- Leora Auslander -- University of C,0.352109,UNREVIEWED,candidate_needs_review
1.6,CH01,第一章　工业化、劳动分工与“设计”的生成,“工业艺术”“装饰艺术”与“设计”,23,B0345,book,Penny Sparke：《An Introduction to Design and Culture 1900 to the Present》,0.350477,UNREVIEWED,candidate_needs_review
1.6,CH01,第一章　工业化、劳动分工与“设计”的生成,“工业艺术”“装饰艺术”与“设计”,24,B0466,book,世界设计史_I_史前至一战,0.348385,UNREVIEWED,candidate_needs_review
1.6,CH01,第一章　工业化、劳动分工与“设计”的生成,“工业艺术”“装饰艺术”与“设计”,25,B0398,book,"Sparke, Penny, An Introduction to Design and Culture, 1986",0.348103,UNREVIEWED,candidate_needs_review
1.6,CH01,第一章　工业化、劳动分工与“设计”的生成,“工业艺术”“装饰艺术”与“设计”,26,B0168,book,"Gillian Naylor：《The arts and crafts movement a study of its sources, ideals and influence on design theory》",0.34765,UNREVIEWED,candidate_needs_review
1.6,CH01,第一章　工业化、劳动分工与“设计”的生成,“工业艺术”“装饰艺术”与“设计”,27,B0438,book,"Walker, John A., Design History and the History of Design, 1989",0.347605,UNREVIEWED,candidate_needs_review
1.6,CH01,第一章　工业化、劳动分工与“设计”的生成,“工业艺术”“装饰艺术”与“设计”,28,B0006,book,"Adburgham, Alison：《Libertys a biography of a shop》",0.345031,UNREVIEWED,candidate_needs_review
1.6,CH01,第一章　工业化、劳动分工与“设计”的生成,“工业艺术”“装饰艺术”与“设计”,29,B0288,book,"Margolin, Victor, World History of Design, Volume 1, 2015",0.344462,UNREVIEWED,candidate_needs_review
1.6,CH01,第一章　工业化、劳动分工与“设计”的生成,“工业艺术”“装饰艺术”与“设计”,30,B0075,book,"Charlotte Fiell, Peter Fiell：《Design of the 20th Century》，1999",0.34374,UNREVIEWED,candidate_needs_review
1.7,CH01,第一章　工业化、劳动分工与“设计”的生成,区域差异与混合生产,1,B0132,book,"Dr Maxine Berg：《The Age of Manufactures, 1700-1820 - Industry, Innovation and Work in Britain》",0.449517,UNREVIEWED,candidate_needs_review
1.7,CH01,第一章　工业化、劳动分工与“设计”的生成,区域差异与混合生产,2,B0103,book,Dennis P. Doordan：《Design History An Anthology》,0.442626,UNREVIEWED,candidate_needs_review
1.7,CH01,第一章　工业化、劳动分工与“设计”的生成,区域差异与混合生产,3,B0031,book,Arthur J. Pulos：《American design ethic a history of industrial design to 1940》,0.422122,UNREVIEWED,candidate_needs_review
1.7,CH01,第一章　工业化、劳动分工与“设计”的生成,区域差异与混合生产,4,B0507,book,维克多·马格林：《世界设计史2：一战至二战》，2015,0.412056,UNREVIEWED,candidate_needs_review
1.7,CH01,第一章　工业化、劳动分工与“设计”的生成,区域差异与混合生产,5,B0289,book,"Margolin, Victor, World History of Design, Volume 2, 2015",0.408737,UNREVIEWED,candidate_needs_review
1.7,CH01,第一章　工业化、劳动分工与“设计”的生成,区域差异与混合生产,6,B0292,book,Margolin：《World history of design》,0.399695,UNREVIEWED,candidate_needs_review
1.7,CH01,第一章　工业化、劳动分工与“设计”的生成,区域差异与混合生产,7,B0288,book,"Margolin, Victor, World History of Design, Volume 1, 2015",0.396552,UNREVIEWED,candidate_needs_review
1.7,CH01,第一章　工业化、劳动分工与“设计”的生成,区域差异与混合生产,8,B0378,book,"Roy, Tirthankar：The Economic History of India, 1857-1947, 2000",0.371628,UNREVIEWED,candidate_needs_review
1.7,CH01,第一章　工业化、劳动分工与“设计”的生成,区域差异与混合生产,9,B0038,book,"Bauer, Arnold J：《Goods, power, history Latin Americas material culture》",0.369253,UNREVIEWED,candidate_needs_review
1.7,CH01,第一章　工业化、劳动分工与“设计”的生成,区域差异与混合生产,10,B0154,book,Finlay Robert：《The pilgrim art cultures of porcelain in world history》,0.36508,UNREVIEWED,candidate_needs_review
1.7,CH01,第一章　工业化、劳动分工与“设计”的生成,区域差异与混合生产,11,B0506,book,维克多·马格林：《世界设计史1：史前至一战》，2015,0.359623,UNREVIEWED,candidate_needs_review
1.7,CH01,第一章　工业化、劳动分工与“设计”的生成,区域差异与混合生产,12,B0404,book,Stephen J. Eskilson：《Graphic Design A New History》，2007,0.358825,UNREVIEWED,candidate_needs_review
1.7,CH01,第一章　工业化、劳动分工与“设计”的生成,区域差异与混合生产,13,B0170,book,Glenn Adamson：《Global Design History》,0.356359,UNREVIEWED,candidate_needs_review
1.7,CH01,第一章　工业化、劳动分工与“设计”的生成,区域差异与混合生产,14,B0086,book,Colleen E. Kriger：《Cloth in West African History》,0.354045,UNREVIEWED,candidate_needs_review
1.7,CH01,第一章　工业化、劳动分工与“设计”的生成,区域差异与混合生产,15,B0130,book,Donald Quataert：《Ottoman Manufacturing in the Age of the Industrial Revolution》,0.353305,UNREVIEWED,candidate_needs_review
1.7,CH01,第一章　工业化、劳动分工与“设计”的生成,区域差异与混合生产,16,B0343,book,Pearl James：《Picture This World War I Posters and Visual Culture (Studies in War,0.350993,UNREVIEWED,candidate_needs_review
1.7,CH01,第一章　工业化、劳动分工与“设计”的生成,区域差异与混合生产,17,B0005,book,"Adamson, Glenn; Riello, Giorgio; Teasley, Sarah (eds.), Global Design History, 2011",0.349409,UNREVIEWED,candidate_needs_review
1.7,CH01,第一章　工业化、劳动分工与“设计”的生成,区域差异与混合生产,18,B0199,book,James：《Picture this World War I posters and visual culture》,0.349291,UNREVIEWED,candidate_needs_review
1.7,CH01,第一章　工业化、劳动分工与“设计”的生成,区域差异与混合生产,19,B0258,book,Kenneth Frampton：《Modern Architecture A Critical History》，1980,0.341018,UNREVIEWED,candidate_needs_review
1.7,CH01,第一章　工业化、劳动分工与“设计”的生成,区域差异与混合生产,20,B0273,book,"Lees-Maffei, Grace; Houze, Rebecca (eds.)：The Design History Reader, 2010",0.340231,UNREVIEWED,candidate_needs_review
1.7,CH01,第一章　工业化、劳动分工与“设计”的生成,区域差异与混合生产,21,B0334,book,"Parthasarathi, Prasannan：Why Europe Grew Rich and Asia Did Not：Global Economic Divergence, 1600-1850, 2011",0.340172,UNREVIEWED,candidate_needs_review
1.7,CH01,第一章　工业化、劳动分工与“设计”的生成,区域差异与混合生产,22,B0416,book,"The arts and crafts movement (Blakesley, Rosalind P. (Rosalind Polly)) (z-librar",0.334918,UNREVIEWED,candidate_needs_review
1.7,CH01,第一章　工业化、劳动分工与“设计”的生成,区域差异与混合生产,23,B0502,book,王受之：《世界当代艺术史》，2002,0.334204,UNREVIEWED,candidate_needs_review
1.7,CH01,第一章　工业化、劳动分工与“设计”的生成,区域差异与混合生产,24,B0080,book,Christopher Breward：《The Culture of Fashion A New History of Fashionable Dress》，1995,0.334013,UNREVIEWED,candidate_needs_review
1.7,CH01,第一章　工业化、劳动分工与“设计”的生成,区域差异与混合生产,25,B0101,book,David Raizman：《History of Modern Design》,0.333878,UNREVIEWED,candidate_needs_review
1.7,CH01,第一章　工业化、劳动分工与“设计”的生成,区域差异与混合生产,26,B0466,book,世界设计史_I_史前至一战,0.329471,UNREVIEWED,candidate_needs_review
1.7,CH01,第一章　工业化、劳动分工与“设计”的生成,区域差异与混合生产,27,B0307,book,"Michael Braungart, William McDonough：《Cradle to cradle remaking the way we make things》",0.327858,UNREVIEWED,candidate_needs_review
1.7,CH01,第一章　工业化、劳动分工与“设计”的生成,区域差异与混合生产,28,B0063,book,"Calhoun：《Critical social theory culture, history, and the challenge of difference》",0.327061,UNREVIEWED,candidate_needs_review
1.7,CH01,第一章　工业化、劳动分工与“设计”的生成,区域差异与混合生产,29,B0155,book,"Fiona Kerlogue, Tara Sosrowardoyo：《Batik design, style & history featuring selections from》，2004",0.324255,UNREVIEWED,candidate_needs_review
1.7,CH01,第一章　工业化、劳动分工与“设计”的生成,区域差异与混合生产,30,B0488,book,"李砚祖, 王春雨：《室内设计史》，2013",0.323516,UNREVIEWED,candidate_needs_review
2.1,CH02,第二章　改良、消费、展览与跨国物质流动,1851年万国工业博览会,1,B0052,book,"Briggs, Asa：《Victorian things》",0.482212,UNREVIEWED,candidate_needs_review
2.1,CH02,第二章　改良、消费、展览与跨国物质流动,1851年万国工业博览会,2,B0339,book,"Paul Greenhalgh：《Ephemeral Vistas The Expositions Universelles, Great Exhibition",0.433427,UNREVIEWED,candidate_needs_review
2.1,CH02,第二章　改良、消费、展览与跨国物质流动,1851年万国工业博览会,3,B0506,book,维克多·马格林：《世界设计史1：史前至一战》，2015,0.417428,UNREVIEWED,candidate_needs_review
2.1,CH02,第二章　改良、消费、展览与跨国物质流动,1851年万国工业博览会,4,B0288,book,"Margolin, Victor, World History of Design, Volume 1, 2015",0.402712,UNREVIEWED,candidate_needs_review
2.1,CH02,第二章　改良、消费、展览与跨国物质流动,1851年万国工业博览会,5,B0332,book,Owen Jones：《The Grammar of Ornament》,0.398405,UNREVIEWED,candidate_needs_review
2.1,CH02,第二章　改良、消费、展览与跨国物质流动,1851年万国工业博览会,6,B0049,book,"Bonython, Elizabeth; Burton, Anthony：The Great Exhibitor：The Life and Work of Henry Cole, 2003",0.396856,UNREVIEWED,candidate_needs_review
2.1,CH02,第二章　改良、消费、展览与跨国物质流动,1851年万国工业博览会,7,B0157,book,"Forty, Adrian：Objects of Desire, 1986",0.39602,UNREVIEWED,candidate_needs_review
2.1,CH02,第二章　改良、消费、展览与跨国物质流动,1851年万国工业博览会,8,B0005,book,"Adamson, Glenn; Riello, Giorgio; Teasley, Sarah (eds.), Global Design History, 2011",0.390906,UNREVIEWED,candidate_needs_review
2.1,CH02,第二章　改良、消费、展览与跨国物质流动,1851年万国工业博览会,9,B0204,book,Jeffrey Auerbach：《The Great Exhibition of 1851 A Nation on Display》,0.386609,UNREVIEWED,candidate_needs_review
2.1,CH02,第二章　改良、消费、展览与跨国物质流动,1851年万国工业博览会,10,B0140,book,Elizabeth (Dori) Tunstall：《Decolonizing Design A Cultural Justice Guidebook》,0.381765,UNREVIEWED,candidate_needs_review
2.1,CH02,第二章　改良、消费、展览与跨国物质流动,1851年万国工业博览会,11,B0135,book,"Edgar Kaufmann, Jr：《Nineteenth-Century Design》",0.377756,UNREVIEWED,candidate_needs_review
2.1,CH02,第二章　改良、消费、展览与跨国物质流动,1851年万国工业博览会,12,B0189,book,"Heskett, John：《Industrial design》",0.376864,UNREVIEWED,candidate_needs_review
2.1,CH02,第二章　改良、消费、展览与跨国物质流动,1851年万国工业博览会,13,B0175,book,"Grand Designs Labor, Empire, and the Museum in Victorian Culture",0.371075,UNREVIEWED,candidate_needs_review
2.1,CH02,第二章　改良、消费、展览与跨国物质流动,1851年万国工业博览会,14,B0273,book,"Lees-Maffei, Grace; Houze, Rebecca (eds.)：The Design History Reader, 2010",0.370528,UNREVIEWED,candidate_needs_review
2.1,CH02,第二章　改良、消费、展览与跨国物质流动,1851年万国工业博览会,15,B0367,book,"Richards, Thomas：The Commodity Culture of Victorian England：Advertising and Spectacle, 1851-1914, 1991",0.368899,UNREVIEWED,candidate_needs_review
2.1,CH02,第二章　改良、消费、展览与跨国物质流动,1851年万国工业博览会,16,B0508,book,"胡天璇, 曾山, 王庆：《外国近现代设计史》，2012",0.36809,UNREVIEWED,candidate_needs_review
2.1,CH02,第二章　改良、消费、展览与跨国物质流动,1851年万国工业博览会,17,B0513,book,邵宏：《西方设计：一部为生活制作艺术的历史》，2010,0.366054,UNREVIEWED,candidate_needs_review
2.1,CH02,第二章　改良、消费、展览与跨国物质流动,1851年万国工业博览会,18,B0102,book,David Raizman：《History of Modern Design》，2023,0.365705,UNREVIEWED,candidate_needs_review
2.1,CH02,第二章　改良、消费、展览与跨国物质流动,1851年万国工业博览会,19,B0099,book,"David Crowley, Susan E. Reid：《Socialist Spaces Sites of Everyday Life in the Eastern Bloc》，2002",0.365517,UNREVIEWED,candidate_needs_review
2.1,CH02,第二章　改良、消费、展览与跨国物质流动,1851年万国工业博览会,20,B0170,book,Glenn Adamson：《Global Design History》,0.356318,UNREVIEWED,candidate_needs_review
2.1,CH02,第二章　改良、消费、展览与跨国物质流动,1851年万国工业博览会,21,B0193,book,"Hugh Honour, John Fleming：《A World History of Art》",0.355686,UNREVIEWED,candidate_needs_review
2.1,CH02,第二章　改良、消费、展览与跨国物质流动,1851年万国工业博览会,22,B0285,book,"Margolin, Victor, Design History or Design Studies, 1992",0.355026,UNREVIEWED,candidate_needs_review
2.1,CH02,第二章　改良、消费、展览与跨国物质流动,1851年万国工业博览会,23,B0297,book,Mary Warner Marien：《Photography A Cultural History》,0.347229,UNREVIEWED,candidate_needs_review
2.1,CH02,第二章　改良、消费、展览与跨国物质流动,1851年万国工业博览会,24,B0325,book,Nikolaus Pevsner：《Pioneers of modern design from William Morris to Walter Gropius》,0.345933,UNREVIEWED,candidate_needs_review
2.1,CH02,第二章　改良、消费、展览与跨国物质流动,1851年万国工业博览会,25,B0450,book,Wendy Kaplan：《The arts crafts movement in Europe America design for the modern world》,0.340688,UNREVIEWED,candidate_needs_review
2.1,CH02,第二章　改良、消费、展览与跨国物质流动,1851年万国工业博览会,26,B0466,book,世界设计史_I_史前至一战,0.340498,UNREVIEWED,candidate_needs_review
2.1,CH02,第二章　改良、消费、展览与跨国物质流动,1851年万国工业博览会,27,B0403,book,Stanley Abercrombie：《George Nelson The Design of Modern Design》,0.33956,UNREVIEWED,candidate_needs_review
2.1,CH02,第二章　改良、消费、展览与跨国物质流动,1851年万国工业博览会,28,B0031,book,Arthur J. Pulos：《American design ethic a history of industrial design to 1940》,0.339036,UNREVIEWED,candidate_needs_review
2.1,CH02,第二章　改良、消费、展览与跨国物质流动,1851年万国工业博览会,29,B0206,book,"Jeffrey L. Meikle：《Twentieth Century Limited Industrial Design in America, 1925-1939》，2001",0.334484,UNREVIEWED,candidate_needs_review
2.1,CH02,第二章　改良、消费、展览与跨国物质流动,1851年万国工业博览会,30,B0427,book,"Tom Flynn Tim Barringer：《Colonialism and the object empire, material culture and the museum》",0.333473,UNREVIEWED,candidate_needs_review
2.2,CH02,第二章　改良、消费、展览与跨国物质流动,博物馆、学校与国家治理,1,B0466,book,世界设计史_I_史前至一战,0.474361,UNREVIEWED,candidate_needs_review
2.2,CH02,第二章　改良、消费、展览与跨国物质流动,博物馆、学校与国家治理,2,B0105,book,"Design and Creativity Policy, Management and Practice (Guy Julier Liz Moor (edit",0.440816,UNREVIEWED,candidate_needs_review
2.2,CH02,第二章　改良、消费、展览与跨国物质流动,博物馆、学校与国家治理,3,B0461,book,World History Of Design - Volume 2_ World War I To World War -- Victor Margolin,0.418594,UNREVIEWED,candidate_needs_review
2.2,CH02,第二章　改良、消费、展览与跨国物质流动,博物馆、学校与国家治理,4,B0102,book,David Raizman：《History of Modern Design》，2023,0.414126,UNREVIEWED,candidate_needs_review
2.2,CH02,第二章　改良、消费、展览与跨国物质流动,博物馆、学校与国家治理,5,B0288,book,"Margolin, Victor, World History of Design, Volume 1, 2015",0.410511,UNREVIEWED,candidate_needs_review
2.2,CH02,第二章　改良、消费、展览与跨国物质流动,博物馆、学校与国家治理,6,B0399,book,"Sparke, Penny; Fisher, Fiona (eds.), The Routledge Companion to Design Studies, 2016",0.407603,UNREVIEWED,candidate_needs_review
2.2,CH02,第二章　改良、消费、展览与跨国物质流动,博物馆、学校与国家治理,7,B0069,book,"Catriona Kelly, David Shepherd：《Constructing Russian culture in the age of revolution, 1881-1940》",0.39652,UNREVIEWED,candidate_needs_review
2.2,CH02,第二章　改良、消费、展览与跨国物质流动,博物馆、学校与国家治理,8,B0005,book,"Adamson, Glenn; Riello, Giorgio; Teasley, Sarah (eds.), Global Design History, 2011",0.392752,UNREVIEWED,candidate_needs_review
2.2,CH02,第二章　改良、消费、展览与跨国物质流动,博物馆、学校与国家治理,9,B0506,book,维克多·马格林：《世界设计史1：史前至一战》，2015,0.384459,UNREVIEWED,candidate_needs_review
2.2,CH02,第二章　改良、消费、展览与跨国物质流动,博物馆、学校与国家治理,10,B0286,book,"Margolin, Victor, Design in History, 2009",0.368347,UNREVIEWED,candidate_needs_review
2.2,CH02,第二章　改良、消费、展览与跨国物质流动,博物馆、学校与国家治理,11,B0101,book,David Raizman：《History of Modern Design》,0.365668,UNREVIEWED,candidate_needs_review
2.2,CH02,第二章　改良、消费、展览与跨国物质流动,博物馆、学校与国家治理,12,B0052,book,"Briggs, Asa：《Victorian things》",0.36556,UNREVIEWED,candidate_needs_review
2.2,CH02,第二章　改良、消费、展览与跨国物质流动,博物馆、学校与国家治理,13,B0235,book,Jonathan M. Woodham：《Twentieth Century Design》,0.357097,UNREVIEWED,candidate_needs_review
2.2,CH02,第二章　改良、消费、展览与跨国物质流动,博物馆、学校与国家治理,14,B0234,book,Jonathan M. Woodham：《Dictionary of Modern Design》,0.355409,UNREVIEWED,candidate_needs_review
2.2,CH02,第二章　改良、消费、展览与跨国物质流动,博物馆、学校与国家治理,15,B0170,book,Glenn Adamson：《Global Design History》,0.353938,UNREVIEWED,candidate_needs_review
2.2,CH02,第二章　改良、消费、展览与跨国物质流动,博物馆、学校与国家治理,16,B0031,book,Arthur J. Pulos：《American design ethic a history of industrial design to 1940》,0.34699,UNREVIEWED,candidate_needs_review
2.2,CH02,第二章　改良、消费、展览与跨国物质流动,博物馆、学校与国家治理,17,B0107,book,Design Anthropology in Context _ An Introduction to Design -- Adam Drazin -- Lon,0.34669,UNREVIEWED,candidate_needs_review
2.2,CH02,第二章　改良、消费、展览与跨国物质流动,博物馆、学校与国家治理,18,B0075,book,"Charlotte Fiell, Peter Fiell：《Design of the 20th Century》，1999",0.346447,UNREVIEWED,candidate_needs_review
2.2,CH02,第二章　改良、消费、展览与跨国物质流动,博物馆、学校与国家治理,19,B0515,book,阿德里安·福蒂：《欲求之物：1750年以来的设计与社会》，2001,0.344409,UNREVIEWED,candidate_needs_review
2.2,CH02,第二章　改良、消费、展览与跨国物质流动,博物馆、学校与国家治理,20,B0401,book,Sparke：《An introduction to design and culture _ 1900 to the present，2020》,0.339312,UNREVIEWED,candidate_needs_review
2.2,CH02,第二章　改良、消费、展览与跨国物质流动,博物馆、学校与国家治理,21,B0427,book,"Tom Flynn Tim Barringer：《Colonialism and the object empire, material culture and the museum》",0.337185,UNREVIEWED,candidate_needs_review
2.2,CH02,第二章　改良、消费、展览与跨国物质流动,博物馆、学校与国家治理,22,B0450,book,Wendy Kaplan：《The arts crafts movement in Europe America design for the modern world》,0.336419,UNREVIEWED,candidate_needs_review
2.2,CH02,第二章　改良、消费、展览与跨国物质流动,博物馆、学校与国家治理,23,B0416,book,"The arts and crafts movement (Blakesley, Rosalind P. (Rosalind Polly)) (z-librar",0.335787,UNREVIEWED,candidate_needs_review
2.2,CH02,第二章　改良、消费、展览与跨国物质流动,博物馆、学校与国家治理,24,B0478,book,大卫·瑞兹曼 (David Raizman)：《现代设计史（第2版）》，2013,0.334145,UNREVIEWED,candidate_needs_review
2.2,CH02,第二章　改良、消费、展览与跨国物质流动,博物馆、学校与国家治理,25,B0410,book,Taste and Power _ Furnishing Modern France -- Leora Auslander -- University of C,0.333799,UNREVIEWED,candidate_needs_review
2.2,CH02,第二章　改良、消费、展览与跨国物质流动,博物馆、学校与国家治理,26,B0103,book,Dennis P. Doordan：《Design History An Anthology》,0.333551,UNREVIEWED,candidate_needs_review
2.2,CH02,第二章　改良、消费、展览与跨国物质流动,博物馆、学校与国家治理,27,B0325,book,Nikolaus Pevsner：《Pioneers of modern design from William Morris to Walter Gropius》,0.332958,UNREVIEWED,candidate_needs_review
2.2,CH02,第二章　改良、消费、展览与跨国物质流动,博物馆、学校与国家治理,28,B0292,book,Margolin：《World history of design》,0.330652,UNREVIEWED,candidate_needs_review
2.2,CH02,第二章　改良、消费、展览与跨国物质流动,博物馆、学校与国家治理,29,B0327,book,"None：《China design now , None》",0.329656,UNREVIEWED,candidate_needs_review
2.2,CH02,第二章　改良、消费、展览与跨国物质流动,博物馆、学校与国家治理,30,B0159,book,"Frayling, Christopher：Art and Design：100 Years at the Royal College of Art, 1999",0.329126,UNREVIEWED,candidate_needs_review
2.3,CH02,第二章　改良、消费、展览与跨国物质流动,拉斯金、莫里斯与劳动伦理,1,B0101,book,David Raizman：《History of Modern Design》,0.531504,UNREVIEWED,candidate_needs_review
2.3,CH02,第二章　改良、消费、展览与跨国物质流动,拉斯金、莫里斯与劳动伦理,2,B0102,book,David Raizman：《History of Modern Design》，2023,0.425146,UNREVIEWED,candidate_needs_review
2.3,CH02,第二章　改良、消费、展览与跨国物质流动,拉斯金、莫里斯与劳动伦理,3,B0455,book,William Morris：《The Ideal Book Essays and Lectures on the Arts of the Book》,0.410956,UNREVIEWED,candidate_needs_review
2.3,CH02,第二章　改良、消费、展览与跨国物质流动,拉斯金、莫里斯与劳动伦理,4,B0330,book,Oscar Lovell Triggs：《Arts Crafts Movement》,0.400948,UNREVIEWED,candidate_needs_review
2.3,CH02,第二章　改良、消费、展览与跨国物质流动,拉斯金、莫里斯与劳动伦理,5,B0035,book,"Aslin, Elizabeth：《The aesthetic movement prelude to Art Nouveau》",0.395678,UNREVIEWED,candidate_needs_review
2.3,CH02,第二章　改良、消费、展览与跨国物质流动,拉斯金、莫里斯与劳动伦理,6,B0052,book,"Briggs, Asa：《Victorian things》",0.383189,UNREVIEWED,candidate_needs_review
2.3,CH02,第二章　改良、消费、展览与跨国物质流动,拉斯金、莫里斯与劳动伦理,7,B0307,book,"Michael Braungart, William McDonough：《Cradle to cradle remaking the way we make things》",0.38268,UNREVIEWED,candidate_needs_review
2.3,CH02,第二章　改良、消费、展览与跨国物质流动,拉斯金、莫里斯与劳动伦理,8,B0168,book,"Gillian Naylor：《The arts and crafts movement a study of its sources, ideals and influence on design theory》",0.377825,UNREVIEWED,candidate_needs_review
2.3,CH02,第二章　改良、消费、展览与跨国物质流动,拉斯金、莫里斯与劳动伦理,9,B0348,book,"Peterson, William S.：The Kelmscott Press：A History of William Morris's Typographical Adventure, 1991",0.376716,UNREVIEWED,candidate_needs_review
2.3,CH02,第二章　改良、消费、展览与跨国物质流动,拉斯金、莫里斯与劳动伦理,10,B0288,book,"Margolin, Victor, World History of Design, Volume 1, 2015",0.372654,UNREVIEWED,candidate_needs_review
2.3,CH02,第二章　改良、消费、展览与跨国物质流动,拉斯金、莫里斯与劳动伦理,11,B0466,book,世界设计史_I_史前至一战,0.370897,UNREVIEWED,candidate_needs_review
2.3,CH02,第二章　改良、消费、展览与跨国物质流动,拉斯金、莫里斯与劳动伦理,12,B0468,book,何人可：《工业设计史(第四版)》，2010,0.367498,UNREVIEWED,candidate_needs_review
2.3,CH02,第二章　改良、消费、展览与跨国物质流动,拉斯金、莫里斯与劳动伦理,13,B0070,book,"Charles Harvey, Jon Press：《William Morris design and enterprise in Victorian England》",0.364347,UNREVIEWED,candidate_needs_review
2.3,CH02,第二章　改良、消费、展览与跨国物质流动,拉斯金、莫里斯与劳动伦理,14,B0005,book,"Adamson, Glenn; Riello, Giorgio; Teasley, Sarah (eds.), Global Design History, 2011",0.358743,UNREVIEWED,candidate_needs_review
2.3,CH02,第二章　改良、消费、展览与跨国物质流动,拉斯金、莫里斯与劳动伦理,15,B0273,book,"Lees-Maffei, Grace; Houze, Rebecca (eds.)：The Design History Reader, 2010",0.357582,UNREVIEWED,candidate_needs_review
2.3,CH02,第二章　改良、消费、展览与跨国物质流动,拉斯金、莫里斯与劳动伦理,16,B0478,book,大卫·瑞兹曼 (David Raizman)：《现代设计史（第2版）》，2013,0.356399,UNREVIEWED,candidate_needs_review
2.3,CH02,第二章　改良、消费、展览与跨国物质流动,拉斯金、莫里斯与劳动伦理,17,B0075,book,"Charlotte Fiell, Peter Fiell：《Design of the 20th Century》，1999",0.353499,UNREVIEWED,candidate_needs_review
2.3,CH02,第二章　改良、消费、展览与跨国物质流动,拉斯金、莫里斯与劳动伦理,18,B0325,book,Nikolaus Pevsner：《Pioneers of modern design from William Morris to Walter Gropius》,0.353273,UNREVIEWED,candidate_needs_review
2.3,CH02,第二章　改良、消费、展览与跨国物质流动,拉斯金、莫里斯与劳动伦理,19,B0258,book,Kenneth Frampton：《Modern Architecture A Critical History》，1980,0.352577,UNREVIEWED,candidate_needs_review
2.3,CH02,第二章　改良、消费、展览与跨国物质流动,拉斯金、莫里斯与劳动伦理,20,B0235,book,Jonathan M. Woodham：《Twentieth Century Design》,0.352257,UNREVIEWED,candidate_needs_review
2.3,CH02,第二章　改良、消费、展览与跨国物质流动,拉斯金、莫里斯与劳动伦理,21,B0383,book,"Ruskin, John：《The Stones of Venice》",0.351886,UNREVIEWED,candidate_needs_review
2.3,CH02,第二章　改良、消费、展览与跨国物质流动,拉斯金、莫里斯与劳动伦理,22,B0133,book,E. P. Thompson：《William Morris romantic to revolutionary》,0.351591,UNREVIEWED,candidate_needs_review
2.3,CH02,第二章　改良、消费、展览与跨国物质流动,拉斯金、莫里斯与劳动伦理,23,B0318,book,"Morris, William：Hopes and Fears for Art, 1882",0.34872,UNREVIEWED,candidate_needs_review
2.3,CH02,第二章　改良、消费、展览与跨国物质流动,拉斯金、莫里斯与劳动伦理,24,B0156,book,Fiona MacCarthy：《William Morris a life for our time》,0.34781,UNREVIEWED,candidate_needs_review
2.3,CH02,第二章　改良、消费、展览与跨国物质流动,拉斯金、莫里斯与劳动伦理,25,B0337,book,Paul Greenhalgh (ed.)：《Modernism in Design》，1990,0.346885,UNREVIEWED,candidate_needs_review
2.3,CH02,第二章　改良、消费、展览与跨国物质流动,拉斯金、莫里斯与劳动伦理,26,B0170,book,Glenn Adamson：《Global Design History》,0.346741,UNREVIEWED,candidate_needs_review
2.3,CH02,第二章　改良、消费、展览与跨国物质流动,拉斯金、莫里斯与劳动伦理,27,B0513,book,邵宏：《西方设计：一部为生活制作艺术的历史》，2010,0.345038,UNREVIEWED,candidate_needs_review
2.3,CH02,第二章　改良、消费、展览与跨国物质流动,拉斯金、莫里斯与劳动伦理,28,B0072,book,"Charles, Victoria：Neoclassicism, 2019",0.344568,UNREVIEWED,candidate_needs_review
2.3,CH02,第二章　改良、消费、展览与跨国物质流动,拉斯金、莫里斯与劳动伦理,29,B0506,book,维克多·马格林：《世界设计史1：史前至一战》，2015,0.342781,UNREVIEWED,candidate_needs_review
2.3,CH02,第二章　改良、消费、展览与跨国物质流动,拉斯金、莫里斯与劳动伦理,30,B0470,book,"史蒂文·海勒, 西摩·切瓦斯特：《平面设计200年》，2018",0.34126,UNREVIEWED,candidate_needs_review
2.4,CH02,第二章　改良、消费、展览与跨国物质流动,百货商店与现代消费者,1,B0001,book,1860-1914：《Learning to Consume Early Department Stores and the Shaping of the Mo,0.566139,UNREVIEWED,candidate_needs_review
2.4,CH02,第二章　改良、消费、展览与跨国物质流动,百货商店与现代消费者,2,B0401,book,Sparke：《An introduction to design and culture _ 1900 to the present，2020》,0.545779,UNREVIEWED,candidate_needs_review
2.4,CH02,第二章　改良、消费、展览与跨国物质流动,百货商店与现代消费者,3,B0202,book,Jean Baudrillard：《The Consumer Society Myths and Structures》，1970,0.480276,UNREVIEWED,candidate_needs_review
2.4,CH02,第二章　改良、消费、展览与跨国物质流动,百货商店与现代消费者,4,B0304,book,Maxine Berg：《Luxury and Pleasure in Eighteenth-Century Britain (2007)》,0.479745,UNREVIEWED,candidate_needs_review
2.4,CH02,第二章　改良、消费、展览与跨国物质流动,百货商店与现代消费者,5,B0400,book,"Sparke, Penny：《An introduction to design and culture 1900 to the present》",0.463848,UNREVIEWED,candidate_needs_review
2.4,CH02,第二章　改良、消费、展览与跨国物质流动,百货商店与现代消费者,6,B0211,book,"Joanne Entwistle：《The Fashioned Body Fashion, Dress and Modern Social Theory》，2000",0.457024,UNREVIEWED,candidate_needs_review
2.4,CH02,第二章　改良、消费、展览与跨国物质流动,百货商店与现代消费者,7,B0345,book,Penny Sparke：《An Introduction to Design and Culture 1900 to the Present》,0.454445,UNREVIEWED,candidate_needs_review
2.4,CH02,第二章　改良、消费、展览与跨国物质流动,百货商店与现代消费者,8,B0052,book,"Briggs, Asa：《Victorian things》",0.44802,UNREVIEWED,candidate_needs_review
2.4,CH02,第二章　改良、消费、展览与跨国物质流动,百货商店与现代消费者,9,B0162,book,"Gallo, Max：The Poster in History, 1974",0.439051,UNREVIEWED,candidate_needs_review
2.4,CH02,第二章　改良、消费、展览与跨国物质流动,百货商店与现代消费者,10,B0005,book,"Adamson, Glenn; Riello, Giorgio; Teasley, Sarah (eds.), Global Design History, 2011",0.436405,UNREVIEWED,candidate_needs_review
2.4,CH02,第二章　改良、消费、展览与跨国物质流动,百货商店与现代消费者,11,B0080,book,Christopher Breward：《The Culture of Fashion A New History of Fashionable Dress》，1995,0.433301,UNREVIEWED,candidate_needs_review
2.4,CH02,第二章　改良、消费、展览与跨国物质流动,百货商店与现代消费者,12,B0235,book,Jonathan M. Woodham：《Twentieth Century Design》,0.431997,UNREVIEWED,candidate_needs_review
2.4,CH02,第二章　改良、消费、展览与跨国物质流动,百货商店与现代消费者,13,B0073,book,"Charlotte Benton, Tim Benton：《Art Deco 1910–1939》",0.427852,UNREVIEWED,candidate_needs_review
2.4,CH02,第二章　改良、消费、展览与跨国物质流动,百货商店与现代消费者,14,B0509,book,英彭妮·斯帕克(Penny Sparke)：《唯有粉红 审美品位的性别政治学》,0.422152,UNREVIEWED,candidate_needs_review
2.4,CH02,第二章　改良、消费、展览与跨国物质流动,百货商店与现代消费者,15,B0206,book,"Jeffrey L. Meikle：《Twentieth Century Limited Industrial Design in America, 1925-1939》，2001",0.415608,UNREVIEWED,candidate_needs_review
2.4,CH02,第二章　改良、消费、展览与跨国物质流动,百货商店与现代消费者,16,B0394,book,Sharon Zukin：《Landscapes of Power From Detroit to Disney World》,0.409351,UNREVIEWED,candidate_needs_review
2.4,CH02,第二章　改良、消费、展览与跨国物质流动,百货商店与现代消费者,17,B0467,book,世界设计史_II_苏联至二战,0.40735,UNREVIEWED,candidate_needs_review
2.4,CH02,第二章　改良、消费、展览与跨国物质流动,百货商店与现代消费者,18,B0100,book,David Crowley：《Warsaw》,0.401725,UNREVIEWED,candidate_needs_review
2.4,CH02,第二章　改良、消费、展览与跨国物质流动,百货商店与现代消费者,19,B0143,book,Elizabeth Wilson：《Adorned in Dreams Fashion and Modernity》,0.396765,UNREVIEWED,candidate_needs_review
2.4,CH02,第二章　改良、消费、展览与跨国物质流动,百货商店与现代消费者,20,B0006,book,"Adburgham, Alison：《Libertys a biography of a shop》",0.396557,UNREVIEWED,candidate_needs_review
2.4,CH02,第二章　改良、消费、展览与跨国物质流动,百货商店与现代消费者,21,B0069,book,"Catriona Kelly, David Shepherd：《Constructing Russian culture in the age of revolution, 1881-1940》",0.391278,UNREVIEWED,candidate_needs_review
2.4,CH02,第二章　改良、消费、展览与跨国物质流动,百货商店与现代消费者,22,B0253,book,Kathryn B Hiesinger：《JAPANESE DESIGN A SURVEY SINCE 1950》,0.389869,UNREVIEWED,candidate_needs_review
2.4,CH02,第二章　改良、消费、展览与跨国物质流动,百货商店与现代消费者,23,B0305,book,McKendrick：《The birth of a consumer society the commercialization of eighteenth-,0.389641,UNREVIEWED,candidate_needs_review
2.4,CH02,第二章　改良、消费、展览与跨国物质流动,百货商店与现代消费者,24,B0102,book,David Raizman：《History of Modern Design》，2023,0.384996,UNREVIEWED,candidate_needs_review
2.4,CH02,第二章　改良、消费、展览与跨国物质流动,百货商店与现代消费者,25,B0031,book,Arthur J. Pulos：《American design ethic a history of industrial design to 1940》,0.375088,UNREVIEWED,candidate_needs_review
2.4,CH02,第二章　改良、消费、展览与跨国物质流动,百货商店与现代消费者,26,B0439,book,"Walker, John Albert; Attfield, Judy：Design History and the History of Design, 1989",0.370128,UNREVIEWED,candidate_needs_review
2.4,CH02,第二章　改良、消费、展览与跨国物质流动,百货商店与现代消费者,27,B0101,book,David Raizman：《History of Modern Design》,0.367318,UNREVIEWED,candidate_needs_review
2.4,CH02,第二章　改良、消费、展览与跨国物质流动,百货商店与现代消费者,28,B0246,book,Kajri Jain：《Gods in the Bazaar The Economies of Indian Calendar Art》,0.36576,UNREVIEWED,candidate_needs_review
2.4,CH02,第二章　改良、消费、展览与跨国物质流动,百货商店与现代消费者,29,B0429,book,Valerie Steele：《Fashion and Eroticism Ideals of Feminine Beauty from the Victorian Era to the Jazz Age》，1985,0.364408,UNREVIEWED,candidate_needs_review
2.4,CH02,第二章　改良、消费、展览与跨国物质流动,百货商店与现代消费者,30,B0180,book,Guy Julier：《The Culture of Design》，2000,0.363466,UNREVIEWED,candidate_needs_review
2.5,CH02,第二章　改良、消费、展览与跨国物质流动,从唯美主义到新艺术,1,B0006,book,"Adburgham, Alison：《Libertys a biography of a shop》",0.51151,UNREVIEWED,candidate_needs_review
2.5,CH02,第二章　改良、消费、展览与跨国物质流动,从唯美主义到新艺术,2,B0035,book,"Aslin, Elizabeth：《The aesthetic movement prelude to Art Nouveau》",0.45037,UNREVIEWED,candidate_needs_review
2.5,CH02,第二章　改良、消费、展览与跨国物质流动,从唯美主义到新艺术,3,B0450,book,Wendy Kaplan：《The arts crafts movement in Europe America design for the modern world》,0.434051,UNREVIEWED,candidate_needs_review
2.5,CH02,第二章　改良、消费、展览与跨国物质流动,从唯美主义到新艺术,4,B0320,book,"Muthesius, Hermann：The English House, 1979",0.412197,UNREVIEWED,candidate_needs_review
2.5,CH02,第二章　改良、消费、展览与跨国物质流动,从唯美主义到新艺术,5,B0102,book,David Raizman：《History of Modern Design》，2023,0.410397,UNREVIEWED,candidate_needs_review
2.5,CH02,第二章　改良、消费、展览与跨国物质流动,从唯美主义到新艺术,6,B0135,book,"Edgar Kaufmann, Jr：《Nineteenth-Century Design》",0.409367,UNREVIEWED,candidate_needs_review
2.5,CH02,第二章　改良、消费、展览与跨国物质流动,从唯美主义到新艺术,7,B0115,book,"Design, History and Time _ New Temporalities in a Digital -- Hendon, Zoë (editor",0.408819,UNREVIEWED,candidate_needs_review
2.5,CH02,第二章　改良、消费、展览与跨国物质流动,从唯美主义到新艺术,8,B0478,book,大卫·瑞兹曼 (David Raizman)：《现代设计史（第2版）》，2013,0.408515,UNREVIEWED,candidate_needs_review
2.5,CH02,第二章　改良、消费、展览与跨国物质流动,从唯美主义到新艺术,9,B0371,book,Robert Schmutzler：《Art Nouveau (1962)，1962》,0.408228,UNREVIEWED,candidate_needs_review
2.5,CH02,第二章　改良、消费、展览与跨国物质流动,从唯美主义到新艺术,10,B0401,book,Sparke：《An introduction to design and culture _ 1900 to the present，2020》,0.404842,UNREVIEWED,candidate_needs_review
2.5,CH02,第二章　改良、消费、展览与跨国物质流动,从唯美主义到新艺术,11,B0338,book,Paul Greenhalgh：《Art Nouveau 1890-1914》,0.400966,UNREVIEWED,candidate_needs_review
2.5,CH02,第二章　改良、消费、展览与跨国物质流动,从唯美主义到新艺术,12,B0480,book,尼古拉斯·佩夫斯纳：《现代设计的先驱者：从威廉·莫里斯到沃尔特·格罗皮乌斯》，2019,0.397498,UNREVIEWED,candidate_needs_review
2.5,CH02,第二章　改良、消费、展览与跨国物质流动,从唯美主义到新艺术,13,B0196,book,Isabelle Anscombe：《Arts and Crafts Style》,0.391593,UNREVIEWED,candidate_needs_review
2.5,CH02,第二章　改良、消费、展览与跨国物质流动,从唯美主义到新艺术,14,B0101,book,David Raizman：《History of Modern Design》,0.391266,UNREVIEWED,candidate_needs_review
2.5,CH02,第二章　改良、消费、展览与跨国物质流动,从唯美主义到新艺术,15,B0277,book,Lodder：《Russian constructivism》,0.387733,UNREVIEWED,candidate_needs_review
2.5,CH02,第二章　改良、消费、展览与跨国物质流动,从唯美主义到新艺术,16,B0470,book,"史蒂文·海勒, 西摩·切瓦斯特：《平面设计200年》，2018",0.381436,UNREVIEWED,candidate_needs_review
2.5,CH02,第二章　改良、消费、展览与跨国物质流动,从唯美主义到新艺术,17,B0022,book,Anne Massey：《Interior Design of the 20th Century》，1990,0.375306,UNREVIEWED,candidate_needs_review
2.5,CH02,第二章　改良、消费、展览与跨国物质流动,从唯美主义到新艺术,18,B0318,book,"Morris, William：Hopes and Fears for Art, 1882",0.373464,UNREVIEWED,candidate_needs_review
2.5,CH02,第二章　改良、消费、展览与跨国物质流动,从唯美主义到新艺术,19,B0404,book,Stephen J. Eskilson：《Graphic Design A New History》，2007,0.372631,UNREVIEWED,candidate_needs_review
2.5,CH02,第二章　改良、消费、展览与跨国物质流动,从唯美主义到新艺术,20,B0354,book,Pioneers Of Modern Design -- Nikolaus Pevsner -- 79d1b31976f272a671ce2a3b7a2db14,0.371806,UNREVIEWED,candidate_needs_review
2.5,CH02,第二章　改良、消费、展览与跨国物质流动,从唯美主义到新艺术,21,B0229,book,"John Pile, Judith Gura, Drew Plunkett：《A History of Interior Design, 5th Edition》，2023",0.370057,UNREVIEWED,candidate_needs_review
2.5,CH02,第二章　改良、消费、展览与跨国物质流动,从唯美主义到新艺术,22,B0234,book,Jonathan M. Woodham：《Dictionary of Modern Design》,0.367779,UNREVIEWED,candidate_needs_review
2.5,CH02,第二章　改良、消费、展览与跨国物质流动,从唯美主义到新艺术,23,B0288,book,"Margolin, Victor, World History of Design, Volume 1, 2015",0.366703,UNREVIEWED,candidate_needs_review
2.5,CH02,第二章　改良、消费、展览与跨国物质流动,从唯美主义到新艺术,24,B0433,book,Victor Margolin：《World History of Design World War I to World War II》,0.365364,UNREVIEWED,candidate_needs_review
2.5,CH02,第二章　改良、消费、展览与跨国物质流动,从唯美主义到新艺术,25,B0133,book,E. P. Thompson：《William Morris romantic to revolutionary》,0.364973,UNREVIEWED,candidate_needs_review
2.5,CH02,第二章　改良、消费、展览与跨国物质流动,从唯美主义到新艺术,26,B0335,book,Pat Kirkham：《Charles And Ray Eames Designers of the Twentieth Century》,0.363312,UNREVIEWED,candidate_needs_review
2.5,CH02,第二章　改良、消费、展览与跨国物质流动,从唯美主义到新艺术,27,B0398,book,"Sparke, Penny, An Introduction to Design and Culture, 1986",0.362589,UNREVIEWED,candidate_needs_review
2.5,CH02,第二章　改良、消费、展览与跨国物质流动,从唯美主义到新艺术,28,B0330,book,Oscar Lovell Triggs：《Arts Crafts Movement》,0.361646,UNREVIEWED,candidate_needs_review
2.5,CH02,第二章　改良、消费、展览与跨国物质流动,从唯美主义到新艺术,29,B0506,book,维克多·马格林：《世界设计史1：史前至一战》，2015,0.3607,UNREVIEWED,candidate_needs_review
2.5,CH02,第二章　改良、消费、展览与跨国物质流动,从唯美主义到新艺术,30,B0030,book,Arthur A. Cohen：《Herbert Bayer The Complete Work》，1984,0.360316,UNREVIEWED,candidate_needs_review
2.6,CH02,第二章　改良、消费、展览与跨国物质流动,世界博览会与殖民分类,1,B0082,book,Christopher Pinney：《Camera Indica The Social Life of Indian Photographs》,0.479674,UNREVIEWED,candidate_needs_review
2.6,CH02,第二章　改良、消费、展览与跨国物质流动,世界博览会与殖民分类,2,B0339,book,"Paul Greenhalgh：《Ephemeral Vistas The Expositions Universelles, Great Exhibition",0.453524,UNREVIEWED,candidate_needs_review
2.6,CH02,第二章　改良、消费、展览与跨国物质流动,世界博览会与殖民分类,3,B0028,book,"Appadurai, Arjun (ed.)：The Social Life of Things：Commodities in Cultural Perspective, 1986",0.418041,UNREVIEWED,candidate_needs_review
2.6,CH02,第二章　改良、消费、展览与跨国物质流动,世界博览会与殖民分类,4,B0115,book,"Design, History and Time _ New Temporalities in a Digital -- Hendon, Zoë (editor",0.417734,UNREVIEWED,candidate_needs_review
2.6,CH02,第二章　改良、消费、展览与跨国物质流动,世界博览会与殖民分类,5,B0399,book,"Sparke, Penny; Fisher, Fiona (eds.), The Routledge Companion to Design Studies, 2016",0.411055,UNREVIEWED,candidate_needs_review
2.6,CH02,第二章　改良、消费、展览与跨国物质流动,世界博览会与殖民分类,6,B0433,book,Victor Margolin：《World History of Design World War I to World War II》,0.407073,UNREVIEWED,candidate_needs_review
2.6,CH02,第二章　改良、消费、展览与跨国物质流动,世界博览会与殖民分类,7,B0140,book,Elizabeth (Dori) Tunstall：《Decolonizing Design A Cultural Justice Guidebook》,0.403669,UNREVIEWED,candidate_needs_review
2.6,CH02,第二章　改良、消费、展览与跨国物质流动,世界博览会与殖民分类,8,B0303,book,Mauricio Tenorio-Trillo：《Mexico at the worlds fairs crafting a modern nation》,0.394005,UNREVIEWED,candidate_needs_review
2.6,CH02,第二章　改良、消费、展览与跨国物质流动,世界博览会与殖民分类,9,B0427,book,"Tom Flynn Tim Barringer：《Colonialism and the object empire, material culture and the museum》",0.389829,UNREVIEWED,candidate_needs_review
2.6,CH02,第二章　改良、消费、展览与跨国物质流动,世界博览会与殖民分类,10,B0073,book,"Charlotte Benton, Tim Benton：《Art Deco 1910–1939》",0.386971,UNREVIEWED,candidate_needs_review
2.6,CH02,第二章　改良、消费、展览与跨国物质流动,世界博览会与殖民分类,11,B0288,book,"Margolin, Victor, World History of Design, Volume 1, 2015",0.38177,UNREVIEWED,candidate_needs_review
2.6,CH02,第二章　改良、消费、展览与跨国物质流动,世界博览会与殖民分类,12,B0170,book,Glenn Adamson：《Global Design History》,0.37913,UNREVIEWED,candidate_needs_review
2.6,CH02,第二章　改良、消费、展览与跨国物质流动,世界博览会与殖民分类,13,B0052,book,"Briggs, Asa：《Victorian things》",0.379125,UNREVIEWED,candidate_needs_review
2.6,CH02,第二章　改良、消费、展览与跨国物质流动,世界博览会与殖民分类,14,B0193,book,"Hugh Honour, John Fleming：《A World History of Art》",0.378805,UNREVIEWED,candidate_needs_review
2.6,CH02,第二章　改良、消费、展览与跨国物质流动,世界博览会与殖民分类,15,B0463,book,Zeynep Çelik：《Displaying the Orient Architecture of Islam at Nineteenth-Century Worlds Fairs》,0.376253,UNREVIEWED,candidate_needs_review
2.6,CH02,第二章　改良、消费、展览与跨国物质流动,世界博览会与殖民分类,16,B0102,book,David Raizman：《History of Modern Design》，2023,0.363895,UNREVIEWED,candidate_needs_review
2.6,CH02,第二章　改良、消费、展览与跨国物质流动,世界博览会与殖民分类,17,B0466,book,世界设计史_I_史前至一战,0.363707,UNREVIEWED,candidate_needs_review
2.6,CH02,第二章　改良、消费、展览与跨国物质流动,世界博览会与殖民分类,18,B0289,book,"Margolin, Victor, World History of Design, Volume 2, 2015",0.362074,UNREVIEWED,candidate_needs_review
2.6,CH02,第二章　改良、消费、展览与跨国物质流动,世界博览会与殖民分类,19,B0506,book,维克多·马格林：《世界设计史1：史前至一战》，2015,0.356168,UNREVIEWED,candidate_needs_review
2.6,CH02,第二章　改良、消费、展览与跨国物质流动,世界博览会与殖民分类,20,B0031,book,Arthur J. Pulos：《American design ethic a history of industrial design to 1940》,0.353704,UNREVIEWED,candidate_needs_review
2.6,CH02,第二章　改良、消费、展览与跨国物质流动,世界博览会与殖民分类,21,B0401,book,Sparke：《An introduction to design and culture _ 1900 to the present，2020》,0.352804,UNREVIEWED,candidate_needs_review
2.6,CH02,第二章　改良、消费、展览与跨国物质流动,世界博览会与殖民分类,22,B0089,book,Craig Clunas：《Superfluous Things Material Culture and Social Status in Early Modern China》,0.352544,UNREVIEWED,candidate_needs_review
2.6,CH02,第二章　改良、消费、展览与跨国物质流动,世界博览会与殖民分类,23,B0450,book,Wendy Kaplan：《The arts crafts movement in Europe America design for the modern world》,0.351534,UNREVIEWED,candidate_needs_review
2.6,CH02,第二章　改良、消费、展览与跨国物质流动,世界博览会与殖民分类,24,B0172,book,Goss：《French art deco》,0.348957,UNREVIEWED,candidate_needs_review
2.6,CH02,第二章　改良、消费、展览与跨国物质流动,世界博览会与殖民分类,25,B0461,book,World History Of Design - Volume 2_ World War I To World War -- Victor Margolin,0.348044,UNREVIEWED,candidate_needs_review
2.6,CH02,第二章　改良、消费、展览与跨国物质流动,世界博览会与殖民分类,26,B0410,book,Taste and Power _ Furnishing Modern France -- Leora Auslander -- University of C,0.344502,UNREVIEWED,candidate_needs_review
2.6,CH02,第二章　改良、消费、展览与跨国物质流动,世界博览会与殖民分类,27,B0400,book,"Sparke, Penny：《An introduction to design and culture 1900 to the present》",0.342276,UNREVIEWED,candidate_needs_review
2.6,CH02,第二章　改良、消费、展览与跨国物质流动,世界博览会与殖民分类,28,B0134,book,E.H. Gombrich：《The Story of Art》，1950,0.338495,UNREVIEWED,candidate_needs_review
2.6,CH02,第二章　改良、消费、展览与跨国物质流动,世界博览会与殖民分类,29,B0005,book,"Adamson, Glenn; Riello, Giorgio; Teasley, Sarah (eds.), Global Design History, 2011",0.337296,UNREVIEWED,candidate_needs_review
2.6,CH02,第二章　改良、消费、展览与跨国物质流动,世界博览会与殖民分类,30,B0273,book,"Lees-Maffei, Grace; Houze, Rebecca (eds.)：The Design History Reader, 2010",0.336711,UNREVIEWED,candidate_needs_review
2.7,CH02,第二章　改良、消费、展览与跨国物质流动,跨境迁移与地方现代性,1,B0170,book,Glenn Adamson：《Global Design History》,0.43148,UNREVIEWED,candidate_needs_review
2.7,CH02,第二章　改良、消费、展览与跨国物质流动,跨境迁移与地方现代性,2,B0193,book,"Hugh Honour, John Fleming：《A World History of Art》",0.392756,UNREVIEWED,candidate_needs_review
2.7,CH02,第二章　改良、消费、展览与跨国物质流动,跨境迁移与地方现代性,3,B0005,book,"Adamson, Glenn; Riello, Giorgio; Teasley, Sarah (eds.), Global Design History, 2011",0.391898,UNREVIEWED,candidate_needs_review
2.7,CH02,第二章　改良、消费、展览与跨国物质流动,跨境迁移与地方现代性,4,B0181,book,"Guy, John：Woven Cargoes：Indian Textiles in the East, 1998",0.389253,UNREVIEWED,candidate_needs_review
2.7,CH02,第二章　改良、消费、展览与跨国物质流动,跨境迁移与地方现代性,5,B0040,book,"Beckert, Sven：Empire of Cotton：A Global History, 2014",0.369569,UNREVIEWED,candidate_needs_review
2.7,CH02,第二章　改良、消费、展览与跨国物质流动,跨境迁移与地方现代性,6,B0154,book,Finlay Robert：《The pilgrim art cultures of porcelain in world history》,0.367924,UNREVIEWED,candidate_needs_review
2.7,CH02,第二章　改良、消费、展览与跨国物质流动,跨境迁移与地方现代性,7,B0338,book,Paul Greenhalgh：《Art Nouveau 1890-1914》,0.359864,UNREVIEWED,candidate_needs_review
2.7,CH02,第二章　改良、消费、展览与跨国物质流动,跨境迁移与地方现代性,8,B0102,book,David Raizman：《History of Modern Design》，2023,0.353195,UNREVIEWED,candidate_needs_review
2.7,CH02,第二章　改良、消费、展览与跨国物质流动,跨境迁移与地方现代性,9,B0230,book,John Thackara：《In the Bubble Designing in a Complex World》，2005,0.342584,UNREVIEWED,candidate_needs_review
2.7,CH02,第二章　改良、消费、展览与跨国物质流动,跨境迁移与地方现代性,10,B0169,book,Giorgio Riello：《Cotton The Fabric That Made the Modern World》,0.338881,UNREVIEWED,candidate_needs_review
2.7,CH02,第二章　改良、消费、展览与跨国物质流动,跨境迁移与地方现代性,11,B0209,book,Jeremy Prestholdt：《Domesticating the World African Consumerism and the Genealogies of Globalization》,0.338676,UNREVIEWED,candidate_needs_review
2.7,CH02,第二章　改良、消费、展览与跨国物质流动,跨境迁移与地方现代性,12,B0090,book,"Crane, Walter：The Bases of Design, 1898",0.334357,UNREVIEWED,candidate_needs_review
2.7,CH02,第二章　改良、消费、展览与跨国物质流动,跨境迁移与地方现代性,13,B0155,book,"Fiona Kerlogue, Tara Sosrowardoyo：《Batik design, style & history featuring selections from》，2004",0.333681,UNREVIEWED,candidate_needs_review
2.7,CH02,第二章　改良、消费、展览与跨国物质流动,跨境迁移与地方现代性,14,P0038,paper,Igor Kopytoff：《The Cultural Biography of Things： Commoditization as Process》，1986,0.325478,UNREVIEWED,candidate_needs_review
2.7,CH02,第二章　改良、消费、展览与跨国物质流动,跨境迁移与地方现代性,15,B0317,book,"Morris, William (printer); Chaucer, Geoffrey：The Works of Geoffrey Chaucer Now Newly Imprinted, 1896",0.321875,UNREVIEWED,candidate_needs_review
2.7,CH02,第二章　改良、消费、展览与跨国物质流动,跨境迁移与地方现代性,16,B0080,book,Christopher Breward：《The Culture of Fashion A New History of Fashionable Dress》，1995,0.319651,UNREVIEWED,candidate_needs_review
2.7,CH02,第二章　改良、消费、展览与跨国物质流动,跨境迁移与地方现代性,17,B0036,book,"Attfield：《A View from the interior feminism, women, and design》",0.319484,UNREVIEWED,candidate_needs_review
2.7,CH02,第二章　改良、消费、展览与跨国物质流动,跨境迁移与地方现代性,18,B0189,book,"Heskett, John：《Industrial design》",0.318877,UNREVIEWED,candidate_needs_review
2.7,CH02,第二章　改良、消费、展览与跨国物质流动,跨境迁移与地方现代性,19,B0086,book,Colleen E. Kriger：《Cloth in West African History》,0.318063,UNREVIEWED,candidate_needs_review
2.7,CH02,第二章　改良、消费、展览与跨国物质流动,跨境迁移与地方现代性,20,B0148,book,Emmanuel Cooper：《Ten Thousand Years of Pottery》，2000,0.311362,UNREVIEWED,candidate_needs_review
2.7,CH02,第二章　改良、消费、展览与跨国物质流动,跨境迁移与地方现代性,21,B0452,book,Wichmann：《Japonisme the Japanese influence on Western art since 1858》,0.307564,UNREVIEWED,candidate_needs_review
2.7,CH02,第二章　改良、消费、展览与跨国物质流动,跨境迁移与地方现代性,22,B0229,book,"John Pile, Judith Gura, Drew Plunkett：《A History of Interior Design, 5th Edition》，2023",0.305249,UNREVIEWED,candidate_needs_review
2.7,CH02,第二章　改良、消费、展览与跨国物质流动,跨境迁移与地方现代性,23,B0315,book,"Miller, Daniel：Material Culture and Mass Consumption, 1987",0.304943,UNREVIEWED,candidate_needs_review
2.7,CH02,第二章　改良、消费、展览与跨国物质流动,跨境迁移与地方现代性,24,B0107,book,Design Anthropology in Context _ An Introduction to Design -- Adam Drazin -- Lon,0.303942,UNREVIEWED,candidate_needs_review
2.7,CH02,第二章　改良、消费、展览与跨国物质流动,跨境迁移与地方现代性,25,B0006,book,"Adburgham, Alison：《Libertys a biography of a shop》",0.301941,UNREVIEWED,candidate_needs_review
2.7,CH02,第二章　改良、消费、展览与跨国物质流动,跨境迁移与地方现代性,26,B0166,book,"George, Kenneth M.; Nordholt, Henk Schulte：《Outward Appearances Dressing State and Society in Indonesia》",0.301667,UNREVIEWED,candidate_needs_review
2.7,CH02,第二章　改良、消费、展览与跨国物质流动,跨境迁移与地方现代性,27,B0180,book,Guy Julier：《The Culture of Design》，2000,0.301078,UNREVIEWED,candidate_needs_review
2.7,CH02,第二章　改良、消费、展览与跨国物质流动,跨境迁移与地方现代性,28,B0008,book,Adolf Loos：《Ornament and Crime》，2019,0.298421,UNREVIEWED,candidate_needs_review
2.7,CH02,第二章　改良、消费、展览与跨国物质流动,跨境迁移与地方现代性,29,B0303,book,Mauricio Tenorio-Trillo：《Mexico at the worlds fairs crafting a modern nation》,0.297833,UNREVIEWED,candidate_needs_review
2.7,CH02,第二章　改良、消费、展览与跨国物质流动,跨境迁移与地方现代性,30,B0466,book,世界设计史_I_史前至一战,0.297252,UNREVIEWED,candidate_needs_review
3.1,CH03,第三章　战争、革命与先锋派的视觉—物质实验,战争、都市与机械感知,1,B0115,book,"Design, History and Time _ New Temporalities in a Digital -- Hendon, Zoë (editor",0.398046,UNREVIEWED,candidate_needs_review
3.1,CH03,第三章　战争、革命与先锋派的视觉—物质实验,战争、都市与机械感知,2,B0047,book,Bipan Chandra：《The rise and growth of economic nationalism in India economic pol,0.396398,UNREVIEWED,candidate_needs_review
3.1,CH03,第三章　战争、革命与先锋派的视觉—物质实验,战争、都市与机械感知,3,B0297,book,Mary Warner Marien：《Photography A Cultural History》,0.392964,UNREVIEWED,candidate_needs_review
3.1,CH03,第三章　战争、革命与先锋派的视觉—物质实验,战争、都市与机械感知,4,B0044,book,Bevis Hillier：《Art Deco of the 20s and 30s》,0.363605,UNREVIEWED,candidate_needs_review
3.1,CH03,第三章　战争、革命与先锋派的视觉—物质实验,战争、都市与机械感知,5,B0338,book,Paul Greenhalgh：《Art Nouveau 1890-1914》,0.363184,UNREVIEWED,candidate_needs_review
3.1,CH03,第三章　战争、革命与先锋派的视觉—物质实验,战争、都市与机械感知,6,B0363,book,Reyner Banham：《Theory and Design in the First Machine Age》，1960,0.358163,UNREVIEWED,candidate_needs_review
3.1,CH03,第三章　战争、革命与先锋派的视觉—物质实验,战争、都市与机械感知,7,B0252,book,"Katerina Clark：《Petersburg, Crucible of Cultural Revolution》，1995",0.357337,UNREVIEWED,candidate_needs_review
3.1,CH03,第三章　战争、革命与先锋派的视觉—物质实验,战争、都市与机械感知,8,B0007,book,Ades：《Photomontage》,0.344042,UNREVIEWED,candidate_needs_review
3.1,CH03,第三章　战争、革命与先锋派的视觉—物质实验,战争、都市与机械感知,9,B0027,book,Apollonio：《Futurist manifestos》,0.341055,UNREVIEWED,candidate_needs_review
3.1,CH03,第三章　战争、革命与先锋派的视觉—物质实验,战争、都市与机械感知,10,B0108,book,"Design discourse _ history, theory, criticism -- Margolin, Victor, 1941- -- Chic",0.339751,UNREVIEWED,candidate_needs_review
3.1,CH03,第三章　战争、革命与先锋派的视觉—物质实验,战争、都市与机械感知,11,B0288,book,"Margolin, Victor, World History of Design, Volume 1, 2015",0.339237,UNREVIEWED,candidate_needs_review
3.1,CH03,第三章　战争、革命与先锋派的视觉—物质实验,战争、都市与机械感知,12,B0180,book,Guy Julier：《The Culture of Design》，2000,0.3371,UNREVIEWED,candidate_needs_review
3.1,CH03,第三章　战争、革命与先锋派的视觉—物质实验,战争、都市与机械感知,13,B0198,book,James J. Gibson：《The Ecological Approach To Visual Perception》,0.336984,UNREVIEWED,candidate_needs_review
3.1,CH03,第三章　战争、革命与先锋派的视觉—物质实验,战争、都市与机械感知,14,B0269,book,Laszlo Moholy-Nagy：《Vision in Motion》，1947,0.336126,UNREVIEWED,candidate_needs_review
3.1,CH03,第三章　战争、革命与先锋派的视觉—物质实验,战争、都市与机械感知,15,B0013,book,Alexander Lavrentiev：《Alexander Rodchenko Photography 1924-1954》,0.332076,UNREVIEWED,candidate_needs_review
3.1,CH03,第三章　战争、革命与先锋派的视觉—物质实验,战争、都市与机械感知,16,B0029,book,Armin Hofmann D. Q. Stephenson：《Graphic Design Manual Principles and Practice》,0.328663,UNREVIEWED,candidate_needs_review
3.1,CH03,第三章　战争、革命与先锋派的视觉—物质实验,战争、都市与机械感知,17,B0215,book,"Johanna Drucker：《The Visible Word Experimental Typography and Modern Art, 1909-1923》，1994",0.321028,UNREVIEWED,candidate_needs_review
3.1,CH03,第三章　战争、革命与先锋派的视觉—物质实验,战争、都市与机械感知,18,B0315,book,"Miller, Daniel：Material Culture and Mass Consumption, 1987",0.319871,UNREVIEWED,candidate_needs_review
3.1,CH03,第三章　战争、革命与先锋派的视觉—物质实验,战争、都市与机械感知,19,B0010,book,Alain Weill：《The Poster A Worldwide Survey and History》，1985,0.314412,UNREVIEWED,candidate_needs_review
3.1,CH03,第三章　战争、革命与先锋派的视觉—物质实验,战争、都市与机械感知,20,B0276,book,"Lissitzky, El; Arp, Hans (eds.)：Die Kunstismen = The Isms of Art, 1990",0.314249,UNREVIEWED,candidate_needs_review
3.1,CH03,第三章　战争、革命与先锋派的视觉—物质实验,战争、都市与机械感知,21,B0069,book,"Catriona Kelly, David Shepherd：《Constructing Russian culture in the age of revolution, 1881-1940》",0.313851,UNREVIEWED,candidate_needs_review
3.1,CH03,第三章　战争、革命与先锋派的视觉—物质实验,战争、都市与机械感知,22,B0014,book,"Alexey Brodovitch：《Kerry William Purcell; Alexey Brodovitch -- 2002, 2002 -- Pha",0.311979,UNREVIEWED,candidate_needs_review
3.1,CH03,第三章　战争、革命与先锋派的视觉—物质实验,战争、都市与机械感知,23,B0292,book,Margolin：《World history of design》,0.310934,UNREVIEWED,candidate_needs_review
3.1,CH03,第三章　战争、革命与先锋派的视觉—物质实验,战争、都市与机械感知,24,B0187,book,Herbert Spencer：《Pioneers of Modern Typography》，1969,0.309636,UNREVIEWED,candidate_needs_review
3.1,CH03,第三章　战争、革命与先锋派的视觉—物质实验,战争、都市与机械感知,25,B0095,book,"Dabrowski, Magdalena (ed.)：Revolution：Russian Avant-Garde, 1912-1930, 1978",0.308944,UNREVIEWED,candidate_needs_review
3.1,CH03,第三章　战争、革命与先锋派的视觉—物质实验,战争、都市与机械感知,26,B0339,book,"Paul Greenhalgh：《Ephemeral Vistas The Expositions Universelles, Great Exhibition",0.308628,UNREVIEWED,candidate_needs_review
3.1,CH03,第三章　战争、革命与先锋派的视觉—物质实验,战争、都市与机械感知,27,B0099,book,"David Crowley, Susan E. Reid：《Socialist Spaces Sites of Everyday Life in the Eastern Bloc》，2002",0.30661,UNREVIEWED,candidate_needs_review
3.1,CH03,第三章　战争、革命与先锋派的视觉—物质实验,战争、都市与机械感知,28,B0101,book,David Raizman：《History of Modern Design》,0.304857,UNREVIEWED,candidate_needs_review
3.1,CH03,第三章　战争、革命与先锋派的视觉—物质实验,战争、都市与机械感知,29,B0156,book,Fiona MacCarthy：《William Morris a life for our time》,0.303844,UNREVIEWED,candidate_needs_review
3.1,CH03,第三章　战争、革命与先锋派的视觉—物质实验,战争、都市与机械感知,30,P0031,paper,"Frampton, Kenneth：Towards a Critical Regionalism：Six Points for an Architecture of Resistance, 1983",0.302976,UNREVIEWED,candidate_needs_review
3.2,CH03,第三章　战争、革命与先锋派的视觉—物质实验,未来主义,1,B0214,book,"Johanna Drucker, Emily McVarish：《Graphic Design History A Critical Guide》，2009",0.447673,UNREVIEWED,candidate_needs_review
3.2,CH03,第三章　战争、革命与先锋派的视觉—物质实验,未来主义,2,B0506,book,维克多·马格林：《世界设计史1：史前至一战》，2015,0.420662,UNREVIEWED,candidate_needs_review
3.2,CH03,第三章　战争、革命与先锋派的视觉—物质实验,未来主义,3,B0283,book,Margit Rowell：《The Russian Avant-Garde Book 1910-1934》，2002,0.41078,UNREVIEWED,candidate_needs_review
3.2,CH03,第三章　战争、革命与先锋派的视觉—物质实验,未来主义,4,B0220,book,John Barnicoat：《Posters A Concise History》，1972,0.410077,UNREVIEWED,candidate_needs_review
3.2,CH03,第三章　战争、革命与先锋派的视觉—物质实验,未来主义,5,B0199,book,James：《Picture this World War I posters and visual culture》,0.409465,UNREVIEWED,candidate_needs_review
3.2,CH03,第三章　战争、革命与先锋派的视觉—物质实验,未来主义,6,B0288,book,"Margolin, Victor, World History of Design, Volume 1, 2015",0.408118,UNREVIEWED,candidate_needs_review
3.2,CH03,第三章　战争、革命与先锋派的视觉—物质实验,未来主义,7,B0346,book,Penny Sparke：《Italian Design 1870 to the Present》，1988,0.404529,UNREVIEWED,candidate_needs_review
3.2,CH03,第三章　战争、革命与先锋派的视觉—物质实验,未来主义,8,B0277,book,Lodder：《Russian constructivism》,0.403661,UNREVIEWED,candidate_needs_review
3.2,CH03,第三章　战争、革命与先锋派的视觉—物质实验,未来主义,9,B0010,book,Alain Weill：《The Poster A Worldwide Survey and History》，1985,0.403573,UNREVIEWED,candidate_needs_review
3.2,CH03,第三章　战争、革命与先锋派的视觉—物质实验,未来主义,10,B0252,book,"Katerina Clark：《Petersburg, Crucible of Cultural Revolution》，1995",0.402737,UNREVIEWED,candidate_needs_review
3.2,CH03,第三章　战争、革命与先锋派的视觉—物质实验,未来主义,11,B0501,book,王受之：《世界平面设计史》，2001,0.400807,UNREVIEWED,candidate_needs_review
3.2,CH03,第三章　战争、革命与先锋派的视觉—物质实验,未来主义,12,B0404,book,Stephen J. Eskilson：《Graphic Design A New History》，2007,0.400752,UNREVIEWED,candidate_needs_review
3.2,CH03,第三章　战争、革命与先锋派的视觉—物质实验,未来主义,13,B0222,book,John E. Bowlt (ed.)：《Russian Art of the Avant-Garde Theory and Criticism 1902-1934》，1976,0.396031,UNREVIEWED,candidate_needs_review
3.2,CH03,第三章　战争、革命与先锋派的视觉—物质实验,未来主义,14,B0228,book,John Milner：《Vladimir Tatlin and the Russian Avant-Garde》，1983,0.394666,UNREVIEWED,candidate_needs_review
3.2,CH03,第三章　战争、革命与先锋派的视觉—物质实验,未来主义,15,B0466,book,世界设计史_I_史前至一战,0.394431,UNREVIEWED,candidate_needs_review
3.2,CH03,第三章　战争、革命与先锋派的视觉—物质实验,未来主义,16,B0364,book,Richard Hollis：《Graphic Design A Concise History》,0.393614,UNREVIEWED,candidate_needs_review
3.2,CH03,第三章　战争、革命与先锋派的视觉—物质实验,未来主义,17,B0045,book,"Bijker, Wiebe E.：《OF BICYCLES BAKELITES AND BULBS》",0.39297,UNREVIEWED,candidate_needs_review
3.2,CH03,第三章　战争、革命与先锋派的视觉—物质实验,未来主义,18,B0341,book,Paul Klee：《The Thinking Eye The Notebooks of Paul Klee》，Jürg Spiller (ed.)，1961,0.390355,UNREVIEWED,candidate_needs_review
3.2,CH03,第三章　战争、革命与先锋派的视觉—物质实验,未来主义,19,B0075,book,"Charlotte Fiell, Peter Fiell：《Design of the 20th Century》，1999",0.388921,UNREVIEWED,candidate_needs_review
3.2,CH03,第三章　战争、革命与先锋派的视觉—物质实验,未来主义,20,B0069,book,"Catriona Kelly, David Shepherd：《Constructing Russian culture in the age of revolution, 1881-1940》",0.388496,UNREVIEWED,candidate_needs_review
3.2,CH03,第三章　战争、革命与先锋派的视觉—物质实验,未来主义,21,B0507,book,维克多·马格林：《世界设计史2：一战至二战》，2015,0.384911,UNREVIEWED,candidate_needs_review
3.2,CH03,第三章　战争、革命与先锋派的视觉—物质实验,未来主义,22,B0034,book,Arwas：《Art deco》,0.383862,UNREVIEWED,candidate_needs_review
3.2,CH03,第三章　战争、革命与先锋派的视觉—物质实验,未来主义,23,P0070,paper,Walter Benjamin：《The Work of Art in the Age of Mechanical Reproduction》，1935,0.38201,UNREVIEWED,candidate_needs_review
3.2,CH03,第三章　战争、革命与先锋派的视觉—物质实验,未来主义,24,B0215,book,"Johanna Drucker：《The Visible Word Experimental Typography and Modern Art, 1909-1923》，1994",0.380198,UNREVIEWED,candidate_needs_review
3.2,CH03,第三章　战争、革命与先锋派的视觉—物质实验,未来主义,25,B0143,book,Elizabeth Wilson：《Adorned in Dreams Fashion and Modernity》,0.379562,UNREVIEWED,candidate_needs_review
3.2,CH03,第三章　战争、革命与先锋派的视觉—物质实验,未来主义,26,B0306,book,"Meggs, Philip B.; Purvis, Alston W.：Meggs' History of Graphic Design, 2016",0.378325,UNREVIEWED,candidate_needs_review
3.2,CH03,第三章　战争、革命与先锋派的视觉—物质实验,未来主义,27,B0007,book,Ades：《Photomontage》,0.377595,UNREVIEWED,candidate_needs_review
3.2,CH03,第三章　战争、革命与先锋派的视觉—物质实验,未来主义,28,B0009,book,Alain Weill：《Graphic Design A History》，2004,0.376918,UNREVIEWED,candidate_needs_review
3.2,CH03,第三章　战争、革命与先锋派的视觉—物质实验,未来主义,29,B0276,book,"Lissitzky, El; Arp, Hans (eds.)：Die Kunstismen = The Isms of Art, 1990",0.376267,UNREVIEWED,candidate_needs_review
3.2,CH03,第三章　战争、革命与先锋派的视觉—物质实验,未来主义,30,B0289,book,"Margolin, Victor, World History of Design, Volume 2, 2015",0.376156,UNREVIEWED,candidate_needs_review
3.3,CH03,第三章　战争、革命与先锋派的视觉—物质实验,达达与蒙太奇,1,B0121,book,"Dickerman：《Dada Zurich, Berlin, Hannover, Cologne, New York, Paris》",0.432199,UNREVIEWED,candidate_needs_review
3.3,CH03,第三章　战争、革命与先锋派的视觉—物质实验,达达与蒙太奇,2,B0404,book,Stephen J. Eskilson：《Graphic Design A New History》，2007,0.405072,UNREVIEWED,candidate_needs_review
3.3,CH03,第三章　战争、革命与先锋派的视觉—物质实验,达达与蒙太奇,3,B0007,book,Ades：《Photomontage》,0.389263,UNREVIEWED,candidate_needs_review
3.3,CH03,第三章　战争、革命与先锋派的视觉—物质实验,达达与蒙太奇,4,B0009,book,Alain Weill：《Graphic Design A History》，2004,0.350311,UNREVIEWED,candidate_needs_review
3.3,CH03,第三章　战争、革命与先锋派的视觉—物质实验,达达与蒙太奇,5,B0364,book,Richard Hollis：《Graphic Design A Concise History》,0.340468,UNREVIEWED,candidate_needs_review
3.3,CH03,第三章　战争、革命与先锋派的视觉—物质实验,达达与蒙太奇,6,B0269,book,Laszlo Moholy-Nagy：《Vision in Motion》，1947,0.335419,UNREVIEWED,candidate_needs_review
3.3,CH03,第三章　战争、革命与先锋派的视觉—物质实验,达达与蒙太奇,7,B0187,book,Herbert Spencer：《Pioneers of Modern Typography》，1969,0.323998,UNREVIEWED,candidate_needs_review
3.3,CH03,第三章　战争、革命与先锋派的视觉—物质实验,达达与蒙太奇,8,B0013,book,Alexander Lavrentiev：《Alexander Rodchenko Photography 1924-1954》,0.323158,UNREVIEWED,candidate_needs_review
3.3,CH03,第三章　战争、革命与先锋派的视觉—物质实验,达达与蒙太奇,9,B0513,book,邵宏：《西方设计：一部为生活制作艺术的历史》，2010,0.320094,UNREVIEWED,candidate_needs_review
3.3,CH03,第三章　战争、革命与先锋派的视觉—物质实验,达达与蒙太奇,10,B0470,book,"史蒂文·海勒, 西摩·切瓦斯特：《平面设计200年》，2018",0.316882,UNREVIEWED,candidate_needs_review
3.3,CH03,第三章　战争、革命与先锋派的视觉—物质实验,达达与蒙太奇,11,B0185,book,Heller：《Paul Rand》,0.31619,UNREVIEWED,candidate_needs_review
3.3,CH03,第三章　战争、革命与先锋派的视觉—物质实验,达达与蒙太奇,12,B0276,book,"Lissitzky, El; Arp, Hans (eds.)：Die Kunstismen = The Isms of Art, 1990",0.316132,UNREVIEWED,candidate_needs_review
3.3,CH03,第三章　战争、革命与先锋派的视觉—物质实验,达达与蒙太奇,13,B0349,book,"Philip Brookman, Paul Greenhalgh (eds.)：《Essential Modernism Design Between the World Wars》，2007",0.314909,UNREVIEWED,candidate_needs_review
3.3,CH03,第三章　战争、革命与先锋派的视觉—物质实验,达达与蒙太奇,14,B0467,book,世界设计史_II_苏联至二战,0.305815,UNREVIEWED,candidate_needs_review
3.3,CH03,第三章　战争、革命与先锋派的视觉—物质实验,达达与蒙太奇,15,B0277,book,Lodder：《Russian constructivism》,0.304579,UNREVIEWED,candidate_needs_review
3.3,CH03,第三章　战争、革命与先锋派的视觉—物质实验,达达与蒙太奇,16,B0220,book,John Barnicoat：《Posters A Concise History》，1972,0.303776,UNREVIEWED,candidate_needs_review
3.3,CH03,第三章　战争、革命与先锋派的视觉—物质实验,达达与蒙太奇,17,B0289,book,"Margolin, Victor, World History of Design, Volume 2, 2015",0.299787,UNREVIEWED,candidate_needs_review
3.3,CH03,第三章　战争、革命与先锋派的视觉—物质实验,达达与蒙太奇,18,B0182,book,"Hans M. Wingler：《The Bauhaus Weimar, Dessau, Berlin, Chicago》，1969",0.298755,UNREVIEWED,candidate_needs_review
3.3,CH03,第三章　战争、革命与先锋派的视觉—物质实验,达达与蒙太奇,19,B0283,book,Margit Rowell：《The Russian Avant-Garde Book 1910-1934》，2002,0.298574,UNREVIEWED,candidate_needs_review
3.3,CH03,第三章　战争、革命与先锋派的视觉—物质实验,达达与蒙太奇,20,B0164,book,"Gennifer Weisenfeld.：《Mavo Japanese Artists and the Avant-Garde, 1905-1931》",0.291402,UNREVIEWED,candidate_needs_review
3.3,CH03,第三章　战争、革命与先锋派的视觉—物质实验,达达与蒙太奇,21,B0471,book,周博：《中国现代文字设计图史》，2017,0.291397,UNREVIEWED,candidate_needs_review
3.3,CH03,第三章　战争、革命与先锋派的视觉—物质实验,达达与蒙太奇,22,B0306,book,"Meggs, Philip B.; Purvis, Alston W.：Meggs' History of Graphic Design, 2016",0.287702,UNREVIEWED,candidate_needs_review
3.3,CH03,第三章　战争、革命与先锋派的视觉—物质实验,达达与蒙太奇,23,B0010,book,Alain Weill：《The Poster A Worldwide Survey and History》，1985,0.286975,UNREVIEWED,candidate_needs_review
3.3,CH03,第三章　战争、革命与先锋派的视觉—物质实验,达达与蒙太奇,24,B0222,book,John E. Bowlt (ed.)：《Russian Art of the Avant-Garde Theory and Criticism 1902-1934》，1976,0.283494,UNREVIEWED,candidate_needs_review
3.3,CH03,第三章　战争、革命与先锋派的视觉—物质实验,达达与蒙太奇,25,B0030,book,Arthur A. Cohen：《Herbert Bayer The Complete Work》，1984,0.280188,UNREVIEWED,candidate_needs_review
3.3,CH03,第三章　战争、革命与先锋派的视觉—物质实验,达达与蒙太奇,26,B0023,book,"Anthony Dunne, Fiona Raby：《Design Noir The Secret Life of Electronic Objects》",0.277217,UNREVIEWED,candidate_needs_review
3.3,CH03,第三章　战争、革命与先锋派的视觉—物质实验,达达与蒙太奇,27,B0297,book,Mary Warner Marien：《Photography A Cultural History》,0.276835,UNREVIEWED,candidate_needs_review
3.3,CH03,第三章　战争、革命与先锋派的视觉—物质实验,达达与蒙太奇,28,B0144,book,"Ellen Lupton, J. Abbott Miller：《Design Writing Research Writing on Graphic Design》，1996",0.275515,UNREVIEWED,candidate_needs_review
3.3,CH03,第三章　战争、革命与先锋派的视觉—物质实验,达达与蒙太奇,29,B0292,book,Margolin：《World history of design》,0.274238,UNREVIEWED,candidate_needs_review
3.3,CH03,第三章　战争、革命与先锋派的视觉—物质实验,达达与蒙太奇,30,B0291,book,"Margolin, Victor：The Struggle for Utopia：Rodchenko, Lissitzky, Moholy-Nagy, 1917-1946, 1997",0.271759,UNREVIEWED,candidate_needs_review
3.4,CH03,第三章　战争、革命与先锋派的视觉—物质实验,俄国构成主义与生产主义,1,B0276,book,"Lissitzky, El; Arp, Hans (eds.)：Die Kunstismen = The Isms of Art, 1990",0.572557,UNREVIEWED,candidate_needs_review
3.4,CH03,第三章　战争、革命与先锋派的视觉—物质实验,俄国构成主义与生产主义,2,B0277,book,Lodder：《Russian constructivism》,0.55599,UNREVIEWED,candidate_needs_review
3.4,CH03,第三章　战争、革命与先锋派的视觉—物质实验,俄国构成主义与生产主义,3,B0075,book,"Charlotte Fiell, Peter Fiell：《Design of the 20th Century》，1999",0.497298,UNREVIEWED,candidate_needs_review
3.4,CH03,第三章　战争、革命与先锋派的视觉—物质实验,俄国构成主义与生产主义,4,B0095,book,"Dabrowski, Magdalena (ed.)：Revolution：Russian Avant-Garde, 1912-1930, 1978",0.463879,UNREVIEWED,candidate_needs_review
3.4,CH03,第三章　战争、革命与先锋派的视觉—物质实验,俄国构成主义与生产主义,5,B0081,book,"Christopher Burke：《Isotype Design and Contexts, 1925-1971》",0.462245,UNREVIEWED,candidate_needs_review
3.4,CH03,第三章　战争、革命与先锋派的视觉—物质实验,俄国构成主义与生产主义,6,B0222,book,John E. Bowlt (ed.)：《Russian Art of the Avant-Garde Theory and Criticism 1902-1934》，1976,0.460894,UNREVIEWED,candidate_needs_review
3.4,CH03,第三章　战争、革命与先锋派的视觉—物质实验,俄国构成主义与生产主义,7,B0187,book,Herbert Spencer：《Pioneers of Modern Typography》，1969,0.457108,UNREVIEWED,candidate_needs_review
3.4,CH03,第三章　战争、革命与先锋派的视觉—物质实验,俄国构成主义与生产主义,8,B0228,book,John Milner：《Vladimir Tatlin and the Russian Avant-Garde》，1983,0.45641,UNREVIEWED,candidate_needs_review
3.4,CH03,第三章　战争、革命与先锋派的视觉—物质实验,俄国构成主义与生产主义,9,B0404,book,Stephen J. Eskilson：《Graphic Design A New History》，2007,0.451873,UNREVIEWED,candidate_needs_review
3.4,CH03,第三章　战争、革命与先锋派的视觉—物质实验,俄国构成主义与生产主义,10,B0013,book,Alexander Lavrentiev：《Alexander Rodchenko Photography 1924-1954》,0.446892,UNREVIEWED,candidate_needs_review
3.4,CH03,第三章　战争、革命与先锋派的视觉—物质实验,俄国构成主义与生产主义,11,B0010,book,Alain Weill：《The Poster A Worldwide Survey and History》，1985,0.443951,UNREVIEWED,candidate_needs_review
3.4,CH03,第三章　战争、革命与先锋派的视觉—物质实验,俄国构成主义与生产主义,12,B0221,book,John Clifford：《Graphic Icons Visionaries Who Shaped Modern Graphic Design》，2014,0.435658,UNREVIEWED,candidate_needs_review
3.4,CH03,第三章　战争、革命与先锋派的视觉—物质实验,俄国构成主义与生产主义,13,B0220,book,John Barnicoat：《Posters A Concise History》，1972,0.42879,UNREVIEWED,candidate_needs_review
3.4,CH03,第三章　战争、革命与先锋派的视觉—物质实验,俄国构成主义与生产主义,14,B0288,book,"Margolin, Victor, World History of Design, Volume 1, 2015",0.425729,UNREVIEWED,candidate_needs_review
3.4,CH03,第三章　战争、革命与先锋派的视觉—物质实验,俄国构成主义与生产主义,15,B0470,book,"史蒂文·海勒, 西摩·切瓦斯特：《平面设计200年》，2018",0.425692,UNREVIEWED,candidate_needs_review
3.4,CH03,第三章　战争、革命与先锋派的视觉—物质实验,俄国构成主义与生产主义,16,B0258,book,Kenneth Frampton：《Modern Architecture A Critical History》，1980,0.422951,UNREVIEWED,candidate_needs_review
3.4,CH03,第三章　战争、革命与先锋派的视觉—物质实验,俄国构成主义与生产主义,17,B0048,book,"Blotkamp, Carel; et al.：De Stijl：The Formative Years, 1917-1922, 1986",0.42295,UNREVIEWED,candidate_needs_review
3.4,CH03,第三章　战争、革命与先锋派的视觉—物质实验,俄国构成主义与生产主义,18,B0182,book,"Hans M. Wingler：《The Bauhaus Weimar, Dessau, Berlin, Chicago》，1969",0.420641,UNREVIEWED,candidate_needs_review
3.4,CH03,第三章　战争、革命与先锋派的视觉—物质实验,俄国构成主义与生产主义,19,B0349,book,"Philip Brookman, Paul Greenhalgh (eds.)：《Essential Modernism Design Between the World Wars》，2007",0.419681,UNREVIEWED,candidate_needs_review
3.4,CH03,第三章　战争、革命与先锋派的视觉—物质实验,俄国构成主义与生产主义,20,B0283,book,Margit Rowell：《The Russian Avant-Garde Book 1910-1934》，2002,0.418436,UNREVIEWED,candidate_needs_review
3.4,CH03,第三章　战争、革命与先锋派的视觉—物质实验,俄国构成主义与生产主义,21,B0164,book,"Gennifer Weisenfeld.：《Mavo Japanese Artists and the Avant-Garde, 1905-1931》",0.417213,UNREVIEWED,candidate_needs_review
3.4,CH03,第三章　战争、革命与先锋派的视觉—物质实验,俄国构成主义与生产主义,22,B0214,book,"Johanna Drucker, Emily McVarish：《Graphic Design History A Critical Guide》，2009",0.412298,UNREVIEWED,candidate_needs_review
3.4,CH03,第三章　战争、革命与先锋派的视觉—物质实验,俄国构成主义与生产主义,23,B0454,book,Wick：《Teaching at the Bauhaus》,0.408954,UNREVIEWED,candidate_needs_review
3.4,CH03,第三章　战争、革命与先锋派的视觉—物质实验,俄国构成主义与生产主义,24,B0289,book,"Margolin, Victor, World History of Design, Volume 2, 2015",0.40417,UNREVIEWED,candidate_needs_review
3.4,CH03,第三章　战争、革命与先锋派的视觉—物质实验,俄国构成主义与生产主义,25,B0467,book,世界设计史_II_苏联至二战,0.39964,UNREVIEWED,candidate_needs_review
3.4,CH03,第三章　战争、革命与先锋派的视觉—物质实验,俄国构成主义与生产主义,26,B0339,book,"Paul Greenhalgh：《Ephemeral Vistas The Expositions Universelles, Great Exhibition",0.399247,UNREVIEWED,candidate_needs_review
3.4,CH03,第三章　战争、革命与先锋派的视觉—物质实验,俄国构成主义与生产主义,27,B0069,book,"Catriona Kelly, David Shepherd：《Constructing Russian culture in the age of revolution, 1881-1940》",0.399208,UNREVIEWED,candidate_needs_review
3.4,CH03,第三章　战争、革命与先锋派的视觉—物质实验,俄国构成主义与生产主义,28,B0121,book,"Dickerman：《Dada Zurich, Berlin, Hannover, Cologne, New York, Paris》",0.398241,UNREVIEWED,candidate_needs_review
3.4,CH03,第三章　战争、革命与先锋派的视觉—物质实验,俄国构成主义与生产主义,29,B0461,book,World History Of Design - Volume 2_ World War I To World War -- Victor Margolin,0.398187,UNREVIEWED,candidate_needs_review
3.4,CH03,第三章　战争、革命与先锋派的视觉—物质实验,俄国构成主义与生产主义,30,B0009,book,Alain Weill：《Graphic Design A History》，2004,0.397839,UNREVIEWED,candidate_needs_review
3.5,CH03,第三章　战争、革命与先锋派的视觉—物质实验,风格派与普遍秩序,1,B0276,book,"Lissitzky, El; Arp, Hans (eds.)：Die Kunstismen = The Isms of Art, 1990",0.540061,UNREVIEWED,candidate_needs_review
3.5,CH03,第三章　战争、革命与先锋派的视觉—物质实验,风格派与普遍秩序,2,B0221,book,John Clifford：《Graphic Icons Visionaries Who Shaped Modern Graphic Design》，2014,0.479919,UNREVIEWED,candidate_needs_review
3.5,CH03,第三章　战争、革命与先锋派的视觉—物质实验,风格派与普遍秩序,3,B0075,book,"Charlotte Fiell, Peter Fiell：《Design of the 20th Century》，1999",0.45478,UNREVIEWED,candidate_needs_review
3.5,CH03,第三章　战争、革命与先锋派的视觉—物质实验,风格派与普遍秩序,4,B0340,book,Paul Klee：《Pedagogical Sketchbook》，1925,0.417191,UNREVIEWED,candidate_needs_review
3.5,CH03,第三章　战争、革命与先锋派的视觉—物质实验,风格派与普遍秩序,5,B0090,book,"Crane, Walter：The Bases of Design, 1898",0.415953,UNREVIEWED,candidate_needs_review
3.5,CH03,第三章　战争、革命与先锋派的视觉—物质实验,风格派与普遍秩序,6,B0258,book,Kenneth Frampton：《Modern Architecture A Critical History》，1980,0.414745,UNREVIEWED,candidate_needs_review
3.5,CH03,第三章　战争、革命与先锋派的视觉—物质实验,风格派与普遍秩序,7,B0467,book,世界设计史_II_苏联至二战,0.410816,UNREVIEWED,candidate_needs_review
3.5,CH03,第三章　战争、革命与先锋派的视觉—物质实验,风格派与普遍秩序,8,B0022,book,Anne Massey：《Interior Design of the 20th Century》，1990,0.409785,UNREVIEWED,candidate_needs_review
3.5,CH03,第三章　战争、革命与先锋派的视觉—物质实验,风格派与普遍秩序,9,B0225,book,John Heskett：《Industrial Design》，1980,0.408171,UNREVIEWED,candidate_needs_review
3.5,CH03,第三章　战争、革命与先锋派的视觉—物质实验,风格派与普遍秩序,10,B0193,book,"Hugh Honour, John Fleming：《A World History of Art》",0.40343,UNREVIEWED,candidate_needs_review
3.5,CH03,第三章　战争、革命与先锋派的视觉—物质实验,风格派与普遍秩序,11,B0034,book,Arwas：《Art deco》,0.395718,UNREVIEWED,candidate_needs_review
3.5,CH03,第三章　战争、革命与先锋派的视觉—物质实验,风格派与普遍秩序,12,B0288,book,"Margolin, Victor, World History of Design, Volume 1, 2015",0.395171,UNREVIEWED,candidate_needs_review
3.5,CH03,第三章　战争、革命与先锋派的视觉—物质实验,风格派与普遍秩序,13,B0074,book,"Charlotte Fiell, Peter Fiell：《1000 Chairs》",0.388767,UNREVIEWED,candidate_needs_review
3.5,CH03,第三章　战争、革命与先锋派的视觉—物质实验,风格派与普遍秩序,14,B0010,book,Alain Weill：《The Poster A Worldwide Survey and History》，1985,0.388734,UNREVIEWED,candidate_needs_review
3.5,CH03,第三章　战争、革命与先锋派的视觉—物质实验,风格派与普遍秩序,15,B0282,book,Magdalena Droste：《The Bauhaus 1919-1933》，1990,0.387447,UNREVIEWED,candidate_needs_review
3.5,CH03,第三章　战争、革命与先锋派的视觉—物质实验,风格派与普遍秩序,16,B0220,book,John Barnicoat：《Posters A Concise History》，1972,0.385621,UNREVIEWED,candidate_needs_review
3.5,CH03,第三章　战争、革命与先锋派的视觉—物质实验,风格派与普遍秩序,17,B0189,book,"Heskett, John：《Industrial design》",0.384904,UNREVIEWED,candidate_needs_review
3.5,CH03,第三章　战争、革命与先锋派的视觉—物质实验,风格派与普遍秩序,18,B0004,book,"Adam, Peter：Eileen Gray：Architect, Designer, 1987",0.381733,UNREVIEWED,candidate_needs_review
3.5,CH03,第三章　战争、革命与先锋派的视觉—物质实验,风格派与普遍秩序,19,B0101,book,David Raizman：《History of Modern Design》,0.379607,UNREVIEWED,candidate_needs_review
3.5,CH03,第三章　战争、革命与先锋派的视觉—物质实验,风格派与普遍秩序,20,B0478,book,大卫·瑞兹曼 (David Raizman)：《现代设计史（第2版）》，2013,0.378941,UNREVIEWED,candidate_needs_review
3.5,CH03,第三章　战争、革命与先锋派的视觉—物质实验,风格派与普遍秩序,21,B0214,book,"Johanna Drucker, Emily McVarish：《Graphic Design History A Critical Guide》，2009",0.377108,UNREVIEWED,candidate_needs_review
3.5,CH03,第三章　战争、革命与先锋派的视觉—物质实验,风格派与普遍秩序,22,B0061,book,By Edgar Kaufmann：《Introduction To Modern Design》,0.375492,UNREVIEWED,candidate_needs_review
3.5,CH03,第三章　战争、革命与先锋派的视觉—物质实验,风格派与普遍秩序,23,B0342,book,Paul Overy：《De Stijl》，1991,0.372419,UNREVIEWED,candidate_needs_review
3.5,CH03,第三章　战争、革命与先锋派的视觉—物质实验,风格派与普遍秩序,24,B0277,book,Lodder：《Russian constructivism》,0.370136,UNREVIEWED,candidate_needs_review
3.5,CH03,第三章　战争、革命与先锋派的视觉—物质实验,风格派与普遍秩序,25,B0099,book,"David Crowley, Susan E. Reid：《Socialist Spaces Sites of Everyday Life in the Eastern Bloc》，2002",0.368082,UNREVIEWED,candidate_needs_review
3.5,CH03,第三章　战争、革命与先锋派的视觉—物质实验,风格派与普遍秩序,26,B0108,book,"Design discourse _ history, theory, criticism -- Margolin, Victor, 1941- -- Chic",0.366951,UNREVIEWED,candidate_needs_review
3.5,CH03,第三章　战争、革命与先锋派的视觉—物质实验,风格派与普遍秩序,27,B0326,book,"Nikolaus Pevsner：《Studies in Art, Architecture, and Design Victorian and After》",0.366081,UNREVIEWED,candidate_needs_review
3.5,CH03,第三章　战争、革命与先锋派的视觉—物质实验,风格派与普遍秩序,28,B0144,book,"Ellen Lupton, J. Abbott Miller：《Design Writing Research Writing on Graphic Design》，1996",0.365893,UNREVIEWED,candidate_needs_review
3.5,CH03,第三章　战争、革命与先锋派的视觉—物质实验,风格派与普遍秩序,29,B0182,book,"Hans M. Wingler：《The Bauhaus Weimar, Dessau, Berlin, Chicago》，1969",0.365411,UNREVIEWED,candidate_needs_review
3.5,CH03,第三章　战争、革命与先锋派的视觉—物质实验,风格派与普遍秩序,30,B0349,book,"Philip Brookman, Paul Greenhalgh (eds.)：《Essential Modernism Design Between the World Wars》，2007",0.364639,UNREVIEWED,candidate_needs_review
3.6,CH03,第三章　战争、革命与先锋派的视觉—物质实验,新摄影、新字体与展览设计,1,B0467,book,世界设计史_II_苏联至二战,0.440971,UNREVIEWED,candidate_needs_review
3.6,CH03,第三章　战争、革命与先锋派的视觉—物质实验,新摄影、新字体与展览设计,2,B0197,book,"James H. Fraser, Steven Heller：《Japanese Modern Graphic Design Between the Wars》，1996",0.434173,UNREVIEWED,candidate_needs_review
3.6,CH03,第三章　战争、革命与先锋派的视觉—物质实验,新摄影、新字体与展览设计,3,B0364,book,Richard Hollis：《Graphic Design A Concise History》,0.432699,UNREVIEWED,candidate_needs_review
3.6,CH03,第三章　战争、革命与先锋派的视觉—物质实验,新摄影、新字体与展览设计,4,B0349,book,"Philip Brookman, Paul Greenhalgh (eds.)：《Essential Modernism Design Between the World Wars》，2007",0.431807,UNREVIEWED,candidate_needs_review
3.6,CH03,第三章　战争、革命与先锋派的视觉—物质实验,新摄影、新字体与展览设计,5,B0291,book,"Margolin, Victor：The Struggle for Utopia：Rodchenko, Lissitzky, Moholy-Nagy, 1917-1946, 1997",0.423716,UNREVIEWED,candidate_needs_review
3.6,CH03,第三章　战争、革命与先锋派的视觉—物质实验,新摄影、新字体与展览设计,6,B0010,book,Alain Weill：《The Poster A Worldwide Survey and History》，1985,0.420465,UNREVIEWED,candidate_needs_review
3.6,CH03,第三章　战争、革命与先锋派的视觉—物质实验,新摄影、新字体与展览设计,7,B0014,book,"Alexey Brodovitch：《Kerry William Purcell; Alexey Brodovitch -- 2002, 2002 -- Pha",0.411709,UNREVIEWED,candidate_needs_review
3.6,CH03,第三章　战争、革命与先锋派的视觉—物质实验,新摄影、新字体与展览设计,8,B0507,book,维克多·马格林：《世界设计史2：一战至二战》，2015,0.402018,UNREVIEWED,candidate_needs_review
3.6,CH03,第三章　战争、革命与先锋派的视觉—物质实验,新摄影、新字体与展览设计,9,B0187,book,Herbert Spencer：《Pioneers of Modern Typography》，1969,0.395876,UNREVIEWED,candidate_needs_review
3.6,CH03,第三章　战争、革命与先锋派的视觉—物质实验,新摄影、新字体与展览设计,10,B0292,book,Margolin：《World history of design》,0.393689,UNREVIEWED,candidate_needs_review
3.6,CH03,第三章　战争、革命与先锋派的视觉—物质实验,新摄影、新字体与展览设计,11,B0433,book,Victor Margolin：《World History of Design World War I to World War II》,0.379939,UNREVIEWED,candidate_needs_review
3.6,CH03,第三章　战争、革命与先锋派的视觉—物质实验,新摄影、新字体与展览设计,12,B0314,book,"Mildred S. Friedman, Joseph Giovannini：《Graphic Design in America A Visual Language History》，1989",0.376908,UNREVIEWED,candidate_needs_review
3.6,CH03,第三章　战争、革命与先锋派的视觉—物质实验,新摄影、新字体与展览设计,13,B0214,book,"Johanna Drucker, Emily McVarish：《Graphic Design History A Critical Guide》，2009",0.370057,UNREVIEWED,candidate_needs_review
3.6,CH03,第三章　战争、革命与先锋派的视觉—物质实验,新摄影、新字体与展览设计,14,B0016,book,Alison Black：《Information Design. Research and practice》,0.369313,UNREVIEWED,candidate_needs_review
3.6,CH03,第三章　战争、革命与先锋派的视觉—物质实验,新摄影、新字体与展览设计,15,B0009,book,Alain Weill：《Graphic Design A History》，2004,0.366911,UNREVIEWED,candidate_needs_review
3.6,CH03,第三章　战争、革命与先锋派的视觉—物质实验,新摄影、新字体与展览设计,16,B0122,book,"Digital Design Theory_ Readings from the Field (Design -- Armstrong, Helen -- De",0.36265,UNREVIEWED,candidate_needs_review
3.6,CH03,第三章　战争、革命与先锋派的视觉—物质实验,新摄影、新字体与展览设计,17,B0180,book,Guy Julier：《The Culture of Design》，2000,0.353321,UNREVIEWED,candidate_needs_review
3.6,CH03,第三章　战争、革命与先锋派的视觉—物质实验,新摄影、新字体与展览设计,18,B0221,book,John Clifford：《Graphic Icons Visionaries Who Shaped Modern Graphic Design》，2014,0.352119,UNREVIEWED,candidate_needs_review
3.6,CH03,第三章　战争、革命与先锋派的视觉—物质实验,新摄影、新字体与展览设计,19,B0095,book,"Dabrowski, Magdalena (ed.)：Revolution：Russian Avant-Garde, 1912-1930, 1978",0.351271,UNREVIEWED,candidate_needs_review
3.6,CH03,第三章　战争、革命与先锋派的视觉—物质实验,新摄影、新字体与展览设计,20,B0030,book,Arthur A. Cohen：《Herbert Bayer The Complete Work》，1984,0.34917,UNREVIEWED,candidate_needs_review
3.6,CH03,第三章　战争、革命与先锋派的视觉—物质实验,新摄影、新字体与展览设计,21,B0062,book,Cairo：《The functional art an introduction to information graphics and visualization》,0.347382,UNREVIEWED,candidate_needs_review
3.6,CH03,第三章　战争、革命与先锋派的视觉—物质实验,新摄影、新字体与展览设计,22,B0339,book,"Paul Greenhalgh：《Ephemeral Vistas The Expositions Universelles, Great Exhibition",0.346649,UNREVIEWED,candidate_needs_review
3.6,CH03,第三章　战争、革命与先锋派的视觉—物质实验,新摄影、新字体与展览设计,23,B0277,book,Lodder：《Russian constructivism》,0.341888,UNREVIEWED,candidate_needs_review
3.6,CH03,第三章　战争、革命与先锋派的视觉—物质实验,新摄影、新字体与展览设计,24,B0289,book,"Margolin, Victor, World History of Design, Volume 2, 2015",0.341687,UNREVIEWED,candidate_needs_review
3.6,CH03,第三章　战争、革命与先锋派的视觉—物质实验,新摄影、新字体与展览设计,25,B0102,book,David Raizman：《History of Modern Design》，2023,0.341299,UNREVIEWED,candidate_needs_review
3.6,CH03,第三章　战争、革命与先锋派的视觉—物质实验,新摄影、新字体与展览设计,26,B0220,book,John Barnicoat：《Posters A Concise History》，1972,0.34056,UNREVIEWED,candidate_needs_review
3.6,CH03,第三章　战争、革命与先锋派的视觉—物质实验,新摄影、新字体与展览设计,27,B0478,book,大卫·瑞兹曼 (David Raizman)：《现代设计史（第2版）》，2013,0.339355,UNREVIEWED,candidate_needs_review
3.6,CH03,第三章　战争、革命与先锋派的视觉—物质实验,新摄影、新字体与展览设计,28,B0222,book,John E. Bowlt (ed.)：《Russian Art of the Avant-Garde Theory and Criticism 1902-1934》，1976,0.339172,UNREVIEWED,candidate_needs_review
3.6,CH03,第三章　战争、革命与先锋派的视觉—物质实验,新摄影、新字体与展览设计,29,B0075,book,"Charlotte Fiell, Peter Fiell：《Design of the 20th Century》，1999",0.336204,UNREVIEWED,candidate_needs_review
3.6,CH03,第三章　战争、革命与先锋派的视觉—物质实验,新摄影、新字体与展览设计,30,B0278,book,"Love objects _ emotion, design, and material culture -- Anna Moran (Editor), Sor",0.334991,UNREVIEWED,candidate_needs_review
3.7,CH03,第三章　战争、革命与先锋派的视觉—物质实验,跨国先锋网络,1,B0467,book,世界设计史_II_苏联至二战,0.449545,UNREVIEWED,candidate_needs_review
3.7,CH03,第三章　战争、革命与先锋派的视觉—物质实验,跨国先锋网络,2,B0283,book,Margit Rowell：《The Russian Avant-Garde Book 1910-1934》，2002,0.376712,UNREVIEWED,candidate_needs_review
3.7,CH03,第三章　战争、革命与先锋派的视觉—物质实验,跨国先锋网络,3,B0407,book,"Steven Heller, Georgette Ballance：《Graphic Design History》，2001",0.371138,UNREVIEWED,candidate_needs_review
3.7,CH03,第三章　战争、革命与先锋派的视觉—物质实验,跨国先锋网络,4,B0349,book,"Philip Brookman, Paul Greenhalgh (eds.)：《Essential Modernism Design Between the World Wars》，2007",0.351874,UNREVIEWED,candidate_needs_review
3.7,CH03,第三章　战争、革命与先锋派的视觉—物质实验,跨国先锋网络,5,B0424,book,Theory Culture：《and Society 23 2 3 Problematizing Global Knowledge，2006》,0.328334,UNREVIEWED,candidate_needs_review
3.7,CH03,第三章　战争、革命与先锋派的视觉—物质实验,跨国先锋网络,6,B0221,book,John Clifford：《Graphic Icons Visionaries Who Shaped Modern Graphic Design》，2014,0.326992,UNREVIEWED,candidate_needs_review
3.7,CH03,第三章　战争、革命与先锋派的视觉—物质实验,跨国先锋网络,7,B0466,book,世界设计史_I_史前至一战,0.324561,UNREVIEWED,candidate_needs_review
3.7,CH03,第三章　战争、革命与先锋派的视觉—物质实验,跨国先锋网络,8,B0214,book,"Johanna Drucker, Emily McVarish：《Graphic Design History A Critical Guide》，2009",0.315693,UNREVIEWED,candidate_needs_review
3.7,CH03,第三章　战争、革命与先锋派的视觉—物质实验,跨国先锋网络,9,B0034,book,Arwas：《Art deco》,0.310246,UNREVIEWED,candidate_needs_review
3.7,CH03,第三章　战争、革命与先锋派的视觉—物质实验,跨国先锋网络,10,P0066,paper,The Art Story Foundation：《Alexander Rodchenko》,0.309444,UNREVIEWED,candidate_needs_review
3.7,CH03,第三章　战争、革命与先锋派的视觉—物质实验,跨国先锋网络,11,B0228,book,John Milner：《Vladimir Tatlin and the Russian Avant-Garde》，1983,0.308351,UNREVIEWED,candidate_needs_review
3.7,CH03,第三章　战争、革命与先锋派的视觉—物质实验,跨国先锋网络,12,B0342,book,Paul Overy：《De Stijl》，1991,0.30647,UNREVIEWED,candidate_needs_review
3.7,CH03,第三章　战争、革命与先锋派的视觉—物质实验,跨国先锋网络,13,B0017,book,Alison J. Clarke (ed.)：《Design Anthropology Object Cultures in Transition》,0.304581,UNREVIEWED,candidate_needs_review
3.7,CH03,第三章　战争、革命与先锋派的视觉—物质实验,跨国先锋网络,14,B0306,book,"Meggs, Philip B.; Purvis, Alston W.：Meggs' History of Graphic Design, 2016",0.297983,UNREVIEWED,candidate_needs_review
3.7,CH03,第三章　战争、革命与先锋派的视觉—物质实验,跨国先锋网络,15,B0181,book,"Guy, John：Woven Cargoes：Indian Textiles in the East, 1998",0.296664,UNREVIEWED,candidate_needs_review
3.7,CH03,第三章　战争、革命与先锋派的视觉—物质实验,跨国先锋网络,16,B0506,book,维克多·马格林：《世界设计史1：史前至一战》，2015,0.295301,UNREVIEWED,candidate_needs_review
3.7,CH03,第三章　战争、革命与先锋派的视觉—物质实验,跨国先锋网络,17,B0095,book,"Dabrowski, Magdalena (ed.)：Revolution：Russian Avant-Garde, 1912-1930, 1978",0.293628,UNREVIEWED,candidate_needs_review
3.7,CH03,第三章　战争、革命与先锋派的视觉—物质实验,跨国先锋网络,18,B0059,book,"Buchanan, Richard; Margolin, Victor (eds.), The Idea of Design, 1995",0.286415,UNREVIEWED,candidate_needs_review
3.7,CH03,第三章　战争、革命与先锋派的视觉—物质实验,跨国先锋网络,19,B0288,book,"Margolin, Victor, World History of Design, Volume 1, 2015",0.286049,UNREVIEWED,candidate_needs_review
3.7,CH03,第三章　战争、革命与先锋派的视觉—物质实验,跨国先锋网络,20,B0068,book,"Catherine Cooke：《Russian Avant-Garde Theories of Art, Architecture and the City》，1995",0.282571,UNREVIEWED,candidate_needs_review
3.7,CH03,第三章　战争、革命与先锋派的视觉—物质实验,跨国先锋网络,21,B0277,book,Lodder：《Russian constructivism》,0.28148,UNREVIEWED,candidate_needs_review
3.7,CH03,第三章　战争、革命与先锋派的视觉—物质实验,跨国先锋网络,22,B0404,book,Stephen J. Eskilson：《Graphic Design A New History》，2007,0.280761,UNREVIEWED,candidate_needs_review
3.7,CH03,第三章　战争、革命与先锋派的视觉—物质实验,跨国先锋网络,23,B0182,book,"Hans M. Wingler：《The Bauhaus Weimar, Dessau, Berlin, Chicago》，1969",0.280409,UNREVIEWED,candidate_needs_review
3.7,CH03,第三章　战争、革命与先锋派的视觉—物质实验,跨国先锋网络,24,B0010,book,Alain Weill：《The Poster A Worldwide Survey and History》，1985,0.279185,UNREVIEWED,candidate_needs_review
3.7,CH03,第三章　战争、革命与先锋派的视觉—物质实验,跨国先锋网络,25,B0075,book,"Charlotte Fiell, Peter Fiell：《Design of the 20th Century》，1999",0.277757,UNREVIEWED,candidate_needs_review
3.7,CH03,第三章　战争、革命与先锋派的视觉—物质实验,跨国先锋网络,26,B0252,book,"Katerina Clark：《Petersburg, Crucible of Cultural Revolution》，1995",0.276681,UNREVIEWED,candidate_needs_review
3.7,CH03,第三章　战争、革命与先锋派的视觉—物质实验,跨国先锋网络,27,B0234,book,Jonathan M. Woodham：《Dictionary of Modern Design》,0.27512,UNREVIEWED,candidate_needs_review
3.7,CH03,第三章　战争、革命与先锋派的视觉—物质实验,跨国先锋网络,28,B0433,book,Victor Margolin：《World History of Design World War I to World War II》,0.274555,UNREVIEWED,candidate_needs_review
3.7,CH03,第三章　战争、革命与先锋派的视觉—物质实验,跨国先锋网络,29,B0013,book,Alexander Lavrentiev：《Alexander Rodchenko Photography 1924-1954》,0.271532,UNREVIEWED,candidate_needs_review
3.7,CH03,第三章　战争、革命与先锋派的视觉—物质实验,跨国先锋网络,30,B0022,book,Anne Massey：《Interior Design of the 20th Century》，1990,0.270285,UNREVIEWED,candidate_needs_review
4.1,CH04,第四章　制度化的现代主义：制造联盟、包豪斯与设计教育,改革联盟与企业系统,1,B0064,book,"Campbell, Joan：《The German Werkbund the politics of reform in the applied arts》",0.453834,UNREVIEWED,candidate_needs_review
4.1,CH04,第四章　制度化的现代主义：制造联盟、包豪斯与设计教育,改革联盟与企业系统,2,B0506,book,维克多·马格林：《世界设计史1：史前至一战》，2015,0.453745,UNREVIEWED,candidate_needs_review
4.1,CH04,第四章　制度化的现代主义：制造联盟、包豪斯与设计教育,改革联盟与企业系统,3,B0075,book,"Charlotte Fiell, Peter Fiell：《Design of the 20th Century》，1999",0.405917,UNREVIEWED,candidate_needs_review
4.1,CH04,第四章　制度化的现代主义：制造联盟、包豪斯与设计教育,改革联盟与企业系统,4,B0470,book,"史蒂文·海勒, 西摩·切瓦斯特：《平面设计200年》，2018",0.405105,UNREVIEWED,candidate_needs_review
4.1,CH04,第四章　制度化的现代主义：制造联盟、包豪斯与设计教育,改革联盟与企业系统,5,B0225,book,John Heskett：《Industrial Design》，1980,0.391071,UNREVIEWED,candidate_needs_review
4.1,CH04,第四章　制度化的现代主义：制造联盟、包豪斯与设计教育,改革联盟与企业系统,6,B0512,book,赵江洪：《设计艺术的含义》，1999,0.388865,UNREVIEWED,candidate_needs_review
4.1,CH04,第四章　制度化的现代主义：制造联盟、包豪斯与设计教育,改革联盟与企业系统,7,B0009,book,Alain Weill：《Graphic Design A History》，2004,0.386751,UNREVIEWED,candidate_needs_review
4.1,CH04,第四章　制度化的现代主义：制造联盟、包豪斯与设计教育,改革联盟与企业系统,8,B0189,book,"Heskett, John：《Industrial design》",0.38183,UNREVIEWED,candidate_needs_review
4.1,CH04,第四章　制度化的现代主义：制造联盟、包豪斯与设计教育,改革联盟与企业系统,9,B0480,book,尼古拉斯·佩夫斯纳：《现代设计的先驱者：从威廉·莫里斯到沃尔特·格罗皮乌斯》，2019,0.376596,UNREVIEWED,candidate_needs_review
4.1,CH04,第四章　制度化的现代主义：制造联盟、包豪斯与设计教育,改革联盟与企业系统,10,B0258,book,Kenneth Frampton：《Modern Architecture A Critical History》，1980,0.376355,UNREVIEWED,candidate_needs_review
4.1,CH04,第四章　制度化的现代主义：制造联盟、包豪斯与设计教育,改革联盟与企业系统,11,B0151,book,"Ezio Manzini：《Design, When Everybody Designs An Introduction to Design for Social Innovation》，2015",0.368807,UNREVIEWED,candidate_needs_review
4.1,CH04,第四章　制度化的现代主义：制造联盟、包豪斯与设计教育,改革联盟与企业系统,12,B0060,book,"Buddensieg, Tilmann; Rogge, Henning：《Industriekultur Peter Behrens and the AEG, 1907-1914》",0.368729,UNREVIEWED,candidate_needs_review
4.1,CH04,第四章　制度化的现代主义：制造联盟、包豪斯与设计教育,改革联盟与企业系统,13,B0235,book,Jonathan M. Woodham：《Twentieth Century Design》,0.367087,UNREVIEWED,candidate_needs_review
4.1,CH04,第四章　制度化的现代主义：制造联盟、包豪斯与设计教育,改革联盟与企业系统,14,B0466,book,世界设计史_I_史前至一战,0.364718,UNREVIEWED,candidate_needs_review
4.1,CH04,第四章　制度化的现代主义：制造联盟、包豪斯与设计教育,改革联盟与企业系统,15,B0288,book,"Margolin, Victor, World History of Design, Volume 1, 2015",0.359701,UNREVIEWED,candidate_needs_review
4.1,CH04,第四章　制度化的现代主义：制造联盟、包豪斯与设计教育,改革联盟与企业系统,16,B0325,book,Nikolaus Pevsner：《Pioneers of modern design from William Morris to Walter Gropius》,0.358703,UNREVIEWED,candidate_needs_review
4.1,CH04,第四章　制度化的现代主义：制造联盟、包豪斯与设计教育,改革联盟与企业系统,17,B0170,book,Glenn Adamson：《Global Design History》,0.354909,UNREVIEWED,candidate_needs_review
4.1,CH04,第四章　制度化的现代主义：制造联盟、包豪斯与设计教育,改革联盟与企业系统,18,B0345,book,Penny Sparke：《An Introduction to Design and Culture 1900 to the Present》,0.351046,UNREVIEWED,candidate_needs_review
4.1,CH04,第四章　制度化的现代主义：制造联盟、包豪斯与设计教育,改革联盟与企业系统,19,B0005,book,"Adamson, Glenn; Riello, Giorgio; Teasley, Sarah (eds.), Global Design History, 2011",0.3509,UNREVIEWED,candidate_needs_review
4.1,CH04,第四章　制度化的现代主义：制造联盟、包豪斯与设计教育,改革联盟与企业系统,20,B0467,book,世界设计史_II_苏联至二战,0.344132,UNREVIEWED,candidate_needs_review
4.1,CH04,第四章　制度化的现代主义：制造联盟、包豪斯与设计教育,改革联盟与企业系统,21,B0449,book,Weisberg：《The origins of lart nouveau the Bing empire》,0.339932,UNREVIEWED,candidate_needs_review
4.1,CH04,第四章　制度化的现代主义：制造联盟、包豪斯与设计教育,改革联盟与企业系统,22,B0102,book,David Raizman：《History of Modern Design》，2023,0.338471,UNREVIEWED,candidate_needs_review
4.1,CH04,第四章　制度化的现代主义：制造联盟、包豪斯与设计教育,改革联盟与企业系统,23,B0290,book,"Margolin, Victor; Buchanan, Richard (eds.)：The Idea of Design：A Design Issues Reader, 1995",0.337362,UNREVIEWED,candidate_needs_review
4.1,CH04,第四章　制度化的现代主义：制造联盟、包豪斯与设计教育,改革联盟与企业系统,24,B0066,book,Carroll Gantz：《Founders of American Industrial Design》，2014,0.337214,UNREVIEWED,candidate_needs_review
4.1,CH04,第四章　制度化的现代主义：制造联盟、包豪斯与设计教育,改革联盟与企业系统,25,B0416,book,"The arts and crafts movement (Blakesley, Rosalind P. (Rosalind Polly)) (z-librar",0.336778,UNREVIEWED,candidate_needs_review
4.1,CH04,第四章　制度化的现代主义：制造联盟、包豪斯与设计教育,改革联盟与企业系统,26,B0398,book,"Sparke, Penny, An Introduction to Design and Culture, 1986",0.335659,UNREVIEWED,candidate_needs_review
4.1,CH04,第四章　制度化的现代主义：制造联盟、包豪斯与设计教育,改革联盟与企业系统,27,B0031,book,Arthur J. Pulos：《American design ethic a history of industrial design to 1940》,0.335406,UNREVIEWED,candidate_needs_review
4.1,CH04,第四章　制度化的现代主义：制造联盟、包豪斯与设计教育,改革联盟与企业系统,28,B0409,book,Strasser：《Getting and Spending (European and American Consumer Societies in the,0.333543,UNREVIEWED,candidate_needs_review
4.1,CH04,第四章　制度化的现代主义：制造联盟、包豪斯与设计教育,改革联盟与企业系统,29,B0034,book,Arwas：《Art deco》,0.333149,UNREVIEWED,candidate_needs_review
4.1,CH04,第四章　制度化的现代主义：制造联盟、包豪斯与设计教育,改革联盟与企业系统,30,B0234,book,Jonathan M. Woodham：《Dictionary of Modern Design》,0.33297,UNREVIEWED,candidate_needs_review
4.2,CH04,第四章　制度化的现代主义：制造联盟、包豪斯与设计教育,魏玛包豪斯与基础课程,1,B0158,book,Frank Whitford：《Bauhaus》,0.542694,UNREVIEWED,candidate_needs_review
4.2,CH04,第四章　制度化的现代主义：制造联盟、包豪斯与设计教育,魏玛包豪斯与基础课程,2,B0282,book,Magdalena Droste：《The Bauhaus 1919-1933》，1990,0.512364,UNREVIEWED,candidate_needs_review
4.2,CH04,第四章　制度化的现代主义：制造联盟、包豪斯与设计教育,魏玛包豪斯与基础课程,3,B0182,book,"Hans M. Wingler：《The Bauhaus Weimar, Dessau, Berlin, Chicago》，1969",0.504666,UNREVIEWED,candidate_needs_review
4.2,CH04,第四章　制度化的现代主义：制造联盟、包豪斯与设计教育,魏玛包豪斯与基础课程,4,B0492,book,"杭间, 靳埭强, 胡恩威：《包豪斯道路：历史、遗泽、世界与中国》，2010",0.503877,UNREVIEWED,candidate_needs_review
4.2,CH04,第四章　制度化的现代主义：制造联盟、包豪斯与设计教育,魏玛包豪斯与基础课程,5,B0464,book,Éva Forgács：《The Bauhaus Idea and Bauhaus Politics》,0.489336,UNREVIEWED,candidate_needs_review
4.2,CH04,第四章　制度化的现代主义：制造联盟、包豪斯与设计教育,魏玛包豪斯与基础课程,6,B0454,book,Wick：《Teaching at the Bauhaus》,0.472735,UNREVIEWED,candidate_needs_review
4.2,CH04,第四章　制度化的现代主义：制造联盟、包豪斯与设计教育,魏玛包豪斯与基础课程,7,B0216,book,Johannes Itten：《Design and Form The Basic Course at the Bauhaus and Later》,0.465934,UNREVIEWED,candidate_needs_review
4.2,CH04,第四章　制度化的现代主义：制造联盟、包豪斯与设计教育,魏玛包豪斯与基础课程,8,B0517,book,靳埭强：《中国现代设计与包豪斯＝BAUHAUS CHINESE MODERN DESIGN》,0.465485,UNREVIEWED,candidate_needs_review
4.2,CH04,第四章　制度化的现代主义：制造联盟、包豪斯与设计教育,魏玛包豪斯与基础课程,9,B0489,book,李砚祖：《外国设计艺术经典论著选读(上)》，2004,0.445001,UNREVIEWED,candidate_needs_review
4.2,CH04,第四章　制度化的现代主义：制造联盟、包豪斯与设计教育,魏玛包豪斯与基础课程,10,B0075,book,"Charlotte Fiell, Peter Fiell：《Design of the 20th Century》，1999",0.431674,UNREVIEWED,candidate_needs_review
4.2,CH04,第四章　制度化的现代主义：制造联盟、包豪斯与设计教育,魏玛包豪斯与基础课程,11,B0341,book,Paul Klee：《The Thinking Eye The Notebooks of Paul Klee》，Jürg Spiller (ed.)，1961,0.426771,UNREVIEWED,candidate_needs_review
4.2,CH04,第四章　制度化的现代主义：制造联盟、包豪斯与设计教育,魏玛包豪斯与基础课程,12,B0306,book,"Meggs, Philip B.; Purvis, Alston W.：Meggs' History of Graphic Design, 2016",0.410569,UNREVIEWED,candidate_needs_review
4.2,CH04,第四章　制度化的现代主义：制造联盟、包豪斯与设计教育,魏玛包豪斯与基础课程,13,B0269,book,Laszlo Moholy-Nagy：《Vision in Motion》，1947,0.409769,UNREVIEWED,candidate_needs_review
4.2,CH04,第四章　制度化的现代主义：制造联盟、包豪斯与设计教育,魏玛包豪斯与基础课程,14,B0446,book,Wassily Kandinsky：《Point and Line to Plane》，1926,0.407148,UNREVIEWED,candidate_needs_review
4.2,CH04,第四章　制度化的现代主义：制造联盟、包豪斯与设计教育,魏玛包豪斯与基础课程,15,B0277,book,Lodder：《Russian constructivism》,0.405997,UNREVIEWED,candidate_needs_review
4.2,CH04,第四章　制度化的现代主义：制造联盟、包豪斯与设计教育,魏玛包豪斯与基础课程,16,B0258,book,Kenneth Frampton：《Modern Architecture A Critical History》，1980,0.404996,UNREVIEWED,candidate_needs_review
4.2,CH04,第四章　制度化的现代主义：制造联盟、包豪斯与设计教育,魏玛包豪斯与基础课程,17,B0187,book,Herbert Spencer：《Pioneers of Modern Typography》，1969,0.40403,UNREVIEWED,candidate_needs_review
4.2,CH04,第四章　制度化的现代主义：制造联盟、包豪斯与设计教育,魏玛包豪斯与基础课程,18,P0007,paper,"Bauhaus Imaginista Haus der Kulturen der Welt, Berlin, -- Basu, Priyanka -- West",0.3977,UNREVIEWED,candidate_needs_review
4.2,CH04,第四章　制度化的现代主义：制造联盟、包豪斯与设计教育,魏玛包豪斯与基础课程,19,B0147,book,Emil Ruder：《Typography - A Manual of Design [ Typographie ]》,0.397367,UNREVIEWED,candidate_needs_review
4.2,CH04,第四章　制度化的现代主义：制造联盟、包豪斯与设计教育,魏玛包豪斯与基础课程,20,B0467,book,世界设计史_II_苏联至二战,0.395013,UNREVIEWED,candidate_needs_review
4.2,CH04,第四章　制度化的现代主义：制造联盟、包豪斯与设计教育,魏玛包豪斯与基础课程,21,B0404,book,Stephen J. Eskilson：《Graphic Design A New History》，2007,0.381683,UNREVIEWED,candidate_needs_review
4.2,CH04,第四章　制度化的现代主义：制造联盟、包豪斯与设计教育,魏玛包豪斯与基础课程,22,B0393,book,"Sennett, Richard：The Craftsman, 2008",0.381665,UNREVIEWED,candidate_needs_review
4.2,CH04,第四章　制度化的现代主义：制造联盟、包豪斯与设计教育,魏玛包豪斯与基础课程,23,B0513,book,邵宏：《西方设计：一部为生活制作艺术的历史》，2010,0.379735,UNREVIEWED,candidate_needs_review
4.2,CH04,第四章　制度化的现代主义：制造联盟、包豪斯与设计教育,魏玛包豪斯与基础课程,24,B0061,book,By Edgar Kaufmann：《Introduction To Modern Design》,0.37652,UNREVIEWED,candidate_needs_review
4.2,CH04,第四章　制度化的现代主义：制造联盟、包豪斯与设计教育,魏玛包豪斯与基础课程,25,P0002,paper,Alan C. Birnholz (review)：《Bauhaus and Bauhaus Peopleby Eckhard NeumannPainters of the Bauhausby Eberhard RotersWalter Gropius and the Creation of the…》,0.366637,UNREVIEWED,candidate_needs_review
4.2,CH04,第四章　制度化的现代主义：制造联盟、包豪斯与设计教育,魏玛包豪斯与基础课程,26,B0014,book,"Alexey Brodovitch：《Kerry William Purcell; Alexey Brodovitch -- 2002, 2002 -- Pha",0.366391,UNREVIEWED,candidate_needs_review
4.2,CH04,第四章　制度化的现代主义：制造联盟、包豪斯与设计教育,魏玛包豪斯与基础课程,27,B0159,book,"Frayling, Christopher：Art and Design：100 Years at the Royal College of Art, 1999",0.362776,UNREVIEWED,candidate_needs_review
4.2,CH04,第四章　制度化的现代主义：制造联盟、包豪斯与设计教育,魏玛包豪斯与基础课程,28,B0009,book,Alain Weill：《Graphic Design A History》，2004,0.361199,UNREVIEWED,candidate_needs_review
4.2,CH04,第四章　制度化的现代主义：制造联盟、包豪斯与设计教育,魏玛包豪斯与基础课程,29,B0074,book,"Charlotte Fiell, Peter Fiell：《1000 Chairs》",0.357478,UNREVIEWED,candidate_needs_review
4.2,CH04,第四章　制度化的现代主义：制造联盟、包豪斯与设计教育,魏玛包豪斯与基础课程,30,B0292,book,Margolin：《World history of design》,0.355925,UNREVIEWED,candidate_needs_review
4.3,CH04,第四章　制度化的现代主义：制造联盟、包豪斯与设计教育,1923年的制度转向,1,B0182,book,"Hans M. Wingler：《The Bauhaus Weimar, Dessau, Berlin, Chicago》，1969",0.566542,UNREVIEWED,candidate_needs_review
4.3,CH04,第四章　制度化的现代主义：制造联盟、包豪斯与设计教育,1923年的制度转向,2,B0464,book,Éva Forgács：《The Bauhaus Idea and Bauhaus Politics》,0.532237,UNREVIEWED,candidate_needs_review
4.3,CH04,第四章　制度化的现代主义：制造联盟、包豪斯与设计教育,1923年的制度转向,3,B0061,book,By Edgar Kaufmann：《Introduction To Modern Design》,0.514816,UNREVIEWED,candidate_needs_review
4.3,CH04,第四章　制度化的现代主义：制造联盟、包豪斯与设计教育,1923年的制度转向,4,B0158,book,Frank Whitford：《Bauhaus》,0.463016,UNREVIEWED,candidate_needs_review
4.3,CH04,第四章　制度化的现代主义：制造联盟、包豪斯与设计教育,1923年的制度转向,5,B0258,book,Kenneth Frampton：《Modern Architecture A Critical History》，1980,0.454959,UNREVIEWED,candidate_needs_review
4.3,CH04,第四章　制度化的现代主义：制造联盟、包豪斯与设计教育,1923年的制度转向,6,B0235,book,Jonathan M. Woodham：《Twentieth Century Design》,0.442171,UNREVIEWED,candidate_needs_review
4.3,CH04,第四章　制度化的现代主义：制造联盟、包豪斯与设计教育,1923年的制度转向,7,B0189,book,"Heskett, John：《Industrial design》",0.43504,UNREVIEWED,candidate_needs_review
4.3,CH04,第四章　制度化的现代主义：制造联盟、包豪斯与设计教育,1923年的制度转向,8,B0075,book,"Charlotte Fiell, Peter Fiell：《Design of the 20th Century》，1999",0.428888,UNREVIEWED,candidate_needs_review
4.3,CH04,第四章　制度化的现代主义：制造联盟、包豪斯与设计教育,1923年的制度转向,9,B0060,book,"Buddensieg, Tilmann; Rogge, Henning：《Industriekultur Peter Behrens and the AEG, 1907-1914》",0.424953,UNREVIEWED,candidate_needs_review
4.3,CH04,第四章　制度化的现代主义：制造联盟、包豪斯与设计教育,1923年的制度转向,10,B0176,book,"Graphic Design Theory： Readings from the Field (Design -- Armstrong, Helen(Autho",0.424555,UNREVIEWED,candidate_needs_review
4.3,CH04,第四章　制度化的现代主义：制造联盟、包豪斯与设计教育,1923年的制度转向,11,B0225,book,John Heskett：《Industrial Design》，1980,0.423765,UNREVIEWED,candidate_needs_review
4.3,CH04,第四章　制度化的现代主义：制造联盟、包豪斯与设计教育,1923年的制度转向,12,B0034,book,Arwas：《Art deco》,0.422227,UNREVIEWED,candidate_needs_review
4.3,CH04,第四章　制度化的现代主义：制造联盟、包豪斯与设计教育,1923年的制度转向,13,B0282,book,Magdalena Droste：《The Bauhaus 1919-1933》，1990,0.422084,UNREVIEWED,candidate_needs_review
4.3,CH04,第四章　制度化的现代主义：制造联盟、包豪斯与设计教育,1923年的制度转向,14,B0005,book,"Adamson, Glenn; Riello, Giorgio; Teasley, Sarah (eds.), Global Design History, 2011",0.413774,UNREVIEWED,candidate_needs_review
4.3,CH04,第四章　制度化的现代主义：制造联盟、包豪斯与设计教育,1923年的制度转向,15,B0102,book,David Raizman：《History of Modern Design》，2023,0.412897,UNREVIEWED,candidate_needs_review
4.3,CH04,第四章　制度化的现代主义：制造联盟、包豪斯与设计教育,1923年的制度转向,16,B0065,book,Carl DiSalvo：《Adversarial Design》,0.408901,UNREVIEWED,candidate_needs_review
4.3,CH04,第四章　制度化的现代主义：制造联盟、包豪斯与设计教育,1923年的制度转向,17,B0292,book,Margolin：《World history of design》,0.407501,UNREVIEWED,candidate_needs_review
4.3,CH04,第四章　制度化的现代主义：制造联盟、包豪斯与设计教育,1923年的制度转向,18,B0403,book,Stanley Abercrombie：《George Nelson The Design of Modern Design》,0.406933,UNREVIEWED,candidate_needs_review
4.3,CH04,第四章　制度化的现代主义：制造联盟、包豪斯与设计教育,1923年的制度转向,19,B0288,book,"Margolin, Victor, World History of Design, Volume 1, 2015",0.406666,UNREVIEWED,candidate_needs_review
4.3,CH04,第四章　制度化的现代主义：制造联盟、包豪斯与设计教育,1923年的制度转向,20,B0101,book,David Raizman：《History of Modern Design》,0.403386,UNREVIEWED,candidate_needs_review
4.3,CH04,第四章　制度化的现代主义：制造联盟、包豪斯与设计教育,1923年的制度转向,21,B0468,book,何人可：《工业设计史(第四版)》，2010,0.403243,UNREVIEWED,candidate_needs_review
4.3,CH04,第四章　制度化的现代主义：制造联盟、包豪斯与设计教育,1923年的制度转向,22,B0214,book,"Johanna Drucker, Emily McVarish：《Graphic Design History A Critical Guide》，2009",0.401194,UNREVIEWED,candidate_needs_review
4.3,CH04,第四章　制度化的现代主义：制造联盟、包豪斯与设计教育,1923年的制度转向,23,B0335,book,Pat Kirkham：《Charles And Ray Eames Designers of the Twentieth Century》,0.400349,UNREVIEWED,candidate_needs_review
4.3,CH04,第四章　制度化的现代主义：制造联盟、包豪斯与设计教育,1923年的制度转向,24,B0328,book,"Objects of desire ： design and society since 1750 -- Forty, Adrian, 1948- -- New",0.396504,UNREVIEWED,candidate_needs_review
4.3,CH04,第四章　制度化的现代主义：制造联盟、包豪斯与设计教育,1923年的制度转向,25,B0454,book,Wick：《Teaching at the Bauhaus》,0.392455,UNREVIEWED,candidate_needs_review
4.3,CH04,第四章　制度化的现代主义：制造联盟、包豪斯与设计教育,1923年的制度转向,26,B0466,book,世界设计史_I_史前至一战,0.392117,UNREVIEWED,candidate_needs_review
4.3,CH04,第四章　制度化的现代主义：制造联盟、包豪斯与设计教育,1923年的制度转向,27,B0467,book,世界设计史_II_苏联至二战,0.392044,UNREVIEWED,candidate_needs_review
4.3,CH04,第四章　制度化的现代主义：制造联盟、包豪斯与设计教育,1923年的制度转向,28,B0492,book,"杭间, 靳埭强, 胡恩威：《包豪斯道路：历史、遗泽、世界与中国》，2010",0.389506,UNREVIEWED,candidate_needs_review
4.3,CH04,第四章　制度化的现代主义：制造联盟、包豪斯与设计教育,1923年的制度转向,29,B0345,book,Penny Sparke：《An Introduction to Design and Culture 1900 to the Present》,0.388076,UNREVIEWED,candidate_needs_review
4.3,CH04,第四章　制度化的现代主义：制造联盟、包豪斯与设计教育,1923年的制度转向,30,B0031,book,Arthur J. Pulos：《American design ethic a history of industrial design to 1940》,0.388073,UNREVIEWED,candidate_needs_review
4.4,CH04,第四章　制度化的现代主义：制造联盟、包豪斯与设计教育,德绍体系与工坊劳动,1,B0158,book,Frank Whitford：《Bauhaus》,0.414164,UNREVIEWED,candidate_needs_review
4.4,CH04,第四章　制度化的现代主义：制造联盟、包豪斯与设计教育,德绍体系与工坊劳动,2,B0492,book,"杭间, 靳埭强, 胡恩威：《包豪斯道路：历史、遗泽、世界与中国》，2010",0.404456,UNREVIEWED,candidate_needs_review
4.4,CH04,第四章　制度化的现代主义：制造联盟、包豪斯与设计教育,德绍体系与工坊劳动,3,B0282,book,Magdalena Droste：《The Bauhaus 1919-1933》，1990,0.400573,UNREVIEWED,candidate_needs_review
4.4,CH04,第四章　制度化的现代主义：制造联盟、包豪斯与设计教育,德绍体系与工坊劳动,4,B0464,book,Éva Forgács：《The Bauhaus Idea and Bauhaus Politics》,0.382363,UNREVIEWED,candidate_needs_review
4.4,CH04,第四章　制度化的现代主义：制造联盟、包豪斯与设计教育,德绍体系与工坊劳动,5,B0361,book,Research：《through design and transdiscipl》,0.371116,UNREVIEWED,candidate_needs_review
4.4,CH04,第四章　制度化的现代主义：制造联盟、包豪斯与设计教育,德绍体系与工坊劳动,6,B0517,book,靳埭强：《中国现代设计与包豪斯＝BAUHAUS CHINESE MODERN DESIGN》,0.365803,UNREVIEWED,candidate_needs_review
4.4,CH04,第四章　制度化的现代主义：制造联盟、包豪斯与设计教育,德绍体系与工坊劳动,7,B0235,book,Jonathan M. Woodham：《Twentieth Century Design》,0.362764,UNREVIEWED,candidate_needs_review
4.4,CH04,第四章　制度化的现代主义：制造联盟、包豪斯与设计教育,德绍体系与工坊劳动,8,B0182,book,"Hans M. Wingler：《The Bauhaus Weimar, Dessau, Berlin, Chicago》，1969",0.357725,UNREVIEWED,candidate_needs_review
4.4,CH04,第四章　制度化的现代主义：制造联盟、包豪斯与设计教育,德绍体系与工坊劳动,9,B0247,book,"Kallir, Jane：Viennese Design and the Wiener Werkstatte, 1986",0.350988,UNREVIEWED,candidate_needs_review
4.4,CH04,第四章　制度化的现代主义：制造联盟、包豪斯与设计教育,德绍体系与工坊劳动,10,B0075,book,"Charlotte Fiell, Peter Fiell：《Design of the 20th Century》，1999",0.350366,UNREVIEWED,candidate_needs_review
4.4,CH04,第四章　制度化的现代主义：制造联盟、包豪斯与设计教育,德绍体系与工坊劳动,11,B0478,book,大卫·瑞兹曼 (David Raizman)：《现代设计史（第2版）》，2013,0.347344,UNREVIEWED,candidate_needs_review
4.4,CH04,第四章　制度化的现代主义：制造联盟、包豪斯与设计教育,德绍体系与工坊劳动,12,B0454,book,Wick：《Teaching at the Bauhaus》,0.34418,UNREVIEWED,candidate_needs_review
4.4,CH04,第四章　制度化的现代主义：制造联盟、包豪斯与设计教育,德绍体系与工坊劳动,13,B0466,book,世界设计史_I_史前至一战,0.341947,UNREVIEWED,candidate_needs_review
4.4,CH04,第四章　制度化的现代主义：制造联盟、包豪斯与设计教育,德绍体系与工坊劳动,14,B0005,book,"Adamson, Glenn; Riello, Giorgio; Teasley, Sarah (eds.), Global Design History, 2011",0.341304,UNREVIEWED,candidate_needs_review
4.4,CH04,第四章　制度化的现代主义：制造联盟、包豪斯与设计教育,德绍体系与工坊劳动,15,B0102,book,David Raizman：《History of Modern Design》，2023,0.337452,UNREVIEWED,candidate_needs_review
4.4,CH04,第四章　制度化的现代主义：制造联盟、包豪斯与设计教育,德绍体系与工坊劳动,16,B0101,book,David Raizman：《History of Modern Design》,0.336462,UNREVIEWED,candidate_needs_review
4.4,CH04,第四章　制度化的现代主义：制造联盟、包豪斯与设计教育,德绍体系与工坊劳动,17,B0335,book,Pat Kirkham：《Charles And Ray Eames Designers of the Twentieth Century》,0.336448,UNREVIEWED,candidate_needs_review
4.4,CH04,第四章　制度化的现代主义：制造联盟、包豪斯与设计教育,德绍体系与工坊劳动,18,B0292,book,Margolin：《World history of design》,0.336238,UNREVIEWED,candidate_needs_review
4.4,CH04,第四章　制度化的现代主义：制造联盟、包豪斯与设计教育,德绍体系与工坊劳动,19,B0185,book,Heller：《Paul Rand》,0.334846,UNREVIEWED,candidate_needs_review
4.4,CH04,第四章　制度化的现代主义：制造联盟、包豪斯与设计教育,德绍体系与工坊劳动,20,B0289,book,"Margolin, Victor, World History of Design, Volume 2, 2015",0.330442,UNREVIEWED,candidate_needs_review
4.4,CH04,第四章　制度化的现代主义：制造联盟、包豪斯与设计教育,德绍体系与工坊劳动,21,B0509,book,英彭妮·斯帕克(Penny Sparke)：《唯有粉红 审美品位的性别政治学》,0.330139,UNREVIEWED,candidate_needs_review
4.4,CH04,第四章　制度化的现代主义：制造联盟、包豪斯与设计教育,德绍体系与工坊劳动,22,B0345,book,Penny Sparke：《An Introduction to Design and Culture 1900 to the Present》,0.329115,UNREVIEWED,candidate_needs_review
4.4,CH04,第四章　制度化的现代主义：制造联盟、包豪斯与设计教育,德绍体系与工坊劳动,23,B0277,book,Lodder：《Russian constructivism》,0.328465,UNREVIEWED,candidate_needs_review
4.4,CH04,第四章　制度化的现代主义：制造联盟、包豪斯与设计教育,德绍体系与工坊劳动,24,B0467,book,世界设计史_II_苏联至二战,0.326242,UNREVIEWED,candidate_needs_review
4.4,CH04,第四章　制度化的现代主义：制造联盟、包豪斯与设计教育,德绍体系与工坊劳动,25,B0461,book,World History Of Design - Volume 2_ World War I To World War -- Victor Margolin,0.325481,UNREVIEWED,candidate_needs_review
4.4,CH04,第四章　制度化的现代主义：制造联盟、包豪斯与设计教育,德绍体系与工坊劳动,26,P0002,paper,Alan C. Birnholz (review)：《Bauhaus and Bauhaus Peopleby Eckhard NeumannPainters of the Bauhausby Eberhard RotersWalter Gropius and the Creation of the…》,0.325367,UNREVIEWED,candidate_needs_review
4.4,CH04,第四章　制度化的现代主义：制造联盟、包豪斯与设计教育,德绍体系与工坊劳动,27,B0140,book,Elizabeth (Dori) Tunstall：《Decolonizing Design A Cultural Justice Guidebook》,0.319582,UNREVIEWED,candidate_needs_review
4.4,CH04,第四章　制度化的现代主义：制造联盟、包豪斯与设计教育,德绍体系与工坊劳动,28,B0004,book,"Adam, Peter：Eileen Gray：Architect, Designer, 1987",0.318447,UNREVIEWED,candidate_needs_review
4.4,CH04,第四章　制度化的现代主义：制造联盟、包豪斯与设计教育,德绍体系与工坊劳动,29,B0506,book,维克多·马格林：《世界设计史1：史前至一战》，2015,0.31835,UNREVIEWED,candidate_needs_review
4.4,CH04,第四章　制度化的现代主义：制造联盟、包豪斯与设计教育,德绍体系与工坊劳动,30,B0022,book,Anne Massey：《Interior Design of the 20th Century》，1990,0.318283,UNREVIEWED,candidate_needs_review
4.5,CH04,第四章　制度化的现代主义：制造联盟、包豪斯与设计教育,社会功能与学校政治,1,B0282,book,Magdalena Droste：《The Bauhaus 1919-1933》，1990,0.517477,UNREVIEWED,candidate_needs_review
4.5,CH04,第四章　制度化的现代主义：制造联盟、包豪斯与设计教育,社会功能与学校政治,2,B0464,book,Éva Forgács：《The Bauhaus Idea and Bauhaus Politics》,0.493245,UNREVIEWED,candidate_needs_review
4.5,CH04,第四章　制度化的现代主义：制造联盟、包豪斯与设计教育,社会功能与学校政治,3,B0158,book,Frank Whitford：《Bauhaus》,0.387467,UNREVIEWED,candidate_needs_review
4.5,CH04,第四章　制度化的现代主义：制造联盟、包豪斯与设计教育,社会功能与学校政治,4,B0075,book,"Charlotte Fiell, Peter Fiell：《Design of the 20th Century》，1999",0.37286,UNREVIEWED,candidate_needs_review
4.5,CH04,第四章　制度化的现代主义：制造联盟、包豪斯与设计教育,社会功能与学校政治,5,B0182,book,"Hans M. Wingler：《The Bauhaus Weimar, Dessau, Berlin, Chicago》，1969",0.365923,UNREVIEWED,candidate_needs_review
4.5,CH04,第四章　制度化的现代主义：制造联盟、包豪斯与设计教育,社会功能与学校政治,6,B0258,book,Kenneth Frampton：《Modern Architecture A Critical History》，1980,0.349538,UNREVIEWED,candidate_needs_review
4.5,CH04,第四章　制度化的现代主义：制造联盟、包豪斯与设计教育,社会功能与学校政治,7,B0292,book,Margolin：《World history of design》,0.349115,UNREVIEWED,candidate_needs_review
4.5,CH04,第四章　制度化的现代主义：制造联盟、包豪斯与设计教育,社会功能与学校政治,8,B0101,book,David Raizman：《History of Modern Design》,0.347088,UNREVIEWED,candidate_needs_review
4.5,CH04,第四章　制度化的现代主义：制造联盟、包豪斯与设计教育,社会功能与学校政治,9,B0517,book,靳埭强：《中国现代设计与包豪斯＝BAUHAUS CHINESE MODERN DESIGN》,0.344573,UNREVIEWED,candidate_needs_review
4.5,CH04,第四章　制度化的现代主义：制造联盟、包豪斯与设计教育,社会功能与学校政治,10,B0005,book,"Adamson, Glenn; Riello, Giorgio; Teasley, Sarah (eds.), Global Design History, 2011",0.341066,UNREVIEWED,candidate_needs_review
4.5,CH04,第四章　制度化的现代主义：制造联盟、包豪斯与设计教育,社会功能与学校政治,11,B0454,book,Wick：《Teaching at the Bauhaus》,0.338805,UNREVIEWED,candidate_needs_review
4.5,CH04,第四章　制度化的现代主义：制造联盟、包豪斯与设计教育,社会功能与学校政治,12,B0301,book,"Matt Malpass：《Critical Design in Context History, Theory, and Practices》",0.336183,UNREVIEWED,candidate_needs_review
4.5,CH04,第四章　制度化的现代主义：制造联盟、包豪斯与设计教育,社会功能与学校政治,13,B0288,book,"Margolin, Victor, World History of Design, Volume 1, 2015",0.332021,UNREVIEWED,candidate_needs_review
4.5,CH04,第四章　制度化的现代主义：制造联盟、包豪斯与设计教育,社会功能与学校政治,14,B0503,book,王受之：《世界现代设计史》，2015,0.32923,UNREVIEWED,candidate_needs_review
4.5,CH04,第四章　制度化的现代主义：制造联盟、包豪斯与设计教育,社会功能与学校政治,15,B0065,book,Carl DiSalvo：《Adversarial Design》,0.326252,UNREVIEWED,candidate_needs_review
4.5,CH04,第四章　制度化的现代主义：制造联盟、包豪斯与设计教育,社会功能与学校政治,16,B0467,book,世界设计史_II_苏联至二战,0.325075,UNREVIEWED,candidate_needs_review
4.5,CH04,第四章　制度化的现代主义：制造联盟、包豪斯与设计教育,社会功能与学校政治,17,B0235,book,Jonathan M. Woodham：《Twentieth Century Design》,0.32212,UNREVIEWED,candidate_needs_review
4.5,CH04,第四章　制度化的现代主义：制造联盟、包豪斯与设计教育,社会功能与学校政治,18,B0196,book,Isabelle Anscombe：《Arts and Crafts Style》,0.320962,UNREVIEWED,candidate_needs_review
4.5,CH04,第四章　制度化的现代主义：制造联盟、包豪斯与设计教育,社会功能与学校政治,19,B0468,book,何人可：《工业设计史(第四版)》，2010,0.319615,UNREVIEWED,candidate_needs_review
4.5,CH04,第四章　制度化的现代主义：制造联盟、包豪斯与设计教育,社会功能与学校政治,20,B0492,book,"杭间, 靳埭强, 胡恩威：《包豪斯道路：历史、遗泽、世界与中国》，2010",0.319472,UNREVIEWED,candidate_needs_review
4.5,CH04,第四章　制度化的现代主义：制造联盟、包豪斯与设计教育,社会功能与学校政治,21,B0461,book,World History Of Design - Volume 2_ World War I To World War -- Victor Margolin,0.318766,UNREVIEWED,candidate_needs_review
4.5,CH04,第四章　制度化的现代主义：制造联盟、包豪斯与设计教育,社会功能与学校政治,22,B0508,book,"胡天璇, 曾山, 王庆：《外国近现代设计史》，2012",0.318077,UNREVIEWED,candidate_needs_review
4.5,CH04,第四章　制度化的现代主义：制造联盟、包豪斯与设计教育,社会功能与学校政治,23,B0470,book,"史蒂文·海勒, 西摩·切瓦斯特：《平面设计200年》，2018",0.31792,UNREVIEWED,candidate_needs_review
4.5,CH04,第四章　制度化的现代主义：制造联盟、包豪斯与设计教育,社会功能与学校政治,24,B0509,book,英彭妮·斯帕克(Penny Sparke)：《唯有粉红 审美品位的性别政治学》,0.315916,UNREVIEWED,candidate_needs_review
4.5,CH04,第四章　制度化的现代主义：制造联盟、包豪斯与设计教育,社会功能与学校政治,25,B0066,book,Carroll Gantz：《Founders of American Industrial Design》，2014,0.315137,UNREVIEWED,candidate_needs_review
4.5,CH04,第四章　制度化的现代主义：制造联盟、包豪斯与设计教育,社会功能与学校政治,26,B0466,book,世界设计史_I_史前至一战,0.313935,UNREVIEWED,candidate_needs_review
4.5,CH04,第四章　制度化的现代主义：制造联盟、包豪斯与设计教育,社会功能与学校政治,27,B0349,book,"Philip Brookman, Paul Greenhalgh (eds.)：《Essential Modernism Design Between the World Wars》，2007",0.312511,UNREVIEWED,candidate_needs_review
4.5,CH04,第四章　制度化的现代主义：制造联盟、包豪斯与设计教育,社会功能与学校政治,28,B0478,book,大卫·瑞兹曼 (David Raizman)：《现代设计史（第2版）》，2013,0.312176,UNREVIEWED,candidate_needs_review
4.5,CH04,第四章　制度化的现代主义：制造联盟、包豪斯与设计教育,社会功能与学校政治,29,B0315,book,"Miller, Daniel：Material Culture and Mass Consumption, 1987",0.310817,UNREVIEWED,candidate_needs_review
4.5,CH04,第四章　制度化的现代主义：制造联盟、包豪斯与设计教育,社会功能与学校政治,30,B0221,book,John Clifford：《Graphic Icons Visionaries Who Shaped Modern Graphic Design》，2014,0.309276,UNREVIEWED,candidate_needs_review
4.6,CH04,第四章　制度化的现代主义：制造联盟、包豪斯与设计教育,从学校实验到可复制制度,1,B0282,book,Magdalena Droste：《The Bauhaus 1919-1933》，1990,0.351596,UNREVIEWED,candidate_needs_review
4.6,CH04,第四章　制度化的现代主义：制造联盟、包豪斯与设计教育,从学校实验到可复制制度,2,B0291,book,"Margolin, Victor：The Struggle for Utopia：Rodchenko, Lissitzky, Moholy-Nagy, 1917-1946, 1997",0.346806,UNREVIEWED,candidate_needs_review
4.6,CH04,第四章　制度化的现代主义：制造联盟、包豪斯与设计教育,从学校实验到可复制制度,3,B0114,book,"Design, Empathy, Interpretation： Toward Interpretive Design -- Koskinen, Ilpo_ -",0.33792,UNREVIEWED,candidate_needs_review
4.6,CH04,第四章　制度化的现代主义：制造联盟、包豪斯与设计教育,从学校实验到可复制制度,4,B0081,book,"Christopher Burke：《Isotype Design and Contexts, 1925-1971》",0.337717,UNREVIEWED,candidate_needs_review
4.6,CH04,第四章　制度化的现代主义：制造联盟、包豪斯与设计教育,从学校实验到可复制制度,5,B0075,book,"Charlotte Fiell, Peter Fiell：《Design of the 20th Century》，1999",0.319688,UNREVIEWED,candidate_needs_review
4.6,CH04,第四章　制度化的现代主义：制造联盟、包豪斯与设计教育,从学校实验到可复制制度,6,B0147,book,Emil Ruder：《Typography - A Manual of Design [ Typographie ]》,0.318906,UNREVIEWED,candidate_needs_review
4.6,CH04,第四章　制度化的现代主义：制造联盟、包豪斯与设计教育,从学校实验到可复制制度,7,B0517,book,靳埭强：《中国现代设计与包豪斯＝BAUHAUS CHINESE MODERN DESIGN》,0.31057,UNREVIEWED,candidate_needs_review
4.6,CH04,第四章　制度化的现代主义：制造联盟、包豪斯与设计教育,从学校实验到可复制制度,8,B0235,book,Jonathan M. Woodham：《Twentieth Century Design》,0.308027,UNREVIEWED,candidate_needs_review
4.6,CH04,第四章　制度化的现代主义：制造联盟、包豪斯与设计教育,从学校实验到可复制制度,9,B0182,book,"Hans M. Wingler：《The Bauhaus Weimar, Dessau, Berlin, Chicago》，1969",0.306807,UNREVIEWED,candidate_needs_review
4.6,CH04,第四章　制度化的现代主义：制造联盟、包豪斯与设计教育,从学校实验到可复制制度,10,B0088,book,"Cooke, Catherine：Architectural Drawings of the Russian Avant-Garde, 1990",0.305497,UNREVIEWED,candidate_needs_review
4.6,CH04,第四章　制度化的现代主义：制造联盟、包豪斯与设计教育,从学校实验到可复制制度,11,B0189,book,"Heskett, John：《Industrial design》",0.303109,UNREVIEWED,candidate_needs_review
4.6,CH04,第四章　制度化的现代主义：制造联盟、包豪斯与设计教育,从学校实验到可复制制度,12,B0292,book,Margolin：《World history of design》,0.302286,UNREVIEWED,candidate_needs_review
4.6,CH04,第四章　制度化的现代主义：制造联盟、包豪斯与设计教育,从学校实验到可复制制度,13,B0066,book,Carroll Gantz：《Founders of American Industrial Design》，2014,0.301765,UNREVIEWED,candidate_needs_review
4.6,CH04,第四章　制度化的现代主义：制造联盟、包豪斯与设计教育,从学校实验到可复制制度,14,B0289,book,"Margolin, Victor, World History of Design, Volume 2, 2015",0.301297,UNREVIEWED,candidate_needs_review
4.6,CH04,第四章　制度化的现代主义：制造联盟、包豪斯与设计教育,从学校实验到可复制制度,15,B0010,book,Alain Weill：《The Poster A Worldwide Survey and History》，1985,0.301075,UNREVIEWED,candidate_needs_review
4.6,CH04,第四章　制度化的现代主义：制造联盟、包豪斯与设计教育,从学校实验到可复制制度,16,B0009,book,Alain Weill：《Graphic Design A History》，2004,0.301038,UNREVIEWED,candidate_needs_review
4.6,CH04,第四章　制度化的现代主义：制造联盟、包豪斯与设计教育,从学校实验到可复制制度,17,B0158,book,Frank Whitford：《Bauhaus》,0.299072,UNREVIEWED,candidate_needs_review
4.6,CH04,第四章　制度化的现代主义：制造联盟、包豪斯与设计教育,从学校实验到可复制制度,18,B0065,book,Carl DiSalvo：《Adversarial Design》,0.296496,UNREVIEWED,candidate_needs_review
4.6,CH04,第四章　制度化的现代主义：制造联盟、包豪斯与设计教育,从学校实验到可复制制度,19,B0151,book,"Ezio Manzini：《Design, When Everybody Designs An Introduction to Design for Social Innovation》，2015",0.295134,UNREVIEWED,candidate_needs_review
4.6,CH04,第四章　制度化的现代主义：制造联盟、包豪斯与设计教育,从学校实验到可复制制度,20,B0176,book,"Graphic Design Theory： Readings from the Field (Design -- Armstrong, Helen(Autho",0.293708,UNREVIEWED,candidate_needs_review
4.6,CH04,第四章　制度化的现代主义：制造联盟、包豪斯与设计教育,从学校实验到可复制制度,21,B0070,book,"Charles Harvey, Jon Press：《William Morris design and enterprise in Victorian England》",0.292854,UNREVIEWED,candidate_needs_review
4.6,CH04,第四章　制度化的现代主义：制造联盟、包豪斯与设计教育,从学校实验到可复制制度,22,B0225,book,John Heskett：《Industrial Design》，1980,0.292066,UNREVIEWED,candidate_needs_review
4.6,CH04,第四章　制度化的现代主义：制造联盟、包豪斯与设计教育,从学校实验到可复制制度,23,B0029,book,Armin Hofmann D. Q. Stephenson：《Graphic Design Manual Principles and Practice》,0.289623,UNREVIEWED,candidate_needs_review
4.6,CH04,第四章　制度化的现代主义：制造联盟、包豪斯与设计教育,从学校实验到可复制制度,24,B0277,book,Lodder：《Russian constructivism》,0.289343,UNREVIEWED,candidate_needs_review
4.6,CH04,第四章　制度化的现代主义：制造联盟、包豪斯与设计教育,从学校实验到可复制制度,25,B0180,book,Guy Julier：《The Culture of Design》，2000,0.287839,UNREVIEWED,candidate_needs_review
4.6,CH04,第四章　制度化的现代主义：制造联盟、包豪斯与设计教育,从学校实验到可复制制度,26,B0120,book,Deyan Sudjic：《The Language of Things Understanding the World of Desirable Objects》，2008,0.287332,UNREVIEWED,candidate_needs_review
4.6,CH04,第四章　制度化的现代主义：制造联盟、包豪斯与设计教育,从学校实验到可复制制度,27,B0148,book,Emmanuel Cooper：《Ten Thousand Years of Pottery》，2000,0.286883,UNREVIEWED,candidate_needs_review
4.6,CH04,第四章　制度化的现代主义：制造联盟、包豪斯与设计教育,从学校实验到可复制制度,28,B0470,book,"史蒂文·海勒, 西摩·切瓦斯特：《平面设计200年》，2018",0.284108,UNREVIEWED,candidate_needs_review
4.6,CH04,第四章　制度化的现代主义：制造联盟、包豪斯与设计教育,从学校实验到可复制制度,29,B0039,book,Beaumont Newhall：《The History of Photography》,0.284076,UNREVIEWED,candidate_needs_review
4.6,CH04,第四章　制度化的现代主义：制造联盟、包豪斯与设计教育,从学校实验到可复制制度,30,B0503,book,王受之：《世界现代设计史》，2015,0.280165,UNREVIEWED,candidate_needs_review
4.7,CH04,第四章　制度化的现代主义：制造联盟、包豪斯与设计教育,迁徙、正典与区域转译,1,B0466,book,世界设计史_I_史前至一战,0.389396,UNREVIEWED,candidate_needs_review
4.7,CH04,第四章　制度化的现代主义：制造联盟、包豪斯与设计教育,迁徙、正典与区域转译,2,B0242,book,Julier：《The culture of design，2018》,0.383705,UNREVIEWED,candidate_needs_review
4.7,CH04,第四章　制度化的现代主义：制造联盟、包豪斯与设计教育,迁徙、正典与区域转译,3,B0288,book,"Margolin, Victor, World History of Design, Volume 1, 2015",0.382568,UNREVIEWED,candidate_needs_review
4.7,CH04,第四章　制度化的现代主义：制造联盟、包豪斯与设计教育,迁徙、正典与区域转译,4,B0417,book,"The design history reader -- Grace Lees-Maffei, Rebecca Houze (eds_) -- New York",0.370524,UNREVIEWED,candidate_needs_review
4.7,CH04,第四章　制度化的现代主义：制造联盟、包豪斯与设计教育,迁徙、正典与区域转译,5,B0008,book,Adolf Loos：《Ornament and Crime》，2019,0.35925,UNREVIEWED,candidate_needs_review
4.7,CH04,第四章　制度化的现代主义：制造联盟、包豪斯与设计教育,迁徙、正典与区域转译,6,B0061,book,By Edgar Kaufmann：《Introduction To Modern Design》,0.35115,UNREVIEWED,candidate_needs_review
4.7,CH04,第四章　制度化的现代主义：制造联盟、包豪斯与设计教育,迁徙、正典与区域转译,7,B0506,book,维克多·马格林：《世界设计史1：史前至一战》，2015,0.350994,UNREVIEWED,candidate_needs_review
4.7,CH04,第四章　制度化的现代主义：制造联盟、包豪斯与设计教育,迁徙、正典与区域转译,8,B0327,book,"None：《China design now , None》",0.350013,UNREVIEWED,candidate_needs_review
4.7,CH04,第四章　制度化的现代主义：制造联盟、包豪斯与设计教育,迁徙、正典与区域转译,9,B0128,book,Donald A. Schön：《The Reflective Practitioner How Professionals Think In Action》,0.340114,UNREVIEWED,candidate_needs_review
4.7,CH04,第四章　制度化的现代主义：制造联盟、包豪斯与设计教育,迁徙、正典与区域转译,10,B0101,book,David Raizman：《History of Modern Design》,0.339015,UNREVIEWED,candidate_needs_review
4.7,CH04,第四章　制度化的现代主义：制造联盟、包豪斯与设计教育,迁徙、正典与区域转译,11,B0450,book,Wendy Kaplan：《The arts crafts movement in Europe America design for the modern world》,0.334538,UNREVIEWED,candidate_needs_review
4.7,CH04,第四章　制度化的现代主义：制造联盟、包豪斯与设计教育,迁徙、正典与区域转译,12,B0182,book,"Hans M. Wingler：《The Bauhaus Weimar, Dessau, Berlin, Chicago》，1969",0.3345,UNREVIEWED,candidate_needs_review
4.7,CH04,第四章　制度化的现代主义：制造联盟、包豪斯与设计教育,迁徙、正典与区域转译,13,B0129,book,Donald A_ Schon：《The Reflective Practitioner，1983》,0.333733,UNREVIEWED,candidate_needs_review
4.7,CH04,第四章　制度化的现代主义：制造联盟、包豪斯与设计教育,迁徙、正典与区域转译,14,B0229,book,"John Pile, Judith Gura, Drew Plunkett：《A History of Interior Design, 5th Edition》，2023",0.326728,UNREVIEWED,candidate_needs_review
4.7,CH04,第四章　制度化的现代主义：制造联盟、包豪斯与设计教育,迁徙、正典与区域转译,15,B0478,book,大卫·瑞兹曼 (David Raizman)：《现代设计史（第2版）》，2013,0.325279,UNREVIEWED,candidate_needs_review
4.7,CH04,第四章　制度化的现代主义：制造联盟、包豪斯与设计教育,迁徙、正典与区域转译,16,B0193,book,"Hugh Honour, John Fleming：《A World History of Art》",0.323426,UNREVIEWED,candidate_needs_review
4.7,CH04,第四章　制度化的现代主义：制造联盟、包豪斯与设计教育,迁徙、正典与区域转译,17,B0144,book,"Ellen Lupton, J. Abbott Miller：《Design Writing Research Writing on Graphic Design》，1996",0.316768,UNREVIEWED,candidate_needs_review
4.7,CH04,第四章　制度化的现代主义：制造联盟、包豪斯与设计教育,迁徙、正典与区域转译,18,B0440,book,Walker：《Design History and the History of Design》,0.316089,UNREVIEWED,candidate_needs_review
4.7,CH04,第四章　制度化的现代主义：制造联盟、包豪斯与设计教育,迁徙、正典与区域转译,19,B0325,book,Nikolaus Pevsner：《Pioneers of modern design from William Morris to Walter Gropius》,0.313028,UNREVIEWED,candidate_needs_review
4.7,CH04,第四章　制度化的现代主义：制造联盟、包豪斯与设计教育,迁徙、正典与区域转译,20,B0058,book,"Buchanan, Richard; Margolin, Victor (eds.), Discovering Design, 1995",0.311419,UNREVIEWED,candidate_needs_review
4.7,CH04,第四章　制度化的现代主义：制造联盟、包豪斯与设计教育,迁徙、正典与区域转译,21,B0252,book,"Katerina Clark：《Petersburg, Crucible of Cultural Revolution》，1995",0.309479,UNREVIEWED,candidate_needs_review
4.7,CH04,第四章　制度化的现代主义：制造联盟、包豪斯与设计教育,迁徙、正典与区域转译,22,B0103,book,Dennis P. Doordan：《Design History An Anthology》,0.309445,UNREVIEWED,candidate_needs_review
4.7,CH04,第四章　制度化的现代主义：制造联盟、包豪斯与设计教育,迁徙、正典与区域转译,23,B0141,book,"Elizabeth Hallam, Tim Ingold (eds.)：《Creativity and Cultural Improvisation》",0.307454,UNREVIEWED,candidate_needs_review
4.7,CH04,第四章　制度化的现代主义：制造联盟、包豪斯与设计教育,迁徙、正典与区域转译,24,B0149,book,"Epstein, Stephan R.; Prak, Maarten：Guilds, Innovation, and the European Economy, 1400-1800, 2008",0.306372,UNREVIEWED,candidate_needs_review
4.7,CH04,第四章　制度化的现代主义：制造联盟、包豪斯与设计教育,迁徙、正典与区域转译,25,B0039,book,Beaumont Newhall：《The History of Photography》,0.305029,UNREVIEWED,candidate_needs_review
4.7,CH04,第四章　制度化的现代主义：制造联盟、包豪斯与设计教育,迁徙、正典与区域转译,26,B0232,book,John William Mackail：《The Life of William Morris》,0.304744,UNREVIEWED,candidate_needs_review
4.7,CH04,第四章　制度化的现代主义：制造联盟、包豪斯与设计教育,迁徙、正典与区域转译,27,B0036,book,"Attfield：《A View from the interior feminism, women, and design》",0.304715,UNREVIEWED,candidate_needs_review
4.7,CH04,第四章　制度化的现代主义：制造联盟、包豪斯与设计教育,迁徙、正典与区域转译,28,B0108,book,"Design discourse _ history, theory, criticism -- Margolin, Victor, 1941- -- Chic",0.302536,UNREVIEWED,candidate_needs_review
4.7,CH04,第四章　制度化的现代主义：制造联盟、包豪斯与设计教育,迁徙、正典与区域转译,29,B0467,book,世界设计史_II_苏联至二战,0.300923,UNREVIEWED,candidate_needs_review
4.7,CH04,第四章　制度化的现代主义：制造联盟、包豪斯与设计教育,迁徙、正典与区域转译,30,B0292,book,Margolin：《World history of design》,0.300095,UNREVIEWED,candidate_needs_review
5.1,CH05,第五章　商业现代性：装饰艺术、流线型与工业设计职业,装饰艺术与1925年巴黎博览会,1,B0073,book,"Charlotte Benton, Tim Benton：《Art Deco 1910–1939》",0.527609,UNREVIEWED,candidate_needs_review
5.1,CH05,第五章　商业现代性：装饰艺术、流线型与工业设计职业,装饰艺术与1925年巴黎博览会,2,B0075,book,"Charlotte Fiell, Peter Fiell：《Design of the 20th Century》，1999",0.516358,UNREVIEWED,candidate_needs_review
5.1,CH05,第五章　商业现代性：装饰艺术、流线型与工业设计职业,装饰艺术与1925年巴黎博览会,3,B0461,book,World History Of Design - Volume 2_ World War I To World War -- Victor Margolin,0.487532,UNREVIEWED,candidate_needs_review
5.1,CH05,第五章　商业现代性：装饰艺术、流线型与工业设计职业,装饰艺术与1925年巴黎博览会,4,B0507,book,维克多·马格林：《世界设计史2：一战至二战》，2015,0.481077,UNREVIEWED,candidate_needs_review
5.1,CH05,第五章　商业现代性：装饰艺术、流线型与工业设计职业,装饰艺术与1925年巴黎博览会,5,B0102,book,David Raizman：《History of Modern Design》，2023,0.472689,UNREVIEWED,candidate_needs_review
5.1,CH05,第五章　商业现代性：装饰艺术、流线型与工业设计职业,装饰艺术与1925年巴黎博览会,6,B0436,book,Victoria Charles：《Art Deco》,0.466092,UNREVIEWED,candidate_needs_review
5.1,CH05,第五章　商业现代性：装饰艺术、流线型与工业设计职业,装饰艺术与1925年巴黎博览会,7,B0478,book,大卫·瑞兹曼 (David Raizman)：《现代设计史（第2版）》，2013,0.465304,UNREVIEWED,candidate_needs_review
5.1,CH05,第五章　商业现代性：装饰艺术、流线型与工业设计职业,装饰艺术与1925年巴黎博览会,8,B0101,book,David Raizman：《History of Modern Design》,0.46321,UNREVIEWED,candidate_needs_review
5.1,CH05,第五章　商业现代性：装饰艺术、流线型与工业设计职业,装饰艺术与1925年巴黎博览会,9,B0012,book,Alastair Duncan：《American Art Deco (1986)》，1986,0.461436,UNREVIEWED,candidate_needs_review
5.1,CH05,第五章　商业现代性：装饰艺术、流线型与工业设计职业,装饰艺术与1925年巴黎博览会,10,B0289,book,"Margolin, Victor, World History of Design, Volume 2, 2015",0.460076,UNREVIEWED,candidate_needs_review
5.1,CH05,第五章　商业现代性：装饰艺术、流线型与工业设计职业,装饰艺术与1925年巴黎博览会,11,B0292,book,Margolin：《World history of design》,0.449993,UNREVIEWED,candidate_needs_review
5.1,CH05,第五章　商业现代性：装饰艺术、流线型与工业设计职业,装饰艺术与1925年巴黎博览会,12,B0509,book,英彭妮·斯帕克(Penny Sparke)：《唯有粉红 审美品位的性别政治学》,0.447453,UNREVIEWED,candidate_needs_review
5.1,CH05,第五章　商业现代性：装饰艺术、流线型与工业设计职业,装饰艺术与1925年巴黎博览会,13,B0031,book,Arthur J. Pulos：《American design ethic a history of industrial design to 1940》,0.443199,UNREVIEWED,candidate_needs_review
5.1,CH05,第五章　商业现代性：装饰艺术、流线型与工业设计职业,装饰艺术与1925年巴黎博览会,14,B0504,book,"王树良, 张玉花：《现代设计史(白金版)》，2010",0.44254,UNREVIEWED,candidate_needs_review
5.1,CH05,第五章　商业现代性：装饰艺术、流线型与工业设计职业,装饰艺术与1925年巴黎博览会,15,B0467,book,世界设计史_II_苏联至二战,0.441258,UNREVIEWED,candidate_needs_review
5.1,CH05,第五章　商业现代性：装饰艺术、流线型与工业设计职业,装饰艺术与1925年巴黎博览会,16,B0339,book,"Paul Greenhalgh：《Ephemeral Vistas The Expositions Universelles, Great Exhibition",0.440816,UNREVIEWED,candidate_needs_review
5.1,CH05,第五章　商业现代性：装饰艺术、流线型与工业设计职业,装饰艺术与1925年巴黎博览会,17,B0066,book,Carroll Gantz：《Founders of American Industrial Design》，2014,0.437808,UNREVIEWED,candidate_needs_review
5.1,CH05,第五章　商业现代性：装饰艺术、流线型与工业设计职业,装饰艺术与1925年巴黎博览会,18,B0206,book,"Jeffrey L. Meikle：《Twentieth Century Limited Industrial Design in America, 1925-1939》，2001",0.437364,UNREVIEWED,candidate_needs_review
5.1,CH05,第五章　商业现代性：装饰艺术、流线型与工业设计职业,装饰艺术与1925年巴黎博览会,19,B0482,book,张夫也：《外国现代设计史》，2009,0.434559,UNREVIEWED,candidate_needs_review
5.1,CH05,第五章　商业现代性：装饰艺术、流线型与工业设计职业,装饰艺术与1925年巴黎博览会,20,B0433,book,Victor Margolin：《World History of Design World War I to World War II》,0.430796,UNREVIEWED,candidate_needs_review
5.1,CH05,第五章　商业现代性：装饰艺术、流线型与工业设计职业,装饰艺术与1925年巴黎博览会,21,B0485,book,曹小鸥：《中国现代设计思想：生活、启蒙、变迁》，2018,0.430132,UNREVIEWED,candidate_needs_review
5.1,CH05,第五章　商业现代性：装饰艺术、流线型与工业设计职业,装饰艺术与1925年巴黎博览会,22,B0401,book,Sparke：《An introduction to design and culture _ 1900 to the present，2020》,0.426531,UNREVIEWED,candidate_needs_review
5.1,CH05,第五章　商业现代性：装饰艺术、流线型与工业设计职业,装饰艺术与1925年巴黎博览会,23,B0466,book,世界设计史_I_史前至一战,0.422301,UNREVIEWED,candidate_needs_review
5.1,CH05,第五章　商业现代性：装饰艺术、流线型与工业设计职业,装饰艺术与1925年巴黎博览会,24,B0235,book,Jonathan M. Woodham：《Twentieth Century Design》,0.421778,UNREVIEWED,candidate_needs_review
5.1,CH05,第五章　商业现代性：装饰艺术、流线型与工业设计职业,装饰艺术与1925年巴黎博览会,25,B0503,book,王受之：《世界现代设计史》，2015,0.419693,UNREVIEWED,candidate_needs_review
5.1,CH05,第五章　商业现代性：装饰艺术、流线型与工业设计职业,装饰艺术与1925年巴黎博览会,26,B0189,book,"Heskett, John：《Industrial design》",0.418418,UNREVIEWED,candidate_needs_review
5.1,CH05,第五章　商业现代性：装饰艺术、流线型与工业设计职业,装饰艺术与1925年巴黎博览会,27,B0172,book,Goss：《French art deco》,0.418062,UNREVIEWED,candidate_needs_review
5.1,CH05,第五章　商业现代性：装饰艺术、流线型与工业设计职业,装饰艺术与1925年巴黎博览会,28,B0470,book,"史蒂文·海勒, 西摩·切瓦斯特：《平面设计200年》，2018",0.414746,UNREVIEWED,candidate_needs_review
5.1,CH05,第五章　商业现代性：装饰艺术、流线型与工业设计职业,装饰艺术与1925年巴黎博览会,29,B0044,book,Bevis Hillier：《Art Deco of the 20s and 30s》,0.41245,UNREVIEWED,candidate_needs_review
5.1,CH05,第五章　商业现代性：装饰艺术、流线型与工业设计职业,装饰艺术与1925年巴黎博览会,30,B0291,book,"Margolin, Victor：The Struggle for Utopia：Rodchenko, Lissitzky, Moholy-Nagy, 1917-1946, 1997",0.408754,UNREVIEWED,candidate_needs_review
5.2,CH05,第五章　商业现代性：装饰艺术、流线型与工业设计职业,美国大众消费体系,1,B0206,book,"Jeffrey L. Meikle：《Twentieth Century Limited Industrial Design in America, 1925-1939》，2001",0.534027,UNREVIEWED,candidate_needs_review
5.2,CH05,第五章　商业现代性：装饰艺术、流线型与工业设计职业,美国大众消费体系,2,B0189,book,"Heskett, John：《Industrial design》",0.492935,UNREVIEWED,candidate_needs_review
5.2,CH05,第五章　商业现代性：装饰艺术、流线型与工业设计职业,美国大众消费体系,3,B0101,book,David Raizman：《History of Modern Design》,0.489913,UNREVIEWED,candidate_needs_review
5.2,CH05,第五章　商业现代性：装饰艺术、流线型与工业设计职业,美国大众消费体系,4,B0409,book,Strasser：《Getting and Spending (European and American Consumer Societies in the,0.458503,UNREVIEWED,candidate_needs_review
5.2,CH05,第五章　商业现代性：装饰艺术、流线型与工业设计职业,美国大众消费体系,5,B0410,book,Taste and Power _ Furnishing Modern France -- Leora Auslander -- University of C,0.455464,UNREVIEWED,candidate_needs_review
5.2,CH05,第五章　商业现代性：装饰艺术、流线型与工业设计职业,美国大众消费体系,6,B0288,book,"Margolin, Victor, World History of Design, Volume 1, 2015",0.445395,UNREVIEWED,candidate_needs_review
5.2,CH05,第五章　商业现代性：装饰艺术、流线型与工业设计职业,美国大众消费体系,7,B0225,book,John Heskett：《Industrial Design》，1980,0.438185,UNREVIEWED,candidate_needs_review
5.2,CH05,第五章　商业现代性：装饰艺术、流线型与工业设计职业,美国大众消费体系,8,B0439,book,"Walker, John Albert; Attfield, Judy：Design History and the History of Design, 1989",0.428826,UNREVIEWED,candidate_needs_review
5.2,CH05,第五章　商业现代性：装饰艺术、流线型与工业设计职业,美国大众消费体系,9,B0235,book,Jonathan M. Woodham：《Twentieth Century Design》,0.422223,UNREVIEWED,candidate_needs_review
5.2,CH05,第五章　商业现代性：装饰艺术、流线型与工业设计职业,美国大众消费体系,10,B0345,book,Penny Sparke：《An Introduction to Design and Culture 1900 to the Present》,0.420622,UNREVIEWED,candidate_needs_review
5.2,CH05,第五章　商业现代性：装饰艺术、流线型与工业设计职业,美国大众消费体系,11,B0509,book,英彭妮·斯帕克(Penny Sparke)：《唯有粉红 审美品位的性别政治学》,0.420274,UNREVIEWED,candidate_needs_review
5.2,CH05,第五章　商业现代性：装饰艺术、流线型与工业设计职业,美国大众消费体系,12,B0234,book,Jonathan M. Woodham：《Dictionary of Modern Design》,0.416888,UNREVIEWED,candidate_needs_review
5.2,CH05,第五章　商业现代性：装饰艺术、流线型与工业设计职业,美国大众消费体系,13,B0478,book,大卫·瑞兹曼 (David Raizman)：《现代设计史（第2版）》，2013,0.414834,UNREVIEWED,candidate_needs_review
5.2,CH05,第五章　商业现代性：装饰艺术、流线型与工业设计职业,美国大众消费体系,14,B0038,book,"Bauer, Arnold J：《Goods, power, history Latin Americas material culture》",0.41213,UNREVIEWED,candidate_needs_review
5.2,CH05,第五章　商业现代性：装饰艺术、流线型与工业设计职业,美国大众消费体系,15,B0415,book,"Thackara, John (ed.), Design After Modernism, 1988",0.411156,UNREVIEWED,candidate_needs_review
5.2,CH05,第五章　商业现代性：装饰艺术、流线型与工业设计职业,美国大众消费体系,16,B0075,book,"Charlotte Fiell, Peter Fiell：《Design of the 20th Century》，1999",0.408385,UNREVIEWED,candidate_needs_review
5.2,CH05,第五章　商业现代性：装饰艺术、流线型与工业设计职业,美国大众消费体系,17,B0036,book,"Attfield：《A View from the interior feminism, women, and design》",0.407732,UNREVIEWED,candidate_needs_review
5.2,CH05,第五章　商业现代性：装饰艺术、流线型与工业设计职业,美国大众消费体系,18,B0401,book,Sparke：《An introduction to design and culture _ 1900 to the present，2020》,0.405668,UNREVIEWED,candidate_needs_review
5.2,CH05,第五章　商业现代性：装饰艺术、流线型与工业设计职业,美国大众消费体系,19,B0031,book,Arthur J. Pulos：《American design ethic a history of industrial design to 1940》,0.403654,UNREVIEWED,candidate_needs_review
5.2,CH05,第五章　商业现代性：装饰艺术、流线型与工业设计职业,美国大众消费体系,20,B0205,book,Jeffrey L. Meikle：《Design in the USA》,0.402294,UNREVIEWED,candidate_needs_review
5.2,CH05,第五章　商业现代性：装饰艺术、流线型与工业设计职业,美国大众消费体系,21,B0185,book,Heller：《Paul Rand》,0.399596,UNREVIEWED,candidate_needs_review
5.2,CH05,第五章　商业现代性：装饰艺术、流线型与工业设计职业,美国大众消费体系,22,B0192,book,"Hounshell：《From the American system to mass production, 1800-1932 the developmen",0.39636,UNREVIEWED,candidate_needs_review
5.2,CH05,第五章　商业现代性：装饰艺术、流线型与工业设计职业,美国大众消费体系,23,B0102,book,David Raizman：《History of Modern Design》，2023,0.394911,UNREVIEWED,candidate_needs_review
5.2,CH05,第五章　商业现代性：装饰艺术、流线型与工业设计职业,美国大众消费体系,24,B0066,book,Carroll Gantz：《Founders of American Industrial Design》，2014,0.393529,UNREVIEWED,candidate_needs_review
5.2,CH05,第五章　商业现代性：装饰艺术、流线型与工业设计职业,美国大众消费体系,25,B0162,book,"Gallo, Max：The Poster in History, 1974",0.382701,UNREVIEWED,candidate_needs_review
5.2,CH05,第五章　商业现代性：装饰艺术、流线型与工业设计职业,美国大众消费体系,26,B0022,book,Anne Massey：《Interior Design of the 20th Century》，1990,0.381691,UNREVIEWED,candidate_needs_review
5.2,CH05,第五章　商业现代性：装饰艺术、流线型与工业设计职业,美国大众消费体系,27,B0053,book,Brigitte Borja de Mozota：《Design Management Using Design to Build Brand Value and Corporate Innovation》，2003,0.376824,UNREVIEWED,candidate_needs_review
5.2,CH05,第五章　商业现代性：装饰艺术、流线型与工业设计职业,美国大众消费体系,28,B0289,book,"Margolin, Victor, World History of Design, Volume 2, 2015",0.370249,UNREVIEWED,candidate_needs_review
5.2,CH05,第五章　商业现代性：装饰艺术、流线型与工业设计职业,美国大众消费体系,29,B0012,book,Alastair Duncan：《American Art Deco (1986)》，1986,0.370005,UNREVIEWED,candidate_needs_review
5.2,CH05,第五章　商业现代性：装饰艺术、流线型与工业设计职业,美国大众消费体系,30,B0070,book,"Charles Harvey, Jon Press：《William Morris design and enterprise in Victorian England》",0.36177,UNREVIEWED,candidate_needs_review
5.3,CH05,第五章　商业现代性：装饰艺术、流线型与工业设计职业,经济危机与“销售工程”,1,B0205,book,Jeffrey L. Meikle：《Design in the USA》,0.528118,UNREVIEWED,candidate_needs_review
5.3,CH05,第五章　商业现代性：装饰艺术、流线型与工业设计职业,经济危机与“销售工程”,2,B0206,book,"Jeffrey L. Meikle：《Twentieth Century Limited Industrial Design in America, 1925-1939》，2001",0.518329,UNREVIEWED,candidate_needs_review
5.3,CH05,第五章　商业现代性：装饰艺术、流线型与工业设计职业,经济危机与“销售工程”,3,B0022,book,Anne Massey：《Interior Design of the 20th Century》，1990,0.482514,UNREVIEWED,candidate_needs_review
5.3,CH05,第五章　商业现代性：装饰艺术、流线型与工业设计职业,经济危机与“销售工程”,4,B0066,book,Carroll Gantz：《Founders of American Industrial Design》，2014,0.474152,UNREVIEWED,candidate_needs_review
5.3,CH05,第五章　商业现代性：装饰艺术、流线型与工业设计职业,经济危机与“销售工程”,5,B0149,book,"Epstein, Stephan R.; Prak, Maarten：Guilds, Innovation, and the European Economy, 1400-1800, 2008",0.462393,UNREVIEWED,candidate_needs_review
5.3,CH05,第五章　商业现代性：装饰艺术、流线型与工业设计职业,经济危机与“销售工程”,6,B0509,book,英彭妮·斯帕克(Penny Sparke)：《唯有粉红 审美品位的性别政治学》,0.455686,UNREVIEWED,candidate_needs_review
5.3,CH05,第五章　商业现代性：装饰艺术、流线型与工业设计职业,经济危机与“销售工程”,7,B0162,book,"Gallo, Max：The Poster in History, 1974",0.441952,UNREVIEWED,candidate_needs_review
5.3,CH05,第五章　商业现代性：装饰艺术、流线型与工业设计职业,经济危机与“销售工程”,8,B0157,book,"Forty, Adrian：Objects of Desire, 1986",0.425583,UNREVIEWED,candidate_needs_review
5.3,CH05,第五章　商业现代性：装饰艺术、流线型与工业设计职业,经济危机与“销售工程”,9,B0031,book,Arthur J. Pulos：《American design ethic a history of industrial design to 1940》,0.421732,UNREVIEWED,candidate_needs_review
5.3,CH05,第五章　商业现代性：装饰艺术、流线型与工业设计职业,经济危机与“销售工程”,10,B0235,book,Jonathan M. Woodham：《Twentieth Century Design》,0.417625,UNREVIEWED,candidate_needs_review
5.3,CH05,第五章　商业现代性：装饰艺术、流线型与工业设计职业,经济危机与“销售工程”,11,B0189,book,"Heskett, John：《Industrial design》",0.414288,UNREVIEWED,candidate_needs_review
5.3,CH05,第五章　商业现代性：装饰艺术、流线型与工业设计职业,经济危机与“销售工程”,12,B0401,book,Sparke：《An introduction to design and culture _ 1900 to the present，2020》,0.408233,UNREVIEWED,candidate_needs_review
5.3,CH05,第五章　商业现代性：装饰艺术、流线型与工业设计职业,经济危机与“销售工程”,13,B0510,book,设计与历史的质疑,0.406977,UNREVIEWED,candidate_needs_review
5.3,CH05,第五章　商业现代性：装饰艺术、流线型与工业设计职业,经济危机与“销售工程”,14,B0101,book,David Raizman：《History of Modern Design》,0.403349,UNREVIEWED,candidate_needs_review
5.3,CH05,第五章　商业现代性：装饰艺术、流线型与工业设计职业,经济危机与“销售工程”,15,B0292,book,Margolin：《World history of design》,0.399776,UNREVIEWED,candidate_needs_review
5.3,CH05,第五章　商业现代性：装饰艺术、流线型与工业设计职业,经济危机与“销售工程”,16,B0503,book,王受之：《世界现代设计史》，2015,0.398257,UNREVIEWED,candidate_needs_review
5.3,CH05,第五章　商业现代性：装饰艺术、流线型与工业设计职业,经济危机与“销售工程”,17,B0106,book,Design and the Creation of Value -- John Heskett; Clive Dilnot; Suzan Boztepe --,0.396946,UNREVIEWED,candidate_needs_review
5.3,CH05,第五章　商业现代性：装饰艺术、流线型与工业设计职业,经济危机与“销售工程”,18,B0187,book,Herbert Spencer：《Pioneers of Modern Typography》，1969,0.395578,UNREVIEWED,candidate_needs_review
5.3,CH05,第五章　商业现代性：装饰艺术、流线型与工业设计职业,经济危机与“销售工程”,19,B0346,book,Penny Sparke：《Italian Design 1870 to the Present》，1988,0.395341,UNREVIEWED,candidate_needs_review
5.3,CH05,第五章　商业现代性：装饰艺术、流线型与工业设计职业,经济危机与“销售工程”,20,B0012,book,Alastair Duncan：《American Art Deco (1986)》，1986,0.39529,UNREVIEWED,candidate_needs_review
5.3,CH05,第五章　商业现代性：装饰艺术、流线型与工业设计职业,经济危机与“销售工程”,21,B0234,book,Jonathan M. Woodham：《Dictionary of Modern Design》,0.392277,UNREVIEWED,candidate_needs_review
5.3,CH05,第五章　商业现代性：装饰艺术、流线型与工业设计职业,经济危机与“销售工程”,22,B0151,book,"Ezio Manzini：《Design, When Everybody Designs An Introduction to Design for Social Innovation》，2015",0.389927,UNREVIEWED,candidate_needs_review
5.3,CH05,第五章　商业现代性：装饰艺术、流线型与工业设计职业,经济危机与“销售工程”,23,B0289,book,"Margolin, Victor, World History of Design, Volume 2, 2015",0.387246,UNREVIEWED,candidate_needs_review
5.3,CH05,第五章　商业现代性：装饰艺术、流线型与工业设计职业,经济危机与“销售工程”,24,B0328,book,"Objects of desire ： design and society since 1750 -- Forty, Adrian, 1948- -- New",0.386483,UNREVIEWED,candidate_needs_review
5.3,CH05,第五章　商业现代性：装饰艺术、流线型与工业设计职业,经济危机与“销售工程”,25,B0102,book,David Raizman：《History of Modern Design》，2023,0.384508,UNREVIEWED,candidate_needs_review
5.3,CH05,第五章　商业现代性：装饰艺术、流线型与工业设计职业,经济危机与“销售工程”,26,B0482,book,张夫也：《外国现代设计史》，2009,0.383267,UNREVIEWED,candidate_needs_review
5.3,CH05,第五章　商业现代性：装饰艺术、流线型与工业设计职业,经济危机与“销售工程”,27,B0478,book,大卫·瑞兹曼 (David Raizman)：《现代设计史（第2版）》，2013,0.382658,UNREVIEWED,candidate_needs_review
5.3,CH05,第五章　商业现代性：装饰艺术、流线型与工业设计职业,经济危机与“销售工程”,28,B0075,book,"Charlotte Fiell, Peter Fiell：《Design of the 20th Century》，1999",0.381676,UNREVIEWED,candidate_needs_review
5.3,CH05,第五章　商业现代性：装饰艺术、流线型与工业设计职业,经济危机与“销售工程”,29,B0497,book,柳冠中：《设计方法论》，2011,0.377207,UNREVIEWED,candidate_needs_review
5.3,CH05,第五章　商业现代性：装饰艺术、流线型与工业设计职业,经济危机与“销售工程”,30,B0225,book,John Heskett：《Industrial Design》，1980,0.374572,UNREVIEWED,candidate_needs_review
5.4,CH05,第五章　商业现代性：装饰艺术、流线型与工业设计职业,流线型的媒介迁移,1,B0225,book,John Heskett：《Industrial Design》，1980,0.513703,UNREVIEWED,candidate_needs_review
5.4,CH05,第五章　商业现代性：装饰艺术、流线型与工业设计职业,流线型的媒介迁移,2,B0145,book,Ellen Lupton：《Mechanical Brides Women and Machines from Home to Office》,0.50394,UNREVIEWED,candidate_needs_review
5.4,CH05,第五章　商业现代性：装饰艺术、流线型与工业设计职业,流线型的媒介迁移,3,B0031,book,Arthur J. Pulos：《American design ethic a history of industrial design to 1940》,0.481528,UNREVIEWED,candidate_needs_review
5.4,CH05,第五章　商业现代性：装饰艺术、流线型与工业设计职业,流线型的媒介迁移,4,B0206,book,"Jeffrey L. Meikle：《Twentieth Century Limited Industrial Design in America, 1925-1939》，2001",0.453392,UNREVIEWED,candidate_needs_review
5.4,CH05,第五章　商业现代性：装饰艺术、流线型与工业设计职业,流线型的媒介迁移,5,B0101,book,David Raizman：《History of Modern Design》,0.448385,UNREVIEWED,candidate_needs_review
5.4,CH05,第五章　商业现代性：装饰艺术、流线型与工业设计职业,流线型的媒介迁移,6,B0467,book,世界设计史_II_苏联至二战,0.447176,UNREVIEWED,candidate_needs_review
5.4,CH05,第五章　商业现代性：装饰艺术、流线型与工业设计职业,流线型的媒介迁移,7,B0075,book,"Charlotte Fiell, Peter Fiell：《Design of the 20th Century》，1999",0.442696,UNREVIEWED,candidate_needs_review
5.4,CH05,第五章　商业现代性：装饰艺术、流线型与工业设计职业,流线型的媒介迁移,8,B0066,book,Carroll Gantz：《Founders of American Industrial Design》，2014,0.436866,UNREVIEWED,candidate_needs_review
5.4,CH05,第五章　商业现代性：装饰艺术、流线型与工业设计职业,流线型的媒介迁移,9,B0186,book,Henry Dreyfuss：《Designing for People》，1967,0.428372,UNREVIEWED,candidate_needs_review
5.4,CH05,第五章　商业现代性：装饰艺术、流线型与工业设计职业,流线型的媒介迁移,10,B0053,book,Brigitte Borja de Mozota：《Design Management Using Design to Build Brand Value and Corporate Innovation》，2003,0.426617,UNREVIEWED,candidate_needs_review
5.4,CH05,第五章　商业现代性：装饰艺术、流线型与工业设计职业,流线型的媒介迁移,11,B0189,book,"Heskett, John：《Industrial design》",0.421674,UNREVIEWED,candidate_needs_review
5.4,CH05,第五章　商业现代性：装饰艺术、流线型与工业设计职业,流线型的媒介迁移,12,B0234,book,Jonathan M. Woodham：《Dictionary of Modern Design》,0.420198,UNREVIEWED,candidate_needs_review
5.4,CH05,第五章　商业现代性：装饰艺术、流线型与工业设计职业,流线型的媒介迁移,13,B0157,book,"Forty, Adrian：Objects of Desire, 1986",0.419043,UNREVIEWED,candidate_needs_review
5.4,CH05,第五章　商业现代性：装饰艺术、流线型与工业设计职业,流线型的媒介迁移,14,B0289,book,"Margolin, Victor, World History of Design, Volume 2, 2015",0.414442,UNREVIEWED,candidate_needs_review
5.4,CH05,第五章　商业现代性：装饰艺术、流线型与工业设计职业,流线型的媒介迁移,15,B0507,book,维克多·马格林：《世界设计史2：一战至二战》，2015,0.41171,UNREVIEWED,candidate_needs_review
5.4,CH05,第五章　商业现代性：装饰艺术、流线型与工业设计职业,流线型的媒介迁移,16,B0509,book,英彭妮·斯帕克(Penny Sparke)：《唯有粉红 审美品位的性别政治学》,0.410459,UNREVIEWED,candidate_needs_review
5.4,CH05,第五章　商业现代性：装饰艺术、流线型与工业设计职业,流线型的媒介迁移,17,B0478,book,大卫·瑞兹曼 (David Raizman)：《现代设计史（第2版）》，2013,0.408925,UNREVIEWED,candidate_needs_review
5.4,CH05,第五章　商业现代性：装饰艺术、流线型与工业设计职业,流线型的媒介迁移,18,B0102,book,David Raizman：《History of Modern Design》，2023,0.408211,UNREVIEWED,candidate_needs_review
5.4,CH05,第五章　商业现代性：装饰艺术、流线型与工业设计职业,流线型的媒介迁移,19,B0482,book,张夫也：《外国现代设计史》，2009,0.407665,UNREVIEWED,candidate_needs_review
5.4,CH05,第五章　商业现代性：装饰艺术、流线型与工业设计职业,流线型的媒介迁移,20,B0160,book,Fuad-Luke：《The eco-design handbook a complete sourcebook for the home and office》,0.407183,UNREVIEWED,candidate_needs_review
5.4,CH05,第五章　商业现代性：装饰艺术、流线型与工业设计职业,流线型的媒介迁移,21,B0401,book,Sparke：《An introduction to design and culture _ 1900 to the present，2020》,0.406211,UNREVIEWED,candidate_needs_review
5.4,CH05,第五章　商业现代性：装饰艺术、流线型与工业设计职业,流线型的媒介迁移,22,B0328,book,"Objects of desire ： design and society since 1750 -- Forty, Adrian, 1948- -- New",0.405804,UNREVIEWED,candidate_needs_review
5.4,CH05,第五章　商业现代性：装饰艺术、流线型与工业设计职业,流线型的媒介迁移,23,B0230,book,John Thackara：《In the Bubble Designing in a Complex World》，2005,0.394422,UNREVIEWED,candidate_needs_review
5.4,CH05,第五章　商业现代性：装饰艺术、流线型与工业设计职业,流线型的媒介迁移,24,B0073,book,"Charlotte Benton, Tim Benton：《Art Deco 1910–1939》",0.391528,UNREVIEWED,candidate_needs_review
5.4,CH05,第五章　商业现代性：装饰艺术、流线型与工业设计职业,流线型的媒介迁移,25,B0226,book,John Heskett：《Toothpicks and Logos Design in Everyday Life》,0.391034,UNREVIEWED,candidate_needs_review
5.4,CH05,第五章　商业现代性：装饰艺术、流线型与工业设计职业,流线型的媒介迁移,26,B0503,book,王受之：《世界现代设计史》，2015,0.389671,UNREVIEWED,candidate_needs_review
5.4,CH05,第五章　商业现代性：装饰艺术、流线型与工业设计职业,流线型的媒介迁移,27,B0108,book,"Design discourse _ history, theory, criticism -- Margolin, Victor, 1941- -- Chic",0.384449,UNREVIEWED,candidate_needs_review
5.4,CH05,第五章　商业现代性：装饰艺术、流线型与工业设计职业,流线型的媒介迁移,28,B0012,book,Alastair Duncan：《American Art Deco (1986)》，1986,0.383984,UNREVIEWED,candidate_needs_review
5.4,CH05,第五章　商业现代性：装饰艺术、流线型与工业设计职业,流线型的媒介迁移,29,B0229,book,"John Pile, Judith Gura, Drew Plunkett：《A History of Interior Design, 5th Edition》，2023",0.380389,UNREVIEWED,candidate_needs_review
5.4,CH05,第五章　商业现代性：装饰艺术、流线型与工业设计职业,流线型的媒介迁移,30,B0515,book,阿德里安·福蒂：《欲求之物：1750年以来的设计与社会》，2001,0.374655,UNREVIEWED,candidate_needs_review
5.5,CH05,第五章　商业现代性：装饰艺术、流线型与工业设计职业,工业设计职业的形成,1,B0401,book,Sparke：《An introduction to design and culture _ 1900 to the present，2020》,0.570744,UNREVIEWED,candidate_needs_review
5.5,CH05,第五章　商业现代性：装饰艺术、流线型与工业设计职业,工业设计职业的形成,2,B0345,book,Penny Sparke：《An Introduction to Design and Culture 1900 to the Present》,0.52219,UNREVIEWED,candidate_needs_review
5.5,CH05,第五章　商业现代性：装饰艺术、流线型与工业设计职业,工业设计职业的形成,3,B0291,book,"Margolin, Victor：The Struggle for Utopia：Rodchenko, Lissitzky, Moholy-Nagy, 1917-1946, 1997",0.504596,UNREVIEWED,candidate_needs_review
5.5,CH05,第五章　商业现代性：装饰艺术、流线型与工业设计职业,工业设计职业的形成,4,B0433,book,Victor Margolin：《World History of Design World War I to World War II》,0.499938,UNREVIEWED,candidate_needs_review
5.5,CH05,第五章　商业现代性：装饰艺术、流线型与工业设计职业,工业设计职业的形成,5,B0254,book,"Kathryn Best：《Design Management Managing Design Strategy, Process and Implementation》",0.484729,UNREVIEWED,candidate_needs_review
5.5,CH05,第五章　商业现代性：装饰艺术、流线型与工业设计职业,工业设计职业的形成,6,B0242,book,Julier：《The culture of design，2018》,0.483701,UNREVIEWED,candidate_needs_review
5.5,CH05,第五章　商业现代性：装饰艺术、流线型与工业设计职业,工业设计职业的形成,7,P0067,paper,The Politics of the Artificial _ Essays on Design and Design -- Victor Margolin,0.483684,UNREVIEWED,candidate_needs_review
5.5,CH05,第五章　商业现代性：装饰艺术、流线型与工业设计职业,工业设计职业的形成,8,B0400,book,"Sparke, Penny：《An introduction to design and culture 1900 to the present》",0.482857,UNREVIEWED,candidate_needs_review
5.5,CH05,第五章　商业现代性：装饰艺术、流线型与工业设计职业,工业设计职业的形成,9,B0053,book,Brigitte Borja de Mozota：《Design Management Using Design to Build Brand Value and Corporate Innovation》，2003,0.481988,UNREVIEWED,candidate_needs_review
5.5,CH05,第五章　商业现代性：装饰艺术、流线型与工业设计职业,工业设计职业的形成,10,B0467,book,世界设计史_II_苏联至二战,0.475855,UNREVIEWED,candidate_needs_review
5.5,CH05,第五章　商业现代性：装饰艺术、流线型与工业设计职业,工业设计职业的形成,11,B0507,book,维克多·马格林：《世界设计史2：一战至二战》，2015,0.455992,UNREVIEWED,candidate_needs_review
5.5,CH05,第五章　商业现代性：装饰艺术、流线型与工业设计职业,工业设计职业的形成,12,B0206,book,"Jeffrey L. Meikle：《Twentieth Century Limited Industrial Design in America, 1925-1939》，2001",0.441901,UNREVIEWED,candidate_needs_review
5.5,CH05,第五章　商业现代性：装饰艺术、流线型与工业设计职业,工业设计职业的形成,13,B0185,book,Heller：《Paul Rand》,0.441641,UNREVIEWED,candidate_needs_review
5.5,CH05,第五章　商业现代性：装饰艺术、流线型与工业设计职业,工业设计职业的形成,14,B0066,book,Carroll Gantz：《Founders of American Industrial Design》，2014,0.4406,UNREVIEWED,candidate_needs_review
5.5,CH05,第五章　商业现代性：装饰艺术、流线型与工业设计职业,工业设计职业的形成,15,B0225,book,John Heskett：《Industrial Design》，1980,0.429436,UNREVIEWED,candidate_needs_review
5.5,CH05,第五章　商业现代性：装饰艺术、流线型与工业设计职业,工业设计职业的形成,16,B0022,book,Anne Massey：《Interior Design of the 20th Century》，1990,0.428234,UNREVIEWED,candidate_needs_review
5.5,CH05,第五章　商业现代性：装饰艺术、流线型与工业设计职业,工业设计职业的形成,17,B0075,book,"Charlotte Fiell, Peter Fiell：《Design of the 20th Century》，1999",0.424816,UNREVIEWED,candidate_needs_review
5.5,CH05,第五章　商业现代性：装饰艺术、流线型与工业设计职业,工业设计职业的形成,18,B0503,book,王受之：《世界现代设计史》，2015,0.423249,UNREVIEWED,candidate_needs_review
5.5,CH05,第五章　商业现代性：装饰艺术、流线型与工业设计职业,工业设计职业的形成,19,B0473,book,周博：《现代设计伦理思想史》，2014,0.420916,UNREVIEWED,candidate_needs_review
5.5,CH05,第五章　商业现代性：装饰艺术、流线型与工业设计职业,工业设计职业的形成,20,B0235,book,Jonathan M. Woodham：《Twentieth Century Design》,0.419888,UNREVIEWED,candidate_needs_review
5.5,CH05,第五章　商业现代性：装饰艺术、流线型与工业设计职业,工业设计职业的形成,21,B0468,book,何人可：《工业设计史(第四版)》，2010,0.418998,UNREVIEWED,candidate_needs_review
5.5,CH05,第五章　商业现代性：装饰艺术、流线型与工业设计职业,工业设计职业的形成,22,B0357,book,"Rachel Davies-Cooper, Mike Press：《The Design Agenda》，1995",0.413233,UNREVIEWED,candidate_needs_review
5.5,CH05,第五章　商业现代性：装饰艺术、流线型与工业设计职业,工业设计职业的形成,23,B0234,book,Jonathan M. Woodham：《Dictionary of Modern Design》,0.412007,UNREVIEWED,candidate_needs_review
5.5,CH05,第五章　商业现代性：装饰艺术、流线型与工业设计职业,工业设计职业的形成,24,B0329,book,Olins：《Corporate identity making business strategy visible through design》,0.410449,UNREVIEWED,candidate_needs_review
5.5,CH05,第五章　商业现代性：装饰艺术、流线型与工业设计职业,工业设计职业的形成,25,B0189,book,"Heskett, John：《Industrial design》",0.404448,UNREVIEWED,candidate_needs_review
5.5,CH05,第五章　商业现代性：装饰艺术、流线型与工业设计职业,工业设计职业的形成,26,B0102,book,David Raizman：《History of Modern Design》，2023,0.403633,UNREVIEWED,candidate_needs_review
5.5,CH05,第五章　商业现代性：装饰艺术、流线型与工业设计职业,工业设计职业的形成,27,B0253,book,Kathryn B Hiesinger：《JAPANESE DESIGN A SURVEY SINCE 1950》,0.398258,UNREVIEWED,candidate_needs_review
5.5,CH05,第五章　商业现代性：装饰艺术、流线型与工业设计职业,工业设计职业的形成,28,B0432,book,"Victor Margolin：《Design discourse history, theory, criticism》",0.396477,UNREVIEWED,candidate_needs_review
5.5,CH05,第五章　商业现代性：装饰艺术、流线型与工业设计职业,工业设计职业的形成,29,B0103,book,Dennis P. Doordan：《Design History An Anthology》,0.395705,UNREVIEWED,candidate_needs_review
5.5,CH05,第五章　商业现代性：装饰艺术、流线型与工业设计职业,工业设计职业的形成,30,B0509,book,英彭妮·斯帕克(Penny Sparke)：《唯有粉红 审美品位的性别政治学》,0.393598,UNREVIEWED,candidate_needs_review
5.6,CH05,第五章　商业现代性：装饰艺术、流线型与工业设计职业,人体测量、家务与效率,1,B0328,book,"Objects of desire ： design and society since 1750 -- Forty, Adrian, 1948- -- New",0.577347,UNREVIEWED,candidate_needs_review
5.6,CH05,第五章　商业现代性：装饰艺术、流线型与工业设计职业,人体测量、家务与效率,2,B0145,book,Ellen Lupton：《Mechanical Brides Women and Machines from Home to Office》,0.545742,UNREVIEWED,candidate_needs_review
5.6,CH05,第五章　商业现代性：装饰艺术、流线型与工业设计职业,人体测量、家务与效率,3,B0515,book,阿德里安·福蒂：《欲求之物：1750年以来的设计与社会》，2001,0.514196,UNREVIEWED,candidate_needs_review
5.6,CH05,第五章　商业现代性：装饰艺术、流线型与工业设计职业,人体测量、家务与效率,4,B0225,book,John Heskett：《Industrial Design》，1980,0.493211,UNREVIEWED,candidate_needs_review
5.6,CH05,第五章　商业现代性：装饰艺术、流线型与工业设计职业,人体测量、家务与效率,5,B0189,book,"Heskett, John：《Industrial design》",0.487189,UNREVIEWED,candidate_needs_review
5.6,CH05,第五章　商业现代性：装饰艺术、流线型与工业设计职业,人体测量、家务与效率,6,B0235,book,Jonathan M. Woodham：《Twentieth Century Design》,0.483931,UNREVIEWED,candidate_needs_review
5.6,CH05,第五章　商业现代性：装饰艺术、流线型与工业设计职业,人体测量、家务与效率,7,B0157,book,"Forty, Adrian：Objects of Desire, 1986",0.468284,UNREVIEWED,candidate_needs_review
5.6,CH05,第五章　商业现代性：装饰艺术、流线型与工业设计职业,人体测量、家务与效率,8,B0186,book,Henry Dreyfuss：《Designing for People》，1967,0.436749,UNREVIEWED,candidate_needs_review
5.6,CH05,第五章　商业现代性：装饰艺术、流线型与工业设计职业,人体测量、家务与效率,9,B0234,book,Jonathan M. Woodham：《Dictionary of Modern Design》,0.436261,UNREVIEWED,candidate_needs_review
5.6,CH05,第五章　商业现代性：装饰艺术、流线型与工业设计职业,人体测量、家务与效率,10,B0473,book,周博：《现代设计伦理思想史》，2014,0.424702,UNREVIEWED,candidate_needs_review
5.6,CH05,第五章　商业现代性：装饰艺术、流线型与工业设计职业,人体测量、家务与效率,11,B0466,book,世界设计史_I_史前至一战,0.42244,UNREVIEWED,candidate_needs_review
5.6,CH05,第五章　商业现代性：装饰艺术、流线型与工业设计职业,人体测量、家务与效率,12,B0102,book,David Raizman：《History of Modern Design》，2023,0.410273,UNREVIEWED,candidate_needs_review
5.6,CH05,第五章　商业现代性：装饰艺术、流线型与工业设计职业,人体测量、家务与效率,13,B0509,book,英彭妮·斯帕克(Penny Sparke)：《唯有粉红 审美品位的性别政治学》,0.408157,UNREVIEWED,candidate_needs_review
5.6,CH05,第五章　商业现代性：装饰艺术、流线型与工业设计职业,人体测量、家务与效率,14,B0292,book,Margolin：《World history of design》,0.400782,UNREVIEWED,candidate_needs_review
5.6,CH05,第五章　商业现代性：装饰艺术、流线型与工业设计职业,人体测量、家务与效率,15,B0512,book,赵江洪：《设计艺术的含义》，1999,0.399644,UNREVIEWED,candidate_needs_review
5.6,CH05,第五章　商业现代性：装饰艺术、流线型与工业设计职业,人体测量、家务与效率,16,B0401,book,Sparke：《An introduction to design and culture _ 1900 to the present，2020》,0.399152,UNREVIEWED,candidate_needs_review
5.6,CH05,第五章　商业现代性：装饰艺术、流线型与工业设计职业,人体测量、家务与效率,17,B0108,book,"Design discourse _ history, theory, criticism -- Margolin, Victor, 1941- -- Chic",0.397781,UNREVIEWED,candidate_needs_review
5.6,CH05,第五章　商业现代性：装饰艺术、流线型与工业设计职业,人体测量、家务与效率,18,B0460,book,"Wolfgang F. E. Preiser, Elaine Ostroff：《Universal Design Handbook》，2001",0.397596,UNREVIEWED,candidate_needs_review
5.6,CH05,第五章　商业现代性：装饰艺术、流线型与工业设计职业,人体测量、家务与效率,19,B0066,book,Carroll Gantz：《Founders of American Industrial Design》，2014,0.397497,UNREVIEWED,candidate_needs_review
5.6,CH05,第五章　商业现代性：装饰艺术、流线型与工业设计职业,人体测量、家务与效率,20,B0478,book,大卫·瑞兹曼 (David Raizman)：《现代设计史（第2版）》，2013,0.390656,UNREVIEWED,candidate_needs_review
5.6,CH05,第五章　商业现代性：装饰艺术、流线型与工业设计职业,人体测量、家务与效率,21,B0101,book,David Raizman：《History of Modern Design》,0.389557,UNREVIEWED,candidate_needs_review
5.6,CH05,第五章　商业现代性：装饰艺术、流线型与工业设计职业,人体测量、家务与效率,22,B0206,book,"Jeffrey L. Meikle：《Twentieth Century Limited Industrial Design in America, 1925-1939》，2001",0.386491,UNREVIEWED,candidate_needs_review
5.6,CH05,第五章　商业现代性：装饰艺术、流线型与工业设计职业,人体测量、家务与效率,23,B0345,book,Penny Sparke：《An Introduction to Design and Culture 1900 to the Present》,0.38605,UNREVIEWED,candidate_needs_review
5.6,CH05,第五章　商业现代性：装饰艺术、流线型与工业设计职业,人体测量、家务与效率,24,B0503,book,王受之：《世界现代设计史》，2015,0.385102,UNREVIEWED,candidate_needs_review
5.6,CH05,第五章　商业现代性：装饰艺术、流线型与工业设计职业,人体测量、家务与效率,25,B0053,book,Brigitte Borja de Mozota：《Design Management Using Design to Build Brand Value and Corporate Innovation》，2003,0.379349,UNREVIEWED,candidate_needs_review
5.6,CH05,第五章　商业现代性：装饰艺术、流线型与工业设计职业,人体测量、家务与效率,26,B0138,book,"Edward Steinfeld, Jordana Maisel：《Universal Design Creating Inclusive Environments》，2012",0.368422,UNREVIEWED,candidate_needs_review
5.6,CH05,第五章　商业现代性：装饰艺术、流线型与工业设计职业,人体测量、家务与效率,27,B0076,book,"Charlotte Fiell, Peter Fiell：《Scandinavian Design》，2002",0.367548,UNREVIEWED,candidate_needs_review
5.6,CH05,第五章　商业现代性：装饰艺术、流线型与工业设计职业,人体测量、家务与效率,28,B0376,book,"Roland Marchand：《Advertising and the American dream - Making way for modernity, 1920-1940》",0.362492,UNREVIEWED,candidate_needs_review
5.6,CH05,第五章　商业现代性：装饰艺术、流线型与工业设计职业,人体测量、家务与效率,29,B0458,book,Witold Rybczynski：《Home A Short History of an Idea》，1986,0.362453,UNREVIEWED,candidate_needs_review
5.6,CH05,第五章　商业现代性：装饰艺术、流线型与工业设计职业,人体测量、家务与效率,30,B0074,book,"Charlotte Fiell, Peter Fiell：《1000 Chairs》",0.362125,UNREVIEWED,candidate_needs_review
5.7,CH05,第五章　商业现代性：装饰艺术、流线型与工业设计职业,商业设计的伦理争议,1,B0058,book,"Buchanan, Richard; Margolin, Victor (eds.), Discovering Design, 1995",0.479059,UNREVIEWED,candidate_needs_review
5.7,CH05,第五章　商业现代性：装饰艺术、流线型与工业设计职业,商业设计的伦理争议,2,B0108,book,"Design discourse _ history, theory, criticism -- Margolin, Victor, 1941- -- Chic",0.478672,UNREVIEWED,candidate_needs_review
5.7,CH05,第五章　商业现代性：装饰艺术、流线型与工业设计职业,商业设计的伦理争议,3,P0015,paper,Cameron Tonkinwise：《Is Design Finished？ Dematerialisation and Changing Things》，2004,0.474047,UNREVIEWED,candidate_needs_review
5.7,CH05,第五章　商业现代性：装饰艺术、流线型与工业设计职业,商业设计的伦理争议,4,B0206,book,"Jeffrey L. Meikle：《Twentieth Century Limited Industrial Design in America, 1925-1939》，2001",0.472068,UNREVIEWED,candidate_needs_review
5.7,CH05,第五章　商业现代性：装饰艺术、流线型与工业设计职业,商业设计的伦理争议,5,P0021,paper,"Design history _ an anthology -- Doordan, Dennis P -- A Design issues reader, Ca",0.449889,UNREVIEWED,candidate_needs_review
5.7,CH05,第五章　商业现代性：装饰艺术、流线型与工业设计职业,商业设计的伦理争议,6,B0066,book,Carroll Gantz：《Founders of American Industrial Design》，2014,0.435931,UNREVIEWED,candidate_needs_review
5.7,CH05,第五章　商业现代性：装饰艺术、流线型与工业设计职业,商业设计的伦理争议,7,B0101,book,David Raizman：《History of Modern Design》,0.404779,UNREVIEWED,candidate_needs_review
5.7,CH05,第五章　商业现代性：装饰艺术、流线型与工业设计职业,商业设计的伦理争议,8,P0012,paper,Buchanan：《Discovering design explorations in design studies》,0.402193,UNREVIEWED,candidate_needs_review
5.7,CH05,第五章　商业现代性：装饰艺术、流线型与工业设计职业,商业设计的伦理争议,9,B0235,book,Jonathan M. Woodham：《Twentieth Century Design》,0.398529,UNREVIEWED,candidate_needs_review
5.7,CH05,第五章　商业现代性：装饰艺术、流线型与工业设计职业,商业设计的伦理争议,10,P0020,paper,"Design and the Construction of Publics -- DiSalvo, Carl -- Design Issues, #1, 25",0.398158,UNREVIEWED,candidate_needs_review
5.7,CH05,第五章　商业现代性：装饰艺术、流线型与工业设计职业,商业设计的伦理争议,11,B0075,book,"Charlotte Fiell, Peter Fiell：《Design of the 20th Century》，1999",0.397026,UNREVIEWED,candidate_needs_review
5.7,CH05,第五章　商业现代性：装饰艺术、流线型与工业设计职业,商业设计的伦理争议,12,B0431,book,Vance Packard：《The Waste Makers》，1960,0.395822,UNREVIEWED,candidate_needs_review
5.7,CH05,第五章　商业现代性：装饰艺术、流线型与工业设计职业,商业设计的伦理争议,13,B0225,book,John Heskett：《Industrial Design》，1980,0.393413,UNREVIEWED,candidate_needs_review
5.7,CH05,第五章　商业现代性：装饰艺术、流线型与工业设计职业,商业设计的伦理争议,14,B0053,book,Brigitte Borja de Mozota：《Design Management Using Design to Build Brand Value and Corporate Innovation》，2003,0.392651,UNREVIEWED,candidate_needs_review
5.7,CH05,第五章　商业现代性：装饰艺术、流线型与工业设计职业,商业设计的伦理争议,15,B0008,book,Adolf Loos：《Ornament and Crime》，2019,0.390258,UNREVIEWED,candidate_needs_review
5.7,CH05,第五章　商业现代性：装饰艺术、流线型与工业设计职业,商业设计的伦理争议,16,B0328,book,"Objects of desire ： design and society since 1750 -- Forty, Adrian, 1948- -- New",0.390142,UNREVIEWED,candidate_needs_review
5.7,CH05,第五章　商业现代性：装饰艺术、流线型与工业设计职业,商业设计的伦理争议,17,B0102,book,David Raizman：《History of Modern Design》，2023,0.38947,UNREVIEWED,candidate_needs_review
5.7,CH05,第五章　商业现代性：装饰艺术、流线型与工业设计职业,商业设计的伦理争议,18,B0031,book,Arthur J. Pulos：《American design ethic a history of industrial design to 1940》,0.388368,UNREVIEWED,candidate_needs_review
5.7,CH05,第五章　商业现代性：装饰艺术、流线型与工业设计职业,商业设计的伦理争议,19,B0345,book,Penny Sparke：《An Introduction to Design and Culture 1900 to the Present》,0.387119,UNREVIEWED,candidate_needs_review
5.7,CH05,第五章　商业现代性：装饰艺术、流线型与工业设计职业,商业设计的伦理争议,20,B0292,book,Margolin：《World history of design》,0.385913,UNREVIEWED,candidate_needs_review
5.7,CH05,第五章　商业现代性：装饰艺术、流线型与工业设计职业,商业设计的伦理争议,21,B0401,book,Sparke：《An introduction to design and culture _ 1900 to the present，2020》,0.38282,UNREVIEWED,candidate_needs_review
5.7,CH05,第五章　商业现代性：装饰艺术、流线型与工业设计职业,商业设计的伦理争议,22,B0291,book,"Margolin, Victor：The Struggle for Utopia：Rodchenko, Lissitzky, Moholy-Nagy, 1917-1946, 1997",0.382574,UNREVIEWED,candidate_needs_review
5.7,CH05,第五章　商业现代性：装饰艺术、流线型与工业设计职业,商业设计的伦理争议,23,B0022,book,Anne Massey：《Interior Design of the 20th Century》，1990,0.381954,UNREVIEWED,candidate_needs_review
5.7,CH05,第五章　商业现代性：装饰艺术、流线型与工业设计职业,商业设计的伦理争议,24,B0273,book,"Lees-Maffei, Grace; Houze, Rebecca (eds.)：The Design History Reader, 2010",0.38094,UNREVIEWED,candidate_needs_review
5.7,CH05,第五章　商业现代性：装饰艺术、流线型与工业设计职业,商业设计的伦理争议,25,B0440,book,Walker：《Design History and the History of Design》,0.380574,UNREVIEWED,candidate_needs_review
5.7,CH05,第五章　商业现代性：装饰艺术、流线型与工业设计职业,商业设计的伦理争议,26,B0507,book,维克多·马格林：《世界设计史2：一战至二战》，2015,0.379119,UNREVIEWED,candidate_needs_review
5.7,CH05,第五章　商业现代性：装饰艺术、流线型与工业设计职业,商业设计的伦理争议,27,B0493,book,杭间：《中国工艺美学史(第三版修订本)》，2018,0.378771,UNREVIEWED,candidate_needs_review
5.7,CH05,第五章　商业现代性：装饰艺术、流线型与工业设计职业,商业设计的伦理争议,28,B0498,book,梁梅：《世界现代设计史》，2013,0.377076,UNREVIEWED,candidate_needs_review
5.7,CH05,第五章　商业现代性：装饰艺术、流线型与工业设计职业,商业设计的伦理争议,29,B0205,book,Jeffrey L. Meikle：《Design in the USA》,0.375056,UNREVIEWED,candidate_needs_review
5.7,CH05,第五章　商业现代性：装饰艺术、流线型与工业设计职业,商业设计的伦理争议,30,B0174,book,Graham Pullin：《Design Meets Disability》，2009,0.374231,UNREVIEWED,candidate_needs_review
6.1,CH06,第六章　东亚转译与中国现代设计的形成（1895—1949）,概念前史,1,B0494,book,杭间：《手艺的思想(修订版)》，2017,0.52353,UNREVIEWED,candidate_needs_review
6.1,CH06,第六章　东亚转译与中国现代设计的形成（1895—1949）,概念前史,2,B0493,book,杭间：《中国工艺美学史(第三版修订本)》，2018,0.50061,UNREVIEWED,candidate_needs_review
6.1,CH06,第六章　东亚转译与中国现代设计的形成（1895—1949）,概念前史,3,B0505,book,移动的美术馆 20世纪初中国的书籍装帧设计与商业美术,0.467006,UNREVIEWED,candidate_needs_review
6.1,CH06,第六章　东亚转译与中国现代设计的形成（1895—1949）,概念前史,4,B0500,book,沈榆：《观念的演进：中国现代设计史》，2021,0.4616,UNREVIEWED,candidate_needs_review
6.1,CH06,第六章　东亚转译与中国现代设计的形成（1895—1949）,概念前史,5,B0482,book,张夫也：《外国现代设计史》，2009,0.453467,UNREVIEWED,candidate_needs_review
6.1,CH06,第六章　东亚转译与中国现代设计的形成（1895—1949）,概念前史,6,B0292,book,Margolin：《World history of design》,0.447688,UNREVIEWED,candidate_needs_review
6.1,CH06,第六章　东亚转译与中国现代设计的形成（1895—1949）,概念前史,7,B0103,book,Dennis P. Doordan：《Design History An Anthology》,0.437893,UNREVIEWED,candidate_needs_review
6.1,CH06,第六章　东亚转译与中国现代设计的形成（1895—1949）,概念前史,8,B0465,book,万长林：《香港平面设计史》，2012,0.42453,UNREVIEWED,candidate_needs_review
6.1,CH06,第六章　东亚转译与中国现代设计的形成（1895—1949）,概念前史,9,B0289,book,"Margolin, Victor, World History of Design, Volume 2, 2015",0.422065,UNREVIEWED,candidate_needs_review
6.1,CH06,第六章　东亚转译与中国现代设计的形成（1895—1949）,概念前史,10,B0506,book,维克多·马格林：《世界设计史1：史前至一战》，2015,0.421352,UNREVIEWED,candidate_needs_review
6.1,CH06,第六章　东亚转译与中国现代设计的形成（1895—1949）,概念前史,11,B0517,book,靳埭强：《中国现代设计与包豪斯＝BAUHAUS CHINESE MODERN DESIGN》,0.416344,UNREVIEWED,candidate_needs_review
6.1,CH06,第六章　东亚转译与中国现代设计的形成（1895—1949）,概念前史,12,B0476,book,夏燕靖：《中国艺术设计史(升级版)》，2017,0.41383,UNREVIEWED,candidate_needs_review
6.1,CH06,第六章　东亚转译与中国现代设计的形成（1895—1949）,概念前史,13,B0197,book,"James H. Fraser, Steven Heller：《Japanese Modern Graphic Design Between the Wars》，1996",0.41059,UNREVIEWED,candidate_needs_review
6.1,CH06,第六章　东亚转译与中国现代设计的形成（1895—1949）,概念前史,14,B0168,book,"Gillian Naylor：《The arts and crafts movement a study of its sources, ideals and influence on design theory》",0.409289,UNREVIEWED,candidate_needs_review
6.1,CH06,第六章　东亚转译与中国现代设计的形成（1895—1949）,概念前史,15,B0492,book,"杭间, 靳埭强, 胡恩威：《包豪斯道路：历史、遗泽、世界与中国》，2010",0.407746,UNREVIEWED,candidate_needs_review
6.1,CH06,第六章　东亚转译与中国现代设计的形成（1895—1949）,概念前史,16,B0507,book,维克多·马格林：《世界设计史2：一战至二战》，2015,0.405707,UNREVIEWED,candidate_needs_review
6.1,CH06,第六章　东亚转译与中国现代设计的形成（1895—1949）,概念前史,17,B0472,book,周博：《断裂与绵延：中国现代设计史研究》，2019,0.401474,UNREVIEWED,candidate_needs_review
6.1,CH06,第六章　东亚转译与中国现代设计的形成（1895—1949）,概念前史,18,B0398,book,"Sparke, Penny, An Introduction to Design and Culture, 1986",0.397621,UNREVIEWED,candidate_needs_review
6.1,CH06,第六章　东亚转译与中国现代设计的形成（1895—1949）,概念前史,19,B0486,book,朱和平：《世界现代设计史》，2004,0.39662,UNREVIEWED,candidate_needs_review
6.1,CH06,第六章　东亚转译与中国现代设计的形成（1895—1949）,概念前史,20,B0022,book,Anne Massey：《Interior Design of the 20th Century》，1990,0.393241,UNREVIEWED,candidate_needs_review
6.1,CH06,第六章　东亚转译与中国现代设计的形成（1895—1949）,概念前史,21,B0485,book,曹小鸥：《中国现代设计思想：生活、启蒙、变迁》，2018,0.392887,UNREVIEWED,candidate_needs_review
6.1,CH06,第六章　东亚转译与中国现代设计的形成（1895—1949）,概念前史,22,B0467,book,世界设计史_II_苏联至二战,0.390826,UNREVIEWED,candidate_needs_review
6.1,CH06,第六章　东亚转译与中国现代设计的形成（1895—1949）,概念前史,23,B0101,book,David Raizman：《History of Modern Design》,0.390298,UNREVIEWED,candidate_needs_review
6.1,CH06,第六章　东亚转译与中国现代设计的形成（1895—1949）,概念前史,24,B0516,book,"霍维国, 霍光：《中国室内设计史(第2版)》，2015",0.384846,UNREVIEWED,candidate_needs_review
6.1,CH06,第六章　东亚转译与中国现代设计的形成（1895—1949）,概念前史,25,B0477,book,夏燕靖：《中国艺术设计史》,0.384759,UNREVIEWED,candidate_needs_review
6.1,CH06,第六章　东亚转译与中国现代设计的形成（1895—1949）,概念前史,26,B0069,book,"Catriona Kelly, David Shepherd：《Constructing Russian culture in the age of revolution, 1881-1940》",0.383811,UNREVIEWED,candidate_needs_review
6.1,CH06,第六章　东亚转译与中国现代设计的形成（1895—1949）,概念前史,27,B0102,book,David Raizman：《History of Modern Design》，2023,0.381556,UNREVIEWED,candidate_needs_review
6.1,CH06,第六章　东亚转译与中国现代设计的形成（1895—1949）,概念前史,28,B0498,book,梁梅：《世界现代设计史》，2013,0.380494,UNREVIEWED,candidate_needs_review
6.1,CH06,第六章　东亚转译与中国现代设计的形成（1895—1949）,概念前史,29,B0503,book,王受之：《世界现代设计史》，2015,0.379003,UNREVIEWED,candidate_needs_review
6.1,CH06,第六章　东亚转译与中国现代设计的形成（1895—1949）,概念前史,30,B0461,book,World History Of Design - Volume 2_ World War I To World War -- Victor Margolin,0.378028,UNREVIEWED,candidate_needs_review
6.2,CH06,第六章　东亚转译与中国现代设计的形成（1895—1949）,晚清工业、博览会与国货意识,1,B0500,book,沈榆：《观念的演进：中国现代设计史》，2021,0.521614,UNREVIEWED,candidate_needs_review
6.2,CH06,第六章　东亚转译与中国现代设计的形成（1895—1949）,晚清工业、博览会与国货意识,2,B0505,book,移动的美术馆 20世纪初中国的书籍装帧设计与商业美术,0.421573,UNREVIEWED,candidate_needs_review
6.2,CH06,第六章　东亚转译与中国现代设计的形成（1895—1949）,晚清工业、博览会与国货意识,3,B0485,book,曹小鸥：《中国现代设计思想：生活、启蒙、变迁》，2018,0.413124,UNREVIEWED,candidate_needs_review
6.2,CH06,第六章　东亚转译与中国现代设计的形成（1895—1949）,晚清工业、博览会与国货意识,4,B0495,book,杭间：《设计道：中国设计的基本问题》，2008,0.375451,UNREVIEWED,candidate_needs_review
6.2,CH06,第六章　东亚转译与中国现代设计的形成（1895—1949）,晚清工业、博览会与国货意识,5,B0461,book,World History Of Design - Volume 2_ World War I To World War -- Victor Margolin,0.372922,UNREVIEWED,candidate_needs_review
6.2,CH06,第六章　东亚转译与中国现代设计的形成（1895—1949）,晚清工业、博览会与国货意识,6,B0493,book,杭间：《中国工艺美学史(第三版修订本)》，2018,0.341991,UNREVIEWED,candidate_needs_review
6.2,CH06,第六章　东亚转译与中国现代设计的形成（1895—1949）,晚清工业、博览会与国货意识,7,B0472,book,周博：《断裂与绵延：中国现代设计史研究》，2019,0.334727,UNREVIEWED,candidate_needs_review
6.2,CH06,第六章　东亚转译与中国现代设计的形成（1895—1949）,晚清工业、博览会与国货意识,8,B0031,book,Arthur J. Pulos：《American design ethic a history of industrial design to 1940》,0.31968,UNREVIEWED,candidate_needs_review
6.2,CH06,第六章　东亚转译与中国现代设计的形成（1895—1949）,晚清工业、博览会与国货意识,9,B0289,book,"Margolin, Victor, World History of Design, Volume 2, 2015",0.316773,UNREVIEWED,candidate_needs_review
6.2,CH06,第六章　东亚转译与中国现代设计的形成（1895—1949）,晚清工业、博览会与国货意识,10,B0507,book,维克多·马格林：《世界设计史2：一战至二战》，2015,0.307791,UNREVIEWED,candidate_needs_review
6.2,CH06,第六章　东亚转译与中国现代设计的形成（1895—1949）,晚清工业、博览会与国货意识,11,B0433,book,Victor Margolin：《World History of Design World War I to World War II》,0.301819,UNREVIEWED,candidate_needs_review
6.2,CH06,第六章　东亚转译与中国现代设计的形成（1895—1949）,晚清工业、博览会与国货意识,12,B0292,book,Margolin：《World history of design》,0.30179,UNREVIEWED,candidate_needs_review
6.2,CH06,第六章　东亚转译与中国现代设计的形成（1895—1949）,晚清工业、博览会与国货意识,13,B0499,book,"樊进, 龙红：《中国当代设计全集 第4卷 平面类编 图案篇》，2015",0.301394,UNREVIEWED,candidate_needs_review
6.2,CH06,第六章　东亚转译与中国现代设计的形成（1895—1949）,晚清工业、博览会与国货意识,14,B0488,book,"李砚祖, 王春雨：《室内设计史》，2013",0.295415,UNREVIEWED,candidate_needs_review
6.2,CH06,第六章　东亚转译与中国现代设计的形成（1895—1949）,晚清工业、博览会与国货意识,15,B0084,book,"Clive Dilnot：《A John Heskett Reader Design, History, Economics》",0.295206,UNREVIEWED,candidate_needs_review
6.2,CH06,第六章　东亚转译与中国现代设计的形成（1895—1949）,晚清工业、博览会与国货意识,16,B0467,book,世界设计史_II_苏联至二战,0.293203,UNREVIEWED,candidate_needs_review
6.2,CH06,第六章　东亚转译与中国现代设计的形成（1895—1949）,晚清工业、博览会与国货意识,17,B0506,book,维克多·马格林：《世界设计史1：史前至一战》，2015,0.290314,UNREVIEWED,candidate_needs_review
6.2,CH06,第六章　东亚转译与中国现代设计的形成（1895—1949）,晚清工业、博览会与国货意识,18,B0073,book,"Charlotte Benton, Tim Benton：《Art Deco 1910–1939》",0.287459,UNREVIEWED,candidate_needs_review
6.2,CH06,第六章　东亚转译与中国现代设计的形成（1895—1949）,晚清工业、博览会与国货意识,19,B0193,book,"Hugh Honour, John Fleming：《A World History of Art》",0.287153,UNREVIEWED,candidate_needs_review
6.2,CH06,第六章　东亚转译与中国现代设计的形成（1895—1949）,晚清工业、博览会与国货意识,20,B0047,book,Bipan Chandra：《The rise and growth of economic nationalism in India economic pol,0.283642,UNREVIEWED,candidate_needs_review
6.2,CH06,第六章　东亚转译与中国现代设计的形成（1895—1949）,晚清工业、博览会与国货意识,21,B0482,book,张夫也：《外国现代设计史》，2009,0.279397,UNREVIEWED,candidate_needs_review
6.2,CH06,第六章　东亚转译与中国现代设计的形成（1895—1949）,晚清工业、博览会与国货意识,22,B0303,book,Mauricio Tenorio-Trillo：《Mexico at the worlds fairs crafting a modern nation》,0.277389,UNREVIEWED,candidate_needs_review
6.2,CH06,第六章　东亚转译与中国现代设计的形成（1895—1949）,晚清工业、博览会与国货意识,23,B0012,book,Alastair Duncan：《American Art Deco (1986)》，1986,0.274354,UNREVIEWED,candidate_needs_review
6.2,CH06,第六章　东亚转译与中国现代设计的形成（1895—1949）,晚清工业、博览会与国货意识,24,B0466,book,世界设计史_I_史前至一战,0.274215,UNREVIEWED,candidate_needs_review
6.2,CH06,第六章　东亚转译与中国现代设计的形成（1895—1949）,晚清工业、博览会与国货意识,25,B0511,book,赵农：《中国艺术设计史》,0.271502,UNREVIEWED,candidate_needs_review
6.2,CH06,第六章　东亚转译与中国现代设计的形成（1895—1949）,晚清工业、博览会与国货意识,26,B0006,book,"Adburgham, Alison：《Libertys a biography of a shop》",0.26958,UNREVIEWED,candidate_needs_review
6.2,CH06,第六章　东亚转译与中国现代设计的形成（1895—1949）,晚清工业、博览会与国货意识,27,B0181,book,"Guy, John：Woven Cargoes：Indian Textiles in the East, 1998",0.26949,UNREVIEWED,candidate_needs_review
6.2,CH06,第六章　东亚转译与中国现代设计的形成（1895—1949）,晚清工业、博览会与国货意识,28,B0103,book,Dennis P. Doordan：《Design History An Anthology》,0.268826,UNREVIEWED,candidate_needs_review
6.2,CH06,第六章　东亚转译与中国现代设计的形成（1895—1949）,晚清工业、博览会与国货意识,29,B0396,book,"Silverman：《Art nouveau in fin-de-siècle France politics, psychology, and style》",0.265371,UNREVIEWED,candidate_needs_review
6.2,CH06,第六章　东亚转译与中国现代设计的形成（1895—1949）,晚清工业、博览会与国货意识,30,B0288,book,"Margolin, Victor, World History of Design, Volume 1, 2015",0.264938,UNREVIEWED,candidate_needs_review
6.3,CH06,第六章　东亚转译与中国现代设计的形成（1895—1949）,印刷资本与视觉公共领域,1,B0079,book,"Christopher A. Reed：《Gutenberg in Shanghai Chinese Print Capitalism, 1876-1937》",0.455447,UNREVIEWED,candidate_needs_review
6.3,CH06,第六章　东亚转译与中国现代设计的形成（1895—1949）,印刷资本与视觉公共领域,2,B0469,book,刘小羊：《中国平面设计史论稿》，2016,0.436995,UNREVIEWED,candidate_needs_review
6.3,CH06,第六章　东亚转译与中国现代设计的形成（1895—1949）,印刷资本与视觉公共领域,3,B0465,book,万长林：《香港平面设计史》，2012,0.422368,UNREVIEWED,candidate_needs_review
6.3,CH06,第六章　东亚转译与中国现代设计的形成（1895—1949）,印刷资本与视觉公共领域,4,B0472,book,周博：《断裂与绵延：中国现代设计史研究》，2019,0.416413,UNREVIEWED,candidate_needs_review
6.3,CH06,第六章　东亚转译与中国现代设计的形成（1895—1949）,印刷资本与视觉公共领域,5,B0424,book,Theory Culture：《and Society 23 2 3 Problematizing Global Knowledge，2006》,0.404605,UNREVIEWED,candidate_needs_review
6.3,CH06,第六章　东亚转译与中国现代设计的形成（1895—1949）,印刷资本与视觉公共领域,6,B0404,book,Stephen J. Eskilson：《Graphic Design A New History》，2007,0.400591,UNREVIEWED,candidate_needs_review
6.3,CH06,第六章　东亚转译与中国现代设计的形成（1895—1949）,印刷资本与视觉公共领域,7,B0246,book,Kajri Jain：《Gods in the Bazaar The Economies of Indian Calendar Art》,0.390528,UNREVIEWED,candidate_needs_review
6.3,CH06,第六章　东亚转译与中国现代设计的形成（1895—1949）,印刷资本与视觉公共领域,8,B0063,book,"Calhoun：《Critical social theory culture, history, and the challenge of difference》",0.389437,UNREVIEWED,candidate_needs_review
6.3,CH06,第六章　东亚转译与中国现代设计的形成（1895—1949）,印刷资本与视觉公共领域,9,B0289,book,"Margolin, Victor, World History of Design, Volume 2, 2015",0.388699,UNREVIEWED,candidate_needs_review
6.3,CH06,第六章　东亚转译与中国现代设计的形成（1895—1949）,印刷资本与视觉公共领域,10,B0467,book,世界设计史_II_苏联至二战,0.381608,UNREVIEWED,candidate_needs_review
6.3,CH06,第六章　东亚转译与中国现代设计的形成（1895—1949）,印刷资本与视觉公共领域,11,B0477,book,夏燕靖：《中国艺术设计史》,0.377873,UNREVIEWED,candidate_needs_review
6.3,CH06,第六章　东亚转译与中国现代设计的形成（1895—1949）,印刷资本与视觉公共领域,12,B0471,book,周博：《中国现代文字设计图史》，2017,0.377525,UNREVIEWED,candidate_needs_review
6.3,CH06,第六章　东亚转译与中国现代设计的形成（1895—1949）,印刷资本与视觉公共领域,13,B0507,book,维克多·马格林：《世界设计史2：一战至二战》，2015,0.373041,UNREVIEWED,candidate_needs_review
6.3,CH06,第六章　东亚转译与中国现代设计的形成（1895—1949）,印刷资本与视觉公共领域,14,B0511,book,赵农：《中国艺术设计史》,0.355449,UNREVIEWED,candidate_needs_review
6.3,CH06,第六章　东亚转译与中国现代设计的形成（1895—1949）,印刷资本与视觉公共领域,15,B0466,book,世界设计史_I_史前至一战,0.351058,UNREVIEWED,candidate_needs_review
6.3,CH06,第六章　东亚转译与中国现代设计的形成（1895—1949）,印刷资本与视觉公共领域,16,B0479,book,孔铮桢，綦明著：《物用之美_中国设计艺术的历史与理论》，2014,0.347279,UNREVIEWED,candidate_needs_review
6.3,CH06,第六章　东亚转译与中国现代设计的形成（1895—1949）,印刷资本与视觉公共领域,17,B0073,book,"Charlotte Benton, Tim Benton：《Art Deco 1910–1939》",0.343056,UNREVIEWED,candidate_needs_review
6.3,CH06,第六章　东亚转译与中国现代设计的形成（1895—1949）,印刷资本与视觉公共领域,18,B0506,book,维克多·马格林：《世界设计史1：史前至一战》，2015,0.341432,UNREVIEWED,candidate_needs_review
6.3,CH06,第六章　东亚转译与中国现代设计的形成（1895—1949）,印刷资本与视觉公共领域,19,B0099,book,"David Crowley, Susan E. Reid：《Socialist Spaces Sites of Everyday Life in the Eastern Bloc》，2002",0.340818,UNREVIEWED,candidate_needs_review
6.3,CH06,第六章　东亚转译与中国现代设计的形成（1895—1949）,印刷资本与视觉公共领域,20,B0338,book,Paul Greenhalgh：《Art Nouveau 1890-1914》,0.340598,UNREVIEWED,candidate_needs_review
6.3,CH06,第六章　东亚转译与中国现代设计的形成（1895—1949）,印刷资本与视觉公共领域,21,B0103,book,Dennis P. Doordan：《Design History An Anthology》,0.335525,UNREVIEWED,candidate_needs_review
6.3,CH06,第六章　东亚转译与中国现代设计的形成（1895—1949）,印刷资本与视觉公共领域,22,B0292,book,Margolin：《World history of design》,0.329216,UNREVIEWED,candidate_needs_review
6.3,CH06,第六章　东亚转译与中国现代设计的形成（1895—1949）,印刷资本与视觉公共领域,23,B0044,book,Bevis Hillier：《Art Deco of the 20s and 30s》,0.326913,UNREVIEWED,candidate_needs_review
6.3,CH06,第六章　东亚转译与中国现代设计的形成（1895—1949）,印刷资本与视觉公共领域,24,B0505,book,移动的美术馆 20世纪初中国的书籍装帧设计与商业美术,0.325354,UNREVIEWED,candidate_needs_review
6.3,CH06,第六章　东亚转译与中国现代设计的形成（1895—1949）,印刷资本与视觉公共领域,25,B0486,book,朱和平：《世界现代设计史》，2004,0.323419,UNREVIEWED,candidate_needs_review
6.3,CH06,第六章　东亚转译与中国现代设计的形成（1895—1949）,印刷资本与视觉公共领域,26,B0006,book,"Adburgham, Alison：《Libertys a biography of a shop》",0.321627,UNREVIEWED,candidate_needs_review
6.3,CH06,第六章　东亚转译与中国现代设计的形成（1895—1949）,印刷资本与视觉公共领域,27,B0476,book,夏燕靖：《中国艺术设计史(升级版)》，2017,0.312939,UNREVIEWED,candidate_needs_review
6.3,CH06,第六章　东亚转译与中国现代设计的形成（1895—1949）,印刷资本与视觉公共领域,28,B0199,book,James：《Picture this World War I posters and visual culture》,0.309023,UNREVIEWED,candidate_needs_review
6.3,CH06,第六章　东亚转译与中国现代设计的形成（1895—1949）,印刷资本与视觉公共领域,29,B0010,book,Alain Weill：《The Poster A Worldwide Survey and History》，1985,0.308504,UNREVIEWED,candidate_needs_review
6.3,CH06,第六章　东亚转译与中国现代设计的形成（1895—1949）,印刷资本与视觉公共领域,30,B0288,book,"Margolin, Victor, World History of Design, Volume 1, 2015",0.307831,UNREVIEWED,candidate_needs_review
6.4,CH06,第六章　东亚转译与中国现代设计的形成（1895—1949）,上海都市消费文化,1,B0376,book,"Roland Marchand：《Advertising and the American dream - Making way for modernity, 1920-1940》",0.481845,UNREVIEWED,candidate_needs_review
6.4,CH06,第六章　东亚转译与中国现代设计的形成（1895—1949）,上海都市消费文化,2,B0073,book,"Charlotte Benton, Tim Benton：《Art Deco 1910–1939》",0.473578,UNREVIEWED,candidate_needs_review
6.4,CH06,第六章　东亚转译与中国现代设计的形成（1895—1949）,上海都市消费文化,3,B0505,book,移动的美术馆 20世纪初中国的书籍装帧设计与商业美术,0.468754,UNREVIEWED,candidate_needs_review
6.4,CH06,第六章　东亚转译与中国现代设计的形成（1895—1949）,上海都市消费文化,4,B0289,book,"Margolin, Victor, World History of Design, Volume 2, 2015",0.457712,UNREVIEWED,candidate_needs_review
6.4,CH06,第六章　东亚转译与中国现代设计的形成（1895—1949）,上海都市消费文化,5,B0467,book,世界设计史_II_苏联至二战,0.433191,UNREVIEWED,candidate_needs_review
6.4,CH06,第六章　东亚转译与中国现代设计的形成（1895—1949）,上海都市消费文化,6,B0485,book,曹小鸥：《中国现代设计思想：生活、启蒙、变迁》，2018,0.431394,UNREVIEWED,candidate_needs_review
6.4,CH06,第六章　东亚转译与中国现代设计的形成（1895—1949）,上海都市消费文化,7,B0143,book,Elizabeth Wilson：《Adorned in Dreams Fashion and Modernity》,0.425231,UNREVIEWED,candidate_needs_review
6.4,CH06,第六章　东亚转译与中国现代设计的形成（1895—1949）,上海都市消费文化,8,B0235,book,Jonathan M. Woodham：《Twentieth Century Design》,0.417332,UNREVIEWED,candidate_needs_review
6.4,CH06,第六章　东亚转译与中国现代设计的形成（1895—1949）,上海都市消费文化,9,B0401,book,Sparke：《An introduction to design and culture _ 1900 to the present，2020》,0.414331,UNREVIEWED,candidate_needs_review
6.4,CH06,第六章　东亚转译与中国现代设计的形成（1895—1949）,上海都市消费文化,10,B0197,book,"James H. Fraser, Steven Heller：《Japanese Modern Graphic Design Between the Wars》，1996",0.406104,UNREVIEWED,candidate_needs_review
6.4,CH06,第六章　东亚转译与中国现代设计的形成（1895—1949）,上海都市消费文化,11,B0509,book,英彭妮·斯帕克(Penny Sparke)：《唯有粉红 审美品位的性别政治学》,0.405865,UNREVIEWED,candidate_needs_review
6.4,CH06,第六章　东亚转译与中国现代设计的形成（1895—1949）,上海都市消费文化,12,B0080,book,Christopher Breward：《The Culture of Fashion A New History of Fashionable Dress》，1995,0.400985,UNREVIEWED,candidate_needs_review
6.4,CH06,第六章　东亚转译与中国现代设计的形成（1895—1949）,上海都市消费文化,13,B0465,book,万长林：《香港平面设计史》，2012,0.399972,UNREVIEWED,candidate_needs_review
6.4,CH06,第六章　东亚转译与中国现代设计的形成（1895—1949）,上海都市消费文化,14,B0327,book,"None：《China design now , None》",0.398389,UNREVIEWED,candidate_needs_review
6.4,CH06,第六章　东亚转译与中国现代设计的形成（1895—1949）,上海都市消费文化,15,B0006,book,"Adburgham, Alison：《Libertys a biography of a shop》",0.379258,UNREVIEWED,candidate_needs_review
6.4,CH06,第六章　东亚转译与中国现代设计的形成（1895—1949）,上海都市消费文化,16,B0031,book,Arthur J. Pulos：《American design ethic a history of industrial design to 1940》,0.376466,UNREVIEWED,candidate_needs_review
6.4,CH06,第六章　东亚转译与中国现代设计的形成（1895—1949）,上海都市消费文化,17,B0102,book,David Raizman：《History of Modern Design》，2023,0.375209,UNREVIEWED,candidate_needs_review
6.4,CH06,第六章　东亚转译与中国现代设计的形成（1895—1949）,上海都市消费文化,18,B0066,book,Carroll Gantz：《Founders of American Industrial Design》，2014,0.374727,UNREVIEWED,candidate_needs_review
6.4,CH06,第六章　东亚转译与中国现代设计的形成（1895—1949）,上海都市消费文化,19,B0001,book,1860-1914：《Learning to Consume Early Department Stores and the Shaping of the Mo,0.374695,UNREVIEWED,candidate_needs_review
6.4,CH06,第六章　东亚转译与中国现代设计的形成（1895—1949）,上海都市消费文化,20,B0180,book,Guy Julier：《The Culture of Design》，2000,0.373403,UNREVIEWED,candidate_needs_review
6.4,CH06,第六章　东亚转译与中国现代设计的形成（1895—1949）,上海都市消费文化,21,B0010,book,Alain Weill：《The Poster A Worldwide Survey and History》，1985,0.371478,UNREVIEWED,candidate_needs_review
6.4,CH06,第六章　东亚转译与中国现代设计的形成（1895—1949）,上海都市消费文化,22,B0478,book,大卫·瑞兹曼 (David Raizman)：《现代设计史（第2版）》，2013,0.36992,UNREVIEWED,candidate_needs_review
6.4,CH06,第六章　东亚转译与中国现代设计的形成（1895—1949）,上海都市消费文化,23,B0304,book,Maxine Berg：《Luxury and Pleasure in Eighteenth-Century Britain (2007)》,0.368811,UNREVIEWED,candidate_needs_review
6.4,CH06,第六章　东亚转译与中国现代设计的形成（1895—1949）,上海都市消费文化,24,B0507,book,维克多·马格林：《世界设计史2：一战至二战》，2015,0.367141,UNREVIEWED,candidate_needs_review
6.4,CH06,第六章　东亚转译与中国现代设计的形成（1895—1949）,上海都市消费文化,25,B0492,book,"杭间, 靳埭强, 胡恩威：《包豪斯道路：历史、遗泽、世界与中国》，2010",0.367013,UNREVIEWED,candidate_needs_review
6.4,CH06,第六章　东亚转译与中国现代设计的形成（1895—1949）,上海都市消费文化,26,B0034,book,Arwas：《Art deco》,0.357246,UNREVIEWED,candidate_needs_review
6.4,CH06,第六章　东亚转译与中国现代设计的形成（1895—1949）,上海都市消费文化,27,B0292,book,Margolin：《World history of design》,0.355483,UNREVIEWED,candidate_needs_review
6.4,CH06,第六章　东亚转译与中国现代设计的形成（1895—1949）,上海都市消费文化,28,B0069,book,"Catriona Kelly, David Shepherd：《Constructing Russian culture in the age of revolution, 1881-1940》",0.354313,UNREVIEWED,candidate_needs_review
6.4,CH06,第六章　东亚转译与中国现代设计的形成（1895—1949）,上海都市消费文化,29,B0101,book,David Raizman：《History of Modern Design》,0.352171,UNREVIEWED,candidate_needs_review
6.4,CH06,第六章　东亚转译与中国现代设计的形成（1895—1949）,上海都市消费文化,30,B0036,book,"Attfield：《A View from the interior feminism, women, and design》",0.349703,UNREVIEWED,candidate_needs_review
6.5,CH06,第六章　东亚转译与中国现代设计的形成（1895—1949）,教育制度与东亚中介,1,B0517,book,靳埭强：《中国现代设计与包豪斯＝BAUHAUS CHINESE MODERN DESIGN》,0.462362,UNREVIEWED,candidate_needs_review
6.5,CH06,第六章　东亚转译与中国现代设计的形成（1895—1949）,教育制度与东亚中介,2,B0495,book,杭间：《设计道：中国设计的基本问题》，2008,0.383811,UNREVIEWED,candidate_needs_review
6.5,CH06,第六章　东亚转译与中国现代设计的形成（1895—1949）,教育制度与东亚中介,3,B0488,book,"李砚祖, 王春雨：《室内设计史》，2013",0.375109,UNREVIEWED,candidate_needs_review
6.5,CH06,第六章　东亚转译与中国现代设计的形成（1895—1949）,教育制度与东亚中介,4,B0467,book,世界设计史_II_苏联至二战,0.36782,UNREVIEWED,candidate_needs_review
6.5,CH06,第六章　东亚转译与中国现代设计的形成（1895—1949）,教育制度与东亚中介,5,B0492,book,"杭间, 靳埭强, 胡恩威：《包豪斯道路：历史、遗泽、世界与中国》，2010",0.367238,UNREVIEWED,candidate_needs_review
6.5,CH06,第六章　东亚转译与中国现代设计的形成（1895—1949）,教育制度与东亚中介,6,B0493,book,杭间：《中国工艺美学史(第三版修订本)》，2018,0.358952,UNREVIEWED,candidate_needs_review
6.5,CH06,第六章　东亚转译与中国现代设计的形成（1895—1949）,教育制度与东亚中介,7,B0148,book,Emmanuel Cooper：《Ten Thousand Years of Pottery》，2000,0.352365,UNREVIEWED,candidate_needs_review
6.5,CH06,第六章　东亚转译与中国现代设计的形成（1895—1949）,教育制度与东亚中介,8,B0506,book,维克多·马格林：《世界设计史1：史前至一战》，2015,0.347883,UNREVIEWED,candidate_needs_review
6.5,CH06,第六章　东亚转译与中国现代设计的形成（1895—1949）,教育制度与东亚中介,9,B0461,book,World History Of Design - Volume 2_ World War I To World War -- Victor Margolin,0.339663,UNREVIEWED,candidate_needs_review
6.5,CH06,第六章　东亚转译与中国现代设计的形成（1895—1949）,教育制度与东亚中介,10,B0505,book,移动的美术馆 20世纪初中国的书籍装帧设计与商业美术,0.327565,UNREVIEWED,candidate_needs_review
6.5,CH06,第六章　东亚转译与中国现代设计的形成（1895—1949）,教育制度与东亚中介,11,B0218,book,John A. Lent：《Asian Comics》,0.325557,UNREVIEWED,candidate_needs_review
6.5,CH06,第六章　东亚转译与中国现代设计的形成（1895—1949）,教育制度与东亚中介,12,B0494,book,杭间：《手艺的思想(修订版)》，2017,0.323236,UNREVIEWED,candidate_needs_review
6.5,CH06,第六章　东亚转译与中国现代设计的形成（1895—1949）,教育制度与东亚中介,13,B0275,book,Linda Parry：《William Morris and the Arts and Crafts Movement a design source book》,0.320054,UNREVIEWED,candidate_needs_review
6.5,CH06,第六章　东亚转译与中国现代设计的形成（1895—1949）,教育制度与东亚中介,14,B0507,book,维克多·马格林：《世界设计史2：一战至二战》，2015,0.319638,UNREVIEWED,candidate_needs_review
6.5,CH06,第六章　东亚转译与中国现代设计的形成（1895—1949）,教育制度与东亚中介,15,B0433,book,Victor Margolin：《World History of Design World War I to World War II》,0.318574,UNREVIEWED,candidate_needs_review
6.5,CH06,第六章　东亚转译与中国现代设计的形成（1895—1949）,教育制度与东亚中介,16,B0293,book,Marius B. Jansen：《The Making of Modern Japan》，2000,0.314099,UNREVIEWED,candidate_needs_review
6.5,CH06,第六章　东亚转译与中国现代设计的形成（1895—1949）,教育制度与东亚中介,17,B0499,book,"樊进, 龙红：《中国当代设计全集 第4卷 平面类编 图案篇》，2015",0.314062,UNREVIEWED,candidate_needs_review
6.5,CH06,第六章　东亚转译与中国现代设计的形成（1895—1949）,教育制度与东亚中介,18,B0073,book,"Charlotte Benton, Tim Benton：《Art Deco 1910–1939》",0.31376,UNREVIEWED,candidate_needs_review
6.5,CH06,第六章　东亚转译与中国现代设计的形成（1895—1949）,教育制度与东亚中介,19,B0058,book,"Buchanan, Richard; Margolin, Victor (eds.), Discovering Design, 1995",0.313682,UNREVIEWED,candidate_needs_review
6.5,CH06,第六章　东亚转译与中国现代设计的形成（1895—1949）,教育制度与东亚中介,20,B0450,book,Wendy Kaplan：《The arts crafts movement in Europe America design for the modern world》,0.312774,UNREVIEWED,candidate_needs_review
6.5,CH06,第六章　东亚转译与中国现代设计的形成（1895—1949）,教育制度与东亚中介,21,B0396,book,"Silverman：《Art nouveau in fin-de-siècle France politics, psychology, and style》",0.31274,UNREVIEWED,candidate_needs_review
6.5,CH06,第六章　东亚转译与中国现代设计的形成（1895—1949）,教育制度与东亚中介,22,B0253,book,Kathryn B Hiesinger：《JAPANESE DESIGN A SURVEY SINCE 1950》,0.312413,UNREVIEWED,candidate_needs_review
6.5,CH06,第六章　东亚转译与中国现代设计的形成（1895—1949）,教育制度与东亚中介,23,B0159,book,"Frayling, Christopher：Art and Design：100 Years at the Royal College of Art, 1999",0.302707,UNREVIEWED,candidate_needs_review
6.5,CH06,第六章　东亚转译与中国现代设计的形成（1895—1949）,教育制度与东亚中介,24,B0469,book,刘小羊：《中国平面设计史论稿》，2016,0.300794,UNREVIEWED,candidate_needs_review
6.5,CH06,第六章　东亚转译与中国现代设计的形成（1895—1949）,教育制度与东亚中介,25,B0482,book,张夫也：《外国现代设计史》，2009,0.299074,UNREVIEWED,candidate_needs_review
6.5,CH06,第六章　东亚转译与中国现代设计的形成（1895—1949）,教育制度与东亚中介,26,B0135,book,"Edgar Kaufmann, Jr：《Nineteenth-Century Design》",0.295256,UNREVIEWED,candidate_needs_review
6.5,CH06,第六章　东亚转译与中国现代设计的形成（1895—1949）,教育制度与东亚中介,27,B0144,book,"Ellen Lupton, J. Abbott Miller：《Design Writing Research Writing on Graphic Design》，1996",0.295217,UNREVIEWED,candidate_needs_review
6.5,CH06,第六章　东亚转译与中国现代设计的形成（1895—1949）,教育制度与东亚中介,28,B0292,book,Margolin：《World history of design》,0.292422,UNREVIEWED,candidate_needs_review
6.5,CH06,第六章　东亚转译与中国现代设计的形成（1895—1949）,教育制度与东亚中介,29,B0289,book,"Margolin, Victor, World History of Design, Volume 2, 2015",0.292189,UNREVIEWED,candidate_needs_review
6.5,CH06,第六章　东亚转译与中国现代设计的形成（1895—1949）,教育制度与东亚中介,30,B0485,book,曹小鸥：《中国现代设计思想：生活、启蒙、变迁》，2018,0.289361,UNREVIEWED,candidate_needs_review
6.6,CH06,第六章　东亚转译与中国现代设计的形成（1895—1949）,民族形式与现代形式之争,1,B0516,book,"霍维国, 霍光：《中国室内设计史(第2版)》，2015",0.48075,UNREVIEWED,candidate_needs_review
6.6,CH06,第六章　东亚转译与中国现代设计的形成（1895—1949）,民族形式与现代形式之争,2,B0514,book,邹德侬：《中国现代建筑史》，2001,0.467529,UNREVIEWED,candidate_needs_review
6.6,CH06,第六章　东亚转译与中国现代设计的形成（1895—1949）,民族形式与现代形式之争,3,B0303,book,Mauricio Tenorio-Trillo：《Mexico at the worlds fairs crafting a modern nation》,0.435194,UNREVIEWED,candidate_needs_review
6.6,CH06,第六章　东亚转译与中国现代设计的形成（1895—1949）,民族形式与现代形式之争,4,B0488,book,"李砚祖, 王春雨：《室内设计史》，2013",0.424884,UNREVIEWED,candidate_needs_review
6.6,CH06,第六章　东亚转译与中国现代设计的形成（1895—1949）,民族形式与现代形式之争,5,B0450,book,Wendy Kaplan：《The arts crafts movement in Europe America design for the modern world》,0.397818,UNREVIEWED,candidate_needs_review
6.6,CH06,第六章　东亚转译与中国现代设计的形成（1895—1949）,民族形式与现代形式之争,6,B0073,book,"Charlotte Benton, Tim Benton：《Art Deco 1910–1939》",0.397018,UNREVIEWED,candidate_needs_review
6.6,CH06,第六章　东亚转译与中国现代设计的形成（1895—1949）,民族形式与现代形式之争,7,B0289,book,"Margolin, Victor, World History of Design, Volume 2, 2015",0.395876,UNREVIEWED,candidate_needs_review
6.6,CH06,第六章　东亚转译与中国现代设计的形成（1895—1949）,民族形式与现代形式之争,8,B0472,book,周博：《断裂与绵延：中国现代设计史研究》，2019,0.39071,UNREVIEWED,candidate_needs_review
6.6,CH06,第六章　东亚转译与中国现代设计的形成（1895—1949）,民族形式与现代形式之争,9,B0339,book,"Paul Greenhalgh：《Ephemeral Vistas The Expositions Universelles, Great Exhibition",0.38949,UNREVIEWED,candidate_needs_review
6.6,CH06,第六章　东亚转译与中国现代设计的形成（1895—1949）,民族形式与现代形式之争,10,B0100,book,David Crowley：《Warsaw》,0.368878,UNREVIEWED,candidate_needs_review
6.6,CH06,第六章　东亚转译与中国现代设计的形成（1895—1949）,民族形式与现代形式之争,11,B0486,book,朱和平：《世界现代设计史》，2004,0.354668,UNREVIEWED,candidate_needs_review
6.6,CH06,第六章　东亚转译与中国现代设计的形成（1895—1949）,民族形式与现代形式之争,12,B0189,book,"Heskett, John：《Industrial design》",0.34775,UNREVIEWED,candidate_needs_review
6.6,CH06,第六章　东亚转译与中国现代设计的形成（1895—1949）,民族形式与现代形式之争,13,B0214,book,"Johanna Drucker, Emily McVarish：《Graphic Design History A Critical Guide》，2009",0.342685,UNREVIEWED,candidate_needs_review
6.6,CH06,第六章　东亚转译与中国现代设计的形成（1895—1949）,民族形式与现代形式之争,14,B0066,book,Carroll Gantz：《Founders of American Industrial Design》，2014,0.342309,UNREVIEWED,candidate_needs_review
6.6,CH06,第六章　东亚转译与中国现代设计的形成（1895—1949）,民族形式与现代形式之争,15,B0206,book,"Jeffrey L. Meikle：《Twentieth Century Limited Industrial Design in America, 1925-1939》，2001",0.342106,UNREVIEWED,candidate_needs_review
6.6,CH06,第六章　东亚转译与中国现代设计的形成（1895—1949）,民族形式与现代形式之争,16,B0102,book,David Raizman：《History of Modern Design》，2023,0.340251,UNREVIEWED,candidate_needs_review
6.6,CH06,第六章　东亚转译与中国现代设计的形成（1895—1949）,民族形式与现代形式之争,17,B0494,book,杭间：《手艺的思想(修订版)》，2017,0.338094,UNREVIEWED,candidate_needs_review
6.6,CH06,第六章　东亚转译与中国现代设计的形成（1895—1949）,民族形式与现代形式之争,18,B0068,book,"Catherine Cooke：《Russian Avant-Garde Theories of Art, Architecture and the City》，1995",0.332572,UNREVIEWED,candidate_needs_review
6.6,CH06,第六章　东亚转译与中国现代设计的形成（1895—1949）,民族形式与现代形式之争,19,B0311,book,"Mihaly Csikszentmihalyi, Eugene Halton：《The Meaning of Things Domestic Symbols and the Self》",0.33131,UNREVIEWED,candidate_needs_review
6.6,CH06,第六章　东亚转译与中国现代设计的形成（1895—1949）,民族形式与现代形式之争,20,B0292,book,Margolin：《World history of design》,0.328696,UNREVIEWED,candidate_needs_review
6.6,CH06,第六章　东亚转译与中国现代设计的形成（1895—1949）,民族形式与现代形式之争,21,B0115,book,"Design, History and Time _ New Temporalities in a Digital -- Hendon, Zoë (editor",0.318708,UNREVIEWED,candidate_needs_review
6.6,CH06,第六章　东亚转译与中国现代设计的形成（1895—1949）,民族形式与现代形式之争,22,B0069,book,"Catriona Kelly, David Shepherd：《Constructing Russian culture in the age of revolution, 1881-1940》",0.318057,UNREVIEWED,candidate_needs_review
6.6,CH06,第六章　东亚转译与中国现代设计的形成（1895—1949）,民族形式与现代形式之争,23,B0225,book,John Heskett：《Industrial Design》，1980,0.312505,UNREVIEWED,candidate_needs_review
6.6,CH06,第六章　东亚转译与中国现代设计的形成（1895—1949）,民族形式与现代形式之争,24,B0499,book,"樊进, 龙红：《中国当代设计全集 第4卷 平面类编 图案篇》，2015",0.311935,UNREVIEWED,candidate_needs_review
6.6,CH06,第六章　东亚转译与中国现代设计的形成（1895—1949）,民族形式与现代形式之争,25,B0235,book,Jonathan M. Woodham：《Twentieth Century Design》,0.311061,UNREVIEWED,candidate_needs_review
6.6,CH06,第六章　东亚转译与中国现代设计的形成（1895—1949）,民族形式与现代形式之争,26,B0219,book,John A. Lent：《Comics Art in China》,0.308001,UNREVIEWED,candidate_needs_review
6.6,CH06,第六章　东亚转译与中国现代设计的形成（1895—1949）,民族形式与现代形式之争,27,B0193,book,"Hugh Honour, John Fleming：《A World History of Art》",0.304667,UNREVIEWED,candidate_needs_review
6.6,CH06,第六章　东亚转译与中国现代设计的形成（1895—1949）,民族形式与现代形式之争,28,B0512,book,赵江洪：《设计艺术的含义》，1999,0.302101,UNREVIEWED,candidate_needs_review
6.6,CH06,第六章　东亚转译与中国现代设计的形成（1895—1949）,民族形式与现代形式之争,29,B0008,book,Adolf Loos：《Ornament and Crime》，2019,0.302015,UNREVIEWED,candidate_needs_review
6.6,CH06,第六章　东亚转译与中国现代设计的形成（1895—1949）,民族形式与现代形式之争,30,B0099,book,"David Crowley, Susan E. Reid：《Socialist Spaces Sites of Everyday Life in the Eastern Bloc》，2002",0.301158,UNREVIEWED,candidate_needs_review
6.7,CH06,第六章　东亚转译与中国现代设计的形成（1895—1949）,战争环境中的宣传与生产,1,B0219,book,John A. Lent：《Comics Art in China》,0.409071,UNREVIEWED,candidate_needs_review
6.7,CH06,第六章　东亚转译与中国现代设计的形成（1895—1949）,战争环境中的宣传与生产,2,B0507,book,维克多·马格林：《世界设计史2：一战至二战》，2015,0.355097,UNREVIEWED,candidate_needs_review
6.7,CH06,第六章　东亚转译与中国现代设计的形成（1895—1949）,战争环境中的宣传与生产,3,B0220,book,John Barnicoat：《Posters A Concise History》，1972,0.352873,UNREVIEWED,candidate_needs_review
6.7,CH06,第六章　东亚转译与中国现代设计的形成（1895—1949）,战争环境中的宣传与生产,4,B0461,book,World History Of Design - Volume 2_ World War I To World War -- Victor Margolin,0.347352,UNREVIEWED,candidate_needs_review
6.7,CH06,第六章　东亚转译与中国现代设计的形成（1895—1949）,战争环境中的宣传与生产,5,B0221,book,John Clifford：《Graphic Icons Visionaries Who Shaped Modern Graphic Design》，2014,0.331483,UNREVIEWED,candidate_needs_review
6.7,CH06,第六章　东亚转译与中国现代设计的形成（1895—1949）,战争环境中的宣传与生产,6,B0234,book,Jonathan M. Woodham：《Dictionary of Modern Design》,0.327087,UNREVIEWED,candidate_needs_review
6.7,CH06,第六章　东亚转译与中国现代设计的形成（1895—1949）,战争环境中的宣传与生产,7,B0252,book,"Katerina Clark：《Petersburg, Crucible of Cultural Revolution》，1995",0.317581,UNREVIEWED,candidate_needs_review
6.7,CH06,第六章　东亚转译与中国现代设计的形成（1895—1949）,战争环境中的宣传与生产,8,B0485,book,曹小鸥：《中国现代设计思想：生活、启蒙、变迁》，2018,0.315487,UNREVIEWED,candidate_needs_review
6.7,CH06,第六章　东亚转译与中国现代设计的形成（1895—1949）,战争环境中的宣传与生产,9,B0181,book,"Guy, John：Woven Cargoes：Indian Textiles in the East, 1998",0.315011,UNREVIEWED,candidate_needs_review
6.7,CH06,第六章　东亚转译与中国现代设计的形成（1895—1949）,战争环境中的宣传与生产,10,B0215,book,"Johanna Drucker：《The Visible Word Experimental Typography and Modern Art, 1909-1923》，1994",0.313701,UNREVIEWED,candidate_needs_review
6.7,CH06,第六章　东亚转译与中国现代设计的形成（1895—1949）,战争环境中的宣传与生产,11,B0292,book,Margolin：《World history of design》,0.312015,UNREVIEWED,candidate_needs_review
6.7,CH06,第六章　东亚转译与中国现代设计的形成（1895—1949）,战争环境中的宣传与生产,12,B0289,book,"Margolin, Victor, World History of Design, Volume 2, 2015",0.306301,UNREVIEWED,candidate_needs_review
6.7,CH06,第六章　东亚转译与中国现代设计的形成（1895—1949）,战争环境中的宣传与生产,13,B0349,book,"Philip Brookman, Paul Greenhalgh (eds.)：《Essential Modernism Design Between the World Wars》，2007",0.299215,UNREVIEWED,candidate_needs_review
6.7,CH06,第六章　东亚转译与中国现代设计的形成（1895—1949）,战争环境中的宣传与生产,14,B0158,book,Frank Whitford：《Bauhaus》,0.298804,UNREVIEWED,candidate_needs_review
6.7,CH06,第六章　东亚转译与中国现代设计的形成（1895—1949）,战争环境中的宣传与生产,15,B0266,book,Landsberger：《Chinese propaganda posters from revolution to modernization》,0.29537,UNREVIEWED,candidate_needs_review
6.7,CH06,第六章　东亚转译与中国现代设计的形成（1895—1949）,战争环境中的宣传与生产,16,B0100,book,David Crowley：《Warsaw》,0.294383,UNREVIEWED,candidate_needs_review
6.7,CH06,第六章　东亚转译与中国现代设计的形成（1895—1949）,战争环境中的宣传与生产,17,B0168,book,"Gillian Naylor：《The arts and crafts movement a study of its sources, ideals and influence on design theory》",0.293619,UNREVIEWED,candidate_needs_review
6.7,CH06,第六章　东亚转译与中国现代设计的形成（1895—1949）,战争环境中的宣传与生产,18,B0081,book,"Christopher Burke：《Isotype Design and Contexts, 1925-1971》",0.290825,UNREVIEWED,candidate_needs_review
6.7,CH06,第六章　东亚转译与中国现代设计的形成（1895—1949）,战争环境中的宣传与生产,19,B0076,book,"Charlotte Fiell, Peter Fiell：《Scandinavian Design》，2002",0.288777,UNREVIEWED,candidate_needs_review
6.7,CH06,第六章　东亚转译与中国现代设计的形成（1895—1949）,战争环境中的宣传与生产,20,B0115,book,"Design, History and Time _ New Temporalities in a Digital -- Hendon, Zoë (editor",0.28814,UNREVIEWED,candidate_needs_review
6.7,CH06,第六章　东亚转译与中国现代设计的形成（1895—1949）,战争环境中的宣传与生产,21,B0144,book,"Ellen Lupton, J. Abbott Miller：《Design Writing Research Writing on Graphic Design》，1996",0.28558,UNREVIEWED,candidate_needs_review
6.7,CH06,第六章　东亚转译与中国现代设计的形成（1895—1949）,战争环境中的宣传与生产,22,B0472,book,周博：《断裂与绵延：中国现代设计史研究》，2019,0.284874,UNREVIEWED,candidate_needs_review
6.7,CH06,第六章　东亚转译与中国现代设计的形成（1895—1949）,战争环境中的宣传与生产,23,B0133,book,E. P. Thompson：《William Morris romantic to revolutionary》,0.284378,UNREVIEWED,candidate_needs_review
6.7,CH06,第六章　东亚转译与中国现代设计的形成（1895—1949）,战争环境中的宣传与生产,24,B0482,book,张夫也：《外国现代设计史》，2009,0.283879,UNREVIEWED,candidate_needs_review
6.7,CH06,第六章　东亚转译与中国现代设计的形成（1895—1949）,战争环境中的宣传与生产,25,B0188,book,"Heskett, John：Design：A Very Short Introduction, 2005",0.283125,UNREVIEWED,candidate_needs_review
6.7,CH06,第六章　东亚转译与中国现代设计的形成（1895—1949）,战争环境中的宣传与生产,26,B0441,book,Walker：《Sustainable by design explorations in theory and practice》,0.281679,UNREVIEWED,candidate_needs_review
6.7,CH06,第六章　东亚转译与中国现代设计的形成（1895—1949）,战争环境中的宣传与生产,27,P0021,paper,"Design history _ an anthology -- Doordan, Dennis P -- A Design issues reader, Ca",0.281419,UNREVIEWED,candidate_needs_review
6.7,CH06,第六章　东亚转译与中国现代设计的形成（1895—1949）,战争环境中的宣传与生产,28,B0182,book,"Hans M. Wingler：《The Bauhaus Weimar, Dessau, Berlin, Chicago》，1969",0.279706,UNREVIEWED,candidate_needs_review
6.7,CH06,第六章　东亚转译与中国现代设计的形成（1895—1949）,战争环境中的宣传与生产,29,B0103,book,Dennis P. Doordan：《Design History An Anthology》,0.278978,UNREVIEWED,candidate_needs_review
6.7,CH06,第六章　东亚转译与中国现代设计的形成（1895—1949）,战争环境中的宣传与生产,30,B0005,book,"Adamson, Glenn; Riello, Giorgio; Teasley, Sarah (eds.), Global Design History, 2011",0.278629,UNREVIEWED,candidate_needs_review
7.1,CH07,第七章　重建与“优良设计”：欧美、日本的战后制度,战时技术与和平转用,1,B0289,book,"Margolin, Victor, World History of Design, Volume 2, 2015",0.391385,UNREVIEWED,candidate_needs_review
7.1,CH07,第七章　重建与“优良设计”：欧美、日本的战后制度,战时技术与和平转用,2,B0253,book,Kathryn B Hiesinger：《JAPANESE DESIGN A SURVEY SINCE 1950》,0.370223,UNREVIEWED,candidate_needs_review
7.1,CH07,第七章　重建与“优良设计”：欧美、日本的战后制度,战时技术与和平转用,3,B0400,book,"Sparke, Penny：《An introduction to design and culture 1900 to the present》",0.363731,UNREVIEWED,candidate_needs_review
7.1,CH07,第七章　重建与“优良设计”：欧美、日本的战后制度,战时技术与和平转用,4,B0316,book,"MINDELL, DAVID A. Automation's Finest Hour Radar and System Integration in World",0.34832,UNREVIEWED,candidate_needs_review
7.1,CH07,第七章　重建与“优良设计”：欧美、日本的战后制度,战时技术与和平转用,5,B0509,book,英彭妮·斯帕克(Penny Sparke)：《唯有粉红 审美品位的性别政治学》,0.318664,UNREVIEWED,candidate_needs_review
7.1,CH07,第七章　重建与“优良设计”：欧美、日本的战后制度,战时技术与和平转用,6,B0482,book,张夫也：《外国现代设计史》，2009,0.31184,UNREVIEWED,candidate_needs_review
7.1,CH07,第七章　重建与“优良设计”：欧美、日本的战后制度,战时技术与和平转用,7,B0102,book,David Raizman：《History of Modern Design》，2023,0.310064,UNREVIEWED,candidate_needs_review
7.1,CH07,第七章　重建与“优良设计”：欧美、日本的战后制度,战时技术与和平转用,8,B0189,book,"Heskett, John：《Industrial design》",0.308715,UNREVIEWED,candidate_needs_review
7.1,CH07,第七章　重建与“优良设计”：欧美、日本的战后制度,战时技术与和平转用,9,B0075,book,"Charlotte Fiell, Peter Fiell：《Design of the 20th Century》，1999",0.306322,UNREVIEWED,candidate_needs_review
7.1,CH07,第七章　重建与“优良设计”：欧美、日本的战后制度,战时技术与和平转用,10,B0234,book,Jonathan M. Woodham：《Dictionary of Modern Design》,0.299153,UNREVIEWED,candidate_needs_review
7.1,CH07,第七章　重建与“优良设计”：欧美、日本的战后制度,战时技术与和平转用,11,B0186,book,Henry Dreyfuss：《Designing for People》，1967,0.297087,UNREVIEWED,candidate_needs_review
7.1,CH07,第七章　重建与“优良设计”：欧美、日本的战后制度,战时技术与和平转用,12,B0468,book,何人可：《工业设计史(第四版)》，2010,0.296082,UNREVIEWED,candidate_needs_review
7.1,CH07,第七章　重建与“优良设计”：欧美、日本的战后制度,战时技术与和平转用,13,B0486,book,朱和平：《世界现代设计史》，2004,0.295959,UNREVIEWED,candidate_needs_review
7.1,CH07,第七章　重建与“优良设计”：欧美、日本的战后制度,战时技术与和平转用,14,B0498,book,梁梅：《世界现代设计史》，2013,0.29093,UNREVIEWED,candidate_needs_review
7.1,CH07,第七章　重建与“优良设计”：欧美、日本的战后制度,战时技术与和平转用,15,B0398,book,"Sparke, Penny, An Introduction to Design and Culture, 1986",0.287987,UNREVIEWED,candidate_needs_review
7.1,CH07,第七章　重建与“优良设计”：欧美、日本的战后制度,战时技术与和平转用,16,B0288,book,"Margolin, Victor, World History of Design, Volume 1, 2015",0.286171,UNREVIEWED,candidate_needs_review
7.1,CH07,第七章　重建与“优良设计”：欧美、日本的战后制度,战时技术与和平转用,17,B0057,book,"Buchanan, Richard; Doordan, Dennis P.; Margolin, Victor (eds.), The Designed World, 2010",0.279489,UNREVIEWED,candidate_needs_review
7.1,CH07,第七章　重建与“优良设计”：欧美、日本的战后制度,战时技术与和平转用,18,B0506,book,维克多·马格林：《世界设计史1：史前至一战》，2015,0.278537,UNREVIEWED,candidate_needs_review
7.1,CH07,第七章　重建与“优良设计”：欧美、日本的战后制度,战时技术与和平转用,19,B0485,book,曹小鸥：《中国现代设计思想：生活、启蒙、变迁》，2018,0.27848,UNREVIEWED,candidate_needs_review
7.1,CH07,第七章　重建与“优良设计”：欧美、日本的战后制度,战时技术与和平转用,20,B0419,book,"The designed world _ images, objects, environments -- Buchanan, Richard (editor)",0.278035,UNREVIEWED,candidate_needs_review
7.1,CH07,第七章　重建与“优良设计”：欧美、日本的战后制度,战时技术与和平转用,21,B0225,book,John Heskett：《Industrial Design》，1980,0.27578,UNREVIEWED,candidate_needs_review
7.1,CH07,第七章　重建与“优良设计”：欧美、日本的战后制度,战时技术与和平转用,22,B0235,book,Jonathan M. Woodham：《Twentieth Century Design》,0.267691,UNREVIEWED,candidate_needs_review
7.1,CH07,第七章　重建与“优良设计”：欧美、日本的战后制度,战时技术与和平转用,23,B0466,book,世界设计史_I_史前至一战,0.264983,UNREVIEWED,candidate_needs_review
7.1,CH07,第七章　重建与“优良设计”：欧美、日本的战后制度,战时技术与和平转用,24,B0355,book,"R. Roger Remington：《American modernism graphic design, 1920 to 1960》",0.262529,UNREVIEWED,candidate_needs_review
7.1,CH07,第七章　重建与“优良设计”：欧美、日本的战后制度,战时技术与和平转用,25,B0309,book,Michael Twyman：《Lithography》,0.261712,UNREVIEWED,candidate_needs_review
7.1,CH07,第七章　重建与“优良设计”：欧美、日本的战后制度,战时技术与和平转用,26,B0490,book,李砚祖：《外国设计艺术经典论著选读(下)》，2004,0.260713,UNREVIEWED,candidate_needs_review
7.1,CH07,第七章　重建与“优良设计”：欧美、日本的战后制度,战时技术与和平转用,27,B0066,book,Carroll Gantz：《Founders of American Industrial Design》，2014,0.260525,UNREVIEWED,candidate_needs_review
7.1,CH07,第七章　重建与“优良设计”：欧美、日本的战后制度,战时技术与和平转用,28,B0149,book,"Epstein, Stephan R.; Prak, Maarten：Guilds, Innovation, and the European Economy, 1400-1800, 2008",0.259189,UNREVIEWED,candidate_needs_review
7.1,CH07,第七章　重建与“优良设计”：欧美、日本的战后制度,战时技术与和平转用,29,B0101,book,David Raizman：《History of Modern Design》,0.255022,UNREVIEWED,candidate_needs_review
7.1,CH07,第七章　重建与“优良设计”：欧美、日本的战后制度,战时技术与和平转用,30,B0168,book,"Gillian Naylor：《The arts and crafts movement a study of its sources, ideals and influence on design theory》",0.254919,UNREVIEWED,candidate_needs_review
7.2,CH07,第七章　重建与“优良设计”：欧美、日本的战后制度,英国重建与设计委员会,1,B0253,book,Kathryn B Hiesinger：《JAPANESE DESIGN A SURVEY SINCE 1950》,0.484433,UNREVIEWED,candidate_needs_review
7.2,CH07,第七章　重建与“优良设计”：欧美、日本的战后制度,英国重建与设计委员会,2,B0509,book,英彭妮·斯帕克(Penny Sparke)：《唯有粉红 审美品位的性别政治学》,0.445858,UNREVIEWED,candidate_needs_review
7.2,CH07,第七章　重建与“优良设计”：欧美、日本的战后制度,英国重建与设计委员会,3,B0461,book,World History Of Design - Volume 2_ World War I To World War -- Victor Margolin,0.440949,UNREVIEWED,candidate_needs_review
7.2,CH07,第七章　重建与“优良设计”：欧美、日本的战后制度,英国重建与设计委员会,4,B0468,book,何人可：《工业设计史(第四版)》，2010,0.43767,UNREVIEWED,candidate_needs_review
7.2,CH07,第七章　重建与“优良设计”：欧美、日本的战后制度,英国重建与设计委员会,5,B0400,book,"Sparke, Penny：《An introduction to design and culture 1900 to the present》",0.418796,UNREVIEWED,candidate_needs_review
7.2,CH07,第七章　重建与“优良设计”：欧美、日本的战后制度,英国重建与设计委员会,6,B0235,book,Jonathan M. Woodham：《Twentieth Century Design》,0.40173,UNREVIEWED,candidate_needs_review
7.2,CH07,第七章　重建与“优良设计”：欧美、日本的战后制度,英国重建与设计委员会,7,B0482,book,张夫也：《外国现代设计史》，2009,0.392802,UNREVIEWED,candidate_needs_review
7.2,CH07,第七章　重建与“优良设计”：欧美、日本的战后制度,英国重建与设计委员会,8,B0234,book,Jonathan M. Woodham：《Dictionary of Modern Design》,0.392251,UNREVIEWED,candidate_needs_review
7.2,CH07,第七章　重建与“优良设计”：欧美、日本的战后制度,英国重建与设计委员会,9,B0346,book,Penny Sparke：《Italian Design 1870 to the Present》，1988,0.389842,UNREVIEWED,candidate_needs_review
7.2,CH07,第七章　重建与“优良设计”：欧美、日本的战后制度,英国重建与设计委员会,10,B0485,book,曹小鸥：《中国现代设计思想：生活、启蒙、变迁》，2018,0.38097,UNREVIEWED,candidate_needs_review
7.2,CH07,第七章　重建与“优良设计”：欧美、日本的战后制度,英国重建与设计委员会,11,B0486,book,朱和平：《世界现代设计史》，2004,0.380452,UNREVIEWED,candidate_needs_review
7.2,CH07,第七章　重建与“优良设计”：欧美、日本的战后制度,英国重建与设计委员会,12,B0292,book,Margolin：《World history of design》,0.379735,UNREVIEWED,candidate_needs_review
7.2,CH07,第七章　重建与“优良设计”：欧美、日本的战后制度,英国重建与设计委员会,13,B0289,book,"Margolin, Victor, World History of Design, Volume 2, 2015",0.374814,UNREVIEWED,candidate_needs_review
7.2,CH07,第七章　重建与“优良设计”：欧美、日本的战后制度,英国重建与设计委员会,14,B0507,book,维克多·马格林：《世界设计史2：一战至二战》，2015,0.374701,UNREVIEWED,candidate_needs_review
7.2,CH07,第七章　重建与“优良设计”：欧美、日本的战后制度,英国重建与设计委员会,15,B0415,book,"Thackara, John (ed.), Design After Modernism, 1988",0.372504,UNREVIEWED,candidate_needs_review
7.2,CH07,第七章　重建与“优良设计”：欧美、日本的战后制度,英国重建与设计委员会,16,B0421,book,The Politics of Design： A (Not So) Global Design Manual for -- [writer and desig,0.359321,UNREVIEWED,candidate_needs_review
7.2,CH07,第七章　重建与“优良设计”：欧美、日本的战后制度,英国重建与设计委员会,17,B0224,book,John Heskett：《Design A Very Short Introduction》,0.356046,UNREVIEWED,candidate_needs_review
7.2,CH07,第七章　重建与“优良设计”：欧美、日本的战后制度,英国重建与设计委员会,18,B0473,book,周博：《现代设计伦理思想史》，2014,0.354954,UNREVIEWED,candidate_needs_review
7.2,CH07,第七章　重建与“优良设计”：欧美、日本的战后制度,英国重建与设计委员会,19,B0401,book,Sparke：《An introduction to design and culture _ 1900 to the present，2020》,0.354535,UNREVIEWED,candidate_needs_review
7.2,CH07,第七章　重建与“优良设计”：欧美、日本的战后制度,英国重建与设计委员会,20,B0064,book,"Campbell, Joan：《The German Werkbund the politics of reform in the applied arts》",0.352694,UNREVIEWED,candidate_needs_review
7.2,CH07,第七章　重建与“优良设计”：欧美、日本的战后制度,英国重建与设计委员会,21,B0075,book,"Charlotte Fiell, Peter Fiell：《Design of the 20th Century》，1999",0.349814,UNREVIEWED,candidate_needs_review
7.2,CH07,第七章　重建与“优良设计”：欧美、日本的战后制度,英国重建与设计委员会,22,B0396,book,"Silverman：《Art nouveau in fin-de-siècle France politics, psychology, and style》",0.348972,UNREVIEWED,candidate_needs_review
7.2,CH07,第七章　重建与“优良设计”：欧美、日本的战后制度,英国重建与设计委员会,23,B0006,book,"Adburgham, Alison：《Libertys a biography of a shop》",0.348039,UNREVIEWED,candidate_needs_review
7.2,CH07,第七章　重建与“优良设计”：欧美、日本的战后制度,英国重建与设计委员会,24,B0303,book,Mauricio Tenorio-Trillo：《Mexico at the worlds fairs crafting a modern nation》,0.347228,UNREVIEWED,candidate_needs_review
7.2,CH07,第七章　重建与“优良设计”：欧美、日本的战后制度,英国重建与设计委员会,25,B0040,book,"Beckert, Sven：Empire of Cotton：A Global History, 2014",0.346103,UNREVIEWED,candidate_needs_review
7.2,CH07,第七章　重建与“优良设计”：欧美、日本的战后制度,英国重建与设计委员会,26,B0503,book,王受之：《世界现代设计史》，2015,0.339339,UNREVIEWED,candidate_needs_review
7.2,CH07,第七章　重建与“优良设计”：欧美、日本的战后制度,英国重建与设计委员会,27,B0434,book,Victor Papanek：《Design for the Real World Human Ecology and Social Change》,0.339255,UNREVIEWED,candidate_needs_review
7.2,CH07,第七章　重建与“优良设计”：欧美、日本的战后制度,英国重建与设计委员会,28,B0081,book,"Christopher Burke：《Isotype Design and Contexts, 1925-1971》",0.335524,UNREVIEWED,candidate_needs_review
7.2,CH07,第七章　重建与“优良设计”：欧美、日本的战后制度,英国重建与设计委员会,29,B0189,book,"Heskett, John：《Industrial design》",0.335181,UNREVIEWED,candidate_needs_review
7.2,CH07,第七章　重建与“优良设计”：欧美、日本的战后制度,英国重建与设计委员会,30,B0102,book,David Raizman：《History of Modern Design》，2023,0.333224,UNREVIEWED,candidate_needs_review
7.3,CH07,第七章　重建与“优良设计”：欧美、日本的战后制度,美国“Good Design”体系,1,B0468,book,何人可：《工业设计史(第四版)》，2010,0.544202,UNREVIEWED,candidate_needs_review
7.3,CH07,第七章　重建与“优良设计”：欧美、日本的战后制度,美国“Good Design”体系,2,B0509,book,英彭妮·斯帕克(Penny Sparke)：《唯有粉红 审美品位的性别政治学》,0.544187,UNREVIEWED,candidate_needs_review
7.3,CH07,第七章　重建与“优良设计”：欧美、日本的战后制度,美国“Good Design”体系,3,B0253,book,Kathryn B Hiesinger：《JAPANESE DESIGN A SURVEY SINCE 1950》,0.527707,UNREVIEWED,candidate_needs_review
7.3,CH07,第七章　重建与“优良设计”：欧美、日本的战后制度,美国“Good Design”体系,4,B0075,book,"Charlotte Fiell, Peter Fiell：《Design of the 20th Century》，1999",0.51614,UNREVIEWED,candidate_needs_review
7.3,CH07,第七章　重建与“优良设计”：欧美、日本的战后制度,美国“Good Design”体系,5,B0503,book,王受之：《世界现代设计史》，2015,0.511729,UNREVIEWED,candidate_needs_review
7.3,CH07,第七章　重建与“优良设计”：欧美、日本的战后制度,美国“Good Design”体系,6,B0400,book,"Sparke, Penny：《An introduction to design and culture 1900 to the present》",0.493431,UNREVIEWED,candidate_needs_review
7.3,CH07,第七章　重建与“优良设计”：欧美、日本的战后制度,美国“Good Design”体系,7,B0482,book,张夫也：《外国现代设计史》，2009,0.490792,UNREVIEWED,candidate_needs_review
7.3,CH07,第七章　重建与“优良设计”：欧美、日本的战后制度,美国“Good Design”体系,8,B0485,book,曹小鸥：《中国现代设计思想：生活、启蒙、变迁》，2018,0.489764,UNREVIEWED,candidate_needs_review
7.3,CH07,第七章　重建与“优良设计”：欧美、日本的战后制度,美国“Good Design”体系,9,B0498,book,梁梅：《世界现代设计史》，2013,0.479973,UNREVIEWED,candidate_needs_review
7.3,CH07,第七章　重建与“优良设计”：欧美、日本的战后制度,美国“Good Design”体系,10,B0490,book,李砚祖：《外国设计艺术经典论著选读(下)》，2004,0.478957,UNREVIEWED,candidate_needs_review
7.3,CH07,第七章　重建与“优良设计”：欧美、日本的战后制度,美国“Good Design”体系,11,B0234,book,Jonathan M. Woodham：《Dictionary of Modern Design》,0.474958,UNREVIEWED,candidate_needs_review
7.3,CH07,第七章　重建与“优良设计”：欧美、日本的战后制度,美国“Good Design”体系,12,B0504,book,"王树良, 张玉花：《现代设计史(白金版)》，2010",0.473387,UNREVIEWED,candidate_needs_review
7.3,CH07,第七章　重建与“优良设计”：欧美、日本的战后制度,美国“Good Design”体系,13,B0501,book,王受之：《世界平面设计史》，2001,0.466408,UNREVIEWED,candidate_needs_review
7.3,CH07,第七章　重建与“优良设计”：欧美、日本的战后制度,美国“Good Design”体系,14,B0508,book,"胡天璇, 曾山, 王庆：《外国近现代设计史》，2012",0.46456,UNREVIEWED,candidate_needs_review
7.3,CH07,第七章　重建与“优良设计”：欧美、日本的战后制度,美国“Good Design”体系,15,B0394,book,Sharon Zukin：《Landscapes of Power From Detroit to Disney World》,0.455394,UNREVIEWED,candidate_needs_review
7.3,CH07,第七章　重建与“优良设计”：欧美、日本的战后制度,美国“Good Design”体系,16,B0162,book,"Gallo, Max：The Poster in History, 1974",0.449755,UNREVIEWED,candidate_needs_review
7.3,CH07,第七章　重建与“优良设计”：欧美、日本的战后制度,美国“Good Design”体系,17,B0066,book,Carroll Gantz：《Founders of American Industrial Design》，2014,0.449453,UNREVIEWED,candidate_needs_review
7.3,CH07,第七章　重建与“优良设计”：欧美、日本的战后制度,美国“Good Design”体系,18,B0235,book,Jonathan M. Woodham：《Twentieth Century Design》,0.445505,UNREVIEWED,candidate_needs_review
7.3,CH07,第七章　重建与“优良设计”：欧美、日本的战后制度,美国“Good Design”体系,19,B0186,book,Henry Dreyfuss：《Designing for People》，1967,0.445241,UNREVIEWED,candidate_needs_review
7.3,CH07,第七章　重建与“优良设计”：欧美、日本的战后制度,美国“Good Design”体系,20,B0473,book,周博：《现代设计伦理思想史》，2014,0.44464,UNREVIEWED,candidate_needs_review
7.3,CH07,第七章　重建与“优良设计”：欧美、日本的战后制度,美国“Good Design”体系,21,B0416,book,"The arts and crafts movement (Blakesley, Rosalind P. (Rosalind Polly)) (z-librar",0.432973,UNREVIEWED,candidate_needs_review
7.3,CH07,第七章　重建与“优良设计”：欧美、日本的战后制度,美国“Good Design”体系,22,B0101,book,David Raizman：《History of Modern Design》,0.425524,UNREVIEWED,candidate_needs_review
7.3,CH07,第七章　重建与“优良设计”：欧美、日本的战后制度,美国“Good Design”体系,23,B0102,book,David Raizman：《History of Modern Design》，2023,0.424823,UNREVIEWED,candidate_needs_review
7.3,CH07,第七章　重建与“优良设计”：欧美、日本的战后制度,美国“Good Design”体系,24,B0225,book,John Heskett：《Industrial Design》，1980,0.415912,UNREVIEWED,candidate_needs_review
7.3,CH07,第七章　重建与“优良设计”：欧美、日本的战后制度,美国“Good Design”体系,25,B0262,book,"Kirk Varnedoe, James Leggio：《Vienna 1900 Art, Architecture and Design》，1986",0.415679,UNREVIEWED,candidate_needs_review
7.3,CH07,第七章　重建与“优良设计”：欧美、日本的战后制度,美国“Good Design”体系,26,B0031,book,Arthur J. Pulos：《American design ethic a history of industrial design to 1940》,0.410275,UNREVIEWED,candidate_needs_review
7.3,CH07,第七章　重建与“优良设计”：欧美、日本的战后制度,美国“Good Design”体系,27,B0065,book,Carl DiSalvo：《Adversarial Design》,0.410207,UNREVIEWED,candidate_needs_review
7.3,CH07,第七章　重建与“优良设计”：欧美、日本的战后制度,美国“Good Design”体系,28,B0512,book,赵江洪：《设计艺术的含义》，1999,0.408362,UNREVIEWED,candidate_needs_review
7.3,CH07,第七章　重建与“优良设计”：欧美、日本的战后制度,美国“Good Design”体系,29,B0399,book,"Sparke, Penny; Fisher, Fiona (eds.), The Routledge Companion to Design Studies, 2016",0.406303,UNREVIEWED,candidate_needs_review
7.3,CH07,第七章　重建与“优良设计”：欧美、日本的战后制度,美国“Good Design”体系,30,B0450,book,Wendy Kaplan：《The arts crafts movement in Europe America design for the modern world》,0.405648,UNREVIEWED,candidate_needs_review
7.4,CH07,第七章　重建与“优良设计”：欧美、日本的战后制度,乌尔姆设计学院,1,B0075,book,"Charlotte Fiell, Peter Fiell：《Design of the 20th Century》，1999",0.604612,UNREVIEWED,candidate_needs_review
7.4,CH07,第七章　重建与“优良设计”：欧美、日本的战后制度,乌尔姆设计学院,2,P0055,paper,Review by Ellen Mazur Thomson：《ULM DESIGN THE MORALITY OF OBJECTSby Herbert Lind,0.535528,UNREVIEWED,candidate_needs_review
7.4,CH07,第七章　重建与“优良设计”：欧美、日本的战后制度,乌尔姆设计学院,3,B0504,book,"王树良, 张玉花：《现代设计史(白金版)》，2010",0.52185,UNREVIEWED,candidate_needs_review
7.4,CH07,第七章　重建与“优良设计”：欧美、日本的战后制度,乌尔姆设计学院,4,B0411,book,teaching design -- (德)克劳斯·雷曼(Klaus Lehmann)：《设计教育 教育设计》,0.51818,UNREVIEWED,candidate_needs_review
7.4,CH07,第七章　重建与“优良设计”：欧美、日本的战后制度,乌尔姆设计学院,5,B0482,book,张夫也：《外国现代设计史》，2009,0.507812,UNREVIEWED,candidate_needs_review
7.4,CH07,第七章　重建与“优良设计”：欧美、日本的战后制度,乌尔姆设计学院,6,B0235,book,Jonathan M. Woodham：《Twentieth Century Design》,0.495809,UNREVIEWED,candidate_needs_review
7.4,CH07,第七章　重建与“优良设计”：欧美、日本的战后制度,乌尔姆设计学院,7,B0492,book,"杭间, 靳埭强, 胡恩威：《包豪斯道路：历史、遗泽、世界与中国》，2010",0.494463,UNREVIEWED,candidate_needs_review
7.4,CH07,第七章　重建与“优良设计”：欧美、日本的战后制度,乌尔姆设计学院,8,B0501,book,王受之：《世界平面设计史》，2001,0.491684,UNREVIEWED,candidate_needs_review
7.4,CH07,第七章　重建与“优良设计”：欧美、日本的战后制度,乌尔姆设计学院,9,B0158,book,Frank Whitford：《Bauhaus》,0.491415,UNREVIEWED,candidate_needs_review
7.4,CH07,第七章　重建与“优良设计”：欧美、日本的战后制度,乌尔姆设计学院,10,B0489,book,李砚祖：《外国设计艺术经典论著选读(上)》，2004,0.486989,UNREVIEWED,candidate_needs_review
7.4,CH07,第七章　重建与“优良设计”：欧美、日本的战后制度,乌尔姆设计学院,11,B0057,book,"Buchanan, Richard; Doordan, Dennis P.; Margolin, Victor (eds.), The Designed World, 2010",0.485423,UNREVIEWED,candidate_needs_review
7.4,CH07,第七章　重建与“优良设计”：欧美、日本的战后制度,乌尔姆设计学院,12,B0503,book,王受之：《世界现代设计史》，2015,0.483813,UNREVIEWED,candidate_needs_review
7.4,CH07,第七章　重建与“优良设计”：欧美、日本的战后制度,乌尔姆设计学院,13,B0470,book,"史蒂文·海勒, 西摩·切瓦斯特：《平面设计200年》，2018",0.483286,UNREVIEWED,candidate_needs_review
7.4,CH07,第七章　重建与“优良设计”：欧美、日本的战后制度,乌尔姆设计学院,14,B0486,book,朱和平：《世界现代设计史》，2004,0.47817,UNREVIEWED,candidate_needs_review
7.4,CH07,第七章　重建与“优良设计”：欧美、日本的战后制度,乌尔姆设计学院,15,B0508,book,"胡天璇, 曾山, 王庆：《外国近现代设计史》，2012",0.476039,UNREVIEWED,candidate_needs_review
7.4,CH07,第七章　重建与“优良设计”：欧美、日本的战后制度,乌尔姆设计学院,16,B0101,book,David Raizman：《History of Modern Design》,0.471064,UNREVIEWED,candidate_needs_review
7.4,CH07,第七章　重建与“优良设计”：欧美、日本的战后制度,乌尔姆设计学院,17,B0058,book,"Buchanan, Richard; Margolin, Victor (eds.), Discovering Design, 1995",0.468322,UNREVIEWED,candidate_needs_review
7.4,CH07,第七章　重建与“优良设计”：欧美、日本的战后制度,乌尔姆设计学院,18,B0468,book,何人可：《工业设计史(第四版)》，2010,0.467433,UNREVIEWED,candidate_needs_review
7.4,CH07,第七章　重建与“优良设计”：欧美、日本的战后制度,乌尔姆设计学院,19,B0234,book,Jonathan M. Woodham：《Dictionary of Modern Design》,0.466125,UNREVIEWED,candidate_needs_review
7.4,CH07,第七章　重建与“优良设计”：欧美、日本的战后制度,乌尔姆设计学院,20,B0102,book,David Raizman：《History of Modern Design》，2023,0.457762,UNREVIEWED,candidate_needs_review
7.4,CH07,第七章　重建与“优良设计”：欧美、日本的战后制度,乌尔姆设计学院,21,B0398,book,"Sparke, Penny, An Introduction to Design and Culture, 1986",0.455592,UNREVIEWED,candidate_needs_review
7.4,CH07,第七章　重建与“优良设计”：欧美、日本的战后制度,乌尔姆设计学院,22,B0009,book,Alain Weill：《Graphic Design A History》，2004,0.454303,UNREVIEWED,candidate_needs_review
7.4,CH07,第七章　重建与“优良设计”：欧美、日本的战后制度,乌尔姆设计学院,23,B0473,book,周博：《现代设计伦理思想史》，2014,0.452656,UNREVIEWED,candidate_needs_review
7.4,CH07,第七章　重建与“优良设计”：欧美、日本的战后制度,乌尔姆设计学院,24,B0498,book,梁梅：《世界现代设计史》，2013,0.447945,UNREVIEWED,candidate_needs_review
7.4,CH07,第七章　重建与“优良设计”：欧美、日本的战后制度,乌尔姆设计学院,25,B0264,book,Klaus Krippendorff：《The Semantic Turn A New Foundation For Design》,0.442496,UNREVIEWED,candidate_needs_review
7.4,CH07,第七章　重建与“优良设计”：欧美、日本的战后制度,乌尔姆设计学院,26,B0513,book,邵宏：《西方设计：一部为生活制作艺术的历史》，2010,0.440834,UNREVIEWED,candidate_needs_review
7.4,CH07,第七章　重建与“优良设计”：欧美、日本的战后制度,乌尔姆设计学院,27,B0517,book,靳埭强：《中国现代设计与包豪斯＝BAUHAUS CHINESE MODERN DESIGN》,0.435666,UNREVIEWED,candidate_needs_review
7.4,CH07,第七章　重建与“优良设计”：欧美、日本的战后制度,乌尔姆设计学院,28,B0454,book,Wick：《Teaching at the Bauhaus》,0.435129,UNREVIEWED,candidate_needs_review
7.4,CH07,第七章　重建与“优良设计”：欧美、日本的战后制度,乌尔姆设计学院,29,P0007,paper,"Bauhaus Imaginista Haus der Kulturen der Welt, Berlin, -- Basu, Priyanka -- West",0.434897,UNREVIEWED,candidate_needs_review
7.4,CH07,第七章　重建与“优良设计”：欧美、日本的战后制度,乌尔姆设计学院,30,B0419,book,"The designed world _ images, objects, environments -- Buchanan, Richard (editor)",0.433294,UNREVIEWED,candidate_needs_review
7.5,CH07,第七章　重建与“优良设计”：欧美、日本的战后制度,联邦德国企业设计,1,B0490,book,李砚祖：《外国设计艺术经典论著选读(下)》，2004,0.531198,UNREVIEWED,candidate_needs_review
7.5,CH07,第七章　重建与“优良设计”：欧美、日本的战后制度,联邦德国企业设计,2,B0468,book,何人可：《工业设计史(第四版)》，2010,0.525826,UNREVIEWED,candidate_needs_review
7.5,CH07,第七章　重建与“优良设计”：欧美、日本的战后制度,联邦德国企业设计,3,B0503,book,王受之：《世界现代设计史》，2015,0.480161,UNREVIEWED,candidate_needs_review
7.5,CH07,第七章　重建与“优良设计”：欧美、日本的战后制度,联邦德国企业设计,4,B0060,book,"Buddensieg, Tilmann; Rogge, Henning：《Industriekultur Peter Behrens and the AEG, 1907-1914》",0.452677,UNREVIEWED,candidate_needs_review
7.5,CH07,第七章　重建与“优良设计”：欧美、日本的战后制度,联邦德国企业设计,5,B0492,book,"杭间, 靳埭强, 胡恩威：《包豪斯道路：历史、遗泽、世界与中国》，2010",0.43528,UNREVIEWED,candidate_needs_review
7.5,CH07,第七章　重建与“优良设计”：欧美、日本的战后制度,联邦德国企业设计,6,B0486,book,朱和平：《世界现代设计史》，2004,0.430113,UNREVIEWED,candidate_needs_review
7.5,CH07,第七章　重建与“优良设计”：欧美、日本的战后制度,联邦德国企业设计,7,B0498,book,梁梅：《世界现代设计史》，2013,0.422235,UNREVIEWED,candidate_needs_review
7.5,CH07,第七章　重建与“优良设计”：欧美、日本的战后制度,联邦德国企业设计,8,B0504,book,"王树良, 张玉花：《现代设计史(白金版)》，2010",0.419692,UNREVIEWED,candidate_needs_review
7.5,CH07,第七章　重建与“优良设计”：欧美、日本的战后制度,联邦德国企业设计,9,B0225,book,John Heskett：《Industrial Design》，1980,0.408839,UNREVIEWED,candidate_needs_review
7.5,CH07,第七章　重建与“优良设计”：欧美、日本的战后制度,联邦德国企业设计,10,B0454,book,Wick：《Teaching at the Bauhaus》,0.40375,UNREVIEWED,candidate_needs_review
7.5,CH07,第七章　重建与“优良设计”：欧美、日本的战后制度,联邦德国企业设计,11,B0075,book,"Charlotte Fiell, Peter Fiell：《Design of the 20th Century》，1999",0.399022,UNREVIEWED,candidate_needs_review
7.5,CH07,第七章　重建与“优良设计”：欧美、日本的战后制度,联邦德国企业设计,12,B0473,book,周博：《现代设计伦理思想史》，2014,0.393386,UNREVIEWED,candidate_needs_review
7.5,CH07,第七章　重建与“优良设计”：欧美、日本的战后制度,联邦德国企业设计,13,B0478,book,大卫·瑞兹曼 (David Raizman)：《现代设计史（第2版）》，2013,0.391884,UNREVIEWED,candidate_needs_review
7.5,CH07,第七章　重建与“优良设计”：欧美、日本的战后制度,联邦德国企业设计,14,B0065,book,Carl DiSalvo：《Adversarial Design》,0.390602,UNREVIEWED,candidate_needs_review
7.5,CH07,第七章　重建与“优良设计”：欧美、日本的战后制度,联邦德国企业设计,15,B0501,book,王受之：《世界平面设计史》，2001,0.390467,UNREVIEWED,candidate_needs_review
7.5,CH07,第七章　重建与“优良设计”：欧美、日本的战后制度,联邦德国企业设计,16,B0489,book,李砚祖：《外国设计艺术经典论著选读(上)》，2004,0.387553,UNREVIEWED,candidate_needs_review
7.5,CH07,第七章　重建与“优良设计”：欧美、日本的战后制度,联邦德国企业设计,17,B0064,book,"Campbell, Joan：《The German Werkbund the politics of reform in the applied arts》",0.382869,UNREVIEWED,candidate_needs_review
7.5,CH07,第七章　重建与“优良设计”：欧美、日本的战后制度,联邦德国企业设计,18,B0234,book,Jonathan M. Woodham：《Dictionary of Modern Design》,0.37905,UNREVIEWED,candidate_needs_review
7.5,CH07,第七章　重建与“优良设计”：欧美、日本的战后制度,联邦德国企业设计,19,B0512,book,赵江洪：《设计艺术的含义》，1999,0.372785,UNREVIEWED,candidate_needs_review
7.5,CH07,第七章　重建与“优良设计”：欧美、日本的战后制度,联邦德国企业设计,20,B0253,book,Kathryn B Hiesinger：《JAPANESE DESIGN A SURVEY SINCE 1950》,0.361272,UNREVIEWED,candidate_needs_review
7.5,CH07,第七章　重建与“优良设计”：欧美、日本的战后制度,联邦德国企业设计,21,B0115,book,"Design, History and Time _ New Temporalities in a Digital -- Hendon, Zoë (editor",0.359888,UNREVIEWED,candidate_needs_review
7.5,CH07,第七章　重建与“优良设计”：欧美、日本的战后制度,联邦德国企业设计,22,B0023,book,"Anthony Dunne, Fiona Raby：《Design Noir The Secret Life of Electronic Objects》",0.359705,UNREVIEWED,candidate_needs_review
7.5,CH07,第七章　重建与“优良设计”：欧美、日本的战后制度,联邦德国企业设计,23,B0189,book,"Heskett, John：《Industrial design》",0.357433,UNREVIEWED,candidate_needs_review
7.5,CH07,第七章　重建与“优良设计”：欧美、日本的战后制度,联邦德国企业设计,24,B0485,book,曹小鸥：《中国现代设计思想：生活、启蒙、变迁》，2018,0.357338,UNREVIEWED,candidate_needs_review
7.5,CH07,第七章　重建与“优良设计”：欧美、日本的战后制度,联邦德国企业设计,25,B0509,book,英彭妮·斯帕克(Penny Sparke)：《唯有粉红 审美品位的性别政治学》,0.356894,UNREVIEWED,candidate_needs_review
7.5,CH07,第七章　重建与“优良设计”：欧美、日本的战后制度,联邦德国企业设计,26,B0221,book,John Clifford：《Graphic Icons Visionaries Who Shaped Modern Graphic Design》，2014,0.355678,UNREVIEWED,candidate_needs_review
7.5,CH07,第七章　重建与“优良设计”：欧美、日本的战后制度,联邦德国企业设计,27,B0235,book,Jonathan M. Woodham：《Twentieth Century Design》,0.354646,UNREVIEWED,candidate_needs_review
7.5,CH07,第七章　重建与“优良设计”：欧美、日本的战后制度,联邦德国企业设计,28,B0482,book,张夫也：《外国现代设计史》，2009,0.348892,UNREVIEWED,candidate_needs_review
7.5,CH07,第七章　重建与“优良设计”：欧美、日本的战后制度,联邦德国企业设计,29,B0416,book,"The arts and crafts movement (Blakesley, Rosalind P. (Rosalind Polly)) (z-librar",0.344518,UNREVIEWED,candidate_needs_review
7.5,CH07,第七章　重建与“优良设计”：欧美、日本的战后制度,联邦德国企业设计,30,B0066,book,Carroll Gantz：《Founders of American Industrial Design》，2014,0.342682,UNREVIEWED,candidate_needs_review
7.6,CH07,第七章　重建与“优良设计”：欧美、日本的战后制度,北欧设计的制度基础,1,B0509,book,英彭妮·斯帕克(Penny Sparke)：《唯有粉红 审美品位的性别政治学》,0.559041,UNREVIEWED,candidate_needs_review
7.6,CH07,第七章　重建与“优良设计”：欧美、日本的战后制度,北欧设计的制度基础,2,B0076,book,"Charlotte Fiell, Peter Fiell：《Scandinavian Design》，2002",0.555197,UNREVIEWED,candidate_needs_review
7.6,CH07,第七章　重建与“优良设计”：欧美、日本的战后制度,北欧设计的制度基础,3,B0433,book,Victor Margolin：《World History of Design World War I to World War II》,0.552064,UNREVIEWED,candidate_needs_review
7.6,CH07,第七章　重建与“优良设计”：欧美、日本的战后制度,北欧设计的制度基础,4,B0075,book,"Charlotte Fiell, Peter Fiell：《Design of the 20th Century》，1999",0.53063,UNREVIEWED,candidate_needs_review
7.6,CH07,第七章　重建与“优良设计”：欧美、日本的战后制度,北欧设计的制度基础,5,B0073,book,"Charlotte Benton, Tim Benton：《Art Deco 1910–1939》",0.528588,UNREVIEWED,candidate_needs_review
7.6,CH07,第七章　重建与“优良设计”：欧美、日本的战后制度,北欧设计的制度基础,6,B0400,book,"Sparke, Penny：《An introduction to design and culture 1900 to the present》",0.515579,UNREVIEWED,candidate_needs_review
7.6,CH07,第七章　重建与“优良设计”：欧美、日本的战后制度,北欧设计的制度基础,7,B0388,book,Scandinavian Design Alternative Histories (Kjetil Fallan (editor)),0.511277,UNREVIEWED,candidate_needs_review
7.6,CH07,第七章　重建与“优良设计”：欧美、日本的战后制度,北欧设计的制度基础,8,B0399,book,"Sparke, Penny; Fisher, Fiona (eds.), The Routledge Companion to Design Studies, 2016",0.501853,UNREVIEWED,candidate_needs_review
7.6,CH07,第七章　重建与“优良设计”：欧美、日本的战后制度,北欧设计的制度基础,9,B0253,book,Kathryn B Hiesinger：《JAPANESE DESIGN A SURVEY SINCE 1950》,0.501812,UNREVIEWED,candidate_needs_review
7.6,CH07,第七章　重建与“优良设计”：欧美、日本的战后制度,北欧设计的制度基础,10,B0234,book,Jonathan M. Woodham：《Dictionary of Modern Design》,0.490621,UNREVIEWED,candidate_needs_review
7.6,CH07,第七章　重建与“优良设计”：欧美、日本的战后制度,北欧设计的制度基础,11,B0461,book,World History Of Design - Volume 2_ World War I To World War -- Victor Margolin,0.478565,UNREVIEWED,candidate_needs_review
7.6,CH07,第七章　重建与“优良设计”：欧美、日本的战后制度,北欧设计的制度基础,12,B0498,book,梁梅：《世界现代设计史》，2013,0.475246,UNREVIEWED,candidate_needs_review
7.6,CH07,第七章　重建与“优良设计”：欧美、日本的战后制度,北欧设计的制度基础,13,B0292,book,Margolin：《World history of design》,0.473898,UNREVIEWED,candidate_needs_review
7.6,CH07,第七章　重建与“优良设计”：欧美、日本的战后制度,北欧设计的制度基础,14,B0468,book,何人可：《工业设计史(第四版)》，2010,0.466568,UNREVIEWED,candidate_needs_review
7.6,CH07,第七章　重建与“优良设计”：欧美、日本的战后制度,北欧设计的制度基础,15,B0482,book,张夫也：《外国现代设计史》，2009,0.455447,UNREVIEWED,candidate_needs_review
7.6,CH07,第七章　重建与“优良设计”：欧美、日本的战后制度,北欧设计的制度基础,16,B0102,book,David Raizman：《History of Modern Design》，2023,0.454037,UNREVIEWED,candidate_needs_review
7.6,CH07,第七章　重建与“优良设计”：欧美、日本的战后制度,北欧设计的制度基础,17,B0289,book,"Margolin, Victor, World History of Design, Volume 2, 2015",0.453528,UNREVIEWED,candidate_needs_review
7.6,CH07,第七章　重建与“优良设计”：欧美、日本的战后制度,北欧设计的制度基础,18,B0273,book,"Lees-Maffei, Grace; Houze, Rebecca (eds.)：The Design History Reader, 2010",0.451994,UNREVIEWED,candidate_needs_review
7.6,CH07,第七章　重建与“优良设计”：欧美、日本的战后制度,北欧设计的制度基础,19,B0235,book,Jonathan M. Woodham：《Twentieth Century Design》,0.447735,UNREVIEWED,candidate_needs_review
7.6,CH07,第七章　重建与“优良设计”：欧美、日本的战后制度,北欧设计的制度基础,20,B0473,book,周博：《现代设计伦理思想史》，2014,0.441582,UNREVIEWED,candidate_needs_review
7.6,CH07,第七章　重建与“优良设计”：欧美、日本的战后制度,北欧设计的制度基础,21,B0485,book,曹小鸥：《中国现代设计思想：生活、启蒙、变迁》，2018,0.438032,UNREVIEWED,candidate_needs_review
7.6,CH07,第七章　重建与“优良设计”：欧美、日本的战后制度,北欧设计的制度基础,22,B0512,book,赵江洪：《设计艺术的含义》，1999,0.435608,UNREVIEWED,candidate_needs_review
7.6,CH07,第七章　重建与“优良设计”：欧美、日本的战后制度,北欧设计的制度基础,23,B0104,book,Deposit Insurance around the World： Issues of Design and -- AslÄ± DemirgÃ1⁄4Ã§-K,0.429103,UNREVIEWED,candidate_needs_review
7.6,CH07,第七章　重建与“优良设计”：欧美、日本的战后制度,北欧设计的制度基础,24,B0507,book,维克多·马格林：《世界设计史2：一战至二战》，2015,0.421109,UNREVIEWED,candidate_needs_review
7.6,CH07,第七章　重建与“优良设计”：欧美、日本的战后制度,北欧设计的制度基础,25,B0225,book,John Heskett：《Industrial Design》，1980,0.41794,UNREVIEWED,candidate_needs_review
7.6,CH07,第七章　重建与“优良设计”：欧美、日本的战后制度,北欧设计的制度基础,26,B0168,book,"Gillian Naylor：《The arts and crafts movement a study of its sources, ideals and influence on design theory》",0.41787,UNREVIEWED,candidate_needs_review
7.6,CH07,第七章　重建与“优良设计”：欧美、日本的战后制度,北欧设计的制度基础,27,B0165,book,"Geoffrey Alan Jellicoe, Susan Jellicoe：《The Landscape of Man》，1975",0.416651,UNREVIEWED,candidate_needs_review
7.6,CH07,第七章　重建与“优良设计”：欧美、日本的战后制度,北欧设计的制度基础,28,B0074,book,"Charlotte Fiell, Peter Fiell：《1000 Chairs》",0.41494,UNREVIEWED,candidate_needs_review
7.6,CH07,第七章　重建与“优良设计”：欧美、日本的战后制度,北欧设计的制度基础,29,B0320,book,"Muthesius, Hermann：The English House, 1979",0.408382,UNREVIEWED,candidate_needs_review
7.6,CH07,第七章　重建与“优良设计”：欧美、日本的战后制度,北欧设计的制度基础,30,B0288,book,"Margolin, Victor, World History of Design, Volume 1, 2015",0.404425,UNREVIEWED,candidate_needs_review
7.7,CH07,第七章　重建与“优良设计”：欧美、日本的战后制度,日本战后设计重建,1,B0253,book,Kathryn B Hiesinger：《JAPANESE DESIGN A SURVEY SINCE 1950》,0.647585,UNREVIEWED,candidate_needs_review
7.7,CH07,第七章　重建与“优良设计”：欧美、日本的战后制度,日本战后设计重建,2,B0235,book,Jonathan M. Woodham：《Twentieth Century Design》,0.568339,UNREVIEWED,candidate_needs_review
7.7,CH07,第七章　重建与“优良设计”：欧美、日本的战后制度,日本战后设计重建,3,B0234,book,Jonathan M. Woodham：《Dictionary of Modern Design》,0.486635,UNREVIEWED,candidate_needs_review
7.7,CH07,第七章　重建与“优良设计”：欧美、日本的战后制度,日本战后设计重建,4,B0482,book,张夫也：《外国现代设计史》，2009,0.483536,UNREVIEWED,candidate_needs_review
7.7,CH07,第七章　重建与“优良设计”：欧美、日本的战后制度,日本战后设计重建,5,B0084,book,"Clive Dilnot：《A John Heskett Reader Design, History, Economics》",0.461718,UNREVIEWED,candidate_needs_review
7.7,CH07,第七章　重建与“优良设计”：欧美、日本的战后制度,日本战后设计重建,6,B0006,book,"Adburgham, Alison：《Libertys a biography of a shop》",0.449596,UNREVIEWED,candidate_needs_review
7.7,CH07,第七章　重建与“优良设计”：欧美、日本的战后制度,日本战后设计重建,7,B0486,book,朱和平：《世界现代设计史》，2004,0.448547,UNREVIEWED,candidate_needs_review
7.7,CH07,第七章　重建与“优良设计”：欧美、日本的战后制度,日本战后设计重建,8,B0467,book,世界设计史_II_苏联至二战,0.444713,UNREVIEWED,candidate_needs_review
7.7,CH07,第七章　重建与“优良设计”：欧美、日本的战后制度,日本战后设计重建,9,B0509,book,英彭妮·斯帕克(Penny Sparke)：《唯有粉红 审美品位的性别政治学》,0.439393,UNREVIEWED,candidate_needs_review
7.7,CH07,第七章　重建与“优良设计”：欧美、日本的战后制度,日本战后设计重建,10,B0400,book,"Sparke, Penny：《An introduction to design and culture 1900 to the present》",0.435435,UNREVIEWED,candidate_needs_review
7.7,CH07,第七章　重建与“优良设计”：欧美、日本的战后制度,日本战后设计重建,11,B0508,book,"胡天璇, 曾山, 王庆：《外国近现代设计史》，2012",0.433604,UNREVIEWED,candidate_needs_review
7.7,CH07,第七章　重建与“优良设计”：欧美、日本的战后制度,日本战后设计重建,12,B0498,book,梁梅：《世界现代设计史》，2013,0.422499,UNREVIEWED,candidate_needs_review
7.7,CH07,第七章　重建与“优良设计”：欧美、日本的战后制度,日本战后设计重建,13,B0075,book,"Charlotte Fiell, Peter Fiell：《Design of the 20th Century》，1999",0.420271,UNREVIEWED,candidate_needs_review
7.7,CH07,第七章　重建与“优良设计”：欧美、日本的战后制度,日本战后设计重建,14,B0398,book,"Sparke, Penny, An Introduction to Design and Culture, 1986",0.418206,UNREVIEWED,candidate_needs_review
7.7,CH07,第七章　重建与“优良设计”：欧美、日本的战后制度,日本战后设计重建,15,B0344,book,Penny Sparke：《A century of design design pioneers of the 20th century》,0.413567,UNREVIEWED,candidate_needs_review
7.7,CH07,第七章　重建与“优良设计”：欧美、日本的战后制度,日本战后设计重建,16,B0345,book,Penny Sparke：《An Introduction to Design and Culture 1900 to the Present》,0.403387,UNREVIEWED,candidate_needs_review
7.7,CH07,第七章　重建与“优良设计”：欧美、日本的战后制度,日本战后设计重建,17,B0468,book,何人可：《工业设计史(第四版)》，2010,0.402726,UNREVIEWED,candidate_needs_review
7.7,CH07,第七章　重建与“优良设计”：欧美、日本的战后制度,日本战后设计重建,18,B0189,book,"Heskett, John：《Industrial design》",0.399917,UNREVIEWED,candidate_needs_review
7.7,CH07,第七章　重建与“优良设计”：欧美、日本的战后制度,日本战后设计重建,19,B0485,book,曹小鸥：《中国现代设计思想：生活、启蒙、变迁》，2018,0.395396,UNREVIEWED,candidate_needs_review
7.7,CH07,第七章　重建与“优良设计”：欧美、日本的战后制度,日本战后设计重建,20,B0105,book,"Design and Creativity Policy, Management and Practice (Guy Julier Liz Moor (edit",0.390184,UNREVIEWED,candidate_needs_review
7.7,CH07,第七章　重建与“优良设计”：欧美、日本的战后制度,日本战后设计重建,21,B0226,book,John Heskett：《Toothpicks and Logos Design in Everyday Life》,0.384205,UNREVIEWED,candidate_needs_review
7.7,CH07,第七章　重建与“优良设计”：欧美、日本的战后制度,日本战后设计重建,22,B0401,book,Sparke：《An introduction to design and culture _ 1900 to the present，2020》,0.383428,UNREVIEWED,candidate_needs_review
7.7,CH07,第七章　重建与“优良设计”：欧美、日本的战后制度,日本战后设计重建,23,B0225,book,John Heskett：《Industrial Design》，1980,0.382995,UNREVIEWED,candidate_needs_review
7.7,CH07,第七章　重建与“优良设计”：欧美、日本的战后制度,日本战后设计重建,24,B0433,book,Victor Margolin：《World History of Design World War I to World War II》,0.382909,UNREVIEWED,candidate_needs_review
7.7,CH07,第七章　重建与“优良设计”：欧美、日本的战后制度,日本战后设计重建,25,B0005,book,"Adamson, Glenn; Riello, Giorgio; Teasley, Sarah (eds.), Global Design History, 2011",0.382505,UNREVIEWED,candidate_needs_review
7.7,CH07,第七章　重建与“优良设计”：欧美、日本的战后制度,日本战后设计重建,26,B0478,book,大卫·瑞兹曼 (David Raizman)：《现代设计史（第2版）》，2013,0.377615,UNREVIEWED,candidate_needs_review
7.7,CH07,第七章　重建与“优良设计”：欧美、日本的战后制度,日本战后设计重建,27,B0066,book,Carroll Gantz：《Founders of American Industrial Design》，2014,0.376258,UNREVIEWED,candidate_needs_review
7.7,CH07,第七章　重建与“优良设计”：欧美、日本的战后制度,日本战后设计重建,28,B0009,book,Alain Weill：《Graphic Design A History》，2004,0.37535,UNREVIEWED,candidate_needs_review
7.7,CH07,第七章　重建与“优良设计”：欧美、日本的战后制度,日本战后设计重建,29,B0010,book,Alain Weill：《The Poster A Worldwide Survey and History》，1985,0.372895,UNREVIEWED,candidate_needs_review
7.7,CH07,第七章　重建与“优良设计”：欧美、日本的战后制度,日本战后设计重建,30,B0151,book,"Ezio Manzini：《Design, When Everybody Designs An Introduction to Design for Social Innovation》，2015",0.372322,UNREVIEWED,candidate_needs_review
8.1,CH08,第八章　冷战、社会主义设计、去殖民化与国家建设,冷战展览与生活方式竞争,1,B0417,book,"The design history reader -- Grace Lees-Maffei, Rebecca Houze (eds_) -- New York",0.425602,UNREVIEWED,candidate_needs_review
8.1,CH08,第八章　冷战、社会主义设计、去殖民化与国家建设,冷战展览与生活方式竞争,2,P0062,paper,"Susan E. Reid：《Repenser le Dégel： Versions du socialisme, influences internationales et société soviétique》，2005",0.420412,UNREVIEWED,candidate_needs_review
8.1,CH08,第八章　冷战、社会主义设计、去殖民化与国家建设,冷战展览与生活方式竞争,3,B0101,book,David Raizman：《History of Modern Design》,0.416645,UNREVIEWED,candidate_needs_review
8.1,CH08,第八章　冷战、社会主义设计、去殖民化与国家建设,冷战展览与生活方式竞争,4,B0145,book,Ellen Lupton：《Mechanical Brides Women and Machines from Home to Office》,0.414056,UNREVIEWED,candidate_needs_review
8.1,CH08,第八章　冷战、社会主义设计、去殖民化与国家建设,冷战展览与生活方式竞争,5,B0292,book,Margolin：《World history of design》,0.399961,UNREVIEWED,candidate_needs_review
8.1,CH08,第八章　冷战、社会主义设计、去殖民化与国家建设,冷战展览与生活方式竞争,6,B0327,book,"None：《China design now , None》",0.396193,UNREVIEWED,candidate_needs_review
8.1,CH08,第八章　冷战、社会主义设计、去殖民化与国家建设,冷战展览与生活方式竞争,7,B0100,book,David Crowley：《Warsaw》,0.395685,UNREVIEWED,candidate_needs_review
8.1,CH08,第八章　冷战、社会主义设计、去殖民化与国家建设,冷战展览与生活方式竞争,8,B0515,book,阿德里安·福蒂：《欲求之物：1750年以来的设计与社会》，2001,0.387024,UNREVIEWED,candidate_needs_review
8.1,CH08,第八章　冷战、社会主义设计、去殖民化与国家建设,冷战展览与生活方式竞争,9,B0099,book,"David Crowley, Susan E. Reid：《Socialist Spaces Sites of Everyday Life in the Eastern Bloc》，2002",0.380546,UNREVIEWED,candidate_needs_review
8.1,CH08,第八章　冷战、社会主义设计、去殖民化与国家建设,冷战展览与生活方式竞争,10,B0315,book,"Miller, Daniel：Material Culture and Mass Consumption, 1987",0.38019,UNREVIEWED,candidate_needs_review
8.1,CH08,第八章　冷战、社会主义设计、去殖民化与国家建设,冷战展览与生活方式竞争,11,B0036,book,"Attfield：《A View from the interior feminism, women, and design》",0.379322,UNREVIEWED,candidate_needs_review
8.1,CH08,第八章　冷战、社会主义设计、去殖民化与国家建设,冷战展览与生活方式竞争,12,B0286,book,"Margolin, Victor, Design in History, 2009",0.374304,UNREVIEWED,candidate_needs_review
8.1,CH08,第八章　冷战、社会主义设计、去殖民化与国家建设,冷战展览与生活方式竞争,13,B0166,book,"George, Kenneth M.; Nordholt, Henk Schulte：《Outward Appearances Dressing State and Society in Indonesia》",0.366886,UNREVIEWED,candidate_needs_review
8.1,CH08,第八章　冷战、社会主义设计、去殖民化与国家建设,冷战展览与生活方式竞争,14,B0399,book,"Sparke, Penny; Fisher, Fiona (eds.), The Routledge Companion to Design Studies, 2016",0.363837,UNREVIEWED,candidate_needs_review
8.1,CH08,第八章　冷战、社会主义设计、去殖民化与国家建设,冷战展览与生活方式竞争,15,B0162,book,"Gallo, Max：The Poster in History, 1974",0.362799,UNREVIEWED,candidate_needs_review
8.1,CH08,第八章　冷战、社会主义设计、去殖民化与国家建设,冷战展览与生活方式竞争,16,B0017,book,Alison J. Clarke (ed.)：《Design Anthropology Object Cultures in Transition》,0.35776,UNREVIEWED,candidate_needs_review
8.1,CH08,第八章　冷战、社会主义设计、去殖民化与国家建设,冷战展览与生活方式竞争,17,B0023,book,"Anthony Dunne, Fiona Raby：《Design Noir The Secret Life of Electronic Objects》",0.356066,UNREVIEWED,candidate_needs_review
8.1,CH08,第八章　冷战、社会主义设计、去殖民化与国家建设,冷战展览与生活方式竞争,18,B0189,book,"Heskett, John：《Industrial design》",0.35494,UNREVIEWED,candidate_needs_review
8.1,CH08,第八章　冷战、社会主义设计、去殖民化与国家建设,冷战展览与生活方式竞争,19,B0005,book,"Adamson, Glenn; Riello, Giorgio; Teasley, Sarah (eds.), Global Design History, 2011",0.353802,UNREVIEWED,candidate_needs_review
8.1,CH08,第八章　冷战、社会主义设计、去殖民化与国家建设,冷战展览与生活方式竞争,20,B0108,book,"Design discourse _ history, theory, criticism -- Margolin, Victor, 1941- -- Chic",0.351848,UNREVIEWED,candidate_needs_review
8.1,CH08,第八章　冷战、社会主义设计、去殖民化与国家建设,冷战展览与生活方式竞争,21,B0345,book,Penny Sparke：《An Introduction to Design and Culture 1900 to the Present》,0.351664,UNREVIEWED,candidate_needs_review
8.1,CH08,第八章　冷战、社会主义设计、去殖民化与国家建设,冷战展览与生活方式竞争,22,B0102,book,David Raizman：《History of Modern Design》，2023,0.349305,UNREVIEWED,candidate_needs_review
8.1,CH08,第八章　冷战、社会主义设计、去殖民化与国家建设,冷战展览与生活方式竞争,23,B0339,book,"Paul Greenhalgh：《Ephemeral Vistas The Expositions Universelles, Great Exhibition",0.344052,UNREVIEWED,candidate_needs_review
8.1,CH08,第八章　冷战、社会主义设计、去殖民化与国家建设,冷战展览与生活方式竞争,24,B0115,book,"Design, History and Time _ New Temporalities in a Digital -- Hendon, Zoë (editor",0.34283,UNREVIEWED,candidate_needs_review
8.1,CH08,第八章　冷战、社会主义设计、去殖民化与国家建设,冷战展览与生活方式竞争,25,B0401,book,Sparke：《An introduction to design and culture _ 1900 to the present，2020》,0.342246,UNREVIEWED,candidate_needs_review
8.1,CH08,第八章　冷战、社会主义设计、去殖民化与国家建设,冷战展览与生活方式竞争,26,B0006,book,"Adburgham, Alison：《Libertys a biography of a shop》",0.338883,UNREVIEWED,candidate_needs_review
8.1,CH08,第八章　冷战、社会主义设计、去殖民化与国家建设,冷战展览与生活方式竞争,27,B0052,book,"Briggs, Asa：《Victorian things》",0.337859,UNREVIEWED,candidate_needs_review
8.1,CH08,第八章　冷战、社会主义设计、去殖民化与国家建设,冷战展览与生活方式竞争,28,B0398,book,"Sparke, Penny, An Introduction to Design and Culture, 1986",0.33768,UNREVIEWED,candidate_needs_review
8.1,CH08,第八章　冷战、社会主义设计、去殖民化与国家建设,冷战展览与生活方式竞争,29,B0022,book,Anne Massey：《Interior Design of the 20th Century》，1990,0.336427,UNREVIEWED,candidate_needs_review
8.1,CH08,第八章　冷战、社会主义设计、去殖民化与国家建设,冷战展览与生活方式竞争,30,B0059,book,"Buchanan, Richard; Margolin, Victor (eds.), The Idea of Design, 1995",0.335418,UNREVIEWED,candidate_needs_review
8.2,CH08,第八章　冷战、社会主义设计、去殖民化与国家建设,东欧社会主义日常生活,1,B0100,book,David Crowley：《Warsaw》,0.608855,UNREVIEWED,candidate_needs_review
8.2,CH08,第八章　冷战、社会主义设计、去殖民化与国家建设,东欧社会主义日常生活,2,B0099,book,"David Crowley, Susan E. Reid：《Socialist Spaces Sites of Everyday Life in the Eastern Bloc》，2002",0.51932,UNREVIEWED,candidate_needs_review
8.2,CH08,第八章　冷战、社会主义设计、去殖民化与国家建设,东欧社会主义日常生活,3,P0062,paper,"Susan E. Reid：《Repenser le Dégel： Versions du socialisme, influences internationales et société soviétique》，2005",0.450373,UNREVIEWED,candidate_needs_review
8.2,CH08,第八章　冷战、社会主义设计、去殖民化与国家建设,东欧社会主义日常生活,4,B0292,book,Margolin：《World history of design》,0.423418,UNREVIEWED,candidate_needs_review
8.2,CH08,第八章　冷战、社会主义设计、去殖民化与国家建设,东欧社会主义日常生活,5,B0017,book,Alison J. Clarke (ed.)：《Design Anthropology Object Cultures in Transition》,0.402514,UNREVIEWED,candidate_needs_review
8.2,CH08,第八章　冷战、社会主义设计、去殖民化与国家建设,东欧社会主义日常生活,6,B0514,book,邹德侬：《中国现代建筑史》，2001,0.388697,UNREVIEWED,candidate_needs_review
8.2,CH08,第八章　冷战、社会主义设计、去殖民化与国家建设,东欧社会主义日常生活,7,B0484,book,"斯塔夫里阿诺斯, L.S.：《全球通史-1500年以后的世界》",0.369667,UNREVIEWED,candidate_needs_review
8.2,CH08,第八章　冷战、社会主义设计、去殖民化与国家建设,东欧社会主义日常生活,8,B0423,book,The Sciences：《of the Artificial Simon 3rd ed》,0.35818,UNREVIEWED,candidate_needs_review
8.2,CH08,第八章　冷战、社会主义设计、去殖民化与国家建设,东欧社会主义日常生活,9,B0473,book,周博：《现代设计伦理思想史》，2014,0.355609,UNREVIEWED,candidate_needs_review
8.2,CH08,第八章　冷战、社会主义设计、去殖民化与国家建设,东欧社会主义日常生活,10,P0045,paper,"Madina Tlostanova, Redi Koobak：《Border thinking and disidentification Postcolonial and postsocialist feminist dialogues》",0.350043,UNREVIEWED,candidate_needs_review
8.2,CH08,第八章　冷战、社会主义设计、去殖民化与国家建设,东欧社会主义日常生活,11,B0240,book,Judy Attfield：《Wild Things The Material Culture of Everyday Life》，2000,0.345664,UNREVIEWED,candidate_needs_review
8.2,CH08,第八章　冷战、社会主义设计、去殖民化与国家建设,东欧社会主义日常生活,12,B0059,book,"Buchanan, Richard; Margolin, Victor (eds.), The Idea of Design, 1995",0.343014,UNREVIEWED,candidate_needs_review
8.2,CH08,第八章　冷战、社会主义设计、去殖民化与国家建设,东欧社会主义日常生活,13,B0483,book,文一：《伟大的中国工业革命发展政治经济学一般原理批判纲要》,0.337344,UNREVIEWED,candidate_needs_review
8.2,CH08,第八章　冷战、社会主义设计、去殖民化与国家建设,东欧社会主义日常生活,14,B0366,book,Richard Stites：《Revolutionary Dreams Utopian Vision and Experimental Life in the Russian Revolution》，1989,0.336059,UNREVIEWED,candidate_needs_review
8.2,CH08,第八章　冷战、社会主义设计、去殖民化与国家建设,东欧社会主义日常生活,15,B0061,book,By Edgar Kaufmann：《Introduction To Modern Design》,0.334393,UNREVIEWED,candidate_needs_review
8.2,CH08,第八章　冷战、社会主义设计、去殖民化与国家建设,东欧社会主义日常生活,16,B0010,book,Alain Weill：《The Poster A Worldwide Survey and History》，1985,0.333833,UNREVIEWED,candidate_needs_review
8.2,CH08,第八章　冷战、社会主义设计、去殖民化与国家建设,东欧社会主义日常生活,17,B0512,book,赵江洪：《设计艺术的含义》，1999,0.333652,UNREVIEWED,candidate_needs_review
8.2,CH08,第八章　冷战、社会主义设计、去殖民化与国家建设,东欧社会主义日常生活,18,B0266,book,Landsberger：《Chinese propaganda posters from revolution to modernization》,0.333133,UNREVIEWED,candidate_needs_review
8.2,CH08,第八章　冷战、社会主义设计、去殖民化与国家建设,东欧社会主义日常生活,19,B0075,book,"Charlotte Fiell, Peter Fiell：《Design of the 20th Century》，1999",0.332978,UNREVIEWED,candidate_needs_review
8.2,CH08,第八章　冷战、社会主义设计、去殖民化与国家建设,东欧社会主义日常生活,20,B0289,book,"Margolin, Victor, World History of Design, Volume 2, 2015",0.326846,UNREVIEWED,candidate_needs_review
8.2,CH08,第八章　冷战、社会主义设计、去殖民化与国家建设,东欧社会主义日常生活,21,B0038,book,"Bauer, Arnold J：《Goods, power, history Latin Americas material culture》",0.324687,UNREVIEWED,candidate_needs_review
8.2,CH08,第八章　冷战、社会主义设计、去殖民化与国家建设,东欧社会主义日常生活,22,B0107,book,Design Anthropology in Context _ An Introduction to Design -- Adam Drazin -- Lon,0.323255,UNREVIEWED,candidate_needs_review
8.2,CH08,第八章　冷战、社会主义设计、去殖民化与国家建设,东欧社会主义日常生活,23,B0106,book,Design and the Creation of Value -- John Heskett; Clive Dilnot; Suzan Boztepe --,0.323244,UNREVIEWED,candidate_needs_review
8.2,CH08,第八章　冷战、社会主义设计、去殖民化与国家建设,东欧社会主义日常生活,24,B0081,book,"Christopher Burke：《Isotype Design and Contexts, 1925-1971》",0.319393,UNREVIEWED,candidate_needs_review
8.2,CH08,第八章　冷战、社会主义设计、去殖民化与国家建设,东欧社会主义日常生活,25,B0108,book,"Design discourse _ history, theory, criticism -- Margolin, Victor, 1941- -- Chic",0.319328,UNREVIEWED,candidate_needs_review
8.2,CH08,第八章　冷战、社会主义设计、去殖民化与国家建设,东欧社会主义日常生活,26,B0258,book,Kenneth Frampton：《Modern Architecture A Critical History》，1980,0.313929,UNREVIEWED,candidate_needs_review
8.2,CH08,第八章　冷战、社会主义设计、去殖民化与国家建设,东欧社会主义日常生活,27,B0507,book,维克多·马格林：《世界设计史2：一战至二战》，2015,0.312734,UNREVIEWED,candidate_needs_review
8.2,CH08,第八章　冷战、社会主义设计、去殖民化与国家建设,东欧社会主义日常生活,28,B0288,book,"Margolin, Victor, World History of Design, Volume 1, 2015",0.312581,UNREVIEWED,candidate_needs_review
8.2,CH08,第八章　冷战、社会主义设计、去殖民化与国家建设,东欧社会主义日常生活,29,B0281,book,"M. Havinden：《Colonialism and Development Britain and Its Tropical Colonies, 1850-1960》",0.311644,UNREVIEWED,candidate_needs_review
8.2,CH08,第八章　冷战、社会主义设计、去殖民化与国家建设,东欧社会主义日常生活,30,P0021,paper,"Design history _ an anthology -- Doordan, Dennis P -- A Design issues reader, Ca",0.311482,UNREVIEWED,candidate_needs_review
8.3,CH08,第八章　冷战、社会主义设计、去殖民化与国家建设,苏联及社会主义现代主义,1,B0099,book,"David Crowley, Susan E. Reid：《Socialist Spaces Sites of Everyday Life in the Eastern Bloc》，2002",0.437497,UNREVIEWED,candidate_needs_review
8.3,CH08,第八章　冷战、社会主义设计、去殖民化与国家建设,苏联及社会主义现代主义,2,B0292,book,Margolin：《World history of design》,0.429728,UNREVIEWED,candidate_needs_review
8.3,CH08,第八章　冷战、社会主义设计、去殖民化与国家建设,苏联及社会主义现代主义,3,B0071,book,Charles Jencks：《The Language of Post-Modern Architecture》，1977,0.429567,UNREVIEWED,candidate_needs_review
8.3,CH08,第八章　冷战、社会主义设计、去殖民化与国家建设,苏联及社会主义现代主义,4,B0435,book,Victor Tupitsyn：《The Museological Unconscious Communal (Post)Modernism in Russia》，2009,0.419564,UNREVIEWED,candidate_needs_review
8.3,CH08,第八章　冷战、社会主义设计、去殖民化与国家建设,苏联及社会主义现代主义,5,B0007,book,Ades：《Photomontage》,0.391899,UNREVIEWED,candidate_needs_review
8.3,CH08,第八章　冷战、社会主义设计、去殖民化与国家建设,苏联及社会主义现代主义,6,B0100,book,David Crowley：《Warsaw》,0.391048,UNREVIEWED,candidate_needs_review
8.3,CH08,第八章　冷战、社会主义设计、去殖民化与国家建设,苏联及社会主义现代主义,7,B0115,book,"Design, History and Time _ New Temporalities in a Digital -- Hendon, Zoë (editor",0.389823,UNREVIEWED,candidate_needs_review
8.3,CH08,第八章　冷战、社会主义设计、去殖民化与国家建设,苏联及社会主义现代主义,8,B0102,book,David Raizman：《History of Modern Design》，2023,0.388377,UNREVIEWED,candidate_needs_review
8.3,CH08,第八章　冷战、社会主义设计、去殖民化与国家建设,苏联及社会主义现代主义,9,B0235,book,Jonathan M. Woodham：《Twentieth Century Design》,0.385353,UNREVIEWED,candidate_needs_review
8.3,CH08,第八章　冷战、社会主义设计、去殖民化与国家建设,苏联及社会主义现代主义,10,B0069,book,"Catriona Kelly, David Shepherd：《Constructing Russian culture in the age of revolution, 1881-1940》",0.378001,UNREVIEWED,candidate_needs_review
8.3,CH08,第八章　冷战、社会主义设计、去殖民化与国家建设,苏联及社会主义现代主义,11,B0222,book,John E. Bowlt (ed.)：《Russian Art of the Avant-Garde Theory and Criticism 1902-1934》，1976,0.375067,UNREVIEWED,candidate_needs_review
8.3,CH08,第八章　冷战、社会主义设计、去殖民化与国家建设,苏联及社会主义现代主义,12,B0473,book,周博：《现代设计伦理思想史》，2014,0.373597,UNREVIEWED,candidate_needs_review
8.3,CH08,第八章　冷战、社会主义设计、去殖民化与国家建设,苏联及社会主义现代主义,13,B0083,book,"Clark, Hazel; Brody, David (eds.), Design Studies： A Reader, 2009",0.372959,UNREVIEWED,candidate_needs_review
8.3,CH08,第八章　冷战、社会主义设计、去殖民化与国家建设,苏联及社会主义现代主义,14,B0162,book,"Gallo, Max：The Poster in History, 1974",0.372824,UNREVIEWED,candidate_needs_review
8.3,CH08,第八章　冷战、社会主义设计、去殖民化与国家建设,苏联及社会主义现代主义,15,B0291,book,"Margolin, Victor：The Struggle for Utopia：Rodchenko, Lissitzky, Moholy-Nagy, 1917-1946, 1997",0.37218,UNREVIEWED,candidate_needs_review
8.3,CH08,第八章　冷战、社会主义设计、去殖民化与国家建设,苏联及社会主义现代主义,16,B0289,book,"Margolin, Victor, World History of Design, Volume 2, 2015",0.371777,UNREVIEWED,candidate_needs_review
8.3,CH08,第八章　冷战、社会主义设计、去殖民化与国家建设,苏联及社会主义现代主义,17,B0288,book,"Margolin, Victor, World History of Design, Volume 1, 2015",0.370332,UNREVIEWED,candidate_needs_review
8.3,CH08,第八章　冷战、社会主义设计、去殖民化与国家建设,苏联及社会主义现代主义,18,B0038,book,"Bauer, Arnold J：《Goods, power, history Latin Americas material culture》",0.369946,UNREVIEWED,candidate_needs_review
8.3,CH08,第八章　冷战、社会主义设计、去殖民化与国家建设,苏联及社会主义现代主义,19,B0101,book,David Raizman：《History of Modern Design》,0.364716,UNREVIEWED,candidate_needs_review
8.3,CH08,第八章　冷战、社会主义设计、去殖民化与国家建设,苏联及社会主义现代主义,20,B0282,book,Magdalena Droste：《The Bauhaus 1919-1933》，1990,0.362865,UNREVIEWED,candidate_needs_review
8.3,CH08,第八章　冷战、社会主义设计、去殖民化与国家建设,苏联及社会主义现代主义,21,B0258,book,Kenneth Frampton：《Modern Architecture A Critical History》，1980,0.362367,UNREVIEWED,candidate_needs_review
8.3,CH08,第八章　冷战、社会主义设计、去殖民化与国家建设,苏联及社会主义现代主义,22,B0362,book,Reyner Banham：《A Critic Writes Selected Essays by Reyner Banham (Centennial Books)》,0.361155,UNREVIEWED,candidate_needs_review
8.3,CH08,第八章　冷战、社会主义设计、去殖民化与国家建设,苏联及社会主义现代主义,23,B0467,book,世界设计史_II_苏联至二战,0.360082,UNREVIEWED,candidate_needs_review
8.3,CH08,第八章　冷战、社会主义设计、去殖民化与国家建设,苏联及社会主义现代主义,24,P0062,paper,"Susan E. Reid：《Repenser le Dégel： Versions du socialisme, influences internationales et société soviétique》，2005",0.359722,UNREVIEWED,candidate_needs_review
8.3,CH08,第八章　冷战、社会主义设计、去殖民化与国家建设,苏联及社会主义现代主义,25,B0234,book,Jonathan M. Woodham：《Dictionary of Modern Design》,0.358024,UNREVIEWED,candidate_needs_review
8.3,CH08,第八章　冷战、社会主义设计、去殖民化与国家建设,苏联及社会主义现代主义,26,B0272,book,"Lears, T. J. Jackson：《No place of grace antimodernism and the transformation of American culture, 1880-1920》",0.357312,UNREVIEWED,candidate_needs_review
8.3,CH08,第八章　冷战、社会主义设计、去殖民化与国家建设,苏联及社会主义现代主义,27,B0088,book,"Cooke, Catherine：Architectural Drawings of the Russian Avant-Garde, 1990",0.356262,UNREVIEWED,candidate_needs_review
8.3,CH08,第八章　冷战、社会主义设计、去殖民化与国家建设,苏联及社会主义现代主义,28,B0033,book,Arturo Escobar：《Designs for the Pluriverse，2018》,0.35593,UNREVIEWED,candidate_needs_review
8.3,CH08,第八章　冷战、社会主义设计、去殖民化与国家建设,苏联及社会主义现代主义,29,B0061,book,By Edgar Kaufmann：《Introduction To Modern Design》,0.355308,UNREVIEWED,candidate_needs_review
8.3,CH08,第八章　冷战、社会主义设计、去殖民化与国家建设,苏联及社会主义现代主义,30,B0507,book,维克多·马格林：《世界设计史2：一战至二战》，2015,0.352711,UNREVIEWED,candidate_needs_review
8.4,CH08,第八章　冷战、社会主义设计、去殖民化与国家建设,去殖民化后的公共建设,1,B0052,book,"Briggs, Asa：《Victorian things》",0.372369,UNREVIEWED,candidate_needs_review
8.4,CH08,第八章　冷战、社会主义设计、去殖民化与国家建设,去殖民化后的公共建设,2,B0230,book,John Thackara：《In the Bubble Designing in a Complex World》，2005,0.348014,UNREVIEWED,candidate_needs_review
8.4,CH08,第八章　冷战、社会主义设计、去殖民化与国家建设,去殖民化后的公共建设,3,B0099,book,"David Crowley, Susan E. Reid：《Socialist Spaces Sites of Everyday Life in the Eastern Bloc》，2002",0.340915,UNREVIEWED,candidate_needs_review
8.4,CH08,第八章　冷战、社会主义设计、去殖民化与国家建设,去殖民化后的公共建设,4,B0017,book,Alison J. Clarke (ed.)：《Design Anthropology Object Cultures in Transition》,0.339053,UNREVIEWED,candidate_needs_review
8.4,CH08,第八章　冷战、社会主义设计、去殖民化与国家建设,去殖民化后的公共建设,5,B0258,book,Kenneth Frampton：《Modern Architecture A Critical History》，1980,0.335873,UNREVIEWED,candidate_needs_review
8.4,CH08,第八章　冷战、社会主义设计、去殖民化与国家建设,去殖民化后的公共建设,6,B0108,book,"Design discourse _ history, theory, criticism -- Margolin, Victor, 1941- -- Chic",0.334446,UNREVIEWED,candidate_needs_review
8.4,CH08,第八章　冷战、社会主义设计、去殖民化与国家建设,去殖民化后的公共建设,7,B0115,book,"Design, History and Time _ New Temporalities in a Digital -- Hendon, Zoë (editor",0.331846,UNREVIEWED,candidate_needs_review
8.4,CH08,第八章　冷战、社会主义设计、去殖民化与国家建设,去殖民化后的公共建设,8,B0105,book,"Design and Creativity Policy, Management and Practice (Guy Julier Liz Moor (edit",0.329142,UNREVIEWED,candidate_needs_review
8.4,CH08,第八章　冷战、社会主义设计、去殖民化与国家建设,去殖民化后的公共建设,9,B0224,book,John Heskett：《Design A Very Short Introduction》,0.319603,UNREVIEWED,candidate_needs_review
8.4,CH08,第八章　冷战、社会主义设计、去殖民化与国家建设,去殖民化后的公共建设,10,B0107,book,Design Anthropology in Context _ An Introduction to Design -- Adam Drazin -- Lon,0.316491,UNREVIEWED,candidate_needs_review
8.4,CH08,第八章　冷战、社会主义设计、去殖民化与国家建设,去殖民化后的公共建设,11,B0059,book,"Buchanan, Richard; Margolin, Victor (eds.), The Idea of Design, 1995",0.31492,UNREVIEWED,candidate_needs_review
8.4,CH08,第八章　冷战、社会主义设计、去殖民化与国家建设,去殖民化后的公共建设,12,B0053,book,Brigitte Borja de Mozota：《Design Management Using Design to Build Brand Value and Corporate Innovation》，2003,0.313784,UNREVIEWED,candidate_needs_review
8.4,CH08,第八章　冷战、社会主义设计、去殖民化与国家建设,去殖民化后的公共建设,13,B0339,book,"Paul Greenhalgh：《Ephemeral Vistas The Expositions Universelles, Great Exhibition",0.313327,UNREVIEWED,candidate_needs_review
8.4,CH08,第八章　冷战、社会主义设计、去殖民化与国家建设,去殖民化后的公共建设,14,B0292,book,Margolin：《World history of design》,0.31288,UNREVIEWED,candidate_needs_review
8.4,CH08,第八章　冷战、社会主义设计、去殖民化与国家建设,去殖民化后的公共建设,15,B0022,book,Anne Massey：《Interior Design of the 20th Century》，1990,0.311715,UNREVIEWED,candidate_needs_review
8.4,CH08,第八章　冷战、社会主义设计、去殖民化与国家建设,去殖民化后的公共建设,16,B0281,book,"M. Havinden：《Colonialism and Development Britain and Its Tropical Colonies, 1850-1960》",0.310088,UNREVIEWED,candidate_needs_review
8.4,CH08,第八章　冷战、社会主义设计、去殖民化与国家建设,去殖民化后的公共建设,17,B0188,book,"Heskett, John：Design：A Very Short Introduction, 2005",0.309975,UNREVIEWED,candidate_needs_review
8.4,CH08,第八章　冷战、社会主义设计、去殖民化与国家建设,去殖民化后的公共建设,18,B0006,book,"Adburgham, Alison：《Libertys a biography of a shop》",0.307173,UNREVIEWED,candidate_needs_review
8.4,CH08,第八章　冷战、社会主义设计、去殖民化与国家建设,去殖民化后的公共建设,19,B0165,book,"Geoffrey Alan Jellicoe, Susan Jellicoe：《The Landscape of Man》，1975",0.304104,UNREVIEWED,candidate_needs_review
8.4,CH08,第八章　冷战、社会主义设计、去殖民化与国家建设,去殖民化后的公共建设,20,B0221,book,John Clifford：《Graphic Icons Visionaries Who Shaped Modern Graphic Design》，2014,0.30317,UNREVIEWED,candidate_needs_review
8.4,CH08,第八章　冷战、社会主义设计、去殖民化与国家建设,去殖民化后的公共建设,21,B0284,book,"Margolin, Victor, A World History of Design and the History of the World, 2005",0.300734,UNREVIEWED,candidate_needs_review
8.4,CH08,第八章　冷战、社会主义设计、去殖民化与国家建设,去殖民化后的公共建设,22,B0473,book,周博：《现代设计伦理思想史》，2014,0.300198,UNREVIEWED,candidate_needs_review
8.4,CH08,第八章　冷战、社会主义设计、去殖民化与国家建设,去殖民化后的公共建设,23,B0162,book,"Gallo, Max：The Poster in History, 1974",0.298922,UNREVIEWED,candidate_needs_review
8.4,CH08,第八章　冷战、社会主义设计、去殖民化与国家建设,去殖民化后的公共建设,24,B0111,book,Design History and Culture ： Methods and Approaches -- Javier Gimeno-Martínez --,0.298271,UNREVIEWED,candidate_needs_review
8.4,CH08,第八章　冷战、社会主义设计、去殖民化与国家建设,去殖民化后的公共建设,25,B0038,book,"Bauer, Arnold J：《Goods, power, history Latin Americas material culture》",0.298254,UNREVIEWED,candidate_needs_review
8.4,CH08,第八章　冷战、社会主义设计、去殖民化与国家建设,去殖民化后的公共建设,26,B0140,book,Elizabeth (Dori) Tunstall：《Decolonizing Design A Cultural Justice Guidebook》,0.298211,UNREVIEWED,candidate_needs_review
8.4,CH08,第八章　冷战、社会主义设计、去殖民化与国家建设,去殖民化后的公共建设,27,B0151,book,"Ezio Manzini：《Design, When Everybody Designs An Introduction to Design for Social Innovation》，2015",0.296923,UNREVIEWED,candidate_needs_review
8.4,CH08,第八章　冷战、社会主义设计、去殖民化与国家建设,去殖民化后的公共建设,28,B0250,book,"Kate Fletcher, Lynda Grose：《Fashion & Sustainability Design for Change》，2012",0.296145,UNREVIEWED,candidate_needs_review
8.4,CH08,第八章　冷战、社会主义设计、去殖民化与国家建设,去殖民化后的公共建设,29,B0356,book,"Rachel Charlotte Smith, Ton Otto, Wendy Gunn：《Design Anthropology Theory and Practice》",0.294075,UNREVIEWED,candidate_needs_review
8.4,CH08,第八章　冷战、社会主义设计、去殖民化与国家建设,去殖民化后的公共建设,30,B0033,book,Arturo Escobar：《Designs for the Pluriverse，2018》,0.292806,UNREVIEWED,candidate_needs_review
8.5,CH08,第八章　冷战、社会主义设计、去殖民化与国家建设,印度及南亚现代性,1,P0007,paper,"Bauhaus Imaginista Haus der Kulturen der Welt, Berlin, -- Basu, Priyanka -- West",0.458704,UNREVIEWED,candidate_needs_review
8.5,CH08,第八章　冷战、社会主义设计、去殖民化与国家建设,印度及南亚现代性,2,P0045,paper,"Madina Tlostanova, Redi Koobak：《Border thinking and disidentification Postcolonial and postsocialist feminist dialogues》",0.453783,UNREVIEWED,candidate_needs_review
8.5,CH08,第八章　冷战、社会主义设计、去殖民化与国家建设,印度及南亚现代性,3,B0467,book,世界设计史_II_苏联至二战,0.429177,UNREVIEWED,candidate_needs_review
8.5,CH08,第八章　冷战、社会主义设计、去殖民化与国家建设,印度及南亚现代性,4,B0065,book,Carl DiSalvo：《Adversarial Design》,0.398088,UNREVIEWED,candidate_needs_review
8.5,CH08,第八章　冷战、社会主义设计、去殖民化与国家建设,印度及南亚现代性,5,B0433,book,Victor Margolin：《World History of Design World War I to World War II》,0.391227,UNREVIEWED,candidate_needs_review
8.5,CH08,第八章　冷战、社会主义设计、去殖民化与国家建设,印度及南亚现代性,6,B0461,book,World History Of Design - Volume 2_ World War I To World War -- Victor Margolin,0.371842,UNREVIEWED,candidate_needs_review
8.5,CH08,第八章　冷战、社会主义设计、去殖民化与国家建设,印度及南亚现代性,7,B0040,book,"Beckert, Sven：Empire of Cotton：A Global History, 2014",0.3659,UNREVIEWED,candidate_needs_review
8.5,CH08,第八章　冷战、社会主义设计、去殖民化与国家建设,印度及南亚现代性,8,B0101,book,David Raizman：《History of Modern Design》,0.346869,UNREVIEWED,candidate_needs_review
8.5,CH08,第八章　冷战、社会主义设计、去殖民化与国家建设,印度及南亚现代性,9,B0292,book,Margolin：《World history of design》,0.345344,UNREVIEWED,candidate_needs_review
8.5,CH08,第八章　冷战、社会主义设计、去殖民化与国家建设,印度及南亚现代性,10,B0235,book,Jonathan M. Woodham：《Twentieth Century Design》,0.3428,UNREVIEWED,candidate_needs_review
8.5,CH08,第八章　冷战、社会主义设计、去殖民化与国家建设,印度及南亚现代性,11,B0088,book,"Cooke, Catherine：Architectural Drawings of the Russian Avant-Garde, 1990",0.333508,UNREVIEWED,candidate_needs_review
8.5,CH08,第八章　冷战、社会主义设计、去殖民化与国家建设,印度及南亚现代性,12,B0099,book,"David Crowley, Susan E. Reid：《Socialist Spaces Sites of Everyday Life in the Eastern Bloc》，2002",0.332421,UNREVIEWED,candidate_needs_review
8.5,CH08,第八章　冷战、社会主义设计、去殖民化与国家建设,印度及南亚现代性,13,B0017,book,Alison J. Clarke (ed.)：《Design Anthropology Object Cultures in Transition》,0.329901,UNREVIEWED,candidate_needs_review
8.5,CH08,第八章　冷战、社会主义设计、去殖民化与国家建设,印度及南亚现代性,14,B0022,book,Anne Massey：《Interior Design of the 20th Century》，1990,0.324845,UNREVIEWED,candidate_needs_review
8.5,CH08,第八章　冷战、社会主义设计、去殖民化与国家建设,印度及南亚现代性,15,B0473,book,周博：《现代设计伦理思想史》，2014,0.323331,UNREVIEWED,candidate_needs_review
8.5,CH08,第八章　冷战、社会主义设计、去殖民化与国家建设,印度及南亚现代性,16,B0075,book,"Charlotte Fiell, Peter Fiell：《Design of the 20th Century》，1999",0.32172,UNREVIEWED,candidate_needs_review
8.5,CH08,第八章　冷战、社会主义设计、去殖民化与国家建设,印度及南亚现代性,17,B0281,book,"M. Havinden：《Colonialism and Development Britain and Its Tropical Colonies, 1850-1960》",0.318179,UNREVIEWED,candidate_needs_review
8.5,CH08,第八章　冷战、社会主义设计、去殖民化与国家建设,印度及南亚现代性,18,B0293,book,Marius B. Jansen：《The Making of Modern Japan》，2000,0.314889,UNREVIEWED,candidate_needs_review
8.5,CH08,第八章　冷战、社会主义设计、去殖民化与国家建设,印度及南亚现代性,19,B0038,book,"Bauer, Arnold J：《Goods, power, history Latin Americas material culture》",0.314494,UNREVIEWED,candidate_needs_review
8.5,CH08,第八章　冷战、社会主义设计、去殖民化与国家建设,印度及南亚现代性,20,B0289,book,"Margolin, Victor, World History of Design, Volume 2, 2015",0.313126,UNREVIEWED,candidate_needs_review
8.5,CH08,第八章　冷战、社会主义设计、去殖民化与国家建设,印度及南亚现代性,21,B0081,book,"Christopher Burke：《Isotype Design and Contexts, 1925-1971》",0.306673,UNREVIEWED,candidate_needs_review
8.5,CH08,第八章　冷战、社会主义设计、去殖民化与国家建设,印度及南亚现代性,22,B0166,book,"George, Kenneth M.; Nordholt, Henk Schulte：《Outward Appearances Dressing State and Society in Indonesia》",0.306255,UNREVIEWED,candidate_needs_review
8.5,CH08,第八章　冷战、社会主义设计、去殖民化与国家建设,印度及南亚现代性,23,B0288,book,"Margolin, Victor, World History of Design, Volume 1, 2015",0.303911,UNREVIEWED,candidate_needs_review
8.5,CH08,第八章　冷战、社会主义设计、去殖民化与国家建设,印度及南亚现代性,24,B0005,book,"Adamson, Glenn; Riello, Giorgio; Teasley, Sarah (eds.), Global Design History, 2011",0.30305,UNREVIEWED,candidate_needs_review
8.5,CH08,第八章　冷战、社会主义设计、去殖民化与国家建设,印度及南亚现代性,25,B0291,book,"Margolin, Victor：The Struggle for Utopia：Rodchenko, Lissitzky, Moholy-Nagy, 1917-1946, 1997",0.293247,UNREVIEWED,candidate_needs_review
8.5,CH08,第八章　冷战、社会主义设计、去殖民化与国家建设,印度及南亚现代性,26,B0068,book,"Catherine Cooke：《Russian Avant-Garde Theories of Art, Architecture and the City》，1995",0.292371,UNREVIEWED,candidate_needs_review
8.5,CH08,第八章　冷战、社会主义设计、去殖民化与国家建设,印度及南亚现代性,27,B0170,book,Glenn Adamson：《Global Design History》,0.29038,UNREVIEWED,candidate_needs_review
8.5,CH08,第八章　冷战、社会主义设计、去殖民化与国家建设,印度及南亚现代性,28,B0284,book,"Margolin, Victor, A World History of Design and the History of the World, 2005",0.287999,UNREVIEWED,candidate_needs_review
8.5,CH08,第八章　冷战、社会主义设计、去殖民化与国家建设,印度及南亚现代性,29,B0074,book,"Charlotte Fiell, Peter Fiell：《1000 Chairs》",0.287545,UNREVIEWED,candidate_needs_review
8.5,CH08,第八章　冷战、社会主义设计、去殖民化与国家建设,印度及南亚现代性,30,B0059,book,"Buchanan, Richard; Margolin, Victor (eds.), The Idea of Design, 1995",0.287194,UNREVIEWED,candidate_needs_review
8.6,CH08,第八章　冷战、社会主义设计、去殖民化与国家建设,拉丁美洲与非洲的现代化项目,1,B0358,book,"Rama, Angel; Chasteen, John Charles：《The lettered city》",0.494892,UNREVIEWED,candidate_needs_review
8.6,CH08,第八章　冷战、社会主义设计、去殖民化与国家建设,拉丁美洲与非洲的现代化项目,2,B0038,book,"Bauer, Arnold J：《Goods, power, history Latin Americas material culture》",0.490726,UNREVIEWED,candidate_needs_review
8.6,CH08,第八章　冷战、社会主义设计、去殖民化与国家建设,拉丁美洲与非洲的现代化项目,3,B0288,book,"Margolin, Victor, World History of Design, Volume 1, 2015",0.48188,UNREVIEWED,candidate_needs_review
8.6,CH08,第八章　冷战、社会主义设计、去殖民化与国家建设,拉丁美洲与非洲的现代化项目,4,B0258,book,Kenneth Frampton：《Modern Architecture A Critical History》，1980,0.468048,UNREVIEWED,candidate_needs_review
8.6,CH08,第八章　冷战、社会主义设计、去殖民化与国家建设,拉丁美洲与非洲的现代化项目,5,B0292,book,Margolin：《World history of design》,0.463505,UNREVIEWED,candidate_needs_review
8.6,CH08,第八章　冷战、社会主义设计、去殖民化与国家建设,拉丁美洲与非洲的现代化项目,6,B0484,book,"斯塔夫里阿诺斯, L.S.：《全球通史-1500年以后的世界》",0.460054,UNREVIEWED,candidate_needs_review
8.6,CH08,第八章　冷战、社会主义设计、去殖民化与国家建设,拉丁美洲与非洲的现代化项目,7,B0289,book,"Margolin, Victor, World History of Design, Volume 2, 2015",0.444334,UNREVIEWED,candidate_needs_review
8.6,CH08,第八章　冷战、社会主义设计、去殖民化与国家建设,拉丁美洲与非洲的现代化项目,8,B0303,book,Mauricio Tenorio-Trillo：《Mexico at the worlds fairs crafting a modern nation》,0.434482,UNREVIEWED,candidate_needs_review
8.6,CH08,第八章　冷战、社会主义设计、去殖民化与国家建设,拉丁美洲与非洲的现代化项目,9,B0059,book,"Buchanan, Richard; Margolin, Victor (eds.), The Idea of Design, 1995",0.43023,UNREVIEWED,candidate_needs_review
8.6,CH08,第八章　冷战、社会主义设计、去殖民化与国家建设,拉丁美洲与非洲的现代化项目,10,B0033,book,Arturo Escobar：《Designs for the Pluriverse，2018》,0.429437,UNREVIEWED,candidate_needs_review
8.6,CH08,第八章　冷战、社会主义设计、去殖民化与国家建设,拉丁美洲与非洲的现代化项目,11,B0315,book,"Miller, Daniel：Material Culture and Mass Consumption, 1987",0.42558,UNREVIEWED,candidate_needs_review
8.6,CH08,第八章　冷战、社会主义设计、去殖民化与国家建设,拉丁美洲与非洲的现代化项目,12,B0502,book,王受之：《世界当代艺术史》，2002,0.418495,UNREVIEWED,candidate_needs_review
8.6,CH08,第八章　冷战、社会主义设计、去殖民化与国家建设,拉丁美洲与非洲的现代化项目,13,B0040,book,"Beckert, Sven：Empire of Cotton：A Global History, 2014",0.415067,UNREVIEWED,candidate_needs_review
8.6,CH08,第八章　冷战、社会主义设计、去殖民化与国家建设,拉丁美洲与非洲的现代化项目,14,B0170,book,Glenn Adamson：《Global Design History》,0.40975,UNREVIEWED,candidate_needs_review
8.6,CH08,第八章　冷战、社会主义设计、去殖民化与国家建设,拉丁美洲与非洲的现代化项目,15,B0166,book,"George, Kenneth M.; Nordholt, Henk Schulte：《Outward Appearances Dressing State and Society in Indonesia》",0.402799,UNREVIEWED,candidate_needs_review
8.6,CH08,第八章　冷战、社会主义设计、去殖民化与国家建设,拉丁美洲与非洲的现代化项目,16,B0339,book,"Paul Greenhalgh：《Ephemeral Vistas The Expositions Universelles, Great Exhibition",0.391467,UNREVIEWED,candidate_needs_review
8.6,CH08,第八章　冷战、社会主义设计、去殖民化与国家建设,拉丁美洲与非洲的现代化项目,17,B0005,book,"Adamson, Glenn; Riello, Giorgio; Teasley, Sarah (eds.), Global Design History, 2011",0.389534,UNREVIEWED,candidate_needs_review
8.6,CH08,第八章　冷战、社会主义设计、去殖民化与国家建设,拉丁美洲与非洲的现代化项目,18,B0102,book,David Raizman：《History of Modern Design》，2023,0.388966,UNREVIEWED,candidate_needs_review
8.6,CH08,第八章　冷战、社会主义设计、去殖民化与国家建设,拉丁美洲与非洲的现代化项目,19,B0032,book,"Arturo Escobar：《Designs for the Pluriverse Radical Interdependence, Autonomy, and the Making of Worlds》，2018",0.38728,UNREVIEWED,candidate_needs_review
8.6,CH08,第八章　冷战、社会主义设计、去殖民化与国家建设,拉丁美洲与非洲的现代化项目,20,B0506,book,维克多·马格林：《世界设计史1：史前至一战》，2015,0.386184,UNREVIEWED,candidate_needs_review
8.6,CH08,第八章　冷战、社会主义设计、去殖民化与国家建设,拉丁美洲与非洲的现代化项目,21,B0467,book,世界设计史_II_苏联至二战,0.386067,UNREVIEWED,candidate_needs_review
8.6,CH08,第八章　冷战、社会主义设计、去殖民化与国家建设,拉丁美洲与非洲的现代化项目,22,B0017,book,Alison J. Clarke (ed.)：《Design Anthropology Object Cultures in Transition》,0.379266,UNREVIEWED,candidate_needs_review
8.6,CH08,第八章　冷战、社会主义设计、去殖民化与国家建设,拉丁美洲与非洲的现代化项目,23,B0507,book,维克多·马格林：《世界设计史2：一战至二战》，2015,0.374872,UNREVIEWED,candidate_needs_review
8.6,CH08,第八章　冷战、社会主义设计、去殖民化与国家建设,拉丁美洲与非洲的现代化项目,24,B0162,book,"Gallo, Max：The Poster in History, 1974",0.37485,UNREVIEWED,candidate_needs_review
8.6,CH08,第八章　冷战、社会主义设计、去殖民化与国家建设,拉丁美洲与非洲的现代化项目,25,B0281,book,"M. Havinden：《Colonialism and Development Britain and Its Tropical Colonies, 1850-1960》",0.373812,UNREVIEWED,candidate_needs_review
8.6,CH08,第八章　冷战、社会主义设计、去殖民化与国家建设,拉丁美洲与非洲的现代化项目,26,B0297,book,Mary Warner Marien：《Photography A Cultural History》,0.365906,UNREVIEWED,candidate_needs_review
8.6,CH08,第八章　冷战、社会主义设计、去殖民化与国家建设,拉丁美洲与非洲的现代化项目,27,B0461,book,World History Of Design - Volume 2_ World War I To World War -- Victor Margolin,0.36273,UNREVIEWED,candidate_needs_review
8.6,CH08,第八章　冷战、社会主义设计、去殖民化与国家建设,拉丁美洲与非洲的现代化项目,28,B0081,book,"Christopher Burke：《Isotype Design and Contexts, 1925-1971》",0.36097,UNREVIEWED,candidate_needs_review
8.6,CH08,第八章　冷战、社会主义设计、去殖民化与国家建设,拉丁美洲与非洲的现代化项目,29,B0327,book,"None：《China design now , None》",0.36086,UNREVIEWED,candidate_needs_review
8.6,CH08,第八章　冷战、社会主义设计、去殖民化与国家建设,拉丁美洲与非洲的现代化项目,30,B0015,book,Alice Rawsthorn：《Hello World Where Design Meets Life》，2013,0.359523,UNREVIEWED,candidate_needs_review
8.7,CH08,第八章　冷战、社会主义设计、去殖民化与国家建设,国际援助与专家网络,1,B0006,book,"Adburgham, Alison：《Libertys a biography of a shop》",0.416833,UNREVIEWED,candidate_needs_review
8.7,CH08,第八章　冷战、社会主义设计、去殖民化与国家建设,国际援助与专家网络,2,B0431,book,Vance Packard：《The Waste Makers》，1960,0.390247,UNREVIEWED,candidate_needs_review
8.7,CH08,第八章　冷战、社会主义设计、去殖民化与国家建设,国际援助与专家网络,3,B0303,book,Mauricio Tenorio-Trillo：《Mexico at the worlds fairs crafting a modern nation》,0.37511,UNREVIEWED,candidate_needs_review
8.7,CH08,第八章　冷战、社会主义设计、去殖民化与国家建设,国际援助与专家网络,4,B0017,book,Alison J. Clarke (ed.)：《Design Anthropology Object Cultures in Transition》,0.366787,UNREVIEWED,candidate_needs_review
8.7,CH08,第八章　冷战、社会主义设计、去殖民化与国家建设,国际援助与专家网络,5,B0281,book,"M. Havinden：《Colonialism and Development Britain and Its Tropical Colonies, 1850-1960》",0.365693,UNREVIEWED,candidate_needs_review
8.7,CH08,第八章　冷战、社会主义设计、去殖民化与国家建设,国际援助与专家网络,6,B0172,book,Goss：《French art deco》,0.362241,UNREVIEWED,candidate_needs_review
8.7,CH08,第八章　冷战、社会主义设计、去殖民化与国家建设,国际援助与专家网络,7,B0292,book,Margolin：《World history of design》,0.359281,UNREVIEWED,candidate_needs_review
8.7,CH08,第八章　冷战、社会主义设计、去殖民化与国家建设,国际援助与专家网络,8,B0032,book,"Arturo Escobar：《Designs for the Pluriverse Radical Interdependence, Autonomy, and the Making of Worlds》，2018",0.357375,UNREVIEWED,candidate_needs_review
8.7,CH08,第八章　冷战、社会主义设计、去殖民化与国家建设,国际援助与专家网络,9,B0473,book,周博：《现代设计伦理思想史》，2014,0.356775,UNREVIEWED,candidate_needs_review
8.7,CH08,第八章　冷战、社会主义设计、去殖民化与国家建设,国际援助与专家网络,10,B0289,book,"Margolin, Victor, World History of Design, Volume 2, 2015",0.355817,UNREVIEWED,candidate_needs_review
8.7,CH08,第八章　冷战、社会主义设计、去殖民化与国家建设,国际援助与专家网络,11,B0083,book,"Clark, Hazel; Brody, David (eds.), Design Studies： A Reader, 2009",0.351345,UNREVIEWED,candidate_needs_review
8.7,CH08,第八章　冷战、社会主义设计、去殖民化与国家建设,国际援助与专家网络,12,B0081,book,"Christopher Burke：《Isotype Design and Contexts, 1925-1971》",0.341616,UNREVIEWED,candidate_needs_review
8.7,CH08,第八章　冷战、社会主义设计、去殖民化与国家建设,国际援助与专家网络,13,B0108,book,"Design discourse _ history, theory, criticism -- Margolin, Victor, 1941- -- Chic",0.338231,UNREVIEWED,candidate_needs_review
8.7,CH08,第八章　冷战、社会主义设计、去殖民化与国家建设,国际援助与专家网络,14,B0410,book,Taste and Power _ Furnishing Modern France -- Leora Auslander -- University of C,0.336215,UNREVIEWED,candidate_needs_review
8.7,CH08,第八章　冷战、社会主义设计、去殖民化与国家建设,国际援助与专家网络,15,B0038,book,"Bauer, Arnold J：《Goods, power, history Latin Americas material culture》",0.332574,UNREVIEWED,candidate_needs_review
8.7,CH08,第八章　冷战、社会主义设计、去殖民化与国家建设,国际援助与专家网络,16,B0059,book,"Buchanan, Richard; Margolin, Victor (eds.), The Idea of Design, 1995",0.329496,UNREVIEWED,candidate_needs_review
8.7,CH08,第八章　冷战、社会主义设计、去殖民化与国家建设,国际援助与专家网络,17,B0099,book,"David Crowley, Susan E. Reid：《Socialist Spaces Sites of Everyday Life in the Eastern Bloc》，2002",0.328936,UNREVIEWED,candidate_needs_review
8.7,CH08,第八章　冷战、社会主义设计、去殖民化与国家建设,国际援助与专家网络,18,B0033,book,Arturo Escobar：《Designs for the Pluriverse，2018》,0.328082,UNREVIEWED,candidate_needs_review
8.7,CH08,第八章　冷战、社会主义设计、去殖民化与国家建设,国际援助与专家网络,19,B0297,book,Mary Warner Marien：《Photography A Cultural History》,0.326566,UNREVIEWED,candidate_needs_review
8.7,CH08,第八章　冷战、社会主义设计、去殖民化与国家建设,国际援助与专家网络,20,B0293,book,Marius B. Jansen：《The Making of Modern Japan》，2000,0.326344,UNREVIEWED,candidate_needs_review
8.7,CH08,第八章　冷战、社会主义设计、去殖民化与国家建设,国际援助与专家网络,21,B0288,book,"Margolin, Victor, World History of Design, Volume 1, 2015",0.326025,UNREVIEWED,candidate_needs_review
8.7,CH08,第八章　冷战、社会主义设计、去殖民化与国家建设,国际援助与专家网络,22,B0048,book,"Blotkamp, Carel; et al.：De Stijl：The Formative Years, 1917-1922, 1986",0.324479,UNREVIEWED,candidate_needs_review
8.7,CH08,第八章　冷战、社会主义设计、去殖民化与国家建设,国际援助与专家网络,23,B0060,book,"Buddensieg, Tilmann; Rogge, Henning：《Industriekultur Peter Behrens and the AEG, 1907-1914》",0.32416,UNREVIEWED,candidate_needs_review
8.7,CH08,第八章　冷战、社会主义设计、去殖民化与国家建设,国际援助与专家网络,24,B0180,book,Guy Julier：《The Culture of Design》，2000,0.321512,UNREVIEWED,candidate_needs_review
8.7,CH08,第八章　冷战、社会主义设计、去殖民化与国家建设,国际援助与专家网络,25,B0170,book,Glenn Adamson：《Global Design History》,0.320614,UNREVIEWED,candidate_needs_review
8.7,CH08,第八章　冷战、社会主义设计、去殖民化与国家建设,国际援助与专家网络,26,B0022,book,Anne Massey：《Interior Design of the 20th Century》，1990,0.318573,UNREVIEWED,candidate_needs_review
8.7,CH08,第八章　冷战、社会主义设计、去殖民化与国家建设,国际援助与专家网络,27,B0158,book,Frank Whitford：《Bauhaus》,0.316122,UNREVIEWED,candidate_needs_review
8.7,CH08,第八章　冷战、社会主义设计、去殖民化与国家建设,国际援助与专家网络,28,B0111,book,Design History and Culture ： Methods and Approaches -- Javier Gimeno-Martínez --,0.315496,UNREVIEWED,candidate_needs_review
8.7,CH08,第八章　冷战、社会主义设计、去殖民化与国家建设,国际援助与专家网络,29,B0151,book,"Ezio Manzini：《Design, When Everybody Designs An Introduction to Design for Social Innovation》，2015",0.314037,UNREVIEWED,candidate_needs_review
8.7,CH08,第八章　冷战、社会主义设计、去殖民化与国家建设,国际援助与专家网络,30,B0242,book,Julier：《The culture of design，2018》,0.313749,UNREVIEWED,candidate_needs_review
9.1,CH09,第九章　消费社会、家庭、性别与企业形象,丰裕社会与消费公民,1,B0409,book,Strasser：《Getting and Spending (European and American Consumer Societies in the,0.586711,UNREVIEWED,candidate_needs_review
9.1,CH09,第九章　消费社会、家庭、性别与企业形象,丰裕社会与消费公民,2,B0431,book,Vance Packard：《The Waste Makers》，1960,0.535943,UNREVIEWED,candidate_needs_review
9.1,CH09,第九章　消费社会、家庭、性别与企业形象,丰裕社会与消费公民,3,B0486,book,朱和平：《世界现代设计史》，2004,0.475711,UNREVIEWED,candidate_needs_review
9.1,CH09,第九章　消费社会、家庭、性别与企业形象,丰裕社会与消费公民,4,B0503,book,王受之：《世界现代设计史》，2015,0.461165,UNREVIEWED,candidate_needs_review
9.1,CH09,第九章　消费社会、家庭、性别与企业形象,丰裕社会与消费公民,5,B0202,book,Jean Baudrillard：《The Consumer Society Myths and Structures》，1970,0.451269,UNREVIEWED,candidate_needs_review
9.1,CH09,第九章　消费社会、家庭、性别与企业形象,丰裕社会与消费公民,6,B0376,book,"Roland Marchand：《Advertising and the American dream - Making way for modernity, 1920-1940》",0.428241,UNREVIEWED,candidate_needs_review
9.1,CH09,第九章　消费社会、家庭、性别与企业形象,丰裕社会与消费公民,7,B0487,book,朱和平：《现代设计史》，2012,0.409275,UNREVIEWED,candidate_needs_review
9.1,CH09,第九章　消费社会、家庭、性别与企业形象,丰裕社会与消费公民,8,B0273,book,"Lees-Maffei, Grace; Houze, Rebecca (eds.)：The Design History Reader, 2010",0.406118,UNREVIEWED,candidate_needs_review
9.1,CH09,第九章　消费社会、家庭、性别与企业形象,丰裕社会与消费公民,9,B0100,book,David Crowley：《Warsaw》,0.400997,UNREVIEWED,candidate_needs_review
9.1,CH09,第九章　消费社会、家庭、性别与企业形象,丰裕社会与消费公民,10,B0400,book,"Sparke, Penny：《An introduction to design and culture 1900 to the present》",0.399632,UNREVIEWED,candidate_needs_review
9.1,CH09,第九章　消费社会、家庭、性别与企业形象,丰裕社会与消费公民,11,B0102,book,David Raizman：《History of Modern Design》，2023,0.397642,UNREVIEWED,candidate_needs_review
9.1,CH09,第九章　消费社会、家庭、性别与企业形象,丰裕社会与消费公民,12,B0367,book,"Richards, Thomas：The Commodity Culture of Victorian England：Advertising and Spectacle, 1851-1914, 1991",0.380466,UNREVIEWED,candidate_needs_review
9.1,CH09,第九章　消费社会、家庭、性别与企业形象,丰裕社会与消费公民,13,B0259,book,"Kenneth Pomeranz：《The Great Divergence China, Europe, and the Making of the Modern World Economy》",0.375679,UNREVIEWED,candidate_needs_review
9.1,CH09,第九章　消费社会、家庭、性别与企业形象,丰裕社会与消费公民,14,B0398,book,"Sparke, Penny, An Introduction to Design and Culture, 1986",0.371655,UNREVIEWED,candidate_needs_review
9.1,CH09,第九章　消费社会、家庭、性别与企业形象,丰裕社会与消费公民,15,B0441,book,Walker：《Sustainable by design explorations in theory and practice》,0.364108,UNREVIEWED,candidate_needs_review
9.1,CH09,第九章　消费社会、家庭、性别与企业形象,丰裕社会与消费公民,16,B0075,book,"Charlotte Fiell, Peter Fiell：《Design of the 20th Century》，1999",0.35948,UNREVIEWED,candidate_needs_review
9.1,CH09,第九章　消费社会、家庭、性别与企业形象,丰裕社会与消费公民,17,B0120,book,Deyan Sudjic：《The Language of Things Understanding the World of Desirable Objects》，2008,0.357412,UNREVIEWED,candidate_needs_review
9.1,CH09,第九章　消费社会、家庭、性别与企业形象,丰裕社会与消费公民,18,B0001,book,1860-1914：《Learning to Consume Early Department Stores and the Shaping of the Mo,0.355047,UNREVIEWED,candidate_needs_review
9.1,CH09,第九章　消费社会、家庭、性别与企业形象,丰裕社会与消费公民,19,B0401,book,Sparke：《An introduction to design and culture _ 1900 to the present，2020》,0.354514,UNREVIEWED,candidate_needs_review
9.1,CH09,第九章　消费社会、家庭、性别与企业形象,丰裕社会与消费公民,20,B0203,book,Jean Baudrillard：《The System Of Objects》，1968,0.353885,UNREVIEWED,candidate_needs_review
9.1,CH09,第九章　消费社会、家庭、性别与企业形象,丰裕社会与消费公民,21,B0304,book,Maxine Berg：《Luxury and Pleasure in Eighteenth-Century Britain (2007)》,0.352125,UNREVIEWED,candidate_needs_review
9.1,CH09,第九章　消费社会、家庭、性别与企业形象,丰裕社会与消费公民,22,B0031,book,Arthur J. Pulos：《American design ethic a history of industrial design to 1940》,0.34661,UNREVIEWED,candidate_needs_review
9.1,CH09,第九章　消费社会、家庭、性别与企业形象,丰裕社会与消费公民,23,B0180,book,Guy Julier：《The Culture of Design》，2000,0.345505,UNREVIEWED,candidate_needs_review
9.1,CH09,第九章　消费社会、家庭、性别与企业形象,丰裕社会与消费公民,24,B0022,book,Anne Massey：《Interior Design of the 20th Century》，1990,0.345132,UNREVIEWED,candidate_needs_review
9.1,CH09,第九章　消费社会、家庭、性别与企业形象,丰裕社会与消费公民,25,B0357,book,"Rachel Davies-Cooper, Mike Press：《The Design Agenda》，1995",0.342769,UNREVIEWED,candidate_needs_review
9.1,CH09,第九章　消费社会、家庭、性别与企业形象,丰裕社会与消费公民,26,B0394,book,Sharon Zukin：《Landscapes of Power From Detroit to Disney World》,0.337454,UNREVIEWED,candidate_needs_review
9.1,CH09,第九章　消费社会、家庭、性别与企业形象,丰裕社会与消费公民,27,B0467,book,世界设计史_II_苏联至二战,0.336794,UNREVIEWED,candidate_needs_review
9.1,CH09,第九章　消费社会、家庭、性别与企业形象,丰裕社会与消费公民,28,B0162,book,"Gallo, Max：The Poster in History, 1974",0.333832,UNREVIEWED,candidate_needs_review
9.1,CH09,第九章　消费社会、家庭、性别与企业形象,丰裕社会与消费公民,29,B0315,book,"Miller, Daniel：Material Culture and Mass Consumption, 1987",0.332566,UNREVIEWED,candidate_needs_review
9.1,CH09,第九章　消费社会、家庭、性别与企业形象,丰裕社会与消费公民,30,B0225,book,John Heskett：《Industrial Design》，1980,0.330256,UNREVIEWED,candidate_needs_review
9.2,CH09,第九章　消费社会、家庭、性别与企业形象,厨房、家电与家庭劳动,1,B0142,book,"Elizabeth Shove, Matthew Watson, Martin Hand, Jack Ingram：《The Design of Everyday Life》，2007",0.432332,UNREVIEWED,candidate_needs_review
9.2,CH09,第九章　消费社会、家庭、性别与企业形象,厨房、家电与家庭劳动,2,B0157,book,"Forty, Adrian：Objects of Desire, 1986",0.37881,UNREVIEWED,candidate_needs_review
9.2,CH09,第九章　消费社会、家庭、性别与企业形象,厨房、家电与家庭劳动,3,B0515,book,阿德里安·福蒂：《欲求之物：1750年以来的设计与社会》，2001,0.361603,UNREVIEWED,candidate_needs_review
9.2,CH09,第九章　消费社会、家庭、性别与企业形象,厨房、家电与家庭劳动,4,B0145,book,Ellen Lupton：《Mechanical Brides Women and Machines from Home to Office》,0.358299,UNREVIEWED,candidate_needs_review
9.2,CH09,第九章　消费社会、家庭、性别与企业形象,厨房、家电与家庭劳动,5,B0259,book,"Kenneth Pomeranz：《The Great Divergence China, Europe, and the Making of the Modern World Economy》",0.352555,UNREVIEWED,candidate_needs_review
9.2,CH09,第九章　消费社会、家庭、性别与企业形象,厨房、家电与家庭劳动,6,B0132,book,"Dr Maxine Berg：《The Age of Manufactures, 1700-1820 - Industry, Innovation and Work in Britain》",0.344551,UNREVIEWED,candidate_needs_review
9.2,CH09,第九章　消费社会、家庭、性别与企业形象,厨房、家电与家庭劳动,7,B0130,book,Donald Quataert：《Ottoman Manufacturing in the Age of the Industrial Revolution》,0.3425,UNREVIEWED,candidate_needs_review
9.2,CH09,第九章　消费社会、家庭、性别与企业形象,厨房、家电与家庭劳动,8,B0225,book,John Heskett：《Industrial Design》，1980,0.337887,UNREVIEWED,candidate_needs_review
9.2,CH09,第九章　消费社会、家庭、性别与企业形象,厨房、家电与家庭劳动,9,B0189,book,"Heskett, John：《Industrial design》",0.313553,UNREVIEWED,candidate_needs_review
9.2,CH09,第九章　消费社会、家庭、性别与企业形象,厨房、家电与家庭劳动,10,B0431,book,Vance Packard：《The Waste Makers》，1960,0.308465,UNREVIEWED,candidate_needs_review
9.2,CH09,第九章　消费社会、家庭、性别与企业形象,厨房、家电与家庭劳动,11,B0378,book,"Roy, Tirthankar：The Economic History of India, 1857-1947, 2000",0.29991,UNREVIEWED,candidate_needs_review
9.2,CH09,第九章　消费社会、家庭、性别与企业形象,厨房、家电与家庭劳动,12,B0022,book,Anne Massey：《Interior Design of the 20th Century》，1990,0.28824,UNREVIEWED,candidate_needs_review
9.2,CH09,第九章　消费社会、家庭、性别与企业形象,厨房、家电与家庭劳动,13,B0328,book,"Objects of desire ： design and society since 1750 -- Forty, Adrian, 1948- -- New",0.286211,UNREVIEWED,candidate_needs_review
9.2,CH09,第九章　消费社会、家庭、性别与企业形象,厨房、家电与家庭劳动,14,B0420,book,"The green imperative _ natural design for the real world -- Papanek, Victor J --",0.280954,UNREVIEWED,candidate_needs_review
9.2,CH09,第九章　消费社会、家庭、性别与企业形象,厨房、家电与家庭劳动,15,B0509,book,英彭妮·斯帕克(Penny Sparke)：《唯有粉红 审美品位的性别政治学》,0.280891,UNREVIEWED,candidate_needs_review
9.2,CH09,第九章　消费社会、家庭、性别与企业形象,厨房、家电与家庭劳动,16,B0040,book,"Beckert, Sven：Empire of Cotton：A Global History, 2014",0.279065,UNREVIEWED,candidate_needs_review
9.2,CH09,第九章　消费社会、家庭、性别与企业形象,厨房、家电与家庭劳动,17,B0162,book,"Gallo, Max：The Poster in History, 1974",0.273317,UNREVIEWED,candidate_needs_review
9.2,CH09,第九章　消费社会、家庭、性别与企业形象,厨房、家电与家庭劳动,18,B0083,book,"Clark, Hazel; Brody, David (eds.), Design Studies： A Reader, 2009",0.271752,UNREVIEWED,candidate_needs_review
9.2,CH09,第九章　消费社会、家庭、性别与企业形象,厨房、家电与家庭劳动,19,B0439,book,"Walker, John Albert; Attfield, Judy：Design History and the History of Design, 1989",0.268023,UNREVIEWED,candidate_needs_review
9.2,CH09,第九章　消费社会、家庭、性别与企业形象,厨房、家电与家庭劳动,20,B0101,book,David Raizman：《History of Modern Design》,0.267675,UNREVIEWED,candidate_needs_review
9.2,CH09,第九章　消费社会、家庭、性别与企业形象,厨房、家电与家庭劳动,21,B0023,book,"Anthony Dunne, Fiona Raby：《Design Noir The Secret Life of Electronic Objects》",0.266698,UNREVIEWED,candidate_needs_review
9.2,CH09,第九章　消费社会、家庭、性别与企业形象,厨房、家电与家庭劳动,22,B0052,book,"Briggs, Asa：《Victorian things》",0.266649,UNREVIEWED,candidate_needs_review
9.2,CH09,第九章　消费社会、家庭、性别与企业形象,厨房、家电与家庭劳动,23,B0036,book,"Attfield：《A View from the interior feminism, women, and design》",0.266551,UNREVIEWED,candidate_needs_review
9.2,CH09,第九章　消费社会、家庭、性别与企业形象,厨房、家电与家庭劳动,24,B0478,book,大卫·瑞兹曼 (David Raizman)：《现代设计史（第2版）》，2013,0.264708,UNREVIEWED,candidate_needs_review
9.2,CH09,第九章　消费社会、家庭、性别与企业形象,厨房、家电与家庭劳动,25,B0028,book,"Appadurai, Arjun (ed.)：The Social Life of Things：Commodities in Cultural Perspective, 1986",0.264145,UNREVIEWED,candidate_needs_review
9.2,CH09,第九章　消费社会、家庭、性别与企业形象,厨房、家电与家庭劳动,26,B0017,book,Alison J. Clarke (ed.)：《Design Anthropology Object Cultures in Transition》,0.262032,UNREVIEWED,candidate_needs_review
9.2,CH09,第九章　消费社会、家庭、性别与企业形象,厨房、家电与家庭劳动,27,B0180,book,Guy Julier：《The Culture of Design》，2000,0.261741,UNREVIEWED,candidate_needs_review
9.2,CH09,第九章　消费社会、家庭、性别与企业形象,厨房、家电与家庭劳动,28,B0345,book,Penny Sparke：《An Introduction to Design and Culture 1900 to the Present》,0.261446,UNREVIEWED,candidate_needs_review
9.2,CH09,第九章　消费社会、家庭、性别与企业形象,厨房、家电与家庭劳动,29,B0278,book,"Love objects _ emotion, design, and material culture -- Anna Moran (Editor), Sor",0.260112,UNREVIEWED,candidate_needs_review
9.2,CH09,第九章　消费社会、家庭、性别与企业形象,厨房、家电与家庭劳动,30,B0482,book,张夫也：《外国现代设计史》，2009,0.256177,UNREVIEWED,candidate_needs_review
9.3,CH09,第九章　消费社会、家庭、性别与企业形象,性别化职业与物品,1,B0515,book,阿德里安·福蒂：《欲求之物：1750年以来的设计与社会》，2001,0.427756,UNREVIEWED,candidate_needs_review
9.3,CH09,第九章　消费社会、家庭、性别与企业形象,性别化职业与物品,2,B0191,book,Holmes：《Mismatch How Inclusion Shapes Design》,0.421731,UNREVIEWED,candidate_needs_review
9.3,CH09,第九章　消费社会、家庭、性别与企业形象,性别化职业与物品,3,B0059,book,"Buchanan, Richard; Margolin, Victor (eds.), The Idea of Design, 1995",0.369566,UNREVIEWED,candidate_needs_review
9.3,CH09,第九章　消费社会、家庭、性别与企业形象,性别化职业与物品,4,B0188,book,"Heskett, John：Design：A Very Short Introduction, 2005",0.367416,UNREVIEWED,candidate_needs_review
9.3,CH09,第九章　消费社会、家庭、性别与企业形象,性别化职业与物品,5,B0052,book,"Briggs, Asa：《Victorian things》",0.363422,UNREVIEWED,candidate_needs_review
9.3,CH09,第九章　消费社会、家庭、性别与企业形象,性别化职业与物品,6,B0439,book,"Walker, John Albert; Attfield, Judy：Design History and the History of Design, 1989",0.362817,UNREVIEWED,candidate_needs_review
9.3,CH09,第九章　消费社会、家庭、性别与企业形象,性别化职业与物品,7,B0102,book,David Raizman：《History of Modern Design》，2023,0.362782,UNREVIEWED,candidate_needs_review
9.3,CH09,第九章　消费社会、家庭、性别与企业形象,性别化职业与物品,8,B0058,book,"Buchanan, Richard; Margolin, Victor (eds.), Discovering Design, 1995",0.348547,UNREVIEWED,candidate_needs_review
9.3,CH09,第九章　消费社会、家庭、性别与企业形象,性别化职业与物品,9,B0398,book,"Sparke, Penny, An Introduction to Design and Culture, 1986",0.346238,UNREVIEWED,candidate_needs_review
9.3,CH09,第九章　消费社会、家庭、性别与企业形象,性别化职业与物品,10,B0183,book,Hazel Conway：《Design history a students handbook》,0.340226,UNREVIEWED,candidate_needs_review
9.3,CH09,第九章　消费社会、家庭、性别与企业形象,性别化职业与物品,11,B0135,book,"Edgar Kaufmann, Jr：《Nineteenth-Century Design》",0.337803,UNREVIEWED,candidate_needs_review
9.3,CH09,第九章　消费社会、家庭、性别与企业形象,性别化职业与物品,12,B0512,book,赵江洪：《设计艺术的含义》，1999,0.337448,UNREVIEWED,candidate_needs_review
9.3,CH09,第九章　消费社会、家庭、性别与企业形象,性别化职业与物品,13,B0292,book,Margolin：《World history of design》,0.336631,UNREVIEWED,candidate_needs_review
9.3,CH09,第九章　消费社会、家庭、性别与企业形象,性别化职业与物品,14,B0225,book,John Heskett：《Industrial Design》，1980,0.334023,UNREVIEWED,candidate_needs_review
9.3,CH09,第九章　消费社会、家庭、性别与企业形象,性别化职业与物品,15,B0036,book,"Attfield：《A View from the interior feminism, women, and design》",0.331401,UNREVIEWED,candidate_needs_review
9.3,CH09,第九章　消费社会、家庭、性别与企业形象,性别化职业与物品,16,B0509,book,英彭妮·斯帕克(Penny Sparke)：《唯有粉红 审美品位的性别政治学》,0.32872,UNREVIEWED,candidate_needs_review
9.3,CH09,第九章　消费社会、家庭、性别与企业形象,性别化职业与物品,17,B0142,book,"Elizabeth Shove, Matthew Watson, Martin Hand, Jack Ingram：《The Design of Everyday Life》，2007",0.327452,UNREVIEWED,candidate_needs_review
9.3,CH09,第九章　消费社会、家庭、性别与企业形象,性别化职业与物品,18,B0145,book,Ellen Lupton：《Mechanical Brides Women and Machines from Home to Office》,0.327398,UNREVIEWED,candidate_needs_review
9.3,CH09,第九章　消费社会、家庭、性别与企业形象,性别化职业与物品,19,B0401,book,Sparke：《An introduction to design and culture _ 1900 to the present，2020》,0.325876,UNREVIEWED,candidate_needs_review
9.3,CH09,第九章　消费社会、家庭、性别与企业形象,性别化职业与物品,20,B0001,book,1860-1914：《Learning to Consume Early Department Stores and the Shaping of the Mo,0.325768,UNREVIEWED,candidate_needs_review
9.3,CH09,第九章　消费社会、家庭、性别与企业形象,性别化职业与物品,21,B0157,book,"Forty, Adrian：Objects of Desire, 1986",0.324879,UNREVIEWED,candidate_needs_review
9.3,CH09,第九章　消费社会、家庭、性别与企业形象,性别化职业与物品,22,B0162,book,"Gallo, Max：The Poster in History, 1974",0.324343,UNREVIEWED,candidate_needs_review
9.3,CH09,第九章　消费社会、家庭、性别与企业形象,性别化职业与物品,23,B0328,book,"Objects of desire ： design and society since 1750 -- Forty, Adrian, 1948- -- New",0.323445,UNREVIEWED,candidate_needs_review
9.3,CH09,第九章　消费社会、家庭、性别与企业形象,性别化职业与物品,24,P0021,paper,"Design history _ an anthology -- Doordan, Dennis P -- A Design issues reader, Ca",0.32327,UNREVIEWED,candidate_needs_review
9.3,CH09,第九章　消费社会、家庭、性别与企业形象,性别化职业与物品,25,B0132,book,"Dr Maxine Berg：《The Age of Manufactures, 1700-1820 - Industry, Innovation and Work in Britain》",0.322138,UNREVIEWED,candidate_needs_review
9.3,CH09,第九章　消费社会、家庭、性别与企业形象,性别化职业与物品,26,B0180,book,Guy Julier：《The Culture of Design》，2000,0.321032,UNREVIEWED,candidate_needs_review
9.3,CH09,第九章　消费社会、家庭、性别与企业形象,性别化职业与物品,27,B0410,book,Taste and Power _ Furnishing Modern France -- Leora Auslander -- University of C,0.318767,UNREVIEWED,candidate_needs_review
9.3,CH09,第九章　消费社会、家庭、性别与企业形象,性别化职业与物品,28,B0315,book,"Miller, Daniel：Material Culture and Mass Consumption, 1987",0.316876,UNREVIEWED,candidate_needs_review
9.3,CH09,第九章　消费社会、家庭、性别与企业形象,性别化职业与物品,29,B0022,book,Anne Massey：《Interior Design of the 20th Century》，1990,0.31598,UNREVIEWED,candidate_needs_review
9.3,CH09,第九章　消费社会、家庭、性别与企业形象,性别化职业与物品,30,B0023,book,"Anthony Dunne, Fiona Raby：《Design Noir The Secret Life of Electronic Objects》",0.315357,UNREVIEWED,candidate_needs_review
9.4,CH09,第九章　消费社会、家庭、性别与企业形象,青年文化、亚文化使用与商业吸收,1,B0327,book,"None：《China design now , None》",0.404743,UNREVIEWED,candidate_needs_review
9.4,CH09,第九章　消费社会、家庭、性别与企业形象,青年文化、亚文化使用与商业吸收,2,B0470,book,"史蒂文·海勒, 西摩·切瓦斯特：《平面设计200年》，2018",0.393543,UNREVIEWED,candidate_needs_review
9.4,CH09,第九章　消费社会、家庭、性别与企业形象,青年文化、亚文化使用与商业吸收,3,B0009,book,Alain Weill：《Graphic Design A History》，2004,0.387219,UNREVIEWED,candidate_needs_review
9.4,CH09,第九章　消费社会、家庭、性别与企业形象,青年文化、亚文化使用与商业吸收,4,B0478,book,大卫·瑞兹曼 (David Raizman)：《现代设计史（第2版）》，2013,0.382716,UNREVIEWED,candidate_needs_review
9.4,CH09,第九章　消费社会、家庭、性别与企业形象,青年文化、亚文化使用与商业吸收,5,B0102,book,David Raizman：《History of Modern Design》，2023,0.374421,UNREVIEWED,candidate_needs_review
9.4,CH09,第九章　消费社会、家庭、性别与企业形象,青年文化、亚文化使用与商业吸收,6,B0014,book,"Alexey Brodovitch：《Kerry William Purcell; Alexey Brodovitch -- 2002, 2002 -- Pha",0.371115,UNREVIEWED,candidate_needs_review
9.4,CH09,第九章　消费社会、家庭、性别与企业形象,青年文化、亚文化使用与商业吸收,7,B0023,book,"Anthony Dunne, Fiona Raby：《Design Noir The Secret Life of Electronic Objects》",0.368838,UNREVIEWED,candidate_needs_review
9.4,CH09,第九章　消费社会、家庭、性别与企业形象,青年文化、亚文化使用与商业吸收,8,B0346,book,Penny Sparke：《Italian Design 1870 to the Present》，1988,0.363989,UNREVIEWED,candidate_needs_review
9.4,CH09,第九章　消费社会、家庭、性别与企业形象,青年文化、亚文化使用与商业吸收,9,B0254,book,"Kathryn Best：《Design Management Managing Design Strategy, Process and Implementation》",0.357922,UNREVIEWED,candidate_needs_review
9.4,CH09,第九章　消费社会、家庭、性别与企业形象,青年文化、亚文化使用与商业吸收,10,B0205,book,Jeffrey L. Meikle：《Design in the USA》,0.354383,UNREVIEWED,candidate_needs_review
9.4,CH09,第九章　消费社会、家庭、性别与企业形象,青年文化、亚文化使用与商业吸收,11,B0052,book,"Briggs, Asa：《Victorian things》",0.347679,UNREVIEWED,candidate_needs_review
9.4,CH09,第九章　消费社会、家庭、性别与企业形象,青年文化、亚文化使用与商业吸收,12,B0035,book,"Aslin, Elizabeth：《The aesthetic movement prelude to Art Nouveau》",0.344516,UNREVIEWED,candidate_needs_review
9.4,CH09,第九章　消费社会、家庭、性别与企业形象,青年文化、亚文化使用与商业吸收,13,B0368,book,Rick Poynor：《No More Rules Graphic Design and Postmodernism》,0.340798,UNREVIEWED,candidate_needs_review
9.4,CH09,第九章　消费社会、家庭、性别与企业形象,青年文化、亚文化使用与商业吸收,14,B0309,book,Michael Twyman：《Lithography》,0.340307,UNREVIEWED,candidate_needs_review
9.4,CH09,第九章　消费社会、家庭、性别与企业形象,青年文化、亚文化使用与商业吸收,15,B0188,book,"Heskett, John：Design：A Very Short Introduction, 2005",0.336281,UNREVIEWED,candidate_needs_review
9.4,CH09,第九章　消费社会、家庭、性别与企业形象,青年文化、亚文化使用与商业吸收,16,B0028,book,"Appadurai, Arjun (ed.)：The Social Life of Things：Commodities in Cultural Perspective, 1986",0.333903,UNREVIEWED,candidate_needs_review
9.4,CH09,第九章　消费社会、家庭、性别与企业形象,青年文化、亚文化使用与商业吸收,17,B0176,book,"Graphic Design Theory： Readings from the Field (Design -- Armstrong, Helen(Autho",0.32958,UNREVIEWED,candidate_needs_review
9.4,CH09,第九章　消费社会、家庭、性别与企业形象,青年文化、亚文化使用与商业吸收,18,B0017,book,Alison J. Clarke (ed.)：《Design Anthropology Object Cultures in Transition》,0.329213,UNREVIEWED,candidate_needs_review
9.4,CH09,第九章　消费社会、家庭、性别与企业形象,青年文化、亚文化使用与商业吸收,19,B0238,book,Judith Gura：《Postmodern Design Complete》，2017,0.328888,UNREVIEWED,candidate_needs_review
9.4,CH09,第九章　消费社会、家庭、性别与企业形象,青年文化、亚文化使用与商业吸收,20,B0315,book,"Miller, Daniel：Material Culture and Mass Consumption, 1987",0.328467,UNREVIEWED,candidate_needs_review
9.4,CH09,第九章　消费社会、家庭、性别与企业形象,青年文化、亚文化使用与商业吸收,21,B0120,book,Deyan Sudjic：《The Language of Things Understanding the World of Desirable Objects》，2008,0.327579,UNREVIEWED,candidate_needs_review
9.4,CH09,第九章　消费社会、家庭、性别与企业形象,青年文化、亚文化使用与商业吸收,22,B0180,book,Guy Julier：《The Culture of Design》，2000,0.326225,UNREVIEWED,candidate_needs_review
9.4,CH09,第九章　消费社会、家庭、性别与企业形象,青年文化、亚文化使用与商业吸收,23,B0401,book,Sparke：《An introduction to design and culture _ 1900 to the present，2020》,0.323948,UNREVIEWED,candidate_needs_review
9.4,CH09,第九章　消费社会、家庭、性别与企业形象,青年文化、亚文化使用与商业吸收,24,B0022,book,Anne Massey：《Interior Design of the 20th Century》，1990,0.323023,UNREVIEWED,candidate_needs_review
9.4,CH09,第九章　消费社会、家庭、性别与企业形象,青年文化、亚文化使用与商业吸收,25,B0044,book,Bevis Hillier：《Art Deco of the 20s and 30s》,0.322184,UNREVIEWED,candidate_needs_review
9.4,CH09,第九章　消费社会、家庭、性别与企业形象,青年文化、亚文化使用与商业吸收,26,B0226,book,John Heskett：《Toothpicks and Logos Design in Everyday Life》,0.320732,UNREVIEWED,candidate_needs_review
9.4,CH09,第九章　消费社会、家庭、性别与企业形象,青年文化、亚文化使用与商业吸收,27,B0404,book,Stephen J. Eskilson：《Graphic Design A New History》，2007,0.319013,UNREVIEWED,candidate_needs_review
9.4,CH09,第九章　消费社会、家庭、性别与企业形象,青年文化、亚文化使用与商业吸收,28,B0225,book,John Heskett：《Industrial Design》，1980,0.318174,UNREVIEWED,candidate_needs_review
9.4,CH09,第九章　消费社会、家庭、性别与企业形象,青年文化、亚文化使用与商业吸收,29,B0345,book,Penny Sparke：《An Introduction to Design and Culture 1900 to the Present》,0.317834,UNREVIEWED,candidate_needs_review
9.4,CH09,第九章　消费社会、家庭、性别与企业形象,青年文化、亚文化使用与商业吸收,30,B0221,book,John Clifford：《Graphic Icons Visionaries Who Shaped Modern Graphic Design》，2014,0.31715,UNREVIEWED,candidate_needs_review
9.5,CH09,第九章　消费社会、家庭、性别与企业形象,企业形象的系统化,1,B0009,book,Alain Weill：《Graphic Design A History》，2004,0.462476,UNREVIEWED,candidate_needs_review
9.5,CH09,第九章　消费社会、家庭、性别与企业形象,企业形象的系统化,2,B0225,book,John Heskett：《Industrial Design》，1980,0.459026,UNREVIEWED,candidate_needs_review
9.5,CH09,第九章　消费社会、家庭、性别与企业形象,企业形象的系统化,3,B0331,book,Otl Aicher：《The World as Design》，1991,0.452645,UNREVIEWED,candidate_needs_review
9.5,CH09,第九章　消费社会、家庭、性别与企业形象,企业形象的系统化,4,B0515,book,阿德里安·福蒂：《欲求之物：1750年以来的设计与社会》，2001,0.44853,UNREVIEWED,candidate_needs_review
9.5,CH09,第九章　消费社会、家庭、性别与企业形象,企业形象的系统化,5,B0248,book,Karl Gerstner：《Designing Programmes》,0.447778,UNREVIEWED,candidate_needs_review
9.5,CH09,第九章　消费社会、家庭、性别与企业形象,企业形象的系统化,6,B0180,book,Guy Julier：《The Culture of Design》，2000,0.440964,UNREVIEWED,candidate_needs_review
9.5,CH09,第九章　消费社会、家庭、性别与企业形象,企业形象的系统化,7,B0512,book,赵江洪：《设计艺术的含义》，1999,0.437499,UNREVIEWED,candidate_needs_review
9.5,CH09,第九章　消费社会、家庭、性别与企业形象,企业形象的系统化,8,B0501,book,王受之：《世界平面设计史》，2001,0.430031,UNREVIEWED,candidate_needs_review
9.5,CH09,第九章　消费社会、家庭、性别与企业形象,企业形象的系统化,9,B0286,book,"Margolin, Victor, Design in History, 2009",0.428477,UNREVIEWED,candidate_needs_review
9.5,CH09,第九章　消费社会、家庭、性别与企业形象,企业形象的系统化,10,B0221,book,John Clifford：《Graphic Icons Visionaries Who Shaped Modern Graphic Design》，2014,0.427817,UNREVIEWED,candidate_needs_review
9.5,CH09,第九章　消费社会、家庭、性别与企业形象,企业形象的系统化,11,B0365,book,Richard Poulin：《Graphic Design and Architecture A 20th Century History》，2012,0.425574,UNREVIEWED,candidate_needs_review
9.5,CH09,第九章　消费社会、家庭、性别与企业形象,企业形象的系统化,12,B0188,book,"Heskett, John：Design：A Very Short Introduction, 2005",0.422273,UNREVIEWED,candidate_needs_review
9.5,CH09,第九章　消费社会、家庭、性别与企业形象,企业形象的系统化,13,B0064,book,"Campbell, Joan：《The German Werkbund the politics of reform in the applied arts》",0.420977,UNREVIEWED,candidate_needs_review
9.5,CH09,第九章　消费社会、家庭、性别与企业形象,企业形象的系统化,14,B0102,book,David Raizman：《History of Modern Design》，2023,0.420835,UNREVIEWED,candidate_needs_review
9.5,CH09,第九章　消费社会、家庭、性别与企业形象,企业形象的系统化,15,B0066,book,Carroll Gantz：《Founders of American Industrial Design》，2014,0.420532,UNREVIEWED,candidate_needs_review
9.5,CH09,第九章　消费社会、家庭、性别与企业形象,企业形象的系统化,16,B0226,book,John Heskett：《Toothpicks and Logos Design in Everyday Life》,0.412143,UNREVIEWED,candidate_needs_review
9.5,CH09,第九章　消费社会、家庭、性别与企业形象,企业形象的系统化,17,B0465,book,万长林：《香港平面设计史》，2012,0.407963,UNREVIEWED,candidate_needs_review
9.5,CH09,第九章　消费社会、家庭、性别与企业形象,企业形象的系统化,18,B0306,book,"Meggs, Philip B.; Purvis, Alston W.：Meggs' History of Graphic Design, 2016",0.403376,UNREVIEWED,candidate_needs_review
9.5,CH09,第九章　消费社会、家庭、性别与企业形象,企业形象的系统化,19,B0103,book,Dennis P. Doordan：《Design History An Anthology》,0.402132,UNREVIEWED,candidate_needs_review
9.5,CH09,第九章　消费社会、家庭、性别与企业形象,企业形象的系统化,20,B0075,book,"Charlotte Fiell, Peter Fiell：《Design of the 20th Century》，1999",0.400945,UNREVIEWED,candidate_needs_review
9.5,CH09,第九章　消费社会、家庭、性别与企业形象,企业形象的系统化,21,B0057,book,"Buchanan, Richard; Doordan, Dennis P.; Margolin, Victor (eds.), The Designed World, 2010",0.399215,UNREVIEWED,candidate_needs_review
9.5,CH09,第九章　消费社会、家庭、性别与企业形象,企业形象的系统化,22,B0478,book,大卫·瑞兹曼 (David Raizman)：《现代设计史（第2版）》，2013,0.39907,UNREVIEWED,candidate_needs_review
9.5,CH09,第九章　消费社会、家庭、性别与企业形象,企业形象的系统化,23,B0031,book,Arthur J. Pulos：《American design ethic a history of industrial design to 1940》,0.398466,UNREVIEWED,candidate_needs_review
9.5,CH09,第九章　消费社会、家庭、性别与企业形象,企业形象的系统化,24,B0482,book,张夫也：《外国现代设计史》，2009,0.396863,UNREVIEWED,candidate_needs_review
9.5,CH09,第九章　消费社会、家庭、性别与企业形象,企业形象的系统化,25,B0258,book,Kenneth Frampton：《Modern Architecture A Critical History》，1980,0.393449,UNREVIEWED,candidate_needs_review
9.5,CH09,第九章　消费社会、家庭、性别与企业形象,企业形象的系统化,26,B0439,book,"Walker, John Albert; Attfield, Judy：Design History and the History of Design, 1989",0.386961,UNREVIEWED,candidate_needs_review
9.5,CH09,第九章　消费社会、家庭、性别与企业形象,企业形象的系统化,27,B0470,book,"史蒂文·海勒, 西摩·切瓦斯特：《平面设计200年》，2018",0.38668,UNREVIEWED,candidate_needs_review
9.5,CH09,第九章　消费社会、家庭、性别与企业形象,企业形象的系统化,28,B0339,book,"Paul Greenhalgh：《Ephemeral Vistas The Expositions Universelles, Great Exhibition",0.384704,UNREVIEWED,candidate_needs_review
9.5,CH09,第九章　消费社会、家庭、性别与企业形象,企业形象的系统化,29,B0162,book,"Gallo, Max：The Poster in History, 1974",0.384379,UNREVIEWED,candidate_needs_review
9.5,CH09,第九章　消费社会、家庭、性别与企业形象,企业形象的系统化,30,B0147,book,Emil Ruder：《Typography - A Manual of Design [ Typographie ]》,0.383673,UNREVIEWED,candidate_needs_review
9.6,CH09,第九章　消费社会、家庭、性别与企业形象,瑞士平面与国际主义传播,1,B0501,book,王受之：《世界平面设计史》，2001,0.514885,UNREVIEWED,candidate_needs_review
9.6,CH09,第九章　消费社会、家庭、性别与企业形象,瑞士平面与国际主义传播,2,B0503,book,王受之：《世界现代设计史》，2015,0.467778,UNREVIEWED,candidate_needs_review
9.6,CH09,第九章　消费社会、家庭、性别与企业形象,瑞士平面与国际主义传播,3,B0029,book,Armin Hofmann D. Q. Stephenson：《Graphic Design Manual Principles and Practice》,0.453176,UNREVIEWED,candidate_needs_review
9.6,CH09,第九章　消费社会、家庭、性别与企业形象,瑞士平面与国际主义传播,4,B0507,book,维克多·马格林：《世界设计史2：一战至二战》，2015,0.444555,UNREVIEWED,candidate_needs_review
9.6,CH09,第九章　消费社会、家庭、性别与企业形象,瑞士平面与国际主义传播,5,P0021,paper,"Design history _ an anthology -- Doordan, Dennis P -- A Design issues reader, Ca",0.443202,UNREVIEWED,candidate_needs_review
9.6,CH09,第九章　消费社会、家庭、性别与企业形象,瑞士平面与国际主义传播,6,B0147,book,Emil Ruder：《Typography - A Manual of Design [ Typographie ]》,0.440232,UNREVIEWED,candidate_needs_review
9.6,CH09,第九章　消费社会、家庭、性别与企业形象,瑞士平面与国际主义传播,7,B0508,book,"胡天璇, 曾山, 王庆：《外国近现代设计史》，2012",0.42759,UNREVIEWED,candidate_needs_review
9.6,CH09,第九章　消费社会、家庭、性别与企业形象,瑞士平面与国际主义传播,8,B0015,book,Alice Rawsthorn：《Hello World Where Design Meets Life》，2013,0.423857,UNREVIEWED,candidate_needs_review
9.6,CH09,第九章　消费社会、家庭、性别与企业形象,瑞士平面与国际主义传播,9,B0321,book,Müller：《Helvetica homage to a typeface》,0.420179,UNREVIEWED,candidate_needs_review
9.6,CH09,第九章　消费社会、家庭、性别与企业形象,瑞士平面与国际主义传播,10,B0498,book,梁梅：《世界现代设计史》，2013,0.414956,UNREVIEWED,candidate_needs_review
9.6,CH09,第九章　消费社会、家庭、性别与企业形象,瑞士平面与国际主义传播,11,B0185,book,Heller：《Paul Rand》,0.413048,UNREVIEWED,candidate_needs_review
9.6,CH09,第九章　消费社会、家庭、性别与企业形象,瑞士平面与国际主义传播,12,B0467,book,世界设计史_II_苏联至二战,0.40994,UNREVIEWED,candidate_needs_review
9.6,CH09,第九章　消费社会、家庭、性别与企业形象,瑞士平面与国际主义传播,13,B0258,book,Kenneth Frampton：《Modern Architecture A Critical History》，1980,0.40535,UNREVIEWED,candidate_needs_review
9.6,CH09,第九章　消费社会、家庭、性别与企业形象,瑞士平面与国际主义传播,14,B0404,book,Stephen J. Eskilson：《Graphic Design A New History》，2007,0.402578,UNREVIEWED,candidate_needs_review
9.6,CH09,第九章　消费社会、家庭、性别与企业形象,瑞士平面与国际主义传播,15,B0077,book,Chermayeff：《Identify. Basic Principles of Identity Design in the Iconic Trademar,0.400354,UNREVIEWED,candidate_needs_review
9.6,CH09,第九章　消费社会、家庭、性别与企业形象,瑞士平面与国际主义传播,16,B0010,book,Alain Weill：《The Poster A Worldwide Survey and History》，1985,0.398918,UNREVIEWED,candidate_needs_review
9.6,CH09,第九章　消费社会、家庭、性别与企业形象,瑞士平面与国际主义传播,17,B0482,book,张夫也：《外国现代设计史》，2009,0.397309,UNREVIEWED,candidate_needs_review
9.6,CH09,第九章　消费社会、家庭、性别与企业形象,瑞士平面与国际主义传播,18,B0478,book,大卫·瑞兹曼 (David Raizman)：《现代设计史（第2版）》，2013,0.395479,UNREVIEWED,candidate_needs_review
9.6,CH09,第九章　消费社会、家庭、性别与企业形象,瑞士平面与国际主义传播,19,B0146,book,Ellen Lupton：《Thinking with Type》，2004,0.395385,UNREVIEWED,candidate_needs_review
9.6,CH09,第九章　消费社会、家庭、性别与企业形象,瑞士平面与国际主义传播,20,B0407,book,"Steven Heller, Georgette Ballance：《Graphic Design History》，2001",0.393145,UNREVIEWED,candidate_needs_review
9.6,CH09,第九章　消费社会、家庭、性别与企业形象,瑞士平面与国际主义传播,21,B0365,book,Richard Poulin：《Graphic Design and Architecture A 20th Century History》，2012,0.389517,UNREVIEWED,candidate_needs_review
9.6,CH09,第九章　消费社会、家庭、性别与企业形象,瑞士平面与国际主义传播,22,B0064,book,"Campbell, Joan：《The German Werkbund the politics of reform in the applied arts》",0.389039,UNREVIEWED,candidate_needs_review
9.6,CH09,第九章　消费社会、家庭、性别与企业形象,瑞士平面与国际主义传播,23,B0075,book,"Charlotte Fiell, Peter Fiell：《Design of the 20th Century》，1999",0.385172,UNREVIEWED,candidate_needs_review
9.6,CH09,第九章　消费社会、家庭、性别与企业形象,瑞士平面与国际主义传播,24,B0465,book,万长林：《香港平面设计史》，2012,0.383012,UNREVIEWED,candidate_needs_review
9.6,CH09,第九章　消费社会、家庭、性别与企业形象,瑞士平面与国际主义传播,25,B0162,book,"Gallo, Max：The Poster in History, 1974",0.38176,UNREVIEWED,candidate_needs_review
9.6,CH09,第九章　消费社会、家庭、性别与企业形象,瑞士平面与国际主义传播,26,B0512,book,赵江洪：《设计艺术的含义》，1999,0.379064,UNREVIEWED,candidate_needs_review
9.6,CH09,第九章　消费社会、家庭、性别与企业形象,瑞士平面与国际主义传播,27,B0102,book,David Raizman：《History of Modern Design》，2023,0.375793,UNREVIEWED,candidate_needs_review
9.6,CH09,第九章　消费社会、家庭、性别与企业形象,瑞士平面与国际主义传播,28,B0488,book,"李砚祖, 王春雨：《室内设计史》，2013",0.375608,UNREVIEWED,candidate_needs_review
9.6,CH09,第九章　消费社会、家庭、性别与企业形象,瑞士平面与国际主义传播,29,B0009,book,Alain Weill：《Graphic Design A History》，2004,0.368483,UNREVIEWED,candidate_needs_review
9.6,CH09,第九章　消费社会、家庭、性别与企业形象,瑞士平面与国际主义传播,30,B0439,book,"Walker, John Albert; Attfield, Judy：Design History and the History of Design, 1989",0.365817,UNREVIEWED,candidate_needs_review
9.7,CH09,第九章　消费社会、家庭、性别与企业形象,信息设计、公共可读性与使用者能动性,1,B0188,book,"Heskett, John：Design：A Very Short Introduction, 2005",0.38876,UNREVIEWED,candidate_needs_review
9.7,CH09,第九章　消费社会、家庭、性别与企业形象,信息设计、公共可读性与使用者能动性,2,B0058,book,"Buchanan, Richard; Margolin, Victor (eds.), Discovering Design, 1995",0.37742,UNREVIEWED,candidate_needs_review
9.7,CH09,第九章　消费社会、家庭、性别与企业形象,信息设计、公共可读性与使用者能动性,3,B0254,book,"Kathryn Best：《Design Management Managing Design Strategy, Process and Implementation》",0.361511,UNREVIEWED,candidate_needs_review
9.7,CH09,第九章　消费社会、家庭、性别与企业形象,信息设计、公共可读性与使用者能动性,4,B0470,book,"史蒂文·海勒, 西摩·切瓦斯特：《平面设计200年》，2018",0.354287,UNREVIEWED,candidate_needs_review
9.7,CH09,第九章　消费社会、家庭、性别与企业形象,信息设计、公共可读性与使用者能动性,5,B0057,book,"Buchanan, Richard; Doordan, Dennis P.; Margolin, Victor (eds.), The Designed World, 2010",0.349438,UNREVIEWED,candidate_needs_review
9.7,CH09,第九章　消费社会、家庭、性别与企业形象,信息设计、公共可读性与使用者能动性,6,B0224,book,John Heskett：《Design A Very Short Introduction》,0.342558,UNREVIEWED,candidate_needs_review
9.7,CH09,第九章　消费社会、家庭、性别与企业形象,信息设计、公共可读性与使用者能动性,7,B0015,book,Alice Rawsthorn：《Hello World Where Design Meets Life》，2013,0.338692,UNREVIEWED,candidate_needs_review
9.7,CH09,第九章　消费社会、家庭、性别与企业形象,信息设计、公共可读性与使用者能动性,8,B0160,book,Fuad-Luke：《The eco-design handbook a complete sourcebook for the home and office》,0.337686,UNREVIEWED,candidate_needs_review
9.7,CH09,第九章　消费社会、家庭、性别与企业形象,信息设计、公共可读性与使用者能动性,9,B0108,book,"Design discourse _ history, theory, criticism -- Margolin, Victor, 1941- -- Chic",0.334947,UNREVIEWED,candidate_needs_review
9.7,CH09,第九章　消费社会、家庭、性别与企业形象,信息设计、公共可读性与使用者能动性,10,B0125,book,Don Norman：《The Design of Future Things》,0.328556,UNREVIEWED,candidate_needs_review
9.7,CH09,第九章　消费社会、家庭、性别与企业形象,信息设计、公共可读性与使用者能动性,11,B0062,book,Cairo：《The functional art an introduction to information graphics and visualization》,0.327624,UNREVIEWED,candidate_needs_review
9.7,CH09,第九章　消费社会、家庭、性别与企业形象,信息设计、公共可读性与使用者能动性,12,B0214,book,"Johanna Drucker, Emily McVarish：《Graphic Design History A Critical Guide》，2009",0.326284,UNREVIEWED,candidate_needs_review
9.7,CH09,第九章　消费社会、家庭、性别与企业形象,信息设计、公共可读性与使用者能动性,13,B0126,book,Donald A. Norman：《Emotional Design Why We Love (Or Hate) Everyday Things》,0.319915,UNREVIEWED,candidate_needs_review
9.7,CH09,第九章　消费社会、家庭、性别与企业形象,信息设计、公共可读性与使用者能动性,14,B0335,book,Pat Kirkham：《Charles And Ray Eames Designers of the Twentieth Century》,0.316083,UNREVIEWED,candidate_needs_review
9.7,CH09,第九章　消费社会、家庭、性别与企业形象,信息设计、公共可读性与使用者能动性,15,B0221,book,John Clifford：《Graphic Icons Visionaries Who Shaped Modern Graphic Design》，2014,0.314983,UNREVIEWED,candidate_needs_review
9.7,CH09,第九章　消费社会、家庭、性别与企业形象,信息设计、公共可读性与使用者能动性,16,B0306,book,"Meggs, Philip B.; Purvis, Alston W.：Meggs' History of Graphic Design, 2016",0.314017,UNREVIEWED,candidate_needs_review
9.7,CH09,第九章　消费社会、家庭、性别与企业形象,信息设计、公共可读性与使用者能动性,17,B0264,book,Klaus Krippendorff：《The Semantic Turn A New Foundation For Design》,0.313156,UNREVIEWED,candidate_needs_review
9.7,CH09,第九章　消费社会、家庭、性别与企业形象,信息设计、公共可读性与使用者能动性,18,B0016,book,Alison Black：《Information Design. Research and practice》,0.311697,UNREVIEWED,candidate_needs_review
9.7,CH09,第九章　消费社会、家庭、性别与企业形象,信息设计、公共可读性与使用者能动性,19,B0111,book,Design History and Culture ： Methods and Approaches -- Javier Gimeno-Martínez --,0.308358,UNREVIEWED,candidate_needs_review
9.7,CH09,第九章　消费社会、家庭、性别与企业形象,信息设计、公共可读性与使用者能动性,20,B0432,book,"Victor Margolin：《Design discourse history, theory, criticism》",0.307842,UNREVIEWED,candidate_needs_review
9.7,CH09,第九章　消费社会、家庭、性别与企业形象,信息设计、公共可读性与使用者能动性,21,B0408,book,"Steven Heller, Veronique Vienne：《100 Ideas that Changed Graphic Design》",0.307435,UNREVIEWED,candidate_needs_review
9.7,CH09,第九章　消费社会、家庭、性别与企业形象,信息设计、公共可读性与使用者能动性,22,B0226,book,John Heskett：《Toothpicks and Logos Design in Everyday Life》,0.303021,UNREVIEWED,candidate_needs_review
9.7,CH09,第九章　消费社会、家庭、性别与企业形象,信息设计、公共可读性与使用者能动性,23,B0173,book,Graeme Brooker Sally Stone：《Re-Readings 2 Interior Architecture and the Principl,0.302642,UNREVIEWED,candidate_needs_review
9.7,CH09,第九章　消费社会、家庭、性别与企业形象,信息设计、公共可读性与使用者能动性,24,B0419,book,"The designed world _ images, objects, environments -- Buchanan, Richard (editor)",0.301744,UNREVIEWED,candidate_needs_review
9.7,CH09,第九章　消费社会、家庭、性别与企业形象,信息设计、公共可读性与使用者能动性,25,B0292,book,Margolin：《World history of design》,0.300927,UNREVIEWED,candidate_needs_review
9.7,CH09,第九章　消费社会、家庭、性别与企业形象,信息设计、公共可读性与使用者能动性,26,B0084,book,"Clive Dilnot：《A John Heskett Reader Design, History, Economics》",0.300895,UNREVIEWED,candidate_needs_review
9.7,CH09,第九章　消费社会、家庭、性别与企业形象,信息设计、公共可读性与使用者能动性,27,B0123,book,Digital Materialities ： Design and Anthropology -- Sarah Pink; Elisenda Ardèvol;,0.299943,UNREVIEWED,candidate_needs_review
9.7,CH09,第九章　消费社会、家庭、性别与企业形象,信息设计、公共可读性与使用者能动性,28,B0478,book,大卫·瑞兹曼 (David Raizman)：《现代设计史（第2版）》，2013,0.296469,UNREVIEWED,candidate_needs_review
9.7,CH09,第九章　消费社会、家庭、性别与企业形象,信息设计、公共可读性与使用者能动性,29,B0168,book,"Gillian Naylor：《The arts and crafts movement a study of its sources, ideals and influence on design theory》",0.29642,UNREVIEWED,candidate_needs_review
9.7,CH09,第九章　消费社会、家庭、性别与企业形象,信息设计、公共可读性与使用者能动性,30,B0404,book,Stephen J. Eskilson：《Graphic Design A New History》，2007,0.296198,UNREVIEWED,candidate_needs_review
10.1,CH10,第十章　新中国设计制度的重组（1949—1978）,制度重组与术语延续,1,B0282,book,Magdalena Droste：《The Bauhaus 1919-1933》，1990,0.394741,UNREVIEWED,candidate_needs_review
10.1,CH10,第十章　新中国设计制度的重组（1949—1978）,制度重组与术语延续,2,B0485,book,曹小鸥：《中国现代设计思想：生活、启蒙、变迁》，2018,0.375079,UNREVIEWED,candidate_needs_review
10.1,CH10,第十章　新中国设计制度的重组（1949—1978）,制度重组与术语延续,3,B0327,book,"None：《China design now , None》",0.366066,UNREVIEWED,candidate_needs_review
10.1,CH10,第十章　新中国设计制度的重组（1949—1978）,制度重组与术语延续,4,B0149,book,"Epstein, Stephan R.; Prak, Maarten：Guilds, Innovation, and the European Economy, 1400-1800, 2008",0.358153,UNREVIEWED,candidate_needs_review
10.1,CH10,第十章　新中国设计制度的重组（1949—1978）,制度重组与术语延续,5,B0476,book,夏燕靖：《中国艺术设计史(升级版)》，2017,0.357401,UNREVIEWED,candidate_needs_review
10.1,CH10,第十章　新中国设计制度的重组（1949—1978）,制度重组与术语延续,6,B0499,book,"樊进, 龙红：《中国当代设计全集 第4卷 平面类编 图案篇》，2015",0.351728,UNREVIEWED,candidate_needs_review
10.1,CH10,第十章　新中国设计制度的重组（1949—1978）,制度重组与术语延续,7,B0472,book,周博：《断裂与绵延：中国现代设计史研究》，2019,0.349037,UNREVIEWED,candidate_needs_review
10.1,CH10,第十章　新中国设计制度的重组（1949—1978）,制度重组与术语延续,8,B0511,book,赵农：《中国艺术设计史》,0.34548,UNREVIEWED,candidate_needs_review
10.1,CH10,第十章　新中国设计制度的重组（1949—1978）,制度重组与术语延续,9,B0235,book,Jonathan M. Woodham：《Twentieth Century Design》,0.34428,UNREVIEWED,candidate_needs_review
10.1,CH10,第十章　新中国设计制度的重组（1949—1978）,制度重组与术语延续,10,B0158,book,Frank Whitford：《Bauhaus》,0.341644,UNREVIEWED,candidate_needs_review
10.1,CH10,第十章　新中国设计制度的重组（1949—1978）,制度重组与术语延续,11,B0506,book,维克多·马格林：《世界设计史1：史前至一战》，2015,0.340036,UNREVIEWED,candidate_needs_review
10.1,CH10,第十章　新中国设计制度的重组（1949—1978）,制度重组与术语延续,12,B0159,book,"Frayling, Christopher：Art and Design：100 Years at the Royal College of Art, 1999",0.339607,UNREVIEWED,candidate_needs_review
10.1,CH10,第十章　新中国设计制度的重组（1949—1978）,制度重组与术语延续,13,B0321,book,Müller：《Helvetica homage to a typeface》,0.338061,UNREVIEWED,candidate_needs_review
10.1,CH10,第十章　新中国设计制度的重组（1949—1978）,制度重组与术语延续,14,B0477,book,夏燕靖：《中国艺术设计史》,0.336982,UNREVIEWED,candidate_needs_review
10.1,CH10,第十章　新中国设计制度的重组（1949—1978）,制度重组与术语延续,15,B0500,book,沈榆：《观念的演进：中国现代设计史》，2021,0.334569,UNREVIEWED,candidate_needs_review
10.1,CH10,第十章　新中国设计制度的重组（1949—1978）,制度重组与术语延续,16,B0075,book,"Charlotte Fiell, Peter Fiell：《Design of the 20th Century》，1999",0.330492,UNREVIEWED,candidate_needs_review
10.1,CH10,第十章　新中国设计制度的重组（1949—1978）,制度重组与术语延续,17,B0493,book,杭间：《中国工艺美学史(第三版修订本)》，2018,0.328562,UNREVIEWED,candidate_needs_review
10.1,CH10,第十章　新中国设计制度的重组（1949—1978）,制度重组与术语延续,18,B0079,book,"Christopher A. Reed：《Gutenberg in Shanghai Chinese Print Capitalism, 1876-1937》",0.328285,UNREVIEWED,candidate_needs_review
10.1,CH10,第十章　新中国设计制度的重组（1949—1978）,制度重组与术语延续,19,B0492,book,"杭间, 靳埭强, 胡恩威：《包豪斯道路：历史、遗泽、世界与中国》，2010",0.328184,UNREVIEWED,candidate_needs_review
10.1,CH10,第十章　新中国设计制度的重组（1949—1978）,制度重组与术语延续,20,B0507,book,维克多·马格林：《世界设计史2：一战至二战》，2015,0.32575,UNREVIEWED,candidate_needs_review
10.1,CH10,第十章　新中国设计制度的重组（1949—1978）,制度重组与术语延续,21,B0478,book,大卫·瑞兹曼 (David Raizman)：《现代设计史（第2版）》，2013,0.325738,UNREVIEWED,candidate_needs_review
10.1,CH10,第十章　新中国设计制度的重组（1949—1978）,制度重组与术语延续,22,B0065,book,Carl DiSalvo：《Adversarial Design》,0.324979,UNREVIEWED,candidate_needs_review
10.1,CH10,第十章　新中国设计制度的重组（1949—1978）,制度重组与术语延续,23,B0482,book,张夫也：《外国现代设计史》，2009,0.322925,UNREVIEWED,candidate_needs_review
10.1,CH10,第十章　新中国设计制度的重组（1949—1978）,制度重组与术语延续,24,B0103,book,Dennis P. Doordan：《Design History An Anthology》,0.32219,UNREVIEWED,candidate_needs_review
10.1,CH10,第十章　新中国设计制度的重组（1949—1978）,制度重组与术语延续,25,B0219,book,John A. Lent：《Comics Art in China》,0.320793,UNREVIEWED,candidate_needs_review
10.1,CH10,第十章　新中国设计制度的重组（1949—1978）,制度重组与术语延续,26,B0088,book,"Cooke, Catherine：Architectural Drawings of the Russian Avant-Garde, 1990",0.320609,UNREVIEWED,candidate_needs_review
10.1,CH10,第十章　新中国设计制度的重组（1949—1978）,制度重组与术语延续,27,B0081,book,"Christopher Burke：《Isotype Design and Contexts, 1925-1971》",0.319447,UNREVIEWED,candidate_needs_review
10.1,CH10,第十章　新中国设计制度的重组（1949—1978）,制度重组与术语延续,28,B0508,book,"胡天璇, 曾山, 王庆：《外国近现代设计史》，2012",0.318981,UNREVIEWED,candidate_needs_review
10.1,CH10,第十章　新中国设计制度的重组（1949—1978）,制度重组与术语延续,29,B0468,book,何人可：《工业设计史(第四版)》，2010,0.318111,UNREVIEWED,candidate_needs_review
10.1,CH10,第十章　新中国设计制度的重组（1949—1978）,制度重组与术语延续,30,B0288,book,"Margolin, Victor, World History of Design, Volume 1, 2015",0.316948,UNREVIEWED,candidate_needs_review
10.2,CH10,第十章　新中国设计制度的重组（1949—1978）,计划生产中的设计劳动,1,B0105,book,"Design and Creativity Policy, Management and Practice (Guy Julier Liz Moor (edit",0.41927,UNREVIEWED,candidate_needs_review
10.2,CH10,第十章　新中国设计制度的重组（1949—1978）,计划生产中的设计劳动,2,B0084,book,"Clive Dilnot：《A John Heskett Reader Design, History, Economics》",0.369055,UNREVIEWED,candidate_needs_review
10.2,CH10,第十章　新中国设计制度的重组（1949—1978）,计划生产中的设计劳动,3,B0328,book,"Objects of desire ： design and society since 1750 -- Forty, Adrian, 1948- -- New",0.356895,UNREVIEWED,candidate_needs_review
10.2,CH10,第十章　新中国设计制度的重组（1949—1978）,计划生产中的设计劳动,4,B0466,book,世界设计史_I_史前至一战,0.353017,UNREVIEWED,candidate_needs_review
10.2,CH10,第十章　新中国设计制度的重组（1949—1978）,计划生产中的设计劳动,5,B0292,book,Margolin：《World history of design》,0.350153,UNREVIEWED,candidate_needs_review
10.2,CH10,第十章　新中国设计制度的重组（1949—1978）,计划生产中的设计劳动,6,P0062,paper,"Susan E. Reid：《Repenser le Dégel： Versions du socialisme, influences internationales et société soviétique》，2005",0.344295,UNREVIEWED,candidate_needs_review
10.2,CH10,第十章　新中国设计制度的重组（1949—1978）,计划生产中的设计劳动,7,B0144,book,"Ellen Lupton, J. Abbott Miller：《Design Writing Research Writing on Graphic Design》，1996",0.343087,UNREVIEWED,candidate_needs_review
10.2,CH10,第十章　新中国设计制度的重组（1949—1978）,计划生产中的设计劳动,8,B0266,book,Landsberger：《Chinese propaganda posters from revolution to modernization》,0.341706,UNREVIEWED,candidate_needs_review
10.2,CH10,第十章　新中国设计制度的重组（1949—1978）,计划生产中的设计劳动,9,B0512,book,赵江洪：《设计艺术的含义》，1999,0.337508,UNREVIEWED,candidate_needs_review
10.2,CH10,第十章　新中国设计制度的重组（1949—1978）,计划生产中的设计劳动,10,B0075,book,"Charlotte Fiell, Peter Fiell：《Design of the 20th Century》，1999",0.333144,UNREVIEWED,candidate_needs_review
10.2,CH10,第十章　新中国设计制度的重组（1949—1978）,计划生产中的设计劳动,11,B0327,book,"None：《China design now , None》",0.327701,UNREVIEWED,candidate_needs_review
10.2,CH10,第十章　新中国设计制度的重组（1949—1978）,计划生产中的设计劳动,12,B0314,book,"Mildred S. Friedman, Joseph Giovannini：《Graphic Design in America A Visual Language History》，1989",0.321423,UNREVIEWED,candidate_needs_review
10.2,CH10,第十章　新中国设计制度的重组（1949—1978）,计划生产中的设计劳动,13,B0401,book,Sparke：《An introduction to design and culture _ 1900 to the present，2020》,0.318274,UNREVIEWED,candidate_needs_review
10.2,CH10,第十章　新中国设计制度的重组（1949—1978）,计划生产中的设计劳动,14,B0478,book,大卫·瑞兹曼 (David Raizman)：《现代设计史（第2版）》，2013,0.315386,UNREVIEWED,candidate_needs_review
10.2,CH10,第十章　新中国设计制度的重组（1949—1978）,计划生产中的设计劳动,15,B0005,book,"Adamson, Glenn; Riello, Giorgio; Teasley, Sarah (eds.), Global Design History, 2011",0.313278,UNREVIEWED,candidate_needs_review
10.2,CH10,第十章　新中国设计制度的重组（1949—1978）,计划生产中的设计劳动,16,B0279,book,Lucy Suchman：《Plans and Situated Actions The Problem of Human-Machine Communication》，1987,0.312931,UNREVIEWED,candidate_needs_review
10.2,CH10,第十章　新中国设计制度的重组（1949—1978）,计划生产中的设计劳动,17,B0288,book,"Margolin, Victor, World History of Design, Volume 1, 2015",0.312446,UNREVIEWED,candidate_needs_review
10.2,CH10,第十章　新中国设计制度的重组（1949—1978）,计划生产中的设计劳动,18,B0400,book,"Sparke, Penny：《An introduction to design and culture 1900 to the present》",0.311544,UNREVIEWED,candidate_needs_review
10.2,CH10,第十章　新中国设计制度的重组（1949—1978）,计划生产中的设计劳动,19,B0159,book,"Frayling, Christopher：Art and Design：100 Years at the Royal College of Art, 1999",0.310813,UNREVIEWED,candidate_needs_review
10.2,CH10,第十章　新中国设计制度的重组（1949—1978）,计划生产中的设计劳动,20,B0101,book,David Raizman：《History of Modern Design》,0.304963,UNREVIEWED,candidate_needs_review
10.2,CH10,第十章　新中国设计制度的重组（1949—1978）,计划生产中的设计劳动,21,B0158,book,Frank Whitford：《Bauhaus》,0.303582,UNREVIEWED,candidate_needs_review
10.2,CH10,第十章　新中国设计制度的重组（1949—1978）,计划生产中的设计劳动,22,B0189,book,"Heskett, John：《Industrial design》",0.301934,UNREVIEWED,candidate_needs_review
10.2,CH10,第十章　新中国设计制度的重组（1949—1978）,计划生产中的设计劳动,23,B0170,book,Glenn Adamson：《Global Design History》,0.301668,UNREVIEWED,candidate_needs_review
10.2,CH10,第十章　新中国设计制度的重组（1949—1978）,计划生产中的设计劳动,24,B0031,book,Arthur J. Pulos：《American design ethic a history of industrial design to 1940》,0.300039,UNREVIEWED,candidate_needs_review
10.2,CH10,第十章　新中国设计制度的重组（1949—1978）,计划生产中的设计劳动,25,B0273,book,"Lees-Maffei, Grace; Houze, Rebecca (eds.)：The Design History Reader, 2010",0.298571,UNREVIEWED,candidate_needs_review
10.2,CH10,第十章　新中国设计制度的重组（1949—1978）,计划生产中的设计劳动,26,B0483,book,文一：《伟大的中国工业革命发展政治经济学一般原理批判纲要》,0.297818,UNREVIEWED,candidate_needs_review
10.2,CH10,第十章　新中国设计制度的重组（1949—1978）,计划生产中的设计劳动,27,B0235,book,Jonathan M. Woodham：《Twentieth Century Design》,0.295564,UNREVIEWED,candidate_needs_review
10.2,CH10,第十章　新中国设计制度的重组（1949—1978）,计划生产中的设计劳动,28,B0459,book,Wixon：《Field methods casebook for software design》,0.292361,UNREVIEWED,candidate_needs_review
10.2,CH10,第十章　新中国设计制度的重组（1949—1978）,计划生产中的设计劳动,29,B0103,book,Dennis P. Doordan：《Design History An Anthology》,0.291798,UNREVIEWED,candidate_needs_review
10.2,CH10,第十章　新中国设计制度的重组（1949—1978）,计划生产中的设计劳动,30,B0468,book,何人可：《工业设计史(第四版)》，2010,0.290891,UNREVIEWED,candidate_needs_review
10.3,CH10,第十章　新中国设计制度的重组（1949—1978）,轻工业与日用品,1,B0493,book,杭间：《中国工艺美学史(第三版修订本)》，2018,0.510577,UNREVIEWED,candidate_needs_review
10.3,CH10,第十章　新中国设计制度的重组（1949—1978）,轻工业与日用品,2,B0511,book,赵农：《中国艺术设计史》,0.451613,UNREVIEWED,candidate_needs_review
10.3,CH10,第十章　新中国设计制度的重组（1949—1978）,轻工业与日用品,3,B0499,book,"樊进, 龙红：《中国当代设计全集 第4卷 平面类编 图案篇》，2015",0.447534,UNREVIEWED,candidate_needs_review
10.3,CH10,第十章　新中国设计制度的重组（1949—1978）,轻工业与日用品,4,B0101,book,David Raizman：《History of Modern Design》,0.434011,UNREVIEWED,candidate_needs_review
10.3,CH10,第十章　新中国设计制度的重组（1949—1978）,轻工业与日用品,5,B0500,book,沈榆：《观念的演进：中国现代设计史》，2021,0.424763,UNREVIEWED,candidate_needs_review
10.3,CH10,第十章　新中国设计制度的重组（1949—1978）,轻工业与日用品,6,B0170,book,Glenn Adamson：《Global Design History》,0.414889,UNREVIEWED,candidate_needs_review
10.3,CH10,第十章　新中国设计制度的重组（1949—1978）,轻工业与日用品,7,B0507,book,维克多·马格林：《世界设计史2：一战至二战》，2015,0.414314,UNREVIEWED,candidate_needs_review
10.3,CH10,第十章　新中国设计制度的重组（1949—1978）,轻工业与日用品,8,B0477,book,夏燕靖：《中国艺术设计史》,0.41393,UNREVIEWED,candidate_needs_review
10.3,CH10,第十章　新中国设计制度的重组（1949—1978）,轻工业与日用品,9,B0476,book,夏燕靖：《中国艺术设计史(升级版)》，2017,0.40987,UNREVIEWED,candidate_needs_review
10.3,CH10,第十章　新中国设计制度的重组（1949—1978）,轻工业与日用品,10,B0492,book,"杭间, 靳埭强, 胡恩威：《包豪斯道路：历史、遗泽、世界与中国》，2010",0.409461,UNREVIEWED,candidate_needs_review
10.3,CH10,第十章　新中国设计制度的重组（1949—1978）,轻工业与日用品,11,B0058,book,"Buchanan, Richard; Margolin, Victor (eds.), Discovering Design, 1995",0.405333,UNREVIEWED,candidate_needs_review
10.3,CH10,第十章　新中国设计制度的重组（1949—1978）,轻工业与日用品,12,B0005,book,"Adamson, Glenn; Riello, Giorgio; Teasley, Sarah (eds.), Global Design History, 2011",0.40515,UNREVIEWED,candidate_needs_review
10.3,CH10,第十章　新中国设计制度的重组（1949—1978）,轻工业与日用品,13,B0485,book,曹小鸥：《中国现代设计思想：生活、启蒙、变迁》，2018,0.402155,UNREVIEWED,candidate_needs_review
10.3,CH10,第十章　新中国设计制度的重组（1949—1978）,轻工业与日用品,14,B0075,book,"Charlotte Fiell, Peter Fiell：《Design of the 20th Century》，1999",0.401149,UNREVIEWED,candidate_needs_review
10.3,CH10,第十章　新中国设计制度的重组（1949—1978）,轻工业与日用品,15,B0158,book,Frank Whitford：《Bauhaus》,0.391636,UNREVIEWED,candidate_needs_review
10.3,CH10,第十章　新中国设计制度的重组（1949—1978）,轻工业与日用品,16,B0482,book,张夫也：《外国现代设计史》，2009,0.389246,UNREVIEWED,candidate_needs_review
10.3,CH10,第十章　新中国设计制度的重组（1949—1978）,轻工业与日用品,17,B0495,book,杭间：《设计道：中国设计的基本问题》，2008,0.384338,UNREVIEWED,candidate_needs_review
10.3,CH10,第十章　新中国设计制度的重组（1949—1978）,轻工业与日用品,18,B0292,book,Margolin：《World history of design》,0.376788,UNREVIEWED,candidate_needs_review
10.3,CH10,第十章　新中国设计制度的重组（1949—1978）,轻工业与日用品,19,B0467,book,世界设计史_II_苏联至二战,0.373822,UNREVIEWED,candidate_needs_review
10.3,CH10,第十章　新中国设计制度的重组（1949—1978）,轻工业与日用品,20,B0468,book,何人可：《工业设计史(第四版)》，2010,0.365773,UNREVIEWED,candidate_needs_review
10.3,CH10,第十章　新中国设计制度的重组（1949—1978）,轻工业与日用品,21,B0288,book,"Margolin, Victor, World History of Design, Volume 1, 2015",0.364881,UNREVIEWED,candidate_needs_review
10.3,CH10,第十章　新中国设计制度的重组（1949—1978）,轻工业与日用品,22,B0189,book,"Heskett, John：《Industrial design》",0.360313,UNREVIEWED,candidate_needs_review
10.3,CH10,第十章　新中国设计制度的重组（1949—1978）,轻工业与日用品,23,B0289,book,"Margolin, Victor, World History of Design, Volume 2, 2015",0.359618,UNREVIEWED,candidate_needs_review
10.3,CH10,第十章　新中国设计制度的重组（1949—1978）,轻工业与日用品,24,B0498,book,梁梅：《世界现代设计史》，2013,0.357186,UNREVIEWED,candidate_needs_review
10.3,CH10,第十章　新中国设计制度的重组（1949—1978）,轻工业与日用品,25,B0052,book,"Briggs, Asa：《Victorian things》",0.355269,UNREVIEWED,candidate_needs_review
10.3,CH10,第十章　新中国设计制度的重组（1949—1978）,轻工业与日用品,26,B0115,book,"Design, History and Time _ New Temporalities in a Digital -- Hendon, Zoë (editor",0.354379,UNREVIEWED,candidate_needs_review
10.3,CH10,第十章　新中国设计制度的重组（1949—1978）,轻工业与日用品,27,B0503,book,王受之：《世界现代设计史》，2015,0.354347,UNREVIEWED,candidate_needs_review
10.3,CH10,第十章　新中国设计制度的重组（1949—1978）,轻工业与日用品,28,B0327,book,"None：《China design now , None》",0.353368,UNREVIEWED,candidate_needs_review
10.3,CH10,第十章　新中国设计制度的重组（1949—1978）,轻工业与日用品,29,B0102,book,David Raizman：《History of Modern Design》，2023,0.351374,UNREVIEWED,candidate_needs_review
10.3,CH10,第十章　新中国设计制度的重组（1949—1978）,轻工业与日用品,30,B0512,book,赵江洪：《设计艺术的含义》，1999,0.348928,UNREVIEWED,candidate_needs_review
10.4,CH10,第十章　新中国设计制度的重组（1949—1978）,大型公共活动与公共建筑,1,B0001,book,1860-1914：《Learning to Consume Early Department Stores and the Shaping of the Mo,0.479296,UNREVIEWED,candidate_needs_review
10.4,CH10,第十章　新中国设计制度的重组（1949—1978）,大型公共活动与公共建筑,2,B0294,book,"Mark Stickdorn, Jakob Schneider：《This Is Service Design Thinking》，2010",0.422914,UNREVIEWED,candidate_needs_review
10.4,CH10,第十章　新中国设计制度的重组（1949—1978）,大型公共活动与公共建筑,3,B0099,book,"David Crowley, Susan E. Reid：《Socialist Spaces Sites of Everyday Life in the Eastern Bloc》，2002",0.39651,UNREVIEWED,candidate_needs_review
10.4,CH10,第十章　新中国设计制度的重组（1949—1978）,大型公共活动与公共建筑,4,B0049,book,"Bonython, Elizabeth; Burton, Anthony：The Great Exhibitor：The Life and Work of Henry Cole, 2003",0.392425,UNREVIEWED,candidate_needs_review
10.4,CH10,第十章　新中国设计制度的重组（1949—1978）,大型公共活动与公共建筑,5,B0068,book,"Catherine Cooke：《Russian Avant-Garde Theories of Art, Architecture and the City》，1995",0.384093,UNREVIEWED,candidate_needs_review
10.4,CH10,第十章　新中国设计制度的重组（1949—1978）,大型公共活动与公共建筑,6,B0232,book,John William Mackail：《The Life of William Morris》,0.380372,UNREVIEWED,candidate_needs_review
10.4,CH10,第十章　新中国设计制度的重组（1949—1978）,大型公共活动与公共建筑,7,B0258,book,Kenneth Frampton：《Modern Architecture A Critical History》，1980,0.379941,UNREVIEWED,candidate_needs_review
10.4,CH10,第十章　新中国设计制度的重组（1949—1978）,大型公共活动与公共建筑,8,B0365,book,Richard Poulin：《Graphic Design and Architecture A 20th Century History》，2012,0.37136,UNREVIEWED,candidate_needs_review
10.4,CH10,第十章　新中国设计制度的重组（1949—1978）,大型公共活动与公共建筑,9,B0030,book,Arthur A. Cohen：《Herbert Bayer The Complete Work》，1984,0.369531,UNREVIEWED,candidate_needs_review
10.4,CH10,第十章　新中国设计制度的重组（1949—1978）,大型公共活动与公共建筑,10,B0105,book,"Design and Creativity Policy, Management and Practice (Guy Julier Liz Moor (edit",0.367474,UNREVIEWED,candidate_needs_review
10.4,CH10,第十章　新中国设计制度的重组（1949—1978）,大型公共活动与公共建筑,11,B0460,book,"Wolfgang F. E. Preiser, Elaine Ostroff：《Universal Design Handbook》，2001",0.366217,UNREVIEWED,candidate_needs_review
10.4,CH10,第十章　新中国设计制度的重组（1949—1978）,大型公共活动与公共建筑,12,B0138,book,"Edward Steinfeld, Jordana Maisel：《Universal Design Creating Inclusive Environments》，2012",0.360588,UNREVIEWED,candidate_needs_review
10.4,CH10,第十章　新中国设计制度的重组（1949—1978）,大型公共活动与公共建筑,13,B0327,book,"None：《China design now , None》",0.358046,UNREVIEWED,candidate_needs_review
10.4,CH10,第十章　新中国设计制度的重组（1949—1978）,大型公共活动与公共建筑,14,B0392,book,Selim O. Khan-Magomedov：《Pioneers of Soviet Architecture The Search for New Solutions in the 1920s and 1930s》，1987,0.357837,UNREVIEWED,candidate_needs_review
10.4,CH10,第十章　新中国设计制度的重组（1949—1978）,大型公共活动与公共建筑,15,B0173,book,Graeme Brooker Sally Stone：《Re-Readings 2 Interior Architecture and the Principl,0.34127,UNREVIEWED,candidate_needs_review
10.4,CH10,第十章　新中国设计制度的重组（1949—1978）,大型公共活动与公共建筑,16,B0016,book,Alison Black：《Information Design. Research and practice》,0.341048,UNREVIEWED,candidate_needs_review
10.4,CH10,第十章　新中国设计制度的重组（1949—1978）,大型公共活动与公共建筑,17,B0060,book,"Buddensieg, Tilmann; Rogge, Henning：《Industriekultur Peter Behrens and the AEG, 1907-1914》",0.339273,UNREVIEWED,candidate_needs_review
10.4,CH10,第十章　新中国设计制度的重组（1949—1978）,大型公共活动与公共建筑,18,B0447,book,Wayshowing – A Guide to Environmental Signage Principles and Practices () (z-lib,0.337458,UNREVIEWED,candidate_needs_review
10.4,CH10,第十章　新中国设计制度的重组（1949—1978）,大型公共活动与公共建筑,19,B0022,book,Anne Massey：《Interior Design of the 20th Century》，1990,0.337352,UNREVIEWED,candidate_needs_review
10.4,CH10,第十章　新中国设计制度的重组（1949—1978）,大型公共活动与公共建筑,20,B0005,book,"Adamson, Glenn; Riello, Giorgio; Teasley, Sarah (eds.), Global Design History, 2011",0.334112,UNREVIEWED,candidate_needs_review
10.4,CH10,第十章　新中国设计制度的重组（1949—1978）,大型公共活动与公共建筑,21,B0101,book,David Raizman：《History of Modern Design》,0.324546,UNREVIEWED,candidate_needs_review
10.4,CH10,第十章　新中国设计制度的重组（1949—1978）,大型公共活动与公共建筑,22,B0156,book,Fiona MacCarthy：《William Morris a life for our time》,0.324224,UNREVIEWED,candidate_needs_review
10.4,CH10,第十章　新中国设计制度的重组（1949—1978）,大型公共活动与公共建筑,23,B0053,book,Brigitte Borja de Mozota：《Design Management Using Design to Build Brand Value and Corporate Innovation》，2003,0.321565,UNREVIEWED,candidate_needs_review
10.4,CH10,第十章　新中国设计制度的重组（1949—1978）,大型公共活动与公共建筑,24,B0506,book,维克多·马格林：《世界设计史1：史前至一战》，2015,0.320839,UNREVIEWED,candidate_needs_review
10.4,CH10,第十章　新中国设计制度的重组（1949—1978）,大型公共活动与公共建筑,25,B0071,book,Charles Jencks：《The Language of Post-Modern Architecture》，1977,0.317463,UNREVIEWED,candidate_needs_review
10.4,CH10,第十章　新中国设计制度的重组（1949—1978）,大型公共活动与公共建筑,26,B0035,book,"Aslin, Elizabeth：《The aesthetic movement prelude to Art Nouveau》",0.315827,UNREVIEWED,candidate_needs_review
10.4,CH10,第十章　新中国设计制度的重组（1949—1978）,大型公共活动与公共建筑,27,B0151,book,"Ezio Manzini：《Design, When Everybody Designs An Introduction to Design for Social Innovation》，2015",0.314057,UNREVIEWED,candidate_needs_review
10.4,CH10,第十章　新中国设计制度的重组（1949—1978）,大型公共活动与公共建筑,28,B0020,book,Ami Ayalon：《The Arabic Print Revolution Cultural Production and Mass Readership》,0.312381,UNREVIEWED,candidate_needs_review
10.4,CH10,第十章　新中国设计制度的重组（1949—1978）,大型公共活动与公共建筑,29,B0214,book,"Johanna Drucker, Emily McVarish：《Graphic Design History A Critical Guide》，2009",0.308238,UNREVIEWED,candidate_needs_review
10.4,CH10,第十章　新中国设计制度的重组（1949—1978）,大型公共活动与公共建筑,30,B0482,book,张夫也：《外国现代设计史》，2009,0.308212,UNREVIEWED,candidate_needs_review
10.5,CH10,第十章　新中国设计制度的重组（1949—1978）,宣传视觉与出版系统,1,B0105,book,"Design and Creativity Policy, Management and Practice (Guy Julier Liz Moor (edit",0.48244,UNREVIEWED,candidate_needs_review
10.5,CH10,第十章　新中国设计制度的重组（1949—1978）,宣传视觉与出版系统,2,B0472,book,周博：《断裂与绵延：中国现代设计史研究》，2019,0.437199,UNREVIEWED,candidate_needs_review
10.5,CH10,第十章　新中国设计制度的重组（1949—1978）,宣传视觉与出版系统,3,B0010,book,Alain Weill：《The Poster A Worldwide Survey and History》，1985,0.416076,UNREVIEWED,candidate_needs_review
10.5,CH10,第十章　新中国设计制度的重组（1949—1978）,宣传视觉与出版系统,4,B0266,book,Landsberger：《Chinese propaganda posters from revolution to modernization》,0.402545,UNREVIEWED,candidate_needs_review
10.5,CH10,第十章　新中国设计制度的重组（1949—1978）,宣传视觉与出版系统,5,B0218,book,John A. Lent：《Asian Comics》,0.394539,UNREVIEWED,candidate_needs_review
10.5,CH10,第十章　新中国设计制度的重组（1949—1978）,宣传视觉与出版系统,6,B0219,book,John A. Lent：《Comics Art in China》,0.390776,UNREVIEWED,candidate_needs_review
10.5,CH10,第十章　新中国设计制度的重组（1949—1978）,宣传视觉与出版系统,7,B0327,book,"None：《China design now , None》",0.374413,UNREVIEWED,candidate_needs_review
10.5,CH10,第十章　新中国设计制度的重组（1949—1978）,宣传视觉与出版系统,8,B0282,book,Magdalena Droste：《The Bauhaus 1919-1933》，1990,0.373397,UNREVIEWED,candidate_needs_review
10.5,CH10,第十章　新中国设计制度的重组（1949—1978）,宣传视觉与出版系统,9,B0408,book,"Steven Heller, Veronique Vienne：《100 Ideas that Changed Graphic Design》",0.373103,UNREVIEWED,candidate_needs_review
10.5,CH10,第十章　新中国设计制度的重组（1949—1978）,宣传视觉与出版系统,10,B0220,book,John Barnicoat：《Posters A Concise History》，1972,0.366049,UNREVIEWED,candidate_needs_review
10.5,CH10,第十章　新中国设计制度的重组（1949—1978）,宣传视觉与出版系统,11,B0221,book,John Clifford：《Graphic Icons Visionaries Who Shaped Modern Graphic Design》，2014,0.365262,UNREVIEWED,candidate_needs_review
10.5,CH10,第十章　新中国设计制度的重组（1949—1978）,宣传视觉与出版系统,12,B0103,book,Dennis P. Doordan：《Design History An Anthology》,0.365027,UNREVIEWED,candidate_needs_review
10.5,CH10,第十章　新中国设计制度的重组（1949—1978）,宣传视觉与出版系统,13,B0077,book,Chermayeff：《Identify. Basic Principles of Identity Design in the Iconic Trademar,0.354044,UNREVIEWED,candidate_needs_review
10.5,CH10,第十章　新中国设计制度的重组（1949—1978）,宣传视觉与出版系统,14,B0376,book,"Roland Marchand：《Advertising and the American dream - Making way for modernity, 1920-1940》",0.353009,UNREVIEWED,candidate_needs_review
10.5,CH10,第十章　新中国设计制度的重组（1949—1978）,宣传视觉与出版系统,15,B0044,book,Bevis Hillier：《Art Deco of the 20s and 30s》,0.350631,UNREVIEWED,candidate_needs_review
10.5,CH10,第十章　新中国设计制度的重组（1949—1978）,宣传视觉与出版系统,16,B0289,book,"Margolin, Victor, World History of Design, Volume 2, 2015",0.350151,UNREVIEWED,candidate_needs_review
10.5,CH10,第十章　新中国设计制度的重组（1949—1978）,宣传视觉与出版系统,17,B0009,book,Alain Weill：《Graphic Design A History》，2004,0.349429,UNREVIEWED,candidate_needs_review
10.5,CH10,第十章　新中国设计制度的重组（1949—1978）,宣传视觉与出版系统,18,B0099,book,"David Crowley, Susan E. Reid：《Socialist Spaces Sites of Everyday Life in the Eastern Bloc》，2002",0.348943,UNREVIEWED,candidate_needs_review
10.5,CH10,第十章　新中国设计制度的重组（1949—1978）,宣传视觉与出版系统,19,B0294,book,"Mark Stickdorn, Jakob Schneider：《This Is Service Design Thinking》，2010",0.341548,UNREVIEWED,candidate_needs_review
10.5,CH10,第十章　新中国设计制度的重组（1949—1978）,宣传视觉与出版系统,20,B0288,book,"Margolin, Victor, World History of Design, Volume 1, 2015",0.340285,UNREVIEWED,candidate_needs_review
10.5,CH10,第十章　新中国设计制度的重组（1949—1978）,宣传视觉与出版系统,21,B0199,book,James：《Picture this World War I posters and visual culture》,0.340165,UNREVIEWED,candidate_needs_review
10.5,CH10,第十章　新中国设计制度的重组（1949—1978）,宣传视觉与出版系统,22,B0180,book,Guy Julier：《The Culture of Design》，2000,0.337071,UNREVIEWED,candidate_needs_review
10.5,CH10,第十章　新中国设计制度的重组（1949—1978）,宣传视觉与出版系统,23,B0477,book,夏燕靖：《中国艺术设计史》,0.334617,UNREVIEWED,candidate_needs_review
10.5,CH10,第十章　新中国设计制度的重组（1949—1978）,宣传视觉与出版系统,24,B0214,book,"Johanna Drucker, Emily McVarish：《Graphic Design History A Critical Guide》，2009",0.331413,UNREVIEWED,candidate_needs_review
10.5,CH10,第十章　新中国设计制度的重组（1949—1978）,宣传视觉与出版系统,25,B0461,book,World History Of Design - Volume 2_ World War I To World War -- Victor Margolin,0.330647,UNREVIEWED,candidate_needs_review
10.5,CH10,第十章　新中国设计制度的重组（1949—1978）,宣传视觉与出版系统,26,B0101,book,David Raizman：《History of Modern Design》,0.326916,UNREVIEWED,candidate_needs_review
10.5,CH10,第十章　新中国设计制度的重组（1949—1978）,宣传视觉与出版系统,27,B0122,book,"Digital Design Theory_ Readings from the Field (Design -- Armstrong, Helen -- De",0.32671,UNREVIEWED,candidate_needs_review
10.5,CH10,第十章　新中国设计制度的重组（1949—1978）,宣传视觉与出版系统,28,B0147,book,Emil Ruder：《Typography - A Manual of Design [ Typographie ]》,0.326622,UNREVIEWED,candidate_needs_review
10.5,CH10,第十章　新中国设计制度的重组（1949—1978）,宣传视觉与出版系统,29,B0182,book,"Hans M. Wingler：《The Bauhaus Weimar, Dessau, Berlin, Chicago》，1969",0.32646,UNREVIEWED,candidate_needs_review
10.5,CH10,第十章　新中国设计制度的重组（1949—1978）,宣传视觉与出版系统,30,B0485,book,曹小鸥：《中国现代设计思想：生活、启蒙、变迁》，2018,0.325804,UNREVIEWED,candidate_needs_review
10.6,CH10,第十章　新中国设计制度的重组（1949—1978）,工艺美术与民族形式,1,B0499,book,"樊进, 龙红：《中国当代设计全集 第4卷 平面类编 图案篇》，2015",0.553718,UNREVIEWED,candidate_needs_review
10.6,CH10,第十章　新中国设计制度的重组（1949—1978）,工艺美术与民族形式,2,B0500,book,沈榆：《观念的演进：中国现代设计史》，2021,0.44242,UNREVIEWED,candidate_needs_review
10.6,CH10,第十章　新中国设计制度的重组（1949—1978）,工艺美术与民族形式,3,B0494,book,杭间：《手艺的思想(修订版)》，2017,0.439614,UNREVIEWED,candidate_needs_review
10.6,CH10,第十章　新中国设计制度的重组（1949—1978）,工艺美术与民族形式,4,B0488,book,"李砚祖, 王春雨：《室内设计史》，2013",0.438388,UNREVIEWED,candidate_needs_review
10.6,CH10,第十章　新中国设计制度的重组（1949—1978）,工艺美术与民族形式,5,B0339,book,"Paul Greenhalgh：《Ephemeral Vistas The Expositions Universelles, Great Exhibition",0.41841,UNREVIEWED,candidate_needs_review
10.6,CH10,第十章　新中国设计制度的重组（1949—1978）,工艺美术与民族形式,6,B0204,book,Jeffrey Auerbach：《The Great Exhibition of 1851 A Nation on Display》,0.414614,UNREVIEWED,candidate_needs_review
10.6,CH10,第十章　新中国设计制度的重组（1949—1978）,工艺美术与民族形式,7,B0486,book,朱和平：《世界现代设计史》，2004,0.396261,UNREVIEWED,candidate_needs_review
10.6,CH10,第十章　新中国设计制度的重组（1949—1978）,工艺美术与民族形式,8,B0156,book,Fiona MacCarthy：《William Morris a life for our time》,0.394736,UNREVIEWED,candidate_needs_review
10.6,CH10,第十章　新中国设计制度的重组（1949—1978）,工艺美术与民族形式,9,B0516,book,"霍维国, 霍光：《中国室内设计史(第2版)》，2015",0.391121,UNREVIEWED,candidate_needs_review
10.6,CH10,第十章　新中国设计制度的重组（1949—1978）,工艺美术与民族形式,10,B0476,book,夏燕靖：《中国艺术设计史(升级版)》，2017,0.390753,UNREVIEWED,candidate_needs_review
10.6,CH10,第十章　新中国设计制度的重组（1949—1978）,工艺美术与民族形式,11,B0514,book,邹德侬：《中国现代建筑史》，2001,0.38945,UNREVIEWED,candidate_needs_review
10.6,CH10,第十章　新中国设计制度的重组（1949—1978）,工艺美术与民族形式,12,B0472,book,周博：《断裂与绵延：中国现代设计史研究》，2019,0.385334,UNREVIEWED,candidate_needs_review
10.6,CH10,第十章　新中国设计制度的重组（1949—1978）,工艺美术与民族形式,13,B0289,book,"Margolin, Victor, World History of Design, Volume 2, 2015",0.382814,UNREVIEWED,candidate_needs_review
10.6,CH10,第十章　新中国设计制度的重组（1949—1978）,工艺美术与民族形式,14,B0148,book,Emmanuel Cooper：《Ten Thousand Years of Pottery》，2000,0.381002,UNREVIEWED,candidate_needs_review
10.6,CH10,第十章　新中国设计制度的重组（1949—1978）,工艺美术与民族形式,15,B0511,book,赵农：《中国艺术设计史》,0.374573,UNREVIEWED,candidate_needs_review
10.6,CH10,第十章　新中国设计制度的重组（1949—1978）,工艺美术与民族形式,16,B0303,book,Mauricio Tenorio-Trillo：《Mexico at the worlds fairs crafting a modern nation》,0.367293,UNREVIEWED,candidate_needs_review
10.6,CH10,第十章　新中国设计制度的重组（1949—1978）,工艺美术与民族形式,17,B0159,book,"Frayling, Christopher：Art and Design：100 Years at the Royal College of Art, 1999",0.363813,UNREVIEWED,candidate_needs_review
10.6,CH10,第十章　新中国设计制度的重组（1949—1978）,工艺美术与民族形式,18,B0450,book,Wendy Kaplan：《The arts crafts movement in Europe America design for the modern world》,0.354463,UNREVIEWED,candidate_needs_review
10.6,CH10,第十章　新中国设计制度的重组（1949—1978）,工艺美术与民族形式,19,B0436,book,Victoria Charles：《Art Deco》,0.352479,UNREVIEWED,candidate_needs_review
10.6,CH10,第十章　新中国设计制度的重组（1949—1978）,工艺美术与民族形式,20,B0485,book,曹小鸥：《中国现代设计思想：生活、启蒙、变迁》，2018,0.345753,UNREVIEWED,candidate_needs_review
10.6,CH10,第十章　新中国设计制度的重组（1949—1978）,工艺美术与民族形式,21,B0102,book,David Raizman：《History of Modern Design》，2023,0.344436,UNREVIEWED,candidate_needs_review
10.6,CH10,第十章　新中国设计制度的重组（1949—1978）,工艺美术与民族形式,22,B0068,book,"Catherine Cooke：《Russian Avant-Garde Theories of Art, Architecture and the City》，1995",0.342397,UNREVIEWED,candidate_needs_review
10.6,CH10,第十章　新中国设计制度的重组（1949—1978）,工艺美术与民族形式,23,B0477,book,夏燕靖：《中国艺术设计史》,0.340839,UNREVIEWED,candidate_needs_review
10.6,CH10,第十章　新中国设计制度的重组（1949—1978）,工艺美术与民族形式,24,B0267,book,"Langdon Winner：《The Whale and the Reactor A Search for Limits in an Age of High Technology, Second Edition》，1986",0.339214,UNREVIEWED,candidate_needs_review
10.6,CH10,第十章　新中国设计制度的重组（1949—1978）,工艺美术与民族形式,25,B0196,book,Isabelle Anscombe：《Arts and Crafts Style》,0.33877,UNREVIEWED,candidate_needs_review
10.6,CH10,第十章　新中国设计制度的重组（1949—1978）,工艺美术与民族形式,26,B0466,book,世界设计史_I_史前至一战,0.336402,UNREVIEWED,candidate_needs_review
10.6,CH10,第十章　新中国设计制度的重组（1949—1978）,工艺美术与民族形式,27,B0005,book,"Adamson, Glenn; Riello, Giorgio; Teasley, Sarah (eds.), Global Design History, 2011",0.335111,UNREVIEWED,candidate_needs_review
10.6,CH10,第十章　新中国设计制度的重组（1949—1978）,工艺美术与民族形式,28,B0327,book,"None：《China design now , None》",0.334177,UNREVIEWED,candidate_needs_review
10.6,CH10,第十章　新中国设计制度的重组（1949—1978）,工艺美术与民族形式,29,B0235,book,Jonathan M. Woodham：《Twentieth Century Design》,0.332402,UNREVIEWED,candidate_needs_review
10.6,CH10,第十章　新中国设计制度的重组（1949—1978）,工艺美术与民族形式,30,B0461,book,World History Of Design - Volume 2_ World War I To World War -- Victor Margolin,0.331597,UNREVIEWED,candidate_needs_review
10.7,CH10,第十章　新中国设计制度的重组（1949—1978）,短缺、政治变动与专业适应,1,B0250,book,"Kate Fletcher, Lynda Grose：《Fashion & Sustainability Design for Change》，2012",0.419072,UNREVIEWED,candidate_needs_review
10.7,CH10,第十章　新中国设计制度的重组（1949—1978）,短缺、政治变动与专业适应,2,B0293,book,Marius B. Jansen：《The Making of Modern Japan》，2000,0.355837,UNREVIEWED,candidate_needs_review
10.7,CH10,第十章　新中国设计制度的重组（1949—1978）,短缺、政治变动与专业适应,3,B0128,book,Donald A. Schön：《The Reflective Practitioner How Professionals Think In Action》,0.351679,UNREVIEWED,candidate_needs_review
10.7,CH10,第十章　新中国设计制度的重组（1949—1978）,短缺、政治变动与专业适应,4,B0129,book,Donald A_ Schon：《The Reflective Practitioner，1983》,0.340923,UNREVIEWED,candidate_needs_review
10.7,CH10,第十章　新中国设计制度的重组（1949—1978）,短缺、政治变动与专业适应,5,B0327,book,"None：《China design now , None》",0.324349,UNREVIEWED,candidate_needs_review
10.7,CH10,第十章　新中国设计制度的重组（1949—1978）,短缺、政治变动与专业适应,6,B0081,book,"Christopher Burke：《Isotype Design and Contexts, 1925-1971》",0.320582,UNREVIEWED,candidate_needs_review
10.7,CH10,第十章　新中国设计制度的重组（1949—1978）,短缺、政治变动与专业适应,7,B0017,book,Alison J. Clarke (ed.)：《Design Anthropology Object Cultures in Transition》,0.306915,UNREVIEWED,candidate_needs_review
10.7,CH10,第十章　新中国设计制度的重组（1949—1978）,短缺、政治变动与专业适应,8,B0219,book,John A. Lent：《Comics Art in China》,0.303752,UNREVIEWED,candidate_needs_review
10.7,CH10,第十章　新中国设计制度的重组（1949—1978）,短缺、政治变动与专业适应,9,B0273,book,"Lees-Maffei, Grace; Houze, Rebecca (eds.)：The Design History Reader, 2010",0.300726,UNREVIEWED,candidate_needs_review
10.7,CH10,第十章　新中国设计制度的重组（1949—1978）,短缺、政治变动与专业适应,10,B0160,book,Fuad-Luke：《The eco-design handbook a complete sourcebook for the home and office》,0.297353,UNREVIEWED,candidate_needs_review
10.7,CH10,第十章　新中国设计制度的重组（1949—1978）,短缺、政治变动与专业适应,11,B0220,book,John Barnicoat：《Posters A Concise History》，1972,0.290983,UNREVIEWED,candidate_needs_review
10.7,CH10,第十章　新中国设计制度的重组（1949—1978）,短缺、政治变动与专业适应,12,B0053,book,Brigitte Borja de Mozota：《Design Management Using Design to Build Brand Value and Corporate Innovation》，2003,0.290314,UNREVIEWED,candidate_needs_review
10.7,CH10,第十章　新中国设计制度的重组（1949—1978）,短缺、政治变动与专业适应,13,B0006,book,"Adburgham, Alison：《Libertys a biography of a shop》",0.285625,UNREVIEWED,candidate_needs_review
10.7,CH10,第十章　新中国设计制度的重组（1949—1978）,短缺、政治变动与专业适应,14,B0230,book,John Thackara：《In the Bubble Designing in a Complex World》，2005,0.28532,UNREVIEWED,candidate_needs_review
10.7,CH10,第十章　新中国设计制度的重组（1949—1978）,短缺、政治变动与专业适应,15,B0512,book,赵江洪：《设计艺术的含义》，1999,0.285053,UNREVIEWED,candidate_needs_review
10.7,CH10,第十章　新中国设计制度的重组（1949—1978）,短缺、政治变动与专业适应,16,B0313,book,Mike Davis：《Late Victorian Holocausts El Nino Famines and the Making of the Third World》,0.283718,UNREVIEWED,candidate_needs_review
10.7,CH10,第十章　新中国设计制度的重组（1949—1978）,短缺、政治变动与专业适应,17,B0069,book,"Catriona Kelly, David Shepherd：《Constructing Russian culture in the age of revolution, 1881-1940》",0.283334,UNREVIEWED,candidate_needs_review
10.7,CH10,第十章　新中国设计制度的重组（1949—1978）,短缺、政治变动与专业适应,18,B0288,book,"Margolin, Victor, World History of Design, Volume 1, 2015",0.2795,UNREVIEWED,candidate_needs_review
10.7,CH10,第十章　新中国设计制度的重组（1949—1978）,短缺、政治变动与专业适应,19,B0079,book,"Christopher A. Reed：《Gutenberg in Shanghai Chinese Print Capitalism, 1876-1937》",0.278645,UNREVIEWED,candidate_needs_review
10.7,CH10,第十章　新中国设计制度的重组（1949—1978）,短缺、政治变动与专业适应,20,B0173,book,Graeme Brooker Sally Stone：《Re-Readings 2 Interior Architecture and the Principl,0.277654,UNREVIEWED,candidate_needs_review
10.7,CH10,第十章　新中国设计制度的重组（1949—1978）,短缺、政治变动与专业适应,21,B0254,book,"Kathryn Best：《Design Management Managing Design Strategy, Process and Implementation》",0.277478,UNREVIEWED,candidate_needs_review
10.7,CH10,第十章　新中国设计制度的重组（1949—1978）,短缺、政治变动与专业适应,22,B0084,book,"Clive Dilnot：《A John Heskett Reader Design, History, Economics》",0.276539,UNREVIEWED,candidate_needs_review
10.7,CH10,第十章　新中国设计制度的重组（1949—1978）,短缺、政治变动与专业适应,23,B0206,book,"Jeffrey L. Meikle：《Twentieth Century Limited Industrial Design in America, 1925-1939》，2001",0.276386,UNREVIEWED,candidate_needs_review
10.7,CH10,第十章　新中国设计制度的重组（1949—1978）,短缺、政治变动与专业适应,24,B0277,book,Lodder：《Russian constructivism》,0.273358,UNREVIEWED,candidate_needs_review
10.7,CH10,第十章　新中国设计制度的重组（1949—1978）,短缺、政治变动与专业适应,25,B0099,book,"David Crowley, Susan E. Reid：《Socialist Spaces Sites of Everyday Life in the Eastern Bloc》，2002",0.272527,UNREVIEWED,candidate_needs_review
10.7,CH10,第十章　新中国设计制度的重组（1949—1978）,短缺、政治变动与专业适应,26,B0010,book,Alain Weill：《The Poster A Worldwide Survey and History》，1985,0.271878,UNREVIEWED,candidate_needs_review
10.7,CH10,第十章　新中国设计制度的重组（1949—1978）,短缺、政治变动与专业适应,27,B0309,book,Michael Twyman：《Lithography》,0.271752,UNREVIEWED,candidate_needs_review
10.7,CH10,第十章　新中国设计制度的重组（1949—1978）,短缺、政治变动与专业适应,28,B0105,book,"Design and Creativity Policy, Management and Practice (Guy Julier Liz Moor (edit",0.271374,UNREVIEWED,candidate_needs_review
10.7,CH10,第十章　新中国设计制度的重组（1949—1978）,短缺、政治变动与专业适应,29,B0075,book,"Charlotte Fiell, Peter Fiell：《Design of the 20th Century》，1999",0.271306,UNREVIEWED,candidate_needs_review
10.7,CH10,第十章　新中国设计制度的重组（1949—1978）,短缺、政治变动与专业适应,30,B0151,book,"Ezio Manzini：《Design, When Everybody Designs An Introduction to Design for Social Innovation》，2015",0.270449,UNREVIEWED,candidate_needs_review
11.1,CH11,第十一章　从反设计到后现代：意义、差异与媒介转向,现代主义危机的社会条件,1,B0143,book,Elizabeth Wilson：《Adorned in Dreams Fashion and Modernity》,0.441145,UNREVIEWED,candidate_needs_review
11.1,CH11,第十一章　从反设计到后现代：意义、差异与媒介转向,现代主义危机的社会条件,2,B0101,book,David Raizman：《History of Modern Design》,0.421365,UNREVIEWED,candidate_needs_review
11.1,CH11,第十一章　从反设计到后现代：意义、差异与媒介转向,现代主义危机的社会条件,3,B0069,book,"Catriona Kelly, David Shepherd：《Constructing Russian culture in the age of revolution, 1881-1940》",0.396004,UNREVIEWED,candidate_needs_review
11.1,CH11,第十一章　从反设计到后现代：意义、差异与媒介转向,现代主义危机的社会条件,4,B0234,book,Jonathan M. Woodham：《Dictionary of Modern Design》,0.393557,UNREVIEWED,candidate_needs_review
11.1,CH11,第十一章　从反设计到后现代：意义、差异与媒介转向,现代主义危机的社会条件,5,B0345,book,Penny Sparke：《An Introduction to Design and Culture 1900 to the Present》,0.390307,UNREVIEWED,candidate_needs_review
11.1,CH11,第十一章　从反设计到后现代：意义、差异与媒介转向,现代主义危机的社会条件,6,B0253,book,Kathryn B Hiesinger：《JAPANESE DESIGN A SURVEY SINCE 1950》,0.389128,UNREVIEWED,candidate_needs_review
11.1,CH11,第十一章　从反设计到后现代：意义、差异与媒介转向,现代主义危机的社会条件,7,B0461,book,World History Of Design - Volume 2_ World War I To World War -- Victor Margolin,0.388734,UNREVIEWED,candidate_needs_review
11.1,CH11,第十一章　从反设计到后现代：意义、差异与媒介转向,现代主义危机的社会条件,8,B0487,book,朱和平：《现代设计史》，2012,0.384559,UNREVIEWED,candidate_needs_review
11.1,CH11,第十一章　从反设计到后现代：意义、差异与媒介转向,现代主义危机的社会条件,9,B0075,book,"Charlotte Fiell, Peter Fiell：《Design of the 20th Century》，1999",0.383658,UNREVIEWED,candidate_needs_review
11.1,CH11,第十一章　从反设计到后现代：意义、差异与媒介转向,现代主义危机的社会条件,10,B0398,book,"Sparke, Penny, An Introduction to Design and Culture, 1986",0.382919,UNREVIEWED,candidate_needs_review
11.1,CH11,第十一章　从反设计到后现代：意义、差异与媒介转向,现代主义危机的社会条件,11,B0400,book,"Sparke, Penny：《An introduction to design and culture 1900 to the present》",0.382195,UNREVIEWED,candidate_needs_review
11.1,CH11,第十一章　从反设计到后现代：意义、差异与媒介转向,现代主义危机的社会条件,12,B0009,book,Alain Weill：《Graphic Design A History》，2004,0.381174,UNREVIEWED,candidate_needs_review
11.1,CH11,第十一章　从反设计到后现代：意义、差异与媒介转向,现代主义危机的社会条件,13,B0401,book,Sparke：《An introduction to design and culture _ 1900 to the present，2020》,0.380236,UNREVIEWED,candidate_needs_review
11.1,CH11,第十一章　从反设计到后现代：意义、差异与媒介转向,现代主义危机的社会条件,14,B0313,book,Mike Davis：《Late Victorian Holocausts El Nino Famines and the Making of the Third World》,0.380056,UNREVIEWED,candidate_needs_review
11.1,CH11,第十一章　从反设计到后现代：意义、差异与媒介转向,现代主义危机的社会条件,15,B0468,book,何人可：《工业设计史(第四版)》，2010,0.376639,UNREVIEWED,candidate_needs_review
11.1,CH11,第十一章　从反设计到后现代：意义、差异与媒介转向,现代主义危机的社会条件,16,B0419,book,"The designed world _ images, objects, environments -- Buchanan, Richard (editor)",0.372797,UNREVIEWED,candidate_needs_review
11.1,CH11,第十一章　从反设计到后现代：意义、差异与媒介转向,现代主义危机的社会条件,17,B0100,book,David Crowley：《Warsaw》,0.372789,UNREVIEWED,candidate_needs_review
11.1,CH11,第十一章　从反设计到后现代：意义、差异与媒介转向,现代主义危机的社会条件,18,B0415,book,"Thackara, John (ed.), Design After Modernism, 1988",0.372708,UNREVIEWED,candidate_needs_review
11.1,CH11,第十一章　从反设计到后现代：意义、差异与媒介转向,现代主义危机的社会条件,19,B0297,book,Mary Warner Marien：《Photography A Cultural History》,0.371252,UNREVIEWED,candidate_needs_review
11.1,CH11,第十一章　从反设计到后现代：意义、差异与媒介转向,现代主义危机的社会条件,20,B0327,book,"None：《China design now , None》",0.369201,UNREVIEWED,candidate_needs_review
11.1,CH11,第十一章　从反设计到后现代：意义、差异与媒介转向,现代主义危机的社会条件,21,B0180,book,Guy Julier：《The Culture of Design》，2000,0.364917,UNREVIEWED,candidate_needs_review
11.1,CH11,第十一章　从反设计到后现代：意义、差异与媒介转向,现代主义危机的社会条件,22,B0344,book,Penny Sparke：《A century of design design pioneers of the 20th century》,0.363081,UNREVIEWED,candidate_needs_review
11.1,CH11,第十一章　从反设计到后现代：意义、差异与媒介转向,现代主义危机的社会条件,23,B0337,book,Paul Greenhalgh (ed.)：《Modernism in Design》，1990,0.361051,UNREVIEWED,candidate_needs_review
11.1,CH11,第十一章　从反设计到后现代：意义、差异与媒介转向,现代主义危机的社会条件,24,B0221,book,John Clifford：《Graphic Icons Visionaries Who Shaped Modern Graphic Design》，2014,0.360611,UNREVIEWED,candidate_needs_review
11.1,CH11,第十一章　从反设计到后现代：意义、差异与媒介转向,现代主义危机的社会条件,25,B0102,book,David Raizman：《History of Modern Design》，2023,0.35859,UNREVIEWED,candidate_needs_review
11.1,CH11,第十一章　从反设计到后现代：意义、差异与媒介转向,现代主义危机的社会条件,26,B0331,book,Otl Aicher：《The World as Design》，1991,0.358097,UNREVIEWED,candidate_needs_review
11.1,CH11,第十一章　从反设计到后现代：意义、差异与媒介转向,现代主义危机的社会条件,27,B0394,book,Sharon Zukin：《Landscapes of Power From Detroit to Disney World》,0.35788,UNREVIEWED,candidate_needs_review
11.1,CH11,第十一章　从反设计到后现代：意义、差异与媒介转向,现代主义危机的社会条件,28,B0025,book,"Anthony Dunne：《Hertzian Tales Electronic Products, Aesthetic Experience, and Critical Design》，2005",0.354718,UNREVIEWED,candidate_needs_review
11.1,CH11,第十一章　从反设计到后现代：意义、差异与媒介转向,现代主义危机的社会条件,29,B0431,book,Vance Packard：《The Waste Makers》，1960,0.354572,UNREVIEWED,candidate_needs_review
11.1,CH11,第十一章　从反设计到后现代：意义、差异与媒介转向,现代主义危机的社会条件,30,P0034,paper,Horst W. J. Rittel; Melvin M. Webber：《Dilemmas in a General Theory of Planning》,0.354046,UNREVIEWED,candidate_needs_review
11.2,CH11,第十一章　从反设计到后现代：意义、差异与媒介转向,波普与日常商品,1,B0345,book,Penny Sparke：《An Introduction to Design and Culture 1900 to the Present》,0.416312,UNREVIEWED,candidate_needs_review
11.2,CH11,第十一章　从反设计到后现代：意义、差异与媒介转向,波普与日常商品,2,B0498,book,梁梅：《世界现代设计史》，2013,0.389822,UNREVIEWED,candidate_needs_review
11.2,CH11,第十一章　从反设计到后现代：意义、差异与媒介转向,波普与日常商品,3,B0368,book,Rick Poynor：《No More Rules Graphic Design and Postmodernism》,0.380144,UNREVIEWED,candidate_needs_review
11.2,CH11,第十一章　从反设计到后现代：意义、差异与媒介转向,波普与日常商品,4,B0102,book,David Raizman：《History of Modern Design》，2023,0.377582,UNREVIEWED,candidate_needs_review
11.2,CH11,第十一章　从反设计到后现代：意义、差异与媒介转向,波普与日常商品,5,B0144,book,"Ellen Lupton, J. Abbott Miller：《Design Writing Research Writing on Graphic Design》，1996",0.368426,UNREVIEWED,candidate_needs_review
11.2,CH11,第十一章　从反设计到后现代：意义、差异与媒介转向,波普与日常商品,6,B0221,book,John Clifford：《Graphic Icons Visionaries Who Shaped Modern Graphic Design》，2014,0.366985,UNREVIEWED,candidate_needs_review
11.2,CH11,第十一章　从反设计到后现代：意义、差异与媒介转向,波普与日常商品,7,B0202,book,Jean Baudrillard：《The Consumer Society Myths and Structures》，1970,0.359833,UNREVIEWED,candidate_needs_review
11.2,CH11,第十一章　从反设计到后现代：意义、差异与媒介转向,波普与日常商品,8,B0075,book,"Charlotte Fiell, Peter Fiell：《Design of the 20th Century》，1999",0.353842,UNREVIEWED,candidate_needs_review
11.2,CH11,第十一章　从反设计到后现代：意义、差异与媒介转向,波普与日常商品,9,B0101,book,David Raizman：《History of Modern Design》,0.338648,UNREVIEWED,candidate_needs_review
11.2,CH11,第十一章　从反设计到后现代：意义、差异与媒介转向,波普与日常商品,10,B0242,book,Julier：《The culture of design，2018》,0.333036,UNREVIEWED,candidate_needs_review
11.2,CH11,第十一章　从反设计到后现代：意义、差异与媒介转向,波普与日常商品,11,B0260,book,Kenya Hara：《Designing Design》，2007,0.332196,UNREVIEWED,candidate_needs_review
11.2,CH11,第十一章　从反设计到后现代：意义、差异与媒介转向,波普与日常商品,12,B0159,book,"Frayling, Christopher：Art and Design：100 Years at the Royal College of Art, 1999",0.331421,UNREVIEWED,candidate_needs_review
11.2,CH11,第十一章　从反设计到后现代：意义、差异与媒介转向,波普与日常商品,13,P0062,paper,"Susan E. Reid：《Repenser le Dégel： Versions du socialisme, influences internationales et société soviétique》，2005",0.328119,UNREVIEWED,candidate_needs_review
11.2,CH11,第十一章　从反设计到后现代：意义、差异与媒介转向,波普与日常商品,14,B0009,book,Alain Weill：《Graphic Design A History》，2004,0.327957,UNREVIEWED,candidate_needs_review
11.2,CH11,第十一章　从反设计到后现代：意义、差异与媒介转向,波普与日常商品,15,B0509,book,英彭妮·斯帕克(Penny Sparke)：《唯有粉红 审美品位的性别政治学》,0.327085,UNREVIEWED,candidate_needs_review
11.2,CH11,第十一章　从反设计到后现代：意义、差异与媒介转向,波普与日常商品,16,B0180,book,Guy Julier：《The Culture of Design》，2000,0.326777,UNREVIEWED,candidate_needs_review
11.2,CH11,第十一章　从反设计到后现代：意义、差异与媒介转向,波普与日常商品,17,B0197,book,"James H. Fraser, Steven Heller：《Japanese Modern Graphic Design Between the Wars》，1996",0.326103,UNREVIEWED,candidate_needs_review
11.2,CH11,第十一章　从反设计到后现代：意义、差异与媒介转向,波普与日常商品,18,B0214,book,"Johanna Drucker, Emily McVarish：《Graphic Design History A Critical Guide》，2009",0.314005,UNREVIEWED,candidate_needs_review
11.2,CH11,第十一章　从反设计到后现代：意义、差异与媒介转向,波普与日常商品,19,B0234,book,Jonathan M. Woodham：《Dictionary of Modern Design》,0.313365,UNREVIEWED,candidate_needs_review
11.2,CH11,第十一章　从反设计到后现代：意义、差异与媒介转向,波普与日常商品,20,B0074,book,"Charlotte Fiell, Peter Fiell：《1000 Chairs》",0.31093,UNREVIEWED,candidate_needs_review
11.2,CH11,第十一章　从反设计到后现代：意义、差异与媒介转向,波普与日常商品,21,B0401,book,Sparke：《An introduction to design and culture _ 1900 to the present，2020》,0.309851,UNREVIEWED,candidate_needs_review
11.2,CH11,第十一章　从反设计到后现代：意义、差异与媒介转向,波普与日常商品,22,B0052,book,"Briggs, Asa：《Victorian things》",0.307037,UNREVIEWED,candidate_needs_review
11.2,CH11,第十一章　从反设计到后现代：意义、差异与媒介转向,波普与日常商品,23,B0295,book,Marshall McLuhan：《The Gutenberg Galaxy The Making of Typographic Man》,0.304776,UNREVIEWED,candidate_needs_review
11.2,CH11,第十一章　从反设计到后现代：意义、差异与媒介转向,波普与日常商品,24,B0490,book,李砚祖：《外国设计艺术经典论著选读(下)》，2004,0.301628,UNREVIEWED,candidate_needs_review
11.2,CH11,第十一章　从反设计到后现代：意义、差异与媒介转向,波普与日常商品,25,B0199,book,James：《Picture this World War I posters and visual culture》,0.296856,UNREVIEWED,candidate_needs_review
11.2,CH11,第十一章　从反设计到后现代：意义、差异与媒介转向,波普与日常商品,26,B0321,book,Müller：《Helvetica homage to a typeface》,0.294287,UNREVIEWED,candidate_needs_review
11.2,CH11,第十一章　从反设计到后现代：意义、差异与媒介转向,波普与日常商品,27,B0115,book,"Design, History and Time _ New Temporalities in a Digital -- Hendon, Zoë (editor",0.291548,UNREVIEWED,candidate_needs_review
11.2,CH11,第十一章　从反设计到后现代：意义、差异与媒介转向,波普与日常商品,28,B0005,book,"Adamson, Glenn; Riello, Giorgio; Teasley, Sarah (eds.), Global Design History, 2011",0.291432,UNREVIEWED,candidate_needs_review
11.2,CH11,第十一章　从反设计到后现代：意义、差异与媒介转向,波普与日常商品,29,B0346,book,Penny Sparke：《Italian Design 1870 to the Present》，1988,0.291431,UNREVIEWED,candidate_needs_review
11.2,CH11,第十一章　从反设计到后现代：意义、差异与媒介转向,波普与日常商品,30,B0235,book,Jonathan M. Woodham：《Twentieth Century Design》,0.291416,UNREVIEWED,candidate_needs_review
11.3,CH11,第十一章　从反设计到后现代：意义、差异与媒介转向,意大利激进设计与反设计,1,B0075,book,"Charlotte Fiell, Peter Fiell：《Design of the 20th Century》，1999",0.533711,UNREVIEWED,candidate_needs_review
11.3,CH11,第十一章　从反设计到后现代：意义、差异与媒介转向,意大利激进设计与反设计,2,B0345,book,Penny Sparke：《An Introduction to Design and Culture 1900 to the Present》,0.520327,UNREVIEWED,candidate_needs_review
11.3,CH11,第十一章　从反设计到后现代：意义、差异与媒介转向,意大利激进设计与反设计,3,B0498,book,梁梅：《世界现代设计史》，2013,0.500204,UNREVIEWED,candidate_needs_review
11.3,CH11,第十一章　从反设计到后现代：意义、差异与媒介转向,意大利激进设计与反设计,4,B0490,book,李砚祖：《外国设计艺术经典论著选读(下)》，2004,0.497816,UNREVIEWED,candidate_needs_review
11.3,CH11,第十一章　从反设计到后现代：意义、差异与媒介转向,意大利激进设计与反设计,5,B0101,book,David Raizman：《History of Modern Design》,0.493133,UNREVIEWED,candidate_needs_review
11.3,CH11,第十一章　从反设计到后现代：意义、差异与媒介转向,意大利激进设计与反设计,6,B0024,book,"Anthony Dunne, Fiona Raby：《Speculative Everything Design, Fiction, and Social Dreaming》，2013",0.487221,UNREVIEWED,candidate_needs_review
11.3,CH11,第十一章　从反设计到后现代：意义、差异与媒介转向,意大利激进设计与反设计,7,B0301,book,"Matt Malpass：《Critical Design in Context History, Theory, and Practices》",0.476511,UNREVIEWED,candidate_needs_review
11.3,CH11,第十一章　从反设计到后现代：意义、差异与媒介转向,意大利激进设计与反设计,8,B0235,book,Jonathan M. Woodham：《Twentieth Century Design》,0.474413,UNREVIEWED,candidate_needs_review
11.3,CH11,第十一章　从反设计到后现代：意义、差异与媒介转向,意大利激进设计与反设计,9,B0482,book,张夫也：《外国现代设计史》，2009,0.469408,UNREVIEWED,candidate_needs_review
11.3,CH11,第十一章　从反设计到后现代：意义、差异与媒介转向,意大利激进设计与反设计,10,B0401,book,Sparke：《An introduction to design and culture _ 1900 to the present，2020》,0.463073,UNREVIEWED,candidate_needs_review
11.3,CH11,第十一章　从反设计到后现代：意义、差异与媒介转向,意大利激进设计与反设计,11,B0017,book,Alison J. Clarke (ed.)：《Design Anthropology Object Cultures in Transition》,0.451464,UNREVIEWED,candidate_needs_review
11.3,CH11,第十一章　从反设计到后现代：意义、差异与媒介转向,意大利激进设计与反设计,12,B0398,book,"Sparke, Penny, An Introduction to Design and Culture, 1986",0.446602,UNREVIEWED,candidate_needs_review
11.3,CH11,第十一章　从反设计到后现代：意义、差异与媒介转向,意大利激进设计与反设计,13,B0503,book,王受之：《世界现代设计史》，2015,0.445029,UNREVIEWED,candidate_needs_review
11.3,CH11,第十一章　从反设计到后现代：意义、差异与媒介转向,意大利激进设计与反设计,14,B0108,book,"Design discourse _ history, theory, criticism -- Margolin, Victor, 1941- -- Chic",0.443185,UNREVIEWED,candidate_needs_review
11.3,CH11,第十一章　从反设计到后现代：意义、差异与媒介转向,意大利激进设计与反设计,15,B0058,book,"Buchanan, Richard; Margolin, Victor (eds.), Discovering Design, 1995",0.44268,UNREVIEWED,candidate_needs_review
11.3,CH11,第十一章　从反设计到后现代：意义、差异与媒介转向,意大利激进设计与反设计,16,B0022,book,Anne Massey：《Interior Design of the 20th Century》，1990,0.442007,UNREVIEWED,candidate_needs_review
11.3,CH11,第十一章　从反设计到后现代：意义、差异与媒介转向,意大利激进设计与反设计,17,B0513,book,邵宏：《西方设计：一部为生活制作艺术的历史》，2010,0.441575,UNREVIEWED,candidate_needs_review
11.3,CH11,第十一章　从反设计到后现代：意义、差异与媒介转向,意大利激进设计与反设计,18,B0180,book,Guy Julier：《The Culture of Design》，2000,0.439409,UNREVIEWED,candidate_needs_review
11.3,CH11,第十一章　从反设计到后现代：意义、差异与媒介转向,意大利激进设计与反设计,19,B0025,book,"Anthony Dunne：《Hertzian Tales Electronic Products, Aesthetic Experience, and Critical Design》，2005",0.436704,UNREVIEWED,candidate_needs_review
11.3,CH11,第十一章　从反设计到后现代：意义、差异与媒介转向,意大利激进设计与反设计,20,B0486,book,朱和平：《世界现代设计史》，2004,0.435363,UNREVIEWED,candidate_needs_review
11.3,CH11,第十一章　从反设计到后现代：意义、差异与媒介转向,意大利激进设计与反设计,21,B0238,book,Judith Gura：《Postmodern Design Complete》，2017,0.434134,UNREVIEWED,candidate_needs_review
11.3,CH11,第十一章　从反设计到后现代：意义、差异与媒介转向,意大利激进设计与反设计,22,B0400,book,"Sparke, Penny：《An introduction to design and culture 1900 to the present》",0.43041,UNREVIEWED,candidate_needs_review
11.3,CH11,第十一章　从反设计到后现代：意义、差异与媒介转向,意大利激进设计与反设计,23,B0512,book,赵江洪：《设计艺术的含义》，1999,0.41336,UNREVIEWED,candidate_needs_review
11.3,CH11,第十一章　从反设计到后现代：意义、差异与媒介转向,意大利激进设计与反设计,24,B0487,book,朱和平：《现代设计史》，2012,0.412314,UNREVIEWED,candidate_needs_review
11.3,CH11,第十一章　从反设计到后现代：意义、差异与媒介转向,意大利激进设计与反设计,25,B0053,book,Brigitte Borja de Mozota：《Design Management Using Design to Build Brand Value and Corporate Innovation》，2003,0.412091,UNREVIEWED,candidate_needs_review
11.3,CH11,第十一章　从反设计到后现代：意义、差异与媒介转向,意大利激进设计与反设计,26,B0478,book,大卫·瑞兹曼 (David Raizman)：《现代设计史（第2版）》，2013,0.40231,UNREVIEWED,candidate_needs_review
11.3,CH11,第十一章　从反设计到后现代：意义、差异与媒介转向,意大利激进设计与反设计,27,B0346,book,Penny Sparke：《Italian Design 1870 to the Present》，1988,0.402183,UNREVIEWED,candidate_needs_review
11.3,CH11,第十一章　从反设计到后现代：意义、差异与媒介转向,意大利激进设计与反设计,28,B0023,book,"Anthony Dunne, Fiona Raby：《Design Noir The Secret Life of Electronic Objects》",0.401227,UNREVIEWED,candidate_needs_review
11.3,CH11,第十一章　从反设计到后现代：意义、差异与媒介转向,意大利激进设计与反设计,29,B0500,book,沈榆：《观念的演进：中国现代设计史》，2021,0.400403,UNREVIEWED,candidate_needs_review
11.3,CH11,第十一章　从反设计到后现代：意义、差异与媒介转向,意大利激进设计与反设计,30,B0119,book,"Deyan Sudjic：《B is for Bauhaus, Y is for YouTube Designing the Modern World from A to Z》",0.394871,UNREVIEWED,candidate_needs_review
11.4,CH11,第十一章　从反设计到后现代：意义、差异与媒介转向,建筑的复杂、矛盾与符号,1,B0288,book,"Margolin, Victor, World History of Design, Volume 1, 2015",0.472425,UNREVIEWED,candidate_needs_review
11.4,CH11,第十一章　从反设计到后现代：意义、差异与媒介转向,建筑的复杂、矛盾与符号,2,B0101,book,David Raizman：《History of Modern Design》,0.435004,UNREVIEWED,candidate_needs_review
11.4,CH11,第十一章　从反设计到后现代：意义、差异与媒介转向,建筑的复杂、矛盾与符号,3,B0044,book,Bevis Hillier：《Art Deco of the 20s and 30s》,0.432759,UNREVIEWED,candidate_needs_review
11.4,CH11,第十一章　从反设计到后现代：意义、差异与媒介转向,建筑的复杂、矛盾与符号,4,B0135,book,"Edgar Kaufmann, Jr：《Nineteenth-Century Design》",0.411539,UNREVIEWED,candidate_needs_review
11.4,CH11,第十一章　从反设计到后现代：意义、差异与媒介转向,建筑的复杂、矛盾与符号,5,B0022,book,Anne Massey：《Interior Design of the 20th Century》，1990,0.407346,UNREVIEWED,candidate_needs_review
11.4,CH11,第十一章　从反设计到后现代：意义、差异与媒介转向,建筑的复杂、矛盾与符号,6,B0273,book,"Lees-Maffei, Grace; Houze, Rebecca (eds.)：The Design History Reader, 2010",0.403257,UNREVIEWED,candidate_needs_review
11.4,CH11,第十一章　从反设计到后现代：意义、差异与媒介转向,建筑的复杂、矛盾与符号,7,B0058,book,"Buchanan, Richard; Margolin, Victor (eds.), Discovering Design, 1995",0.402732,UNREVIEWED,candidate_needs_review
11.4,CH11,第十一章　从反设计到后现代：意义、差异与媒介转向,建筑的复杂、矛盾与符号,8,B0258,book,Kenneth Frampton：《Modern Architecture A Critical History》，1980,0.398323,UNREVIEWED,candidate_needs_review
11.4,CH11,第十一章　从反设计到后现代：意义、差异与媒介转向,建筑的复杂、矛盾与符号,9,B0075,book,"Charlotte Fiell, Peter Fiell：《Design of the 20th Century》，1999",0.397966,UNREVIEWED,candidate_needs_review
11.4,CH11,第十一章　从反设计到后现代：意义、差异与媒介转向,建筑的复杂、矛盾与符号,10,B0221,book,John Clifford：《Graphic Icons Visionaries Who Shaped Modern Graphic Design》，2014,0.395011,UNREVIEWED,candidate_needs_review
11.4,CH11,第十一章　从反设计到后现代：意义、差异与媒介转向,建筑的复杂、矛盾与符号,11,B0415,book,"Thackara, John (ed.), Design After Modernism, 1988",0.389111,UNREVIEWED,candidate_needs_review
11.4,CH11,第十一章　从反设计到后现代：意义、差异与媒介转向,建筑的复杂、矛盾与符号,12,B0327,book,"None：《China design now , None》",0.388315,UNREVIEWED,candidate_needs_review
11.4,CH11,第十一章　从反设计到后现代：意义、差异与媒介转向,建筑的复杂、矛盾与符号,13,B0119,book,"Deyan Sudjic：《B is for Bauhaus, Y is for YouTube Designing the Modern World from A to Z》",0.386838,UNREVIEWED,candidate_needs_review
11.4,CH11,第十一章　从反设计到后现代：意义、差异与媒介转向,建筑的复杂、矛盾与符号,14,B0238,book,Judith Gura：《Postmodern Design Complete》，2017,0.384708,UNREVIEWED,candidate_needs_review
11.4,CH11,第十一章　从反设计到后现代：意义、差异与媒介转向,建筑的复杂、矛盾与符号,15,B0401,book,Sparke：《An introduction to design and culture _ 1900 to the present，2020》,0.383897,UNREVIEWED,candidate_needs_review
11.4,CH11,第十一章　从反设计到后现代：意义、差异与媒介转向,建筑的复杂、矛盾与符号,16,B0306,book,"Meggs, Philip B.; Purvis, Alston W.：Meggs' History of Graphic Design, 2016",0.381261,UNREVIEWED,candidate_needs_review
11.4,CH11,第十一章　从反设计到后现代：意义、差异与媒介转向,建筑的复杂、矛盾与符号,17,B0115,book,"Design, History and Time _ New Temporalities in a Digital -- Hendon, Zoë (editor",0.38111,UNREVIEWED,candidate_needs_review
11.4,CH11,第十一章　从反设计到后现代：意义、差异与媒介转向,建筑的复杂、矛盾与符号,18,B0108,book,"Design discourse _ history, theory, criticism -- Margolin, Victor, 1941- -- Chic",0.380975,UNREVIEWED,candidate_needs_review
11.4,CH11,第十一章　从反设计到后现代：意义、差异与媒介转向,建筑的复杂、矛盾与符号,19,B0032,book,"Arturo Escobar：《Designs for the Pluriverse Radical Interdependence, Autonomy, and the Making of Worlds》，2018",0.377099,UNREVIEWED,candidate_needs_review
11.4,CH11,第十一章　从反设计到后现代：意义、差异与媒介转向,建筑的复杂、矛盾与符号,20,B0214,book,"Johanna Drucker, Emily McVarish：《Graphic Design History A Critical Guide》，2009",0.375106,UNREVIEWED,candidate_needs_review
11.4,CH11,第十一章　从反设计到后现代：意义、差异与媒介转向,建筑的复杂、矛盾与符号,21,B0325,book,Nikolaus Pevsner：《Pioneers of modern design from William Morris to Walter Gropius》,0.375033,UNREVIEWED,candidate_needs_review
11.4,CH11,第十一章　从反设计到后现代：意义、差异与媒介转向,建筑的复杂、矛盾与符号,22,B0144,book,"Ellen Lupton, J. Abbott Miller：《Design Writing Research Writing on Graphic Design》，1996",0.3731,UNREVIEWED,candidate_needs_review
11.4,CH11,第十一章　从反设计到后现代：意义、差异与媒介转向,建筑的复杂、矛盾与符号,23,B0241,book,Juhani Pallasmaa：《The Eyes of the Skin Architecture and the Senses》，1996,0.372874,UNREVIEWED,candidate_needs_review
11.4,CH11,第十一章　从反设计到后现代：意义、差异与媒介转向,建筑的复杂、矛盾与符号,24,B0320,book,"Muthesius, Hermann：The English House, 1979",0.371461,UNREVIEWED,candidate_needs_review
11.4,CH11,第十一章　从反设计到后现代：意义、差异与媒介转向,建筑的复杂、矛盾与符号,25,B0292,book,Margolin：《World history of design》,0.369687,UNREVIEWED,candidate_needs_review
11.4,CH11,第十一章　从反设计到后现代：意义、差异与媒介转向,建筑的复杂、矛盾与符号,26,B0234,book,Jonathan M. Woodham：《Dictionary of Modern Design》,0.368816,UNREVIEWED,candidate_needs_review
11.4,CH11,第十一章　从反设计到后现代：意义、差异与媒介转向,建筑的复杂、矛盾与符号,27,B0180,book,Guy Julier：《The Culture of Design》，2000,0.367651,UNREVIEWED,candidate_needs_review
11.4,CH11,第十一章　从反设计到后现代：意义、差异与媒介转向,建筑的复杂、矛盾与符号,28,B0136,book,Edward R. Tufte：《The Visual Display of Quantitative Information》，1983,0.365392,UNREVIEWED,candidate_needs_review
11.4,CH11,第十一章　从反设计到后现代：意义、差异与媒介转向,建筑的复杂、矛盾与符号,29,B0236,book,Joost Baljeu：《Theo van Doesburg》，1974,0.36334,UNREVIEWED,candidate_needs_review
11.4,CH11,第十一章　从反设计到后现代：意义、差异与媒介转向,建筑的复杂、矛盾与符号,30,B0315,book,"Miller, Daniel：Material Culture and Mass Consumption, 1987",0.36005,UNREVIEWED,candidate_needs_review
11.5,CH11,第十一章　从反设计到后现代：意义、差异与媒介转向,孟菲斯及对象的叙事化,1,B0075,book,"Charlotte Fiell, Peter Fiell：《Design of the 20th Century》，1999",0.517727,UNREVIEWED,candidate_needs_review
11.5,CH11,第十一章　从反设计到后现代：意义、差异与媒介转向,孟菲斯及对象的叙事化,2,B0101,book,David Raizman：《History of Modern Design》,0.481458,UNREVIEWED,candidate_needs_review
11.5,CH11,第十一章　从反设计到后现代：意义、差异与媒介转向,孟菲斯及对象的叙事化,3,B0242,book,Julier：《The culture of design，2018》,0.477372,UNREVIEWED,candidate_needs_review
11.5,CH11,第十一章　从反设计到后现代：意义、差异与媒介转向,孟菲斯及对象的叙事化,4,B0478,book,大卫·瑞兹曼 (David Raizman)：《现代设计史（第2版）》，2013,0.447403,UNREVIEWED,candidate_needs_review
11.5,CH11,第十一章　从反设计到后现代：意义、差异与媒介转向,孟菲斯及对象的叙事化,5,B0503,book,王受之：《世界现代设计史》，2015,0.443414,UNREVIEWED,candidate_needs_review
11.5,CH11,第十一章　从反设计到后现代：意义、差异与媒介转向,孟菲斯及对象的叙事化,6,B0482,book,张夫也：《外国现代设计史》，2009,0.441493,UNREVIEWED,candidate_needs_review
11.5,CH11,第十一章　从反设计到后现代：意义、差异与媒介转向,孟菲斯及对象的叙事化,7,B0486,book,朱和平：《世界现代设计史》，2004,0.428797,UNREVIEWED,candidate_needs_review
11.5,CH11,第十一章　从反设计到后现代：意义、差异与媒介转向,孟菲斯及对象的叙事化,8,B0504,book,"王树良, 张玉花：《现代设计史(白金版)》，2010",0.411668,UNREVIEWED,candidate_needs_review
11.5,CH11,第十一章　从反设计到后现代：意义、差异与媒介转向,孟菲斯及对象的叙事化,9,B0513,book,邵宏：《西方设计：一部为生活制作艺术的历史》，2010,0.411641,UNREVIEWED,candidate_needs_review
11.5,CH11,第十一章　从反设计到后现代：意义、差异与媒介转向,孟菲斯及对象的叙事化,10,B0470,book,"史蒂文·海勒, 西摩·切瓦斯特：《平面设计200年》，2018",0.408414,UNREVIEWED,candidate_needs_review
11.5,CH11,第十一章　从反设计到后现代：意义、差异与媒介转向,孟菲斯及对象的叙事化,11,B0490,book,李砚祖：《外国设计艺术经典论著选读(下)》，2004,0.405817,UNREVIEWED,candidate_needs_review
11.5,CH11,第十一章　从反设计到后现代：意义、差异与媒介转向,孟菲斯及对象的叙事化,12,B0102,book,David Raizman：《History of Modern Design》，2023,0.402707,UNREVIEWED,candidate_needs_review
11.5,CH11,第十一章　从反设计到后现代：意义、差异与媒介转向,孟菲斯及对象的叙事化,13,B0238,book,Judith Gura：《Postmodern Design Complete》，2017,0.396862,UNREVIEWED,candidate_needs_review
11.5,CH11,第十一章　从反设计到后现代：意义、差异与媒介转向,孟菲斯及对象的叙事化,14,B0498,book,梁梅：《世界现代设计史》，2013,0.396803,UNREVIEWED,candidate_needs_review
11.5,CH11,第十一章　从反设计到后现代：意义、差异与媒介转向,孟菲斯及对象的叙事化,15,B0345,book,Penny Sparke：《An Introduction to Design and Culture 1900 to the Present》,0.388248,UNREVIEWED,candidate_needs_review
11.5,CH11,第十一章　从反设计到后现代：意义、差异与媒介转向,孟菲斯及对象的叙事化,16,B0022,book,Anne Massey：《Interior Design of the 20th Century》，1990,0.38457,UNREVIEWED,candidate_needs_review
11.5,CH11,第十一章　从反设计到后现代：意义、差异与媒介转向,孟菲斯及对象的叙事化,17,B0180,book,Guy Julier：《The Culture of Design》，2000,0.384532,UNREVIEWED,candidate_needs_review
11.5,CH11,第十一章　从反设计到后现代：意义、差异与媒介转向,孟菲斯及对象的叙事化,18,B0295,book,Marshall McLuhan：《The Gutenberg Galaxy The Making of Typographic Man》,0.380011,UNREVIEWED,candidate_needs_review
11.5,CH11,第十一章　从反设计到后现代：意义、差异与媒介转向,孟菲斯及对象的叙事化,19,B0368,book,Rick Poynor：《No More Rules Graphic Design and Postmodernism》,0.377718,UNREVIEWED,candidate_needs_review
11.5,CH11,第十一章　从反设计到后现代：意义、差异与媒介转向,孟菲斯及对象的叙事化,20,B0495,book,杭间：《设计道：中国设计的基本问题》，2008,0.373363,UNREVIEWED,candidate_needs_review
11.5,CH11,第十一章　从反设计到后现代：意义、差异与媒介转向,孟菲斯及对象的叙事化,21,B0040,book,"Beckert, Sven：Empire of Cotton：A Global History, 2014",0.372212,UNREVIEWED,candidate_needs_review
11.5,CH11,第十一章　从反设计到后现代：意义、差异与媒介转向,孟菲斯及对象的叙事化,22,B0193,book,"Hugh Honour, John Fleming：《A World History of Art》",0.372011,UNREVIEWED,candidate_needs_review
11.5,CH11,第十一章　从反设计到后现代：意义、差异与媒介转向,孟菲斯及对象的叙事化,23,B0023,book,"Anthony Dunne, Fiona Raby：《Design Noir The Secret Life of Electronic Objects》",0.371641,UNREVIEWED,candidate_needs_review
11.5,CH11,第十一章　从反设计到后现代：意义、差异与媒介转向,孟菲斯及对象的叙事化,24,B0306,book,"Meggs, Philip B.; Purvis, Alston W.：Meggs' History of Graphic Design, 2016",0.370995,UNREVIEWED,candidate_needs_review
11.5,CH11,第十一章　从反设计到后现代：意义、差异与媒介转向,孟菲斯及对象的叙事化,25,B0230,book,John Thackara：《In the Bubble Designing in a Complex World》，2005,0.370949,UNREVIEWED,candidate_needs_review
11.5,CH11,第十一章　从反设计到后现代：意义、差异与媒介转向,孟菲斯及对象的叙事化,26,B0074,book,"Charlotte Fiell, Peter Fiell：《1000 Chairs》",0.370581,UNREVIEWED,candidate_needs_review
11.5,CH11,第十一章　从反设计到后现代：意义、差异与媒介转向,孟菲斯及对象的叙事化,27,B0508,book,"胡天璇, 曾山, 王庆：《外国近现代设计史》，2012",0.370173,UNREVIEWED,candidate_needs_review
11.5,CH11,第十一章　从反设计到后现代：意义、差异与媒介转向,孟菲斯及对象的叙事化,28,B0065,book,Carl DiSalvo：《Adversarial Design》,0.369168,UNREVIEWED,candidate_needs_review
11.5,CH11,第十一章　从反设计到后现代：意义、差异与媒介转向,孟菲斯及对象的叙事化,29,B0108,book,"Design discourse _ history, theory, criticism -- Margolin, Victor, 1941- -- Chic",0.367869,UNREVIEWED,candidate_needs_review
11.5,CH11,第十一章　从反设计到后现代：意义、差异与媒介转向,孟菲斯及对象的叙事化,30,B0235,book,Jonathan M. Woodham：《Twentieth Century Design》,0.367646,UNREVIEWED,candidate_needs_review
11.6,CH11,第十一章　从反设计到后现代：意义、差异与媒介转向,朋克、自出版与亚文化图形,1,B0193,book,"Hugh Honour, John Fleming：《A World History of Art》",0.396284,UNREVIEWED,candidate_needs_review
11.6,CH11,第十一章　从反设计到后现代：意义、差异与媒介转向,朋克、自出版与亚文化图形,2,B0221,book,John Clifford：《Graphic Icons Visionaries Who Shaped Modern Graphic Design》，2014,0.36034,UNREVIEWED,candidate_needs_review
11.6,CH11,第十一章　从反设计到后现代：意义、差异与媒介转向,朋克、自出版与亚文化图形,3,B0321,book,Müller：《Helvetica homage to a typeface》,0.343965,UNREVIEWED,candidate_needs_review
11.6,CH11,第十一章　从反设计到后现代：意义、差异与媒介转向,朋克、自出版与亚文化图形,4,B0102,book,David Raizman：《History of Modern Design》，2023,0.338872,UNREVIEWED,candidate_needs_review
11.6,CH11,第十一章　从反设计到后现代：意义、差异与媒介转向,朋克、自出版与亚文化图形,5,B0368,book,Rick Poynor：《No More Rules Graphic Design and Postmodernism》,0.330802,UNREVIEWED,candidate_needs_review
11.6,CH11,第十一章　从反设计到后现代：意义、差异与媒介转向,朋克、自出版与亚文化图形,6,B0306,book,"Meggs, Philip B.; Purvis, Alston W.：Meggs' History of Graphic Design, 2016",0.330693,UNREVIEWED,candidate_needs_review
11.6,CH11,第十一章　从反设计到后现代：意义、差异与媒介转向,朋克、自出版与亚文化图形,7,B0188,book,"Heskett, John：Design：A Very Short Introduction, 2005",0.330648,UNREVIEWED,candidate_needs_review
11.6,CH11,第十一章　从反设计到后现代：意义、差异与媒介转向,朋克、自出版与亚文化图形,8,B0101,book,David Raizman：《History of Modern Design》,0.326436,UNREVIEWED,candidate_needs_review
11.6,CH11,第十一章　从反设计到后现代：意义、差异与媒介转向,朋克、自出版与亚文化图形,9,B0108,book,"Design discourse _ history, theory, criticism -- Margolin, Victor, 1941- -- Chic",0.325529,UNREVIEWED,candidate_needs_review
11.6,CH11,第十一章　从反设计到后现代：意义、差异与媒介转向,朋克、自出版与亚文化图形,10,B0080,book,Christopher Breward：《The Culture of Fashion A New History of Fashionable Dress》，1995,0.323386,UNREVIEWED,candidate_needs_review
11.6,CH11,第十一章　从反设计到后现代：意义、差异与媒介转向,朋克、自出版与亚文化图形,11,B0226,book,John Heskett：《Toothpicks and Logos Design in Everyday Life》,0.321922,UNREVIEWED,candidate_needs_review
11.6,CH11,第十一章　从反设计到后现代：意义、差异与媒介转向,朋克、自出版与亚文化图形,12,B0007,book,Ades：《Photomontage》,0.317341,UNREVIEWED,candidate_needs_review
11.6,CH11,第十一章　从反设计到后现代：意义、差异与媒介转向,朋克、自出版与亚文化图形,13,B0081,book,"Christopher Burke：《Isotype Design and Contexts, 1925-1971》",0.312405,UNREVIEWED,candidate_needs_review
11.6,CH11,第十一章　从反设计到后现代：意义、差异与媒介转向,朋克、自出版与亚文化图形,14,B0069,book,"Catriona Kelly, David Shepherd：《Constructing Russian culture in the age of revolution, 1881-1940》",0.311245,UNREVIEWED,candidate_needs_review
11.6,CH11,第十一章　从反设计到后现代：意义、差异与媒介转向,朋克、自出版与亚文化图形,15,B0136,book,Edward R. Tufte：《The Visual Display of Quantitative Information》，1983,0.309395,UNREVIEWED,candidate_needs_review
11.6,CH11,第十一章　从反设计到后现代：意义、差异与媒介转向,朋克、自出版与亚文化图形,16,B0329,book,Olins：《Corporate identity making business strategy visible through design》,0.305388,UNREVIEWED,candidate_needs_review
11.6,CH11,第十一章　从反设计到后现代：意义、差异与媒介转向,朋克、自出版与亚文化图形,17,B0470,book,"史蒂文·海勒, 西摩·切瓦斯特：《平面设计200年》，2018",0.303212,UNREVIEWED,candidate_needs_review
11.6,CH11,第十一章　从反设计到后现代：意义、差异与媒介转向,朋克、自出版与亚文化图形,18,B0185,book,Heller：《Paul Rand》,0.298364,UNREVIEWED,candidate_needs_review
11.6,CH11,第十一章　从反设计到后现代：意义、差异与媒介转向,朋克、自出版与亚文化图形,19,B0439,book,"Walker, John Albert; Attfield, Judy：Design History and the History of Design, 1989",0.298192,UNREVIEWED,candidate_needs_review
11.6,CH11,第十一章　从反设计到后现代：意义、差异与媒介转向,朋克、自出版与亚文化图形,20,B0205,book,Jeffrey L. Meikle：《Design in the USA》,0.296582,UNREVIEWED,candidate_needs_review
11.6,CH11,第十一章　从反设计到后现代：意义、差异与媒介转向,朋克、自出版与亚文化图形,21,B0166,book,"George, Kenneth M.; Nordholt, Henk Schulte：《Outward Appearances Dressing State and Society in Indonesia》",0.29589,UNREVIEWED,candidate_needs_review
11.6,CH11,第十一章　从反设计到后现代：意义、差异与媒介转向,朋克、自出版与亚文化图形,22,B0327,book,"None：《China design now , None》",0.295727,UNREVIEWED,candidate_needs_review
11.6,CH11,第十一章　从反设计到后现代：意义、差异与媒介转向,朋克、自出版与亚文化图形,23,B0404,book,Stephen J. Eskilson：《Graphic Design A New History》，2007,0.294532,UNREVIEWED,candidate_needs_review
11.6,CH11,第十一章　从反设计到后现代：意义、差异与媒介转向,朋克、自出版与亚文化图形,24,B0143,book,Elizabeth Wilson：《Adorned in Dreams Fashion and Modernity》,0.29414,UNREVIEWED,candidate_needs_review
11.6,CH11,第十一章　从反设计到后现代：意义、差异与媒介转向,朋克、自出版与亚文化图形,25,B0478,book,大卫·瑞兹曼 (David Raizman)：《现代设计史（第2版）》，2013,0.293698,UNREVIEWED,candidate_needs_review
11.6,CH11,第十一章　从反设计到后现代：意义、差异与媒介转向,朋克、自出版与亚文化图形,26,B0072,book,"Charles, Victoria：Neoclassicism, 2019",0.291695,UNREVIEWED,candidate_needs_review
11.6,CH11,第十一章　从反设计到后现代：意义、差异与媒介转向,朋克、自出版与亚文化图形,27,B0310,book,Michel E. Chevreul：《The Principles of Harmony and Contrast of Colors And Their Applications to the Arts》，1839,0.291519,UNREVIEWED,candidate_needs_review
11.6,CH11,第十一章　从反设计到后现代：意义、差异与媒介转向,朋克、自出版与亚文化图形,28,B0292,book,Margolin：《World history of design》,0.291128,UNREVIEWED,candidate_needs_review
11.6,CH11,第十一章　从反设计到后现代：意义、差异与媒介转向,朋克、自出版与亚文化图形,29,B0170,book,Glenn Adamson：《Global Design History》,0.289894,UNREVIEWED,candidate_needs_review
11.6,CH11,第十一章　从反设计到后现代：意义、差异与媒介转向,朋克、自出版与亚文化图形,30,B0398,book,"Sparke, Penny, An Introduction to Design and Culture, 1986",0.288769,UNREVIEWED,candidate_needs_review
11.7,CH11,第十一章　从反设计到后现代：意义、差异与媒介转向,后现代的全球传播与边界,1,B0368,book,Rick Poynor：《No More Rules Graphic Design and Postmodernism》,0.458175,UNREVIEWED,candidate_needs_review
11.7,CH11,第十一章　从反设计到后现代：意义、差异与媒介转向,后现代的全球传播与边界,2,B0238,book,Judith Gura：《Postmodern Design Complete》，2017,0.441389,UNREVIEWED,candidate_needs_review
11.7,CH11,第十一章　从反设计到后现代：意义、差异与媒介转向,后现代的全球传播与边界,3,B0075,book,"Charlotte Fiell, Peter Fiell：《Design of the 20th Century》，1999",0.38837,UNREVIEWED,candidate_needs_review
11.7,CH11,第十一章　从反设计到后现代：意义、差异与媒介转向,后现代的全球传播与边界,4,B0506,book,维克多·马格林：《世界设计史1：史前至一战》，2015,0.388029,UNREVIEWED,candidate_needs_review
11.7,CH11,第十一章　从反设计到后现代：意义、差异与媒介转向,后现代的全球传播与边界,5,B0101,book,David Raizman：《History of Modern Design》,0.3875,UNREVIEWED,candidate_needs_review
11.7,CH11,第十一章　从反设计到后现代：意义、差异与媒介转向,后现代的全球传播与边界,6,B0398,book,"Sparke, Penny, An Introduction to Design and Culture, 1986",0.376882,UNREVIEWED,candidate_needs_review
11.7,CH11,第十一章　从反设计到后现代：意义、差异与媒介转向,后现代的全球传播与边界,7,B0297,book,Mary Warner Marien：《Photography A Cultural History》,0.376763,UNREVIEWED,candidate_needs_review
11.7,CH11,第十一章　从反设计到后现代：意义、差异与媒介转向,后现代的全球传播与边界,8,B0059,book,"Buchanan, Richard; Margolin, Victor (eds.), The Idea of Design, 1995",0.37063,UNREVIEWED,candidate_needs_review
11.7,CH11,第十一章　从反设计到后现代：意义、差异与媒介转向,后现代的全球传播与边界,9,B0258,book,Kenneth Frampton：《Modern Architecture A Critical History》，1980,0.369552,UNREVIEWED,candidate_needs_review
11.7,CH11,第十一章　从反设计到后现代：意义、差异与媒介转向,后现代的全球传播与边界,10,B0053,book,Brigitte Borja de Mozota：《Design Management Using Design to Build Brand Value and Corporate Innovation》，2003,0.368396,UNREVIEWED,candidate_needs_review
11.7,CH11,第十一章　从反设计到后现代：意义、差异与媒介转向,后现代的全球传播与边界,11,B0044,book,Bevis Hillier：《Art Deco of the 20s and 30s》,0.367653,UNREVIEWED,candidate_needs_review
11.7,CH11,第十一章　从反设计到后现代：意义、差异与媒介转向,后现代的全球传播与边界,12,B0108,book,"Design discourse _ history, theory, criticism -- Margolin, Victor, 1941- -- Chic",0.366938,UNREVIEWED,candidate_needs_review
11.7,CH11,第十一章　从反设计到后现代：意义、差异与媒介转向,后现代的全球传播与边界,13,B0076,book,"Charlotte Fiell, Peter Fiell：《Scandinavian Design》，2002",0.366668,UNREVIEWED,candidate_needs_review
11.7,CH11,第十一章　从反设计到后现代：意义、差异与媒介转向,后现代的全球传播与边界,14,B0006,book,"Adburgham, Alison：《Libertys a biography of a shop》",0.365518,UNREVIEWED,candidate_needs_review
11.7,CH11,第十一章　从反设计到后现代：意义、差异与媒介转向,后现代的全球传播与边界,15,B0292,book,Margolin：《World history of design》,0.364234,UNREVIEWED,candidate_needs_review
11.7,CH11,第十一章　从反设计到后现代：意义、差异与媒介转向,后现代的全球传播与边界,16,B0073,book,"Charlotte Benton, Tim Benton：《Art Deco 1910–1939》",0.359494,UNREVIEWED,candidate_needs_review
11.7,CH11,第十一章　从反设计到后现代：意义、差异与媒介转向,后现代的全球传播与边界,17,B0005,book,"Adamson, Glenn; Riello, Giorgio; Teasley, Sarah (eds.), Global Design History, 2011",0.359008,UNREVIEWED,candidate_needs_review
11.7,CH11,第十一章　从反设计到后现代：意义、差异与媒介转向,后现代的全球传播与边界,18,B0223,book,"John F. Pile, Judith Gura：《A History of Interior Design》",0.358709,UNREVIEWED,candidate_needs_review
11.7,CH11,第十一章　从反设计到后现代：意义、差异与媒介转向,后现代的全球传播与边界,19,B0284,book,"Margolin, Victor, A World History of Design and the History of the World, 2005",0.357479,UNREVIEWED,candidate_needs_review
11.7,CH11,第十一章　从反设计到后现代：意义、差异与媒介转向,后现代的全球传播与边界,20,B0144,book,"Ellen Lupton, J. Abbott Miller：《Design Writing Research Writing on Graphic Design》，1996",0.355492,UNREVIEWED,candidate_needs_review
11.7,CH11,第十一章　从反设计到后现代：意义、差异与媒介转向,后现代的全球传播与边界,21,B0306,book,"Meggs, Philip B.; Purvis, Alston W.：Meggs' History of Graphic Design, 2016",0.354977,UNREVIEWED,candidate_needs_review
11.7,CH11,第十一章　从反设计到后现代：意义、差异与媒介转向,后现代的全球传播与边界,22,B0148,book,Emmanuel Cooper：《Ten Thousand Years of Pottery》，2000,0.353851,UNREVIEWED,candidate_needs_review
11.7,CH11,第十一章　从反设计到后现代：意义、差异与媒介转向,后现代的全球传播与边界,23,B0234,book,Jonathan M. Woodham：《Dictionary of Modern Design》,0.35357,UNREVIEWED,candidate_needs_review
11.7,CH11,第十一章　从反设计到后现代：意义、差异与媒介转向,后现代的全球传播与边界,24,B0337,book,Paul Greenhalgh (ed.)：《Modernism in Design》，1990,0.352546,UNREVIEWED,candidate_needs_review
11.7,CH11,第十一章　从反设计到后现代：意义、差异与媒介转向,后现代的全球传播与边界,25,B0086,book,Colleen E. Kriger：《Cloth in West African History》,0.349765,UNREVIEWED,candidate_needs_review
11.7,CH11,第十一章　从反设计到后现代：意义、差异与媒介转向,后现代的全球传播与边界,26,B0102,book,David Raizman：《History of Modern Design》，2023,0.347761,UNREVIEWED,candidate_needs_review
11.7,CH11,第十一章　从反设计到后现代：意义、差异与媒介转向,后现代的全球传播与边界,27,B0170,book,Glenn Adamson：《Global Design History》,0.34673,UNREVIEWED,candidate_needs_review
11.7,CH11,第十一章　从反设计到后现代：意义、差异与媒介转向,后现代的全球传播与边界,28,B0484,book,"斯塔夫里阿诺斯, L.S.：《全球通史-1500年以后的世界》",0.344717,UNREVIEWED,candidate_needs_review
11.7,CH11,第十一章　从反设计到后现代：意义、差异与媒介转向,后现代的全球传播与边界,29,B0159,book,"Frayling, Christopher：Art and Design：100 Years at the Royal College of Art, 1999",0.343894,UNREVIEWED,candidate_needs_review
11.7,CH11,第十一章　从反设计到后现代：意义、差异与媒介转向,后现代的全球传播与边界,30,B0040,book,"Beckert, Sven：Empire of Cotton：A Global History, 2014",0.343189,UNREVIEWED,candidate_needs_review
12.1,CH12,第十二章　设计责任的扩展：伦理、生态、参与和包容,从职业伦理到社会批判,1,B0053,book,Brigitte Borja de Mozota：《Design Management Using Design to Build Brand Value and Corporate Innovation》，2003,0.499844,UNREVIEWED,candidate_needs_review
12.1,CH12,第十二章　设计责任的扩展：伦理、生态、参与和包容,从职业伦理到社会批判,2,B0186,book,Henry Dreyfuss：《Designing for People》，1967,0.463121,UNREVIEWED,candidate_needs_review
12.1,CH12,第十二章　设计责任的扩展：伦理、生态、参与和包容,从职业伦理到社会批判,3,B0112,book,Design Research Now __ The Uneasy Relationship between -- Susann Vihma; Ralf Mic,0.430633,UNREVIEWED,candidate_needs_review
12.1,CH12,第十二章　设计责任的扩展：伦理、生态、参与和包容,从职业伦理到社会批判,4,B0473,book,周博：《现代设计伦理思想史》，2014,0.392682,UNREVIEWED,candidate_needs_review
12.1,CH12,第十二章　设计责任的扩展：伦理、生态、参与和包容,从职业伦理到社会批判,5,B0406,book,Steven Heller Veronique Vienne：《Citizen Designer Perspectives on Design Responsi,0.380768,UNREVIEWED,candidate_needs_review
12.1,CH12,第十二章　设计责任的扩展：伦理、生态、参与和包容,从职业伦理到社会批判,6,B0041,book,Ben Shneiderman：《Human-Centered AI》,0.373991,UNREVIEWED,candidate_needs_review
12.1,CH12,第十二章　设计责任的扩展：伦理、生态、参与和包容,从职业伦理到社会批判,7,B0054,book,"Bringing design to software (Terry Winograd, (ed.))",0.372236,UNREVIEWED,candidate_needs_review
12.1,CH12,第十二章　设计责任的扩展：伦理、生态、参与和包容,从职业伦理到社会批判,8,B0272,book,"Lears, T. J. Jackson：《No place of grace antimodernism and the transformation of American culture, 1880-1920》",0.369244,UNREVIEWED,candidate_needs_review
12.1,CH12,第十二章　设计责任的扩展：伦理、生态、参与和包容,从职业伦理到社会批判,9,B0189,book,"Heskett, John：《Industrial design》",0.368193,UNREVIEWED,candidate_needs_review
12.1,CH12,第十二章　设计责任的扩展：伦理、生态、参与和包容,从职业伦理到社会批判,10,B0023,book,"Anthony Dunne, Fiona Raby：《Design Noir The Secret Life of Electronic Objects》",0.366337,UNREVIEWED,candidate_needs_review
12.1,CH12,第十二章　设计责任的扩展：伦理、生态、参与和包容,从职业伦理到社会批判,11,B0434,book,Victor Papanek：《Design for the Real World Human Ecology and Social Change》,0.355717,UNREVIEWED,candidate_needs_review
12.1,CH12,第十二章　设计责任的扩展：伦理、生态、参与和包容,从职业伦理到社会批判,12,B0418,book,The design philosophy reader _ edited by Anne-Marie Willis_ -- Anne-Marie Willis,0.355526,UNREVIEWED,candidate_needs_review
12.1,CH12,第十二章　设计责任的扩展：伦理、生态、参与和包容,从职业伦理到社会批判,13,B0230,book,John Thackara：《In the Bubble Designing in a Complex World》，2005,0.353941,UNREVIEWED,candidate_needs_review
12.1,CH12,第十二章　设计责任的扩展：伦理、生态、参与和包容,从职业伦理到社会批判,14,B0420,book,"The green imperative _ natural design for the real world -- Papanek, Victor J --",0.353565,UNREVIEWED,candidate_needs_review
12.1,CH12,第十二章　设计责任的扩展：伦理、生态、参与和包容,从职业伦理到社会批判,15,B0101,book,David Raizman：《History of Modern Design》,0.350863,UNREVIEWED,candidate_needs_review
12.1,CH12,第十二章　设计责任的扩展：伦理、生态、参与和包容,从职业伦理到社会批判,16,B0062,book,Cairo：《The functional art an introduction to information graphics and visualization》,0.349254,UNREVIEWED,candidate_needs_review
12.1,CH12,第十二章　设计责任的扩展：伦理、生态、参与和包容,从职业伦理到社会批判,17,B0031,book,Arthur J. Pulos：《American design ethic a history of industrial design to 1940》,0.347524,UNREVIEWED,candidate_needs_review
12.1,CH12,第十二章　设计责任的扩展：伦理、生态、参与和包容,从职业伦理到社会批判,18,B0259,book,"Kenneth Pomeranz：《The Great Divergence China, Europe, and the Making of the Modern World Economy》",0.346091,UNREVIEWED,candidate_needs_review
12.1,CH12,第十二章　设计责任的扩展：伦理、生态、参与和包容,从职业伦理到社会批判,19,B0280,book,Löwgren：《Thoughtful interaction design a design perspective on information technology》,0.345494,UNREVIEWED,candidate_needs_review
12.1,CH12,第十二章　设计责任的扩展：伦理、生态、参与和包容,从职业伦理到社会批判,20,P0009,paper,"Brew, Angela：The Nature of Research：Inquiry into Academic Contexts, 2001",0.341739,UNREVIEWED,candidate_needs_review
12.1,CH12,第十二章　设计责任的扩展：伦理、生态、参与和包容,从职业伦理到社会批判,21,B0225,book,John Heskett：《Industrial Design》，1980,0.337758,UNREVIEWED,candidate_needs_review
12.1,CH12,第十二章　设计责任的扩展：伦理、生态、参与和包容,从职业伦理到社会批判,22,B0281,book,"M. Havinden：《Colonialism and Development Britain and Its Tropical Colonies, 1850-1960》",0.337538,UNREVIEWED,candidate_needs_review
12.1,CH12,第十二章　设计责任的扩展：伦理、生态、参与和包容,从职业伦理到社会批判,23,B0266,book,Landsberger：《Chinese propaganda posters from revolution to modernization》,0.336816,UNREVIEWED,candidate_needs_review
12.1,CH12,第十二章　设计责任的扩展：伦理、生态、参与和包容,从职业伦理到社会批判,24,B0273,book,"Lees-Maffei, Grace; Houze, Rebecca (eds.)：The Design History Reader, 2010",0.336033,UNREVIEWED,candidate_needs_review
12.1,CH12,第十二章　设计责任的扩展：伦理、生态、参与和包容,从职业伦理到社会批判,25,B0058,book,"Buchanan, Richard; Margolin, Victor (eds.), Discovering Design, 1995",0.334514,UNREVIEWED,candidate_needs_review
12.1,CH12,第十二章　设计责任的扩展：伦理、生态、参与和包容,从职业伦理到社会批判,26,B0311,book,"Mihaly Csikszentmihalyi, Eugene Halton：《The Meaning of Things Domestic Symbols and the Self》",0.334504,UNREVIEWED,candidate_needs_review
12.1,CH12,第十二章　设计责任的扩展：伦理、生态、参与和包容,从职业伦理到社会批判,27,B0254,book,"Kathryn Best：《Design Management Managing Design Strategy, Process and Implementation》",0.331709,UNREVIEWED,candidate_needs_review
12.1,CH12,第十二章　设计责任的扩展：伦理、生态、参与和包容,从职业伦理到社会批判,28,B0071,book,Charles Jencks：《The Language of Post-Modern Architecture》，1977,0.330374,UNREVIEWED,candidate_needs_review
12.1,CH12,第十二章　设计责任的扩展：伦理、生态、参与和包容,从职业伦理到社会批判,29,B0226,book,John Heskett：《Toothpicks and Logos Design in Everyday Life》,0.328301,UNREVIEWED,candidate_needs_review
12.1,CH12,第十二章　设计责任的扩展：伦理、生态、参与和包容,从职业伦理到社会批判,30,B0066,book,Carroll Gantz：《Founders of American Industrial Design》，2014,0.327711,UNREVIEWED,candidate_needs_review
12.2,CH12,第十二章　设计责任的扩展：伦理、生态、参与和包容,帕帕奈克与真实世界,1,B0473,book,周博：《现代设计伦理思想史》，2014,0.536713,UNREVIEWED,candidate_needs_review
12.2,CH12,第十二章　设计责任的扩展：伦理、生态、参与和包容,帕帕奈克与真实世界,2,B0399,book,"Sparke, Penny; Fisher, Fiona (eds.), The Routledge Companion to Design Studies, 2016",0.506237,UNREVIEWED,candidate_needs_review
12.2,CH12,第十二章　设计责任的扩展：伦理、生态、参与和包容,帕帕奈克与真实世界,3,B0017,book,Alison J. Clarke (ed.)：《Design Anthropology Object Cultures in Transition》,0.492604,UNREVIEWED,candidate_needs_review
12.2,CH12,第十二章　设计责任的扩展：伦理、生态、参与和包容,帕帕奈克与真实世界,4,B0515,book,阿德里安·福蒂：《欲求之物：1750年以来的设计与社会》，2001,0.465727,UNREVIEWED,candidate_needs_review
12.2,CH12,第十二章　设计责任的扩展：伦理、生态、参与和包容,帕帕奈克与真实世界,5,B0434,book,Victor Papanek：《Design for the Real World Human Ecology and Social Change》,0.46138,UNREVIEWED,candidate_needs_review
12.2,CH12,第十二章　设计责任的扩展：伦理、生态、参与和包容,帕帕奈克与真实世界,6,B0065,book,Carl DiSalvo：《Adversarial Design》,0.425799,UNREVIEWED,candidate_needs_review
12.2,CH12,第十二章　设计责任的扩展：伦理、生态、参与和包容,帕帕奈克与真实世界,7,B0101,book,David Raizman：《History of Modern Design》,0.390779,UNREVIEWED,candidate_needs_review
12.2,CH12,第十二章　设计责任的扩展：伦理、生态、参与和包容,帕帕奈克与真实世界,8,B0108,book,"Design discourse _ history, theory, criticism -- Margolin, Victor, 1941- -- Chic",0.369223,UNREVIEWED,candidate_needs_review
12.2,CH12,第十二章　设计责任的扩展：伦理、生态、参与和包容,帕帕奈克与真实世界,9,B0420,book,"The green imperative _ natural design for the real world -- Papanek, Victor J --",0.358839,UNREVIEWED,candidate_needs_review
12.2,CH12,第十二章　设计责任的扩展：伦理、生态、参与和包容,帕帕奈克与真实世界,10,P0012,paper,Buchanan：《Discovering design explorations in design studies》,0.343018,UNREVIEWED,candidate_needs_review
12.2,CH12,第十二章　设计责任的扩展：伦理、生态、参与和包容,帕帕奈克与真实世界,11,B0431,book,Vance Packard：《The Waste Makers》，1960,0.341158,UNREVIEWED,candidate_needs_review
12.2,CH12,第十二章　设计责任的扩展：伦理、生态、参与和包容,帕帕奈克与真实世界,12,B0201,book,Jane Jacobs：《The Death and Life of Great American Cities》，1961,0.337752,UNREVIEWED,candidate_needs_review
12.2,CH12,第十二章　设计责任的扩展：伦理、生态、参与和包容,帕帕奈克与真实世界,13,B0041,book,Ben Shneiderman：《Human-Centered AI》,0.327578,UNREVIEWED,candidate_needs_review
12.2,CH12,第十二章　设计责任的扩展：伦理、生态、参与和包容,帕帕奈克与真实世界,14,B0227,book,John M. Carroll (ed.)：《Human-Computer Interaction in the New Millennium》，2002,0.321046,UNREVIEWED,candidate_needs_review
12.2,CH12,第十二章　设计责任的扩展：伦理、生态、参与和包容,帕帕奈克与真实世界,15,B0498,book,梁梅：《世界现代设计史》，2013,0.320186,UNREVIEWED,candidate_needs_review
12.2,CH12,第十二章　设计责任的扩展：伦理、生态、参与和包容,帕帕奈克与真实世界,16,B0058,book,"Buchanan, Richard; Margolin, Victor (eds.), Discovering Design, 1995",0.318838,UNREVIEWED,candidate_needs_review
12.2,CH12,第十二章　设计责任的扩展：伦理、生态、参与和包容,帕帕奈克与真实世界,17,B0307,book,"Michael Braungart, William McDonough：《Cradle to cradle remaking the way we make things》",0.312805,UNREVIEWED,candidate_needs_review
12.2,CH12,第十二章　设计责任的扩展：伦理、生态、参与和包容,帕帕奈克与真实世界,18,B0230,book,John Thackara：《In the Bubble Designing in a Complex World》，2005,0.312125,UNREVIEWED,candidate_needs_review
12.2,CH12,第十二章　设计责任的扩展：伦理、生态、参与和包容,帕帕奈克与真实世界,19,B0500,book,沈榆：《观念的演进：中国现代设计史》，2021,0.309569,UNREVIEWED,candidate_needs_review
12.2,CH12,第十二章　设计责任的扩展：伦理、生态、参与和包容,帕帕奈克与真实世界,20,B0478,book,大卫·瑞兹曼 (David Raizman)：《现代设计史（第2版）》，2013,0.306471,UNREVIEWED,candidate_needs_review
12.2,CH12,第十二章　设计责任的扩展：伦理、生态、参与和包容,帕帕奈克与真实世界,21,B0225,book,John Heskett：《Industrial Design》，1980,0.303941,UNREVIEWED,candidate_needs_review
12.2,CH12,第十二章　设计责任的扩展：伦理、生态、参与和包容,帕帕奈克与真实世界,22,B0440,book,Walker：《Design History and the History of Design》,0.301958,UNREVIEWED,candidate_needs_review
12.2,CH12,第十二章　设计责任的扩展：伦理、生态、参与和包容,帕帕奈克与真实世界,23,B0023,book,"Anthony Dunne, Fiona Raby：《Design Noir The Secret Life of Electronic Objects》",0.30044,UNREVIEWED,candidate_needs_review
12.2,CH12,第十二章　设计责任的扩展：伦理、生态、参与和包容,帕帕奈克与真实世界,24,B0011,book,"Alan Cooper, Robert Reimann, David Cronin, Christopher Noessel：《About Face The Essentials of Interaction Design》",0.299099,UNREVIEWED,candidate_needs_review
12.2,CH12,第十二章　设计责任的扩展：伦理、生态、参与和包容,帕帕奈克与真实世界,25,B0174,book,Graham Pullin：《Design Meets Disability》，2009,0.297536,UNREVIEWED,candidate_needs_review
12.2,CH12,第十二章　设计责任的扩展：伦理、生态、参与和包容,帕帕奈克与真实世界,26,B0513,book,邵宏：《西方设计：一部为生活制作艺术的历史》，2010,0.295216,UNREVIEWED,candidate_needs_review
12.2,CH12,第十二章　设计责任的扩展：伦理、生态、参与和包容,帕帕奈克与真实世界,27,B0053,book,Brigitte Borja de Mozota：《Design Management Using Design to Build Brand Value and Corporate Innovation》，2003,0.291986,UNREVIEWED,candidate_needs_review
12.2,CH12,第十二章　设计责任的扩展：伦理、生态、参与和包容,帕帕奈克与真实世界,28,B0290,book,"Margolin, Victor; Buchanan, Richard (eds.)：The Idea of Design：A Design Issues Reader, 1995",0.289969,UNREVIEWED,candidate_needs_review
12.2,CH12,第十二章　设计责任的扩展：伦理、生态、参与和包容,帕帕奈克与真实世界,29,B0212,book,Joel Mokyr：《The lever of riches - technological creativity and economic progress (1990)》,0.287083,UNREVIEWED,candidate_needs_review
12.2,CH12,第十二章　设计责任的扩展：伦理、生态、参与和包容,帕帕奈克与真实世界,30,B0168,book,"Gillian Naylor：《The arts and crafts movement a study of its sources, ideals and influence on design theory》",0.286299,UNREVIEWED,candidate_needs_review
12.3,CH12,第十二章　设计责任的扩展：伦理、生态、参与和包容,环境设计与生命周期,1,B0251,book,Kate Fletcher：《Sustainable Fashion and Textiles Design Journeys》，2008,0.489082,UNREVIEWED,candidate_needs_review
12.3,CH12,第十二章　设计责任的扩展：伦理、生态、参与和包容,环境设计与生命周期,2,B0254,book,"Kathryn Best：《Design Management Managing Design Strategy, Process and Implementation》",0.451377,UNREVIEWED,candidate_needs_review
12.3,CH12,第十二章　设计责任的扩展：伦理、生态、参与和包容,环境设计与生命周期,3,B0230,book,John Thackara：《In the Bubble Designing in a Complex World》，2005,0.442035,UNREVIEWED,candidate_needs_review
12.3,CH12,第十二章　设计责任的扩展：伦理、生态、参与和包容,环境设计与生命周期,4,B0267,book,"Langdon Winner：《The Whale and the Reactor A Search for Limits in an Age of High Technology, Second Edition》，1986",0.439382,UNREVIEWED,candidate_needs_review
12.3,CH12,第十二章　设计责任的扩展：伦理、生态、参与和包容,环境设计与生命周期,5,B0434,book,Victor Papanek：《Design for the Real World Human Ecology and Social Change》,0.433867,UNREVIEWED,candidate_needs_review
12.3,CH12,第十二章　设计责任的扩展：伦理、生态、参与和包容,环境设计与生命周期,6,B0307,book,"Michael Braungart, William McDonough：《Cradle to cradle remaking the way we make things》",0.420922,UNREVIEWED,candidate_needs_review
12.3,CH12,第十二章　设计责任的扩展：伦理、生态、参与和包容,环境设计与生命周期,7,B0250,book,"Kate Fletcher, Lynda Grose：《Fashion & Sustainability Design for Change》，2012",0.415401,UNREVIEWED,candidate_needs_review
12.3,CH12,第十二章　设计责任的扩展：伦理、生态、参与和包容,环境设计与生命周期,8,B0053,book,Brigitte Borja de Mozota：《Design Management Using Design to Build Brand Value and Corporate Innovation》，2003,0.415079,UNREVIEWED,candidate_needs_review
12.3,CH12,第十二章　设计责任的扩展：伦理、生态、参与和包容,环境设计与生命周期,9,B0441,book,Walker：《Sustainable by design explorations in theory and practice》,0.41079,UNREVIEWED,candidate_needs_review
12.3,CH12,第十二章　设计责任的扩展：伦理、生态、参与和包容,环境设计与生命周期,10,B0160,book,Fuad-Luke：《The eco-design handbook a complete sourcebook for the home and office》,0.406545,UNREVIEWED,candidate_needs_review
12.3,CH12,第十二章　设计责任的扩展：伦理、生态、参与和包容,环境设计与生命周期,11,B0420,book,"The green imperative _ natural design for the real world -- Papanek, Victor J --",0.404948,UNREVIEWED,candidate_needs_review
12.3,CH12,第十二章　设计责任的扩展：伦理、生态、参与和包容,环境设计与生命周期,12,B0191,book,Holmes：《Mismatch How Inclusion Shapes Design》,0.400223,UNREVIEWED,candidate_needs_review
12.3,CH12,第十二章　设计责任的扩展：伦理、生态、参与和包容,环境设计与生命周期,13,B0226,book,John Heskett：《Toothpicks and Logos Design in Everyday Life》,0.399011,UNREVIEWED,candidate_needs_review
12.3,CH12,第十二章　设计责任的扩展：伦理、生态、参与和包容,环境设计与生命周期,14,B0478,book,大卫·瑞兹曼 (David Raizman)：《现代设计史（第2版）》，2013,0.397941,UNREVIEWED,candidate_needs_review
12.3,CH12,第十二章　设计责任的扩展：伦理、生态、参与和包容,环境设计与生命周期,15,B0108,book,"Design discourse _ history, theory, criticism -- Margolin, Victor, 1941- -- Chic",0.388713,UNREVIEWED,candidate_needs_review
12.3,CH12,第十二章　设计责任的扩展：伦理、生态、参与和包容,环境设计与生命周期,16,P0012,paper,Buchanan：《Discovering design explorations in design studies》,0.38863,UNREVIEWED,candidate_needs_review
12.3,CH12,第十二章　设计责任的扩展：伦理、生态、参与和包容,环境设计与生命周期,17,B0473,book,周博：《现代设计伦理思想史》，2014,0.37891,UNREVIEWED,candidate_needs_review
12.3,CH12,第十二章　设计责任的扩展：伦理、生态、参与和包容,环境设计与生命周期,18,B0138,book,"Edward Steinfeld, Jordana Maisel：《Universal Design Creating Inclusive Environments》，2012",0.375564,UNREVIEWED,candidate_needs_review
12.3,CH12,第十二章　设计责任的扩展：伦理、生态、参与和包容,环境设计与生命周期,19,B0290,book,"Margolin, Victor; Buchanan, Richard (eds.)：The Idea of Design：A Design Issues Reader, 1995",0.374932,UNREVIEWED,candidate_needs_review
12.3,CH12,第十二章　设计责任的扩展：伦理、生态、参与和包容,环境设计与生命周期,20,B0087,book,"Contextual Design_ Defining Customer-Centered Systems -- Beyer, Hugh, Holtzblatt",0.368099,UNREVIEWED,candidate_needs_review
12.3,CH12,第十二章　设计责任的扩展：伦理、生态、参与和包容,环境设计与生命周期,21,P0065,paper,Thackara John：《In the Bubble. Designing in a Complex World》,0.367,UNREVIEWED,candidate_needs_review
12.3,CH12,第十二章　设计责任的扩展：伦理、生态、参与和包容,环境设计与生命周期,22,B0264,book,Klaus Krippendorff：《The Semantic Turn A New Foundation For Design》,0.366015,UNREVIEWED,candidate_needs_review
12.3,CH12,第十二章　设计责任的扩展：伦理、生态、参与和包容,环境设计与生命周期,23,B0460,book,"Wolfgang F. E. Preiser, Elaine Ostroff：《Universal Design Handbook》，2001",0.363854,UNREVIEWED,candidate_needs_review
12.3,CH12,第十二章　设计责任的扩展：伦理、生态、参与和包容,环境设计与生命周期,24,B0040,book,"Beckert, Sven：Empire of Cotton：A Global History, 2014",0.36342,UNREVIEWED,candidate_needs_review
12.3,CH12,第十二章　设计责任的扩展：伦理、生态、参与和包容,环境设计与生命周期,25,B0312,book,Mihaly Csikszentmihalyi：《Creativity》,0.356445,UNREVIEWED,candidate_needs_review
12.3,CH12,第十二章　设计责任的扩展：伦理、生态、参与和包容,环境设计与生命周期,26,B0224,book,John Heskett：《Design A Very Short Introduction》,0.356307,UNREVIEWED,candidate_needs_review
12.3,CH12,第十二章　设计责任的扩展：伦理、生态、参与和包容,环境设计与生命周期,27,B0277,book,Lodder：《Russian constructivism》,0.355838,UNREVIEWED,candidate_needs_review
12.3,CH12,第十二章　设计责任的扩展：伦理、生态、参与和包容,环境设计与生命周期,28,B0406,book,Steven Heller Veronique Vienne：《Citizen Designer Perspectives on Design Responsi,0.354553,UNREVIEWED,candidate_needs_review
12.3,CH12,第十二章　设计责任的扩展：伦理、生态、参与和包容,环境设计与生命周期,29,B0065,book,Carl DiSalvo：《Adversarial Design》,0.352485,UNREVIEWED,candidate_needs_review
12.3,CH12,第十二章　设计责任的扩展：伦理、生态、参与和包容,环境设计与生命周期,30,B0111,book,Design History and Culture ： Methods and Approaches -- Javier Gimeno-Martínez --,0.350376,UNREVIEWED,candidate_needs_review
12.4,CH12,第十二章　设计责任的扩展：伦理、生态、参与和包容,参与式设计的北欧传统,1,B0054,book,"Bringing design to software (Terry Winograd, (ed.))",0.671329,UNREVIEWED,candidate_needs_review
12.4,CH12,第十二章　设计责任的扩展：伦理、生态、参与和包容,参与式设计的北欧传统,2,B0280,book,Löwgren：《Thoughtful interaction design a design perspective on information technology》,0.563281,UNREVIEWED,candidate_needs_review
12.4,CH12,第十二章　设计责任的扩展：伦理、生态、参与和包容,参与式设计的北欧传统,3,B0356,book,"Rachel Charlotte Smith, Ton Otto, Wendy Gunn：《Design Anthropology Theory and Practice》",0.533829,UNREVIEWED,candidate_needs_review
12.4,CH12,第十二章　设计责任的扩展：伦理、生态、参与和包容,参与式设计的北欧传统,4,B0425,book,Thorpe：《Design with society why socially responsive design is good enough》,0.510919,UNREVIEWED,candidate_needs_review
12.4,CH12,第十二章　设计责任的扩展：伦理、生态、参与和包容,参与式设计的北欧传统,5,B0210,book,"Joan Greenbaum, Morten Kyng (eds.)：《Design at Work Cooperative Design of Computer Systems》",0.476888,UNREVIEWED,candidate_needs_review
12.4,CH12,第十二章　设计责任的扩展：伦理、生态、参与和包容,参与式设计的北欧传统,6,B0153,book,FALLMAN D. Design-oriented human-computer interaction[C],0.468426,UNREVIEWED,candidate_needs_review
12.4,CH12,第十二章　设计责任的扩展：伦理、生态、参与和包容,参与式设计的北欧传统,7,P0048,paper,Nieusma：《Alternative Design Scholarship Working Toward Appropriate Design》,0.455222,UNREVIEWED,candidate_needs_review
12.4,CH12,第十二章　设计责任的扩展：伦理、生态、参与和包容,参与式设计的北欧传统,8,B0258,book,Kenneth Frampton：《Modern Architecture A Critical History》，1980,0.452108,UNREVIEWED,candidate_needs_review
12.4,CH12,第十二章　设计责任的扩展：伦理、生态、参与和包容,参与式设计的北欧传统,9,B0053,book,Brigitte Borja de Mozota：《Design Management Using Design to Build Brand Value and Corporate Innovation》，2003,0.427133,UNREVIEWED,candidate_needs_review
12.4,CH12,第十二章　设计责任的扩展：伦理、生态、参与和包容,参与式设计的北欧传统,10,B0230,book,John Thackara：《In the Bubble Designing in a Complex World》，2005,0.422112,UNREVIEWED,candidate_needs_review
12.4,CH12,第十二章　设计责任的扩展：伦理、生态、参与和包容,参与式设计的北欧传统,11,B0251,book,Kate Fletcher：《Sustainable Fashion and Textiles Design Journeys》，2008,0.407518,UNREVIEWED,candidate_needs_review
12.4,CH12,第十二章　设计责任的扩展：伦理、生态、参与和包容,参与式设计的北欧传统,12,B0151,book,"Ezio Manzini：《Design, When Everybody Designs An Introduction to Design for Social Innovation》，2015",0.403146,UNREVIEWED,candidate_needs_review
12.4,CH12,第十二章　设计责任的扩展：伦理、生态、参与和包容,参与式设计的北欧传统,13,B0118,book,Dewey and Design： A Pragmatist Perspective for Design -- Brian S_ Dixon -- Desig,0.401872,UNREVIEWED,candidate_needs_review
12.4,CH12,第十二章　设计责任的扩展：伦理、生态、参与和包容,参与式设计的北欧传统,14,B0156,book,Fiona MacCarthy：《William Morris a life for our time》,0.401733,UNREVIEWED,candidate_needs_review
12.4,CH12,第十二章　设计责任的扩展：伦理、生态、参与和包容,参与式设计的北欧传统,15,B0232,book,John William Mackail：《The Life of William Morris》,0.401499,UNREVIEWED,candidate_needs_review
12.4,CH12,第十二章　设计责任的扩展：伦理、生态、参与和包容,参与式设计的北欧传统,16,B0386,book,Sanders：《Co-creation and the new landscapes of design》,0.399796,UNREVIEWED,candidate_needs_review
12.4,CH12,第十二章　设计责任的扩展：伦理、生态、参与和包容,参与式设计的北欧传统,17,B0294,book,"Mark Stickdorn, Jakob Schneider：《This Is Service Design Thinking》，2010",0.3971,UNREVIEWED,candidate_needs_review
12.4,CH12,第十二章　设计责任的扩展：伦理、生态、参与和包容,参与式设计的北欧传统,18,B0250,book,"Kate Fletcher, Lynda Grose：《Fashion & Sustainability Design for Change》，2012",0.387169,UNREVIEWED,candidate_needs_review
12.4,CH12,第十二章　设计责任的扩展：伦理、生态、参与和包容,参与式设计的北欧传统,19,P0042,paper,Lucy Kimbell：《Rethinking Design Thinking： Part II》，2012,0.387026,UNREVIEWED,candidate_needs_review
12.4,CH12,第十二章　设计责任的扩展：伦理、生态、参与和包容,参与式设计的北欧传统,20,B0116,book,Designing Interactions,0.385459,UNREVIEWED,candidate_needs_review
12.4,CH12,第十二章　设计责任的扩展：伦理、生态、参与和包容,参与式设计的北欧传统,21,B0113,book,"Design Research： Methods and Perspectives (The MIT Press) -- Laurel, Brenda -- C",0.383997,UNREVIEWED,candidate_needs_review
12.4,CH12,第十二章　设计责任的扩展：伦理、生态、参与和包容,参与式设计的北欧传统,22,B0191,book,Holmes：《Mismatch How Inclusion Shapes Design》,0.383913,UNREVIEWED,candidate_needs_review
12.4,CH12,第十二章　设计责任的扩展：伦理、生态、参与和包容,参与式设计的北欧传统,23,B0114,book,"Design, Empathy, Interpretation： Toward Interpretive Design -- Koskinen, Ilpo_ -",0.380203,UNREVIEWED,candidate_needs_review
12.4,CH12,第十二章　设计责任的扩展：伦理、生态、参与和包容,参与式设计的北欧传统,24,B0399,book,"Sparke, Penny; Fisher, Fiona (eds.), The Routledge Companion to Design Studies, 2016",0.378934,UNREVIEWED,candidate_needs_review
12.4,CH12,第十二章　设计责任的扩展：伦理、生态、参与和包容,参与式设计的北欧传统,25,B0087,book,"Contextual Design_ Defining Customer-Centered Systems -- Beyer, Hugh, Holtzblatt",0.378336,UNREVIEWED,candidate_needs_review
12.4,CH12,第十二章　设计责任的扩展：伦理、生态、参与和包容,参与式设计的北欧传统,26,B0459,book,Wixon：《Field methods casebook for software design》,0.374321,UNREVIEWED,candidate_needs_review
12.4,CH12,第十二章　设计责任的扩展：伦理、生态、参与和包容,参与式设计的北欧传统,27,B0227,book,John M. Carroll (ed.)：《Human-Computer Interaction in the New Millennium》，2002,0.374039,UNREVIEWED,candidate_needs_review
12.4,CH12,第十二章　设计责任的扩展：伦理、生态、参与和包容,参与式设计的北欧传统,28,B0179,book,Guy Julier：《From Visual Culture to Design Culture》,0.367366,UNREVIEWED,candidate_needs_review
12.4,CH12,第十二章　设计责任的扩展：伦理、生态、参与和包容,参与式设计的北欧传统,29,B0327,book,"None：《China design now , None》",0.361854,UNREVIEWED,candidate_needs_review
12.4,CH12,第十二章　设计责任的扩展：伦理、生态、参与和包容,参与式设计的北欧传统,30,B0473,book,周博：《现代设计伦理思想史》，2014,0.361532,UNREVIEWED,candidate_needs_review
12.5,CH12,第十二章　设计责任的扩展：伦理、生态、参与和包容,通用设计与残障社会模型,1,P0054,paper,Regine M. Gilbert：《Inclusive Design for a Digital World Designing with Accessibility in Mind》,0.632082,UNREVIEWED,candidate_needs_review
12.5,CH12,第十二章　设计责任的扩展：伦理、生态、参与和包容,通用设计与残障社会模型,2,B0174,book,Graham Pullin：《Design Meets Disability》，2009,0.582844,UNREVIEWED,candidate_needs_review
12.5,CH12,第十二章　设计责任的扩展：伦理、生态、参与和包容,通用设计与残障社会模型,3,B0191,book,Holmes：《Mismatch How Inclusion Shapes Design》,0.52994,UNREVIEWED,candidate_needs_review
12.5,CH12,第十二章　设计责任的扩展：伦理、生态、参与和包容,通用设计与残障社会模型,4,P0048,paper,Nieusma：《Alternative Design Scholarship Working Toward Appropriate Design》,0.418378,UNREVIEWED,candidate_needs_review
12.5,CH12,第十二章　设计责任的扩展：伦理、生态、参与和包容,通用设计与残障社会模型,5,B0460,book,"Wolfgang F. E. Preiser, Elaine Ostroff：《Universal Design Handbook》，2001",0.411922,UNREVIEWED,candidate_needs_review
12.5,CH12,第十二章　设计责任的扩展：伦理、生态、参与和包容,通用设计与残障社会模型,6,B0473,book,周博：《现代设计伦理思想史》，2014,0.399047,UNREVIEWED,candidate_needs_review
12.5,CH12,第十二章　设计责任的扩展：伦理、生态、参与和包容,通用设计与残障社会模型,7,B0434,book,Victor Papanek：《Design for the Real World Human Ecology and Social Change》,0.395635,UNREVIEWED,candidate_needs_review
12.5,CH12,第十二章　设计责任的扩展：伦理、生态、参与和包容,通用设计与残障社会模型,8,B0083,book,"Clark, Hazel; Brody, David (eds.), Design Studies： A Reader, 2009",0.394532,UNREVIEWED,candidate_needs_review
12.5,CH12,第十二章　设计责任的扩展：伦理、生态、参与和包容,通用设计与残障社会模型,9,B0138,book,"Edward Steinfeld, Jordana Maisel：《Universal Design Creating Inclusive Environments》，2012",0.389978,UNREVIEWED,candidate_needs_review
12.5,CH12,第十二章　设计责任的扩展：伦理、生态、参与和包容,通用设计与残障社会模型,10,B0041,book,Ben Shneiderman：《Human-Centered AI》,0.382241,UNREVIEWED,candidate_needs_review
12.5,CH12,第十二章　设计责任的扩展：伦理、生态、参与和包容,通用设计与残障社会模型,11,B0200,book,Jan Borchers：《A Pattern Approach to Interaction Design》,0.365691,UNREVIEWED,candidate_needs_review
12.5,CH12,第十二章　设计责任的扩展：伦理、生态、参与和包容,通用设计与残障社会模型,12,B0053,book,Brigitte Borja de Mozota：《Design Management Using Design to Build Brand Value and Corporate Innovation》，2003,0.363457,UNREVIEWED,candidate_needs_review
12.5,CH12,第十二章　设计责任的扩展：伦理、生态、参与和包容,通用设计与残障社会模型,13,B0139,book,Edward T. Hall：《The Hidden Dimension》，1966,0.358478,UNREVIEWED,candidate_needs_review
12.5,CH12,第十二章　设计责任的扩展：伦理、生态、参与和包容,通用设计与残障社会模型,14,B0418,book,The design philosophy reader _ edited by Anne-Marie Willis_ -- Anne-Marie Willis,0.343378,UNREVIEWED,candidate_needs_review
12.5,CH12,第十二章　设计责任的扩展：伦理、生态、参与和包容,通用设计与残障社会模型,15,B0421,book,The Politics of Design： A (Not So) Global Design Manual for -- [writer and desig,0.319511,UNREVIEWED,candidate_needs_review
12.5,CH12,第十二章　设计责任的扩展：伦理、生态、参与和包容,通用设计与残障社会模型,16,B0399,book,"Sparke, Penny; Fisher, Fiona (eds.), The Routledge Companion to Design Studies, 2016",0.315566,UNREVIEWED,candidate_needs_review
12.5,CH12,第十二章　设计责任的扩展：伦理、生态、参与和包容,通用设计与残障社会模型,17,B0015,book,Alice Rawsthorn：《Hello World Where Design Meets Life》，2013,0.314268,UNREVIEWED,candidate_needs_review
12.5,CH12,第十二章　设计责任的扩展：伦理、生态、参与和包容,通用设计与残障社会模型,18,B0128,book,Donald A. Schön：《The Reflective Practitioner How Professionals Think In Action》,0.311292,UNREVIEWED,candidate_needs_review
12.5,CH12,第十二章　设计责任的扩展：伦理、生态、参与和包容,通用设计与残障社会模型,19,B0315,book,"Miller, Daniel：Material Culture and Mass Consumption, 1987",0.301545,UNREVIEWED,candidate_needs_review
12.5,CH12,第十二章　设计责任的扩展：伦理、生态、参与和包容,通用设计与残障社会模型,20,B0208,book,Jenny L. Davis：《How Artifacts Afford The Power and Politics of Everyday Things》,0.296584,UNREVIEWED,candidate_needs_review
12.5,CH12,第十二章　设计责任的扩展：伦理、生态、参与和包容,通用设计与残障社会模型,21,B0011,book,"Alan Cooper, Robert Reimann, David Cronin, Christopher Noessel：《About Face The Essentials of Interaction Design》",0.292824,UNREVIEWED,candidate_needs_review
12.5,CH12,第十二章　设计责任的扩展：伦理、生态、参与和包容,通用设计与残障社会模型,22,B0230,book,John Thackara：《In the Bubble Designing in a Complex World》，2005,0.289213,UNREVIEWED,candidate_needs_review
12.5,CH12,第十二章　设计责任的扩展：伦理、生态、参与和包容,通用设计与残障社会模型,23,B0406,book,Steven Heller Veronique Vienne：《Citizen Designer Perspectives on Design Responsi,0.283374,UNREVIEWED,candidate_needs_review
12.5,CH12,第十二章　设计责任的扩展：伦理、生态、参与和包容,通用设计与残障社会模型,24,B0307,book,"Michael Braungart, William McDonough：《Cradle to cradle remaking the way we make things》",0.281523,UNREVIEWED,candidate_needs_review
12.5,CH12,第十二章　设计责任的扩展：伦理、生态、参与和包容,通用设计与残障社会模型,25,B0297,book,Mary Warner Marien：《Photography A Cultural History》,0.281439,UNREVIEWED,candidate_needs_review
12.5,CH12,第十二章　设计责任的扩展：伦理、生态、参与和包容,通用设计与残障社会模型,26,B0223,book,"John F. Pile, Judith Gura：《A History of Interior Design》",0.280975,UNREVIEWED,candidate_needs_review
12.5,CH12,第十二章　设计责任的扩展：伦理、生态、参与和包容,通用设计与残障社会模型,27,B0417,book,"The design history reader -- Grace Lees-Maffei, Rebecca Houze (eds_) -- New York",0.280157,UNREVIEWED,candidate_needs_review
12.5,CH12,第十二章　设计责任的扩展：伦理、生态、参与和包容,通用设计与残障社会模型,28,B0005,book,"Adamson, Glenn; Riello, Giorgio; Teasley, Sarah (eds.), Global Design History, 2011",0.277448,UNREVIEWED,candidate_needs_review
12.5,CH12,第十二章　设计责任的扩展：伦理、生态、参与和包容,通用设计与残障社会模型,29,B0180,book,Guy Julier：《The Culture of Design》，2000,0.27726,UNREVIEWED,candidate_needs_review
12.5,CH12,第十二章　设计责任的扩展：伦理、生态、参与和包容,通用设计与残障社会模型,30,B0101,book,David Raizman：《History of Modern Design》,0.275304,UNREVIEWED,candidate_needs_review
12.6,CH12,第十二章　设计责任的扩展：伦理、生态、参与和包容,女性主义设计批评,1,B0145,book,Ellen Lupton：《Mechanical Brides Women and Machines from Home to Office》,0.508937,UNREVIEWED,candidate_needs_review
12.6,CH12,第十二章　设计责任的扩展：伦理、生态、参与和包容,女性主义设计批评,2,B0230,book,John Thackara：《In the Bubble Designing in a Complex World》，2005,0.438759,UNREVIEWED,candidate_needs_review
12.6,CH12,第十二章　设计责任的扩展：伦理、生态、参与和包容,女性主义设计批评,3,B0132,book,"Dr Maxine Berg：《The Age of Manufactures, 1700-1820 - Industry, Innovation and Work in Britain》",0.405722,UNREVIEWED,candidate_needs_review
12.6,CH12,第十二章　设计责任的扩展：伦理、生态、参与和包容,女性主义设计批评,4,B0225,book,John Heskett：《Industrial Design》，1980,0.401508,UNREVIEWED,candidate_needs_review
12.6,CH12,第十二章　设计责任的扩展：伦理、生态、参与和包容,女性主义设计批评,5,B0515,book,阿德里安·福蒂：《欲求之物：1750年以来的设计与社会》，2001,0.390478,UNREVIEWED,candidate_needs_review
12.6,CH12,第十二章　设计责任的扩展：伦理、生态、参与和包容,女性主义设计批评,6,B0108,book,"Design discourse _ history, theory, criticism -- Margolin, Victor, 1941- -- Chic",0.388082,UNREVIEWED,candidate_needs_review
12.6,CH12,第十二章　设计责任的扩展：伦理、生态、参与和包容,女性主义设计批评,7,B0151,book,"Ezio Manzini：《Design, When Everybody Designs An Introduction to Design for Social Innovation》，2015",0.387633,UNREVIEWED,candidate_needs_review
12.6,CH12,第十二章　设计责任的扩展：伦理、生态、参与和包容,女性主义设计批评,8,B0012,book,Alastair Duncan：《American Art Deco (1986)》，1986,0.381944,UNREVIEWED,candidate_needs_review
12.6,CH12,第十二章　设计责任的扩展：伦理、生态、参与和包容,女性主义设计批评,9,B0100,book,David Crowley：《Warsaw》,0.381564,UNREVIEWED,candidate_needs_review
12.6,CH12,第十二章　设计责任的扩展：伦理、生态、参与和包容,女性主义设计批评,10,B0119,book,"Deyan Sudjic：《B is for Bauhaus, Y is for YouTube Designing the Modern World from A to Z》",0.380713,UNREVIEWED,candidate_needs_review
12.6,CH12,第十二章　设计责任的扩展：伦理、生态、参与和包容,女性主义设计批评,11,B0259,book,"Kenneth Pomeranz：《The Great Divergence China, Europe, and the Making of the Modern World Economy》",0.378182,UNREVIEWED,candidate_needs_review
12.6,CH12,第十二章　设计责任的扩展：伦理、生态、参与和包容,女性主义设计批评,12,B0211,book,"Joanne Entwistle：《The Fashioned Body Fashion, Dress and Modern Social Theory》，2000",0.378035,UNREVIEWED,candidate_needs_review
12.6,CH12,第十二章　设计责任的扩展：伦理、生态、参与和包容,女性主义设计批评,13,B0078,book,Chris Calori：《Signage and Wayfinding Design A Complete Guide to Creating Environ,0.377597,UNREVIEWED,candidate_needs_review
12.6,CH12,第十二章　设计责任的扩展：伦理、生态、参与和包容,女性主义设计批评,14,B0278,book,"Love objects _ emotion, design, and material culture -- Anna Moran (Editor), Sor",0.375997,UNREVIEWED,candidate_needs_review
12.6,CH12,第十二章　设计责任的扩展：伦理、生态、参与和包容,女性主义设计批评,15,B0058,book,"Buchanan, Richard; Margolin, Victor (eds.), Discovering Design, 1995",0.37456,UNREVIEWED,candidate_needs_review
12.6,CH12,第十二章　设计责任的扩展：伦理、生态、参与和包容,女性主义设计批评,16,B0140,book,Elizabeth (Dori) Tunstall：《Decolonizing Design A Cultural Justice Guidebook》,0.370536,UNREVIEWED,candidate_needs_review
12.6,CH12,第十二章　设计责任的扩展：伦理、生态、参与和包容,女性主义设计批评,17,B0130,book,Donald Quataert：《Ottoman Manufacturing in the Age of the Industrial Revolution》,0.366941,UNREVIEWED,candidate_needs_review
12.6,CH12,第十二章　设计责任的扩展：伦理、生态、参与和包容,女性主义设计批评,18,B0157,book,"Forty, Adrian：Objects of Desire, 1986",0.360822,UNREVIEWED,candidate_needs_review
12.6,CH12,第十二章　设计责任的扩展：伦理、生态、参与和包容,女性主义设计批评,19,B0331,book,Otl Aicher：《The World as Design》，1991,0.357115,UNREVIEWED,candidate_needs_review
12.6,CH12,第十二章　设计责任的扩展：伦理、生态、参与和包容,女性主义设计批评,20,B0406,book,Steven Heller Veronique Vienne：《Citizen Designer Perspectives on Design Responsi,0.356697,UNREVIEWED,candidate_needs_review
12.6,CH12,第十二章　设计责任的扩展：伦理、生态、参与和包容,女性主义设计批评,21,B0111,book,Design History and Culture ： Methods and Approaches -- Javier Gimeno-Martínez --,0.356614,UNREVIEWED,candidate_needs_review
12.6,CH12,第十二章　设计责任的扩展：伦理、生态、参与和包容,女性主义设计批评,22,B0107,book,Design Anthropology in Context _ An Introduction to Design -- Adam Drazin -- Lon,0.354751,UNREVIEWED,candidate_needs_review
12.6,CH12,第十二章　设计责任的扩展：伦理、生态、参与和包容,女性主义设计批评,23,B0290,book,"Margolin, Victor; Buchanan, Richard (eds.)：The Idea of Design：A Design Issues Reader, 1995",0.353568,UNREVIEWED,candidate_needs_review
12.6,CH12,第十二章　设计责任的扩展：伦理、生态、参与和包容,女性主义设计批评,24,B0489,book,李砚祖：《外国设计艺术经典论著选读(上)》，2004,0.353157,UNREVIEWED,candidate_needs_review
12.6,CH12,第十二章　设计责任的扩展：伦理、生态、参与和包容,女性主义设计批评,25,B0022,book,Anne Massey：《Interior Design of the 20th Century》，1990,0.34982,UNREVIEWED,candidate_needs_review
12.6,CH12,第十二章　设计责任的扩展：伦理、生态、参与和包容,女性主义设计批评,26,B0378,book,"Roy, Tirthankar：The Economic History of India, 1857-1947, 2000",0.34838,UNREVIEWED,candidate_needs_review
12.6,CH12,第十二章　设计责任的扩展：伦理、生态、参与和包容,女性主义设计批评,27,B0023,book,"Anthony Dunne, Fiona Raby：《Design Noir The Secret Life of Electronic Objects》",0.348313,UNREVIEWED,candidate_needs_review
12.6,CH12,第十二章　设计责任的扩展：伦理、生态、参与和包容,女性主义设计批评,28,B0015,book,Alice Rawsthorn：《Hello World Where Design Meets Life》，2013,0.347712,UNREVIEWED,candidate_needs_review
12.6,CH12,第十二章　设计责任的扩展：伦理、生态、参与和包容,女性主义设计批评,29,B0434,book,Victor Papanek：《Design for the Real World Human Ecology and Social Change》,0.347527,UNREVIEWED,candidate_needs_review
12.6,CH12,第十二章　设计责任的扩展：伦理、生态、参与和包容,女性主义设计批评,30,B0008,book,Adolf Loos：《Ornament and Crime》，2019,0.346584,UNREVIEWED,candidate_needs_review
12.7,CH12,第十二章　设计责任的扩展：伦理、生态、参与和包容,社会创新、社区设计与正义,1,B0149,book,"Epstein, Stephan R.; Prak, Maarten：Guilds, Innovation, and the European Economy, 1400-1800, 2008",0.428831,UNREVIEWED,candidate_needs_review
12.7,CH12,第十二章　设计责任的扩展：伦理、生态、参与和包容,社会创新、社区设计与正义,2,B0151,book,"Ezio Manzini：《Design, When Everybody Designs An Introduction to Design for Social Innovation》，2015",0.397282,UNREVIEWED,candidate_needs_review
12.7,CH12,第十二章　设计责任的扩展：伦理、生态、参与和包容,社会创新、社区设计与正义,3,B0015,book,Alice Rawsthorn：《Hello World Where Design Meets Life》，2013,0.378539,UNREVIEWED,candidate_needs_review
12.7,CH12,第十二章　设计责任的扩展：伦理、生态、参与和包容,社会创新、社区设计与正义,4,B0105,book,"Design and Creativity Policy, Management and Practice (Guy Julier Liz Moor (edit",0.371384,UNREVIEWED,candidate_needs_review
12.7,CH12,第十二章　设计责任的扩展：伦理、生态、参与和包容,社会创新、社区设计与正义,5,B0047,book,Bipan Chandra：《The rise and growth of economic nationalism in India economic pol,0.360158,UNREVIEWED,candidate_needs_review
12.7,CH12,第十二章　设计责任的扩展：伦理、生态、参与和包容,社会创新、社区设计与正义,6,B0017,book,Alison J. Clarke (ed.)：《Design Anthropology Object Cultures in Transition》,0.348648,UNREVIEWED,candidate_needs_review
12.7,CH12,第十二章　设计责任的扩展：伦理、生态、参与和包容,社会创新、社区设计与正义,7,B0339,book,"Paul Greenhalgh：《Ephemeral Vistas The Expositions Universelles, Great Exhibition",0.346844,UNREVIEWED,candidate_needs_review
12.7,CH12,第十二章　设计责任的扩展：伦理、生态、参与和包容,社会创新、社区设计与正义,8,B0473,book,周博：《现代设计伦理思想史》，2014,0.336591,UNREVIEWED,candidate_needs_review
12.7,CH12,第十二章　设计责任的扩展：伦理、生态、参与和包容,社会创新、社区设计与正义,9,B0011,book,"Alan Cooper, Robert Reimann, David Cronin, Christopher Noessel：《About Face The Essentials of Interaction Design》",0.329917,UNREVIEWED,candidate_needs_review
12.7,CH12,第十二章　设计责任的扩展：伦理、生态、参与和包容,社会创新、社区设计与正义,10,B0230,book,John Thackara：《In the Bubble Designing in a Complex World》，2005,0.32632,UNREVIEWED,candidate_needs_review
12.7,CH12,第十二章　设计责任的扩展：伦理、生态、参与和包容,社会创新、社区设计与正义,11,B0032,book,"Arturo Escobar：《Designs for the Pluriverse Radical Interdependence, Autonomy, and the Making of Worlds》，2018",0.32381,UNREVIEWED,candidate_needs_review
12.7,CH12,第十二章　设计责任的扩展：伦理、生态、参与和包容,社会创新、社区设计与正义,12,B0053,book,Brigitte Borja de Mozota：《Design Management Using Design to Build Brand Value and Corporate Innovation》，2003,0.319576,UNREVIEWED,candidate_needs_review
12.7,CH12,第十二章　设计责任的扩展：伦理、生态、参与和包容,社会创新、社区设计与正义,13,B0114,book,"Design, Empathy, Interpretation： Toward Interpretive Design -- Koskinen, Ilpo_ -",0.317861,UNREVIEWED,candidate_needs_review
12.7,CH12,第十二章　设计责任的扩展：伦理、生态、参与和包容,社会创新、社区设计与正义,14,B0406,book,Steven Heller Veronique Vienne：《Citizen Designer Perspectives on Design Responsi,0.317331,UNREVIEWED,candidate_needs_review
12.7,CH12,第十二章　设计责任的扩展：伦理、生态、参与和包容,社会创新、社区设计与正义,15,B0294,book,"Mark Stickdorn, Jakob Schneider：《This Is Service Design Thinking》，2010",0.313424,UNREVIEWED,candidate_needs_review
12.7,CH12,第十二章　设计责任的扩展：伦理、生态、参与和包容,社会创新、社区设计与正义,16,B0254,book,"Kathryn Best：《Design Management Managing Design Strategy, Process and Implementation》",0.312639,UNREVIEWED,candidate_needs_review
12.7,CH12,第十二章　设计责任的扩展：伦理、生态、参与和包容,社会创新、社区设计与正义,17,B0194,book,Ida Engholm：《Design for the New World From Human Design to Planet Design》，2023,0.308166,UNREVIEWED,candidate_needs_review
12.7,CH12,第十二章　设计责任的扩展：伦理、生态、参与和包容,社会创新、社区设计与正义,18,B0028,book,"Appadurai, Arjun (ed.)：The Social Life of Things：Commodities in Cultural Perspective, 1986",0.307837,UNREVIEWED,candidate_needs_review
12.7,CH12,第十二章　设计责任的扩展：伦理、生态、参与和包容,社会创新、社区设计与正义,19,B0327,book,"None：《China design now , None》",0.307285,UNREVIEWED,candidate_needs_review
12.7,CH12,第十二章　设计责任的扩展：伦理、生态、参与和包容,社会创新、社区设计与正义,20,B0099,book,"David Crowley, Susan E. Reid：《Socialist Spaces Sites of Everyday Life in the Eastern Bloc》，2002",0.30691,UNREVIEWED,candidate_needs_review
12.7,CH12,第十二章　设计责任的扩展：伦理、生态、参与和包容,社会创新、社区设计与正义,21,B0426,book,Tim Brown：《Change by Design How Design Thinking Transforms Organizations and Inspires Innovation》,0.306145,UNREVIEWED,candidate_needs_review
12.7,CH12,第十二章　设计责任的扩展：伦理、生态、参与和包容,社会创新、社区设计与正义,22,B0356,book,"Rachel Charlotte Smith, Ton Otto, Wendy Gunn：《Design Anthropology Theory and Practice》",0.301733,UNREVIEWED,candidate_needs_review
12.7,CH12,第十二章　设计责任的扩展：伦理、生态、参与和包容,社会创新、社区设计与正义,23,B0312,book,Mihaly Csikszentmihalyi：《Creativity》,0.299987,UNREVIEWED,candidate_needs_review
12.7,CH12,第十二章　设计责任的扩展：伦理、生态、参与和包容,社会创新、社区设计与正义,24,B0226,book,John Heskett：《Toothpicks and Logos Design in Everyday Life》,0.299147,UNREVIEWED,candidate_needs_review
12.7,CH12,第十二章　设计责任的扩展：伦理、生态、参与和包容,社会创新、社区设计与正义,25,B0191,book,Holmes：《Mismatch How Inclusion Shapes Design》,0.298309,UNREVIEWED,candidate_needs_review
12.7,CH12,第十二章　设计责任的扩展：伦理、生态、参与和包容,社会创新、社区设计与正义,26,B0313,book,Mike Davis：《Late Victorian Holocausts El Nino Famines and the Making of the Third World》,0.298216,UNREVIEWED,candidate_needs_review
12.7,CH12,第十二章　设计责任的扩展：伦理、生态、参与和包容,社会创新、社区设计与正义,27,B0399,book,"Sparke, Penny; Fisher, Fiona (eds.), The Routledge Companion to Design Studies, 2016",0.297048,UNREVIEWED,candidate_needs_review
12.7,CH12,第十二章　设计责任的扩展：伦理、生态、参与和包容,社会创新、社区设计与正义,28,B0033,book,Arturo Escobar：《Designs for the Pluriverse，2018》,0.295476,UNREVIEWED,candidate_needs_review
12.7,CH12,第十二章　设计责任的扩展：伦理、生态、参与和包容,社会创新、社区设计与正义,29,B0054,book,"Bringing design to software (Terry Winograd, (ed.))",0.295449,UNREVIEWED,candidate_needs_review
12.7,CH12,第十二章　设计责任的扩展：伦理、生态、参与和包容,社会创新、社区设计与正义,30,B0104,book,Deposit Insurance around the World： Issues of Design and -- AslÄ± DemirgÃ1⁄4Ã§-K,0.29363,UNREVIEWED,candidate_needs_review
13.1,CH13,第十三章　全球生产、品牌系统与中国设计转型（1978—2008）,后福特生产与供应链,1,B0005,book,"Adamson, Glenn; Riello, Giorgio; Teasley, Sarah (eds.), Global Design History, 2011",0.44395,UNREVIEWED,candidate_needs_review
13.1,CH13,第十三章　全球生产、品牌系统与中国设计转型（1978—2008）,后福特生产与供应链,2,B0242,book,Julier：《The culture of design，2018》,0.441579,UNREVIEWED,candidate_needs_review
13.1,CH13,第十三章　全球生产、品牌系统与中国设计转型（1978—2008）,后福特生产与供应链,3,B0180,book,Guy Julier：《The Culture of Design》，2000,0.431608,UNREVIEWED,candidate_needs_review
13.1,CH13,第十三章　全球生产、品牌系统与中国设计转型（1978—2008）,后福特生产与供应链,4,B0192,book,"Hounshell：《From the American system to mass production, 1800-1932 the developmen",0.415045,UNREVIEWED,candidate_needs_review
13.1,CH13,第十三章　全球生产、品牌系统与中国设计转型（1978—2008）,后福特生产与供应链,5,B0250,book,"Kate Fletcher, Lynda Grose：《Fashion & Sustainability Design for Change》，2012",0.413746,UNREVIEWED,candidate_needs_review
13.1,CH13,第十三章　全球生产、品牌系统与中国设计转型（1978—2008）,后福特生产与供应链,6,B0105,book,"Design and Creativity Policy, Management and Practice (Guy Julier Liz Moor (edit",0.398699,UNREVIEWED,candidate_needs_review
13.1,CH13,第十三章　全球生产、品牌系统与中国设计转型（1978—2008）,后福特生产与供应链,7,B0170,book,Glenn Adamson：《Global Design History》,0.395452,UNREVIEWED,candidate_needs_review
13.1,CH13,第十三章　全球生产、品牌系统与中国设计转型（1978—2008）,后福特生产与供应链,8,B0040,book,"Beckert, Sven：Empire of Cotton：A Global History, 2014",0.378242,UNREVIEWED,candidate_needs_review
13.1,CH13,第十三章　全球生产、品牌系统与中国设计转型（1978—2008）,后福特生产与供应链,9,B0230,book,John Thackara：《In the Bubble Designing in a Complex World》，2005,0.377308,UNREVIEWED,candidate_needs_review
13.1,CH13,第十三章　全球生产、品牌系统与中国设计转型（1978—2008）,后福特生产与供应链,10,B0102,book,David Raizman：《History of Modern Design》，2023,0.373882,UNREVIEWED,candidate_needs_review
13.1,CH13,第十三章　全球生产、品牌系统与中国设计转型（1978—2008）,后福特生产与供应链,11,B0015,book,Alice Rawsthorn：《Hello World Where Design Meets Life》，2013,0.368128,UNREVIEWED,candidate_needs_review
13.1,CH13,第十三章　全球生产、品牌系统与中国设计转型（1978—2008）,后福特生产与供应链,12,B0478,book,大卫·瑞兹曼 (David Raizman)：《现代设计史（第2版）》，2013,0.365061,UNREVIEWED,candidate_needs_review
13.1,CH13,第十三章　全球生产、品牌系统与中国设计转型（1978—2008）,后福特生产与供应链,13,P0061,paper,"Stephen L. Vargo, Robert F. Lusch：《Evolving to a New Dominant Logic for Marketing》，2004",0.358468,UNREVIEWED,candidate_needs_review
13.1,CH13,第十三章　全球生产、品牌系统与中国设计转型（1978—2008）,后福特生产与供应链,14,B0211,book,"Joanne Entwistle：《The Fashioned Body Fashion, Dress and Modern Social Theory》，2000",0.354825,UNREVIEWED,candidate_needs_review
13.1,CH13,第十三章　全球生产、品牌系统与中国设计转型（1978—2008）,后福特生产与供应链,15,B0273,book,"Lees-Maffei, Grace; Houze, Rebecca (eds.)：The Design History Reader, 2010",0.349904,UNREVIEWED,candidate_needs_review
13.1,CH13,第十三章　全球生产、品牌系统与中国设计转型（1978—2008）,后福特生产与供应链,16,B0188,book,"Heskett, John：Design：A Very Short Introduction, 2005",0.345177,UNREVIEWED,candidate_needs_review
13.1,CH13,第十三章　全球生产、品牌系统与中国设计转型（1978—2008）,后福特生产与供应链,17,B0142,book,"Elizabeth Shove, Matthew Watson, Martin Hand, Jack Ingram：《The Design of Everyday Life》，2007",0.344045,UNREVIEWED,candidate_needs_review
13.1,CH13,第十三章　全球生产、品牌系统与中国设计转型（1978—2008）,后福特生产与供应链,18,B0169,book,Giorgio Riello：《Cotton The Fabric That Made the Modern World》,0.343383,UNREVIEWED,candidate_needs_review
13.1,CH13,第十三章　全球生产、品牌系统与中国设计转型（1978—2008）,后福特生产与供应链,19,B0160,book,Fuad-Luke：《The eco-design handbook a complete sourcebook for the home and office》,0.337881,UNREVIEWED,candidate_needs_review
13.1,CH13,第十三章　全球生产、品牌系统与中国设计转型（1978—2008）,后福特生产与供应链,20,B0357,book,"Rachel Davies-Cooper, Mike Press：《The Design Agenda》，1995",0.333595,UNREVIEWED,candidate_needs_review
13.1,CH13,第十三章　全球生产、品牌系统与中国设计转型（1978—2008）,后福特生产与供应链,21,B0254,book,"Kathryn Best：《Design Management Managing Design Strategy, Process and Implementation》",0.332516,UNREVIEWED,candidate_needs_review
13.1,CH13,第十三章　全球生产、品牌系统与中国设计转型（1978—2008）,后福特生产与供应链,22,B0226,book,John Heskett：《Toothpicks and Logos Design in Everyday Life》,0.328276,UNREVIEWED,candidate_needs_review
13.1,CH13,第十三章　全球生产、品牌系统与中国设计转型（1978—2008）,后福特生产与供应链,23,B0251,book,Kate Fletcher：《Sustainable Fashion and Textiles Design Journeys》，2008,0.328042,UNREVIEWED,candidate_needs_review
13.1,CH13,第十三章　全球生产、品牌系统与中国设计转型（1978—2008）,后福特生产与供应链,24,B0154,book,Finlay Robert：《The pilgrim art cultures of porcelain in world history》,0.323841,UNREVIEWED,candidate_needs_review
13.1,CH13,第十三章　全球生产、品牌系统与中国设计转型（1978—2008）,后福特生产与供应链,25,B0234,book,Jonathan M. Woodham：《Dictionary of Modern Design》,0.322825,UNREVIEWED,candidate_needs_review
13.1,CH13,第十三章　全球生产、品牌系统与中国设计转型（1978—2008）,后福特生产与供应链,26,B0327,book,"None：《China design now , None》",0.320744,UNREVIEWED,candidate_needs_review
13.1,CH13,第十三章　全球生产、品牌系统与中国设计转型（1978—2008）,后福特生产与供应链,27,B0143,book,Elizabeth Wilson：《Adorned in Dreams Fashion and Modernity》,0.320192,UNREVIEWED,candidate_needs_review
13.1,CH13,第十三章　全球生产、品牌系统与中国设计转型（1978—2008）,后福特生产与供应链,28,B0053,book,Brigitte Borja de Mozota：《Design Management Using Design to Build Brand Value and Corporate Innovation》，2003,0.318179,UNREVIEWED,candidate_needs_review
13.1,CH13,第十三章　全球生产、品牌系统与中国设计转型（1978—2008）,后福特生产与供应链,29,B0288,book,"Margolin, Victor, World History of Design, Volume 1, 2015",0.316792,UNREVIEWED,candidate_needs_review
13.1,CH13,第十三章　全球生产、品牌系统与中国设计转型（1978—2008）,后福特生产与供应链,30,B0345,book,Penny Sparke：《An Introduction to Design and Culture 1900 to the Present》,0.314291,UNREVIEWED,candidate_needs_review
13.2,CH13,第十三章　全球生产、品牌系统与中国设计转型（1978—2008）,品牌从标志到体验系统,1,B0116,book,Designing Interactions,0.42814,UNREVIEWED,candidate_needs_review
13.2,CH13,第十三章　全球生产、品牌系统与中国设计转型（1978—2008）,品牌从标志到体验系统,2,B0046,book,Bill Moggridge：《Designing Interactions》，2007,0.393353,UNREVIEWED,candidate_needs_review
13.2,CH13,第十三章　全球生产、品牌系统与中国设计转型（1978—2008）,品牌从标志到体验系统,3,B0254,book,"Kathryn Best：《Design Management Managing Design Strategy, Process and Implementation》",0.392086,UNREVIEWED,candidate_needs_review
13.2,CH13,第十三章　全球生产、品牌系统与中国设计转型（1978—2008）,品牌从标志到体验系统,4,B0180,book,Guy Julier：《The Culture of Design》，2000,0.389894,UNREVIEWED,candidate_needs_review
13.2,CH13,第十三章　全球生产、品牌系统与中国设计转型（1978—2008）,品牌从标志到体验系统,5,B0188,book,"Heskett, John：Design：A Very Short Introduction, 2005",0.374337,UNREVIEWED,candidate_needs_review
13.2,CH13,第十三章　全球生产、品牌系统与中国设计转型（1978—2008）,品牌从标志到体验系统,6,B0053,book,Brigitte Borja de Mozota：《Design Management Using Design to Build Brand Value and Corporate Innovation》，2003,0.370693,UNREVIEWED,candidate_needs_review
13.2,CH13,第十三章　全球生产、品牌系统与中国设计转型（1978—2008）,品牌从标志到体验系统,7,B0210,book,"Joan Greenbaum, Morten Kyng (eds.)：《Design at Work Cooperative Design of Computer Systems》",0.367523,UNREVIEWED,candidate_needs_review
13.2,CH13,第十三章　全球生产、品牌系统与中国设计转型（1978—2008）,品牌从标志到体验系统,8,B0426,book,Tim Brown：《Change by Design How Design Thinking Transforms Organizations and Inspires Innovation》,0.350115,UNREVIEWED,candidate_needs_review
13.2,CH13,第十三章　全球生产、品牌系统与中国设计转型（1978—2008）,品牌从标志到体验系统,9,B0472,book,周博：《断裂与绵延：中国现代设计史研究》，2019,0.349383,UNREVIEWED,candidate_needs_review
13.2,CH13,第十三章　全球生产、品牌系统与中国设计转型（1978—2008）,品牌从标志到体验系统,10,B0294,book,"Mark Stickdorn, Jakob Schneider：《This Is Service Design Thinking》，2010",0.348766,UNREVIEWED,candidate_needs_review
13.2,CH13,第十三章　全球生产、品牌系统与中国设计转型（1978—2008）,品牌从标志到体验系统,11,B0075,book,"Charlotte Fiell, Peter Fiell：《Design of the 20th Century》，1999",0.34598,UNREVIEWED,candidate_needs_review
13.2,CH13,第十三章　全球生产、品牌系统与中国设计转型（1978—2008）,品牌从标志到体验系统,12,B0102,book,David Raizman：《History of Modern Design》，2023,0.342231,UNREVIEWED,candidate_needs_review
13.2,CH13,第十三章　全球生产、品牌系统与中国设计转型（1978—2008）,品牌从标志到体验系统,13,B0214,book,"Johanna Drucker, Emily McVarish：《Graphic Design History A Critical Guide》，2009",0.334513,UNREVIEWED,candidate_needs_review
13.2,CH13,第十三章　全球生产、品牌系统与中国设计转型（1978—2008）,品牌从标志到体验系统,14,B0230,book,John Thackara：《In the Bubble Designing in a Complex World》，2005,0.33418,UNREVIEWED,candidate_needs_review
13.2,CH13,第十三章　全球生产、品牌系统与中国设计转型（1978—2008）,品牌从标志到体验系统,15,B0015,book,Alice Rawsthorn：《Hello World Where Design Meets Life》，2013,0.325723,UNREVIEWED,candidate_needs_review
13.2,CH13,第十三章　全球生产、品牌系统与中国设计转型（1978—2008）,品牌从标志到体验系统,16,B0194,book,Ida Engholm：《Design for the New World From Human Design to Planet Design》，2023,0.323659,UNREVIEWED,candidate_needs_review
13.2,CH13,第十三章　全球生产、品牌系统与中国设计转型（1978—2008）,品牌从标志到体验系统,17,B0221,book,John Clifford：《Graphic Icons Visionaries Who Shaped Modern Graphic Design》，2014,0.323372,UNREVIEWED,candidate_needs_review
13.2,CH13,第十三章　全球生产、品牌系统与中国设计转型（1978—2008）,品牌从标志到体验系统,18,B0179,book,Guy Julier：《From Visual Culture to Design Culture》,0.321229,UNREVIEWED,candidate_needs_review
13.2,CH13,第十三章　全球生产、品牌系统与中国设计转型（1978—2008）,品牌从标志到体验系统,19,B0006,book,"Adburgham, Alison：《Libertys a biography of a shop》",0.31345,UNREVIEWED,candidate_needs_review
13.2,CH13,第十三章　全球生产、品牌系统与中国设计转型（1978—2008）,品牌从标志到体验系统,20,B0300,book,Matt Jones：《Mobile Interaction Design》,0.313105,UNREVIEWED,candidate_needs_review
13.2,CH13,第十三章　全球生产、品牌系统与中国设计转型（1978—2008）,品牌从标志到体验系统,21,B0057,book,"Buchanan, Richard; Doordan, Dennis P.; Margolin, Victor (eds.), The Designed World, 2010",0.312514,UNREVIEWED,candidate_needs_review
13.2,CH13,第十三章　全球生产、品牌系统与中国设计转型（1978—2008）,品牌从标志到体验系统,22,B0306,book,"Meggs, Philip B.; Purvis, Alston W.：Meggs' History of Graphic Design, 2016",0.312162,UNREVIEWED,candidate_needs_review
13.2,CH13,第十三章　全球生产、品牌系统与中国设计转型（1978—2008）,品牌从标志到体验系统,23,B0327,book,"None：《China design now , None》",0.311043,UNREVIEWED,candidate_needs_review
13.2,CH13,第十三章　全球生产、品牌系统与中国设计转型（1978—2008）,品牌从标志到体验系统,24,B0109,book,Design Fiction_ A Method Toolbox for Design Research in a -- Martin Wiedmer; Sim,0.310974,UNREVIEWED,candidate_needs_review
13.2,CH13,第十三章　全球生产、品牌系统与中国设计转型（1978—2008）,品牌从标志到体验系统,25,B0128,book,Donald A. Schön：《The Reflective Practitioner How Professionals Think In Action》,0.306352,UNREVIEWED,candidate_needs_review
13.2,CH13,第十三章　全球生产、品牌系统与中国设计转型（1978—2008）,品牌从标志到体验系统,26,B0054,book,"Bringing design to software (Terry Winograd, (ed.))",0.306095,UNREVIEWED,candidate_needs_review
13.2,CH13,第十三章　全球生产、品牌系统与中国设计转型（1978—2008）,品牌从标志到体验系统,27,B0163,book,Garrett：《The elements of user experience user-centered design for the Web and beyond》,0.303219,UNREVIEWED,candidate_needs_review
13.2,CH13,第十三章　全球生产、品牌系统与中国设计转型（1978—2008）,品牌从标志到体验系统,28,B0374,book,Roger L. Martin：《The Design of Business》，2009,0.302375,UNREVIEWED,candidate_needs_review
13.2,CH13,第十三章　全球生产、品牌系统与中国设计转型（1978—2008）,品牌从标志到体验系统,29,B0126,book,Donald A. Norman：《Emotional Design Why We Love (Or Hate) Everyday Things》,0.29974,UNREVIEWED,candidate_needs_review
13.2,CH13,第十三章　全球生产、品牌系统与中国设计转型（1978—2008）,品牌从标志到体验系统,30,B0105,book,"Design and Creativity Policy, Management and Practice (Guy Julier Liz Moor (edit",0.293741,UNREVIEWED,candidate_needs_review
13.3,CH13,第十三章　全球生产、品牌系统与中国设计转型（1978—2008）,跨国公司、区域流动与地方市场,1,B0461,book,World History Of Design - Volume 2_ World War I To World War -- Victor Margolin,0.419183,UNREVIEWED,candidate_needs_review
13.3,CH13,第十三章　全球生产、品牌系统与中国设计转型（1978—2008）,跨国公司、区域流动与地方市场,2,B0084,book,"Clive Dilnot：《A John Heskett Reader Design, History, Economics》",0.38742,UNREVIEWED,candidate_needs_review
13.3,CH13,第十三章　全球生产、品牌系统与中国设计转型（1978—2008）,跨国公司、区域流动与地方市场,3,B0472,book,周博：《断裂与绵延：中国现代设计史研究》，2019,0.372467,UNREVIEWED,candidate_needs_review
13.3,CH13,第十三章　全球生产、品牌系统与中国设计转型（1978—2008）,跨国公司、区域流动与地方市场,4,B0154,book,Finlay Robert：《The pilgrim art cultures of porcelain in world history》,0.372465,UNREVIEWED,candidate_needs_review
13.3,CH13,第十三章　全球生产、品牌系统与中国设计转型（1978—2008）,跨国公司、区域流动与地方市场,5,B0005,book,"Adamson, Glenn; Riello, Giorgio; Teasley, Sarah (eds.), Global Design History, 2011",0.370609,UNREVIEWED,candidate_needs_review
13.3,CH13,第十三章　全球生产、品牌系统与中国设计转型（1978—2008）,跨国公司、区域流动与地方市场,6,B0292,book,Margolin：《World history of design》,0.363927,UNREVIEWED,candidate_needs_review
13.3,CH13,第十三章　全球生产、品牌系统与中国设计转型（1978—2008）,跨国公司、区域流动与地方市场,7,B0170,book,Glenn Adamson：《Global Design History》,0.358117,UNREVIEWED,candidate_needs_review
13.3,CH13,第十三章　全球生产、品牌系统与中国设计转型（1978—2008）,跨国公司、区域流动与地方市场,8,B0181,book,"Guy, John：Woven Cargoes：Indian Textiles in the East, 1998",0.350262,UNREVIEWED,candidate_needs_review
13.3,CH13,第十三章　全球生产、品牌系统与中国设计转型（1978—2008）,跨国公司、区域流动与地方市场,9,B0230,book,John Thackara：《In the Bubble Designing in a Complex World》，2005,0.338513,UNREVIEWED,candidate_needs_review
13.3,CH13,第十三章　全球生产、品牌系统与中国设计转型（1978—2008）,跨国公司、区域流动与地方市场,10,B0465,book,万长林：《香港平面设计史》，2012,0.337004,UNREVIEWED,candidate_needs_review
13.3,CH13,第十三章　全球生产、品牌系统与中国设计转型（1978—2008）,跨国公司、区域流动与地方市场,11,B0014,book,"Alexey Brodovitch：《Kerry William Purcell; Alexey Brodovitch -- 2002, 2002 -- Pha",0.331804,UNREVIEWED,candidate_needs_review
13.3,CH13,第十三章　全球生产、品牌系统与中国设计转型（1978—2008）,跨国公司、区域流动与地方市场,12,B0289,book,"Margolin, Victor, World History of Design, Volume 2, 2015",0.331755,UNREVIEWED,candidate_needs_review
13.3,CH13,第十三章　全球生产、品牌系统与中国设计转型（1978—2008）,跨国公司、区域流动与地方市场,13,B0180,book,Guy Julier：《The Culture of Design》，2000,0.328694,UNREVIEWED,candidate_needs_review
13.3,CH13,第十三章　全球生产、品牌系统与中国设计转型（1978—2008）,跨国公司、区域流动与地方市场,14,B0221,book,John Clifford：《Graphic Icons Visionaries Who Shaped Modern Graphic Design》，2014,0.327176,UNREVIEWED,candidate_needs_review
13.3,CH13,第十三章　全球生产、品牌系统与中国设计转型（1978—2008）,跨国公司、区域流动与地方市场,15,B0327,book,"None：《China design now , None》",0.325048,UNREVIEWED,candidate_needs_review
13.3,CH13,第十三章　全球生产、品牌系统与中国设计转型（1978—2008）,跨国公司、区域流动与地方市场,16,P0021,paper,"Design history _ an anthology -- Doordan, Dennis P -- A Design issues reader, Ca",0.323485,UNREVIEWED,candidate_needs_review
13.3,CH13,第十三章　全球生产、品牌系统与中国设计转型（1978—2008）,跨国公司、区域流动与地方市场,17,B0006,book,"Adburgham, Alison：《Libertys a biography of a shop》",0.323186,UNREVIEWED,candidate_needs_review
13.3,CH13,第十三章　全球生产、品牌系统与中国设计转型（1978—2008）,跨国公司、区域流动与地方市场,18,B0209,book,Jeremy Prestholdt：《Domesticating the World African Consumerism and the Genealogies of Globalization》,0.321099,UNREVIEWED,candidate_needs_review
13.3,CH13,第十三章　全球生产、品牌系统与中国设计转型（1978—2008）,跨国公司、区域流动与地方市场,19,B0023,book,"Anthony Dunne, Fiona Raby：《Design Noir The Secret Life of Electronic Objects》",0.319575,UNREVIEWED,candidate_needs_review
13.3,CH13,第十三章　全球生产、品牌系统与中国设计转型（1978—2008）,跨国公司、区域流动与地方市场,20,B0336,book,"Paul B. Niell, Stacie G. Widdifield：《Buen Gusto and Classicism in the Visual Cultures of Latin America, 1780-1910》",0.317545,UNREVIEWED,candidate_needs_review
13.3,CH13,第十三章　全球生产、品牌系统与中国设计转型（1978—2008）,跨国公司、区域流动与地方市场,21,B0492,book,"杭间, 靳埭强, 胡恩威：《包豪斯道路：历史、遗泽、世界与中国》，2010",0.316759,UNREVIEWED,candidate_needs_review
13.3,CH13,第十三章　全球生产、品牌系统与中国设计转型（1978—2008）,跨国公司、区域流动与地方市场,22,B0307,book,"Michael Braungart, William McDonough：《Cradle to cradle remaking the way we make things》",0.316409,UNREVIEWED,candidate_needs_review
13.3,CH13,第十三章　全球生产、品牌系统与中国设计转型（1978—2008）,跨国公司、区域流动与地方市场,23,B0288,book,"Margolin, Victor, World History of Design, Volume 1, 2015",0.314231,UNREVIEWED,candidate_needs_review
13.3,CH13,第十三章　全球生产、品牌系统与中国设计转型（1978—2008）,跨国公司、区域流动与地方市场,24,B0083,book,"Clark, Hazel; Brody, David (eds.), Design Studies： A Reader, 2009",0.311128,UNREVIEWED,candidate_needs_review
13.3,CH13,第十三章　全球生产、品牌系统与中国设计转型（1978—2008）,跨国公司、区域流动与地方市场,25,B0281,book,"M. Havinden：《Colonialism and Development Britain and Its Tropical Colonies, 1850-1960》",0.309664,UNREVIEWED,candidate_needs_review
13.3,CH13,第十三章　全球生产、品牌系统与中国设计转型（1978—2008）,跨国公司、区域流动与地方市场,26,B0077,book,Chermayeff：《Identify. Basic Principles of Identity Design in the Iconic Trademar,0.306507,UNREVIEWED,candidate_needs_review
13.3,CH13,第十三章　全球生产、品牌系统与中国设计转型（1978—2008）,跨国公司、区域流动与地方市场,27,B0218,book,John A. Lent：《Asian Comics》,0.305576,UNREVIEWED,candidate_needs_review
13.3,CH13,第十三章　全球生产、品牌系统与中国设计转型（1978—2008）,跨国公司、区域流动与地方市场,28,B0102,book,David Raizman：《History of Modern Design》，2023,0.3004,UNREVIEWED,candidate_needs_review
13.3,CH13,第十三章　全球生产、品牌系统与中国设计转型（1978—2008）,跨国公司、区域流动与地方市场,29,B0034,book,Arwas：《Art deco》,0.295786,UNREVIEWED,candidate_needs_review
13.3,CH13,第十三章　全球生产、品牌系统与中国设计转型（1978—2008）,跨国公司、区域流动与地方市场,30,P0065,paper,Thackara John：《In the Bubble. Designing in a Complex World》,0.295322,UNREVIEWED,candidate_needs_review
13.4,CH13,第十三章　全球生产、品牌系统与中国设计转型（1978—2008）,设计教育、学科史与职业制度恢复,1,B0511,book,赵农：《中国艺术设计史》,0.434214,UNREVIEWED,candidate_needs_review
13.4,CH13,第十三章　全球生产、品牌系统与中国设计转型（1978—2008）,设计教育、学科史与职业制度恢复,2,B0494,book,杭间：《手艺的思想(修订版)》，2017,0.409401,UNREVIEWED,candidate_needs_review
13.4,CH13,第十三章　全球生产、品牌系统与中国设计转型（1978—2008）,设计教育、学科史与职业制度恢复,3,B0485,book,曹小鸥：《中国现代设计思想：生活、启蒙、变迁》，2018,0.393844,UNREVIEWED,candidate_needs_review
13.4,CH13,第十三章　全球生产、品牌系统与中国设计转型（1978—2008）,设计教育、学科史与职业制度恢复,4,B0327,book,"None：《China design now , None》",0.366921,UNREVIEWED,candidate_needs_review
13.4,CH13,第十三章　全球生产、品牌系统与中国设计转型（1978—2008）,设计教育、学科史与职业制度恢复,5,B0488,book,"李砚祖, 王春雨：《室内设计史》，2013",0.35337,UNREVIEWED,candidate_needs_review
13.4,CH13,第十三章　全球生产、品牌系统与中国设计转型（1978—2008）,设计教育、学科史与职业制度恢复,6,B0411,book,teaching design -- (德)克劳斯·雷曼(Klaus Lehmann)：《设计教育 教育设计》,0.351551,UNREVIEWED,candidate_needs_review
13.4,CH13,第十三章　全球生产、品牌系统与中国设计转型（1978—2008）,设计教育、学科史与职业制度恢复,7,B0495,book,杭间：《设计道：中国设计的基本问题》，2008,0.351172,UNREVIEWED,candidate_needs_review
13.4,CH13,第十三章　全球生产、品牌系统与中国设计转型（1978—2008）,设计教育、学科史与职业制度恢复,8,B0493,book,杭间：《中国工艺美学史(第三版修订本)》，2018,0.350472,UNREVIEWED,candidate_needs_review
13.4,CH13,第十三章　全球生产、品牌系统与中国设计转型（1978—2008）,设计教育、学科史与职业制度恢复,9,B0396,book,"Silverman：《Art nouveau in fin-de-siècle France politics, psychology, and style》",0.35012,UNREVIEWED,candidate_needs_review
13.4,CH13,第十三章　全球生产、品牌系统与中国设计转型（1978—2008）,设计教育、学科史与职业制度恢复,10,B0199,book,James：《Picture this World War I posters and visual culture》,0.339983,UNREVIEWED,candidate_needs_review
13.4,CH13,第十三章　全球生产、品牌系统与中国设计转型（1978—2008）,设计教育、学科史与职业制度恢复,11,B0022,book,Anne Massey：《Interior Design of the 20th Century》，1990,0.336707,UNREVIEWED,candidate_needs_review
13.4,CH13,第十三章　全球生产、品牌系统与中国设计转型（1978—2008）,设计教育、学科史与职业制度恢复,12,B0066,book,Carroll Gantz：《Founders of American Industrial Design》，2014,0.336329,UNREVIEWED,candidate_needs_review
13.4,CH13,第十三章　全球生产、品牌系统与中国设计转型（1978—2008）,设计教育、学科史与职业制度恢复,13,B0266,book,Landsberger：《Chinese propaganda posters from revolution to modernization》,0.334692,UNREVIEWED,candidate_needs_review
13.4,CH13,第十三章　全球生产、品牌系统与中国设计转型（1978—2008）,设计教育、学科史与职业制度恢复,14,B0084,book,"Clive Dilnot：《A John Heskett Reader Design, History, Economics》",0.334645,UNREVIEWED,candidate_needs_review
13.4,CH13,第十三章　全球生产、品牌系统与中国设计转型（1978—2008）,设计教育、学科史与职业制度恢复,15,B0185,book,Heller：《Paul Rand》,0.332422,UNREVIEWED,candidate_needs_review
13.4,CH13,第十三章　全球生产、品牌系统与中国设计转型（1978—2008）,设计教育、学科史与职业制度恢复,16,P0022,paper,"Design Issues：Editors (2004-2013), 2014",0.332273,UNREVIEWED,candidate_needs_review
13.4,CH13,第十三章　全球生产、品牌系统与中国设计转型（1978—2008）,设计教育、学科史与职业制度恢复,17,B0170,book,Glenn Adamson：《Global Design History》,0.331692,UNREVIEWED,candidate_needs_review
13.4,CH13,第十三章　全球生产、品牌系统与中国设计转型（1978—2008）,设计教育、学科史与职业制度恢复,18,B0093,book,"CROSS, NIGEL. From a Design Science to a Design Discipline Understanding Designe",0.330414,UNREVIEWED,candidate_needs_review
13.4,CH13,第十三章　全球生产、品牌系统与中国设计转型（1978—2008）,设计教育、学科史与职业制度恢复,19,B0014,book,"Alexey Brodovitch：《Kerry William Purcell; Alexey Brodovitch -- 2002, 2002 -- Pha",0.328556,UNREVIEWED,candidate_needs_review
13.4,CH13,第十三章　全球生产、品牌系统与中国设计转型（1978—2008）,设计教育、学科史与职业制度恢复,20,B0073,book,"Charlotte Benton, Tim Benton：《Art Deco 1910–1939》",0.316904,UNREVIEWED,candidate_needs_review
13.4,CH13,第十三章　全球生产、品牌系统与中国设计转型（1978—2008）,设计教育、学科史与职业制度恢复,21,B0069,book,"Catriona Kelly, David Shepherd：《Constructing Russian culture in the age of revolution, 1881-1940》",0.316074,UNREVIEWED,candidate_needs_review
13.4,CH13,第十三章　全球生产、品牌系统与中国设计转型（1978—2008）,设计教育、学科史与职业制度恢复,22,B0154,book,Finlay Robert：《The pilgrim art cultures of porcelain in world history》,0.315921,UNREVIEWED,candidate_needs_review
13.4,CH13,第十三章　全球生产、品牌系统与中国设计转型（1978—2008）,设计教育、学科史与职业制度恢复,23,B0212,book,Joel Mokyr：《The lever of riches - technological creativity and economic progress (1990)》,0.314297,UNREVIEWED,candidate_needs_review
13.4,CH13,第十三章　全球生产、品牌系统与中国设计转型（1978—2008）,设计教育、学科史与职业制度恢复,24,B0079,book,"Christopher A. Reed：《Gutenberg in Shanghai Chinese Print Capitalism, 1876-1937》",0.313079,UNREVIEWED,candidate_needs_review
13.4,CH13,第十三章　全球生产、品牌系统与中国设计转型（1978—2008）,设计教育、学科史与职业制度恢复,25,B0053,book,Brigitte Borja de Mozota：《Design Management Using Design to Build Brand Value and Corporate Innovation》，2003,0.311941,UNREVIEWED,candidate_needs_review
13.4,CH13,第十三章　全球生产、品牌系统与中国设计转型（1978—2008）,设计教育、学科史与职业制度恢复,26,B0159,book,"Frayling, Christopher：Art and Design：100 Years at the Royal College of Art, 1999",0.310076,UNREVIEWED,candidate_needs_review
13.4,CH13,第十三章　全球生产、品牌系统与中国设计转型（1978—2008）,设计教育、学科史与职业制度恢复,27,B0289,book,"Margolin, Victor, World History of Design, Volume 2, 2015",0.309335,UNREVIEWED,candidate_needs_review
13.4,CH13,第十三章　全球生产、品牌系统与中国设计转型（1978—2008）,设计教育、学科史与职业制度恢复,28,B0031,book,Arthur J. Pulos：《American design ethic a history of industrial design to 1940》,0.308809,UNREVIEWED,candidate_needs_review
13.4,CH13,第十三章　全球生产、品牌系统与中国设计转型（1978—2008）,设计教育、学科史与职业制度恢复,29,P0021,paper,"Design history _ an anthology -- Doordan, Dennis P -- A Design issues reader, Ca",0.307737,UNREVIEWED,candidate_needs_review
13.4,CH13,第十三章　全球生产、品牌系统与中国设计转型（1978—2008）,设计教育、学科史与职业制度恢复,30,B0059,book,"Buchanan, Richard; Margolin, Victor (eds.), The Idea of Design, 1995",0.306699,UNREVIEWED,candidate_needs_review
13.5,CH13,第十三章　全球生产、品牌系统与中国设计转型（1978—2008）,“中国制造”的形成,1,B0084,book,"Clive Dilnot：《A John Heskett Reader Design, History, Economics》",0.476315,UNREVIEWED,candidate_needs_review
13.5,CH13,第十三章　全球生产、品牌系统与中国设计转型（1978—2008）,“中国制造”的形成,2,B0149,book,"Epstein, Stephan R.; Prak, Maarten：Guilds, Innovation, and the European Economy, 1400-1800, 2008",0.449028,UNREVIEWED,candidate_needs_review
13.5,CH13,第十三章　全球生产、品牌系统与中国设计转型（1978—2008）,“中国制造”的形成,3,B0485,book,曹小鸥：《中国现代设计思想：生活、启蒙、变迁》，2018,0.40689,UNREVIEWED,candidate_needs_review
13.5,CH13,第十三章　全球生产、品牌系统与中国设计转型（1978—2008）,“中国制造”的形成,4,B0102,book,David Raizman：《History of Modern Design》，2023,0.381905,UNREVIEWED,candidate_needs_review
13.5,CH13,第十三章　全球生产、品牌系统与中国设计转型（1978—2008）,“中国制造”的形成,5,B0327,book,"None：《China design now , None》",0.373467,UNREVIEWED,candidate_needs_review
13.5,CH13,第十三章　全球生产、品牌系统与中国设计转型（1978—2008）,“中国制造”的形成,6,B0132,book,"Dr Maxine Berg：《The Age of Manufactures, 1700-1820 - Industry, Innovation and Work in Britain》",0.371352,UNREVIEWED,candidate_needs_review
13.5,CH13,第十三章　全球生产、品牌系统与中国设计转型（1978—2008）,“中国制造”的形成,7,B0159,book,"Frayling, Christopher：Art and Design：100 Years at the Royal College of Art, 1999",0.353418,UNREVIEWED,candidate_needs_review
13.5,CH13,第十三章　全球生产、品牌系统与中国设计转型（1978—2008）,“中国制造”的形成,8,B0466,book,世界设计史_I_史前至一战,0.348714,UNREVIEWED,candidate_needs_review
13.5,CH13,第十三章　全球生产、品牌系统与中国设计转型（1978—2008）,“中国制造”的形成,9,B0045,book,"Bijker, Wiebe E.：《OF BICYCLES BAKELITES AND BULBS》",0.328021,UNREVIEWED,candidate_needs_review
13.5,CH13,第十三章　全球生产、品牌系统与中国设计转型（1978—2008）,“中国制造”的形成,10,B0148,book,Emmanuel Cooper：《Ten Thousand Years of Pottery》，2000,0.326193,UNREVIEWED,candidate_needs_review
13.5,CH13,第十三章　全球生产、品牌系统与中国设计转型（1978—2008）,“中国制造”的形成,11,B0144,book,"Ellen Lupton, J. Abbott Miller：《Design Writing Research Writing on Graphic Design》，1996",0.325687,UNREVIEWED,candidate_needs_review
13.5,CH13,第十三章　全球生产、品牌系统与中国设计转型（1978—2008）,“中国制造”的形成,12,B0304,book,Maxine Berg：《Luxury and Pleasure in Eighteenth-Century Britain (2007)》,0.323839,UNREVIEWED,candidate_needs_review
13.5,CH13,第十三章　全球生产、品牌系统与中国设计转型（1978—2008）,“中国制造”的形成,13,B0105,book,"Design and Creativity Policy, Management and Practice (Guy Julier Liz Moor (edit",0.32042,UNREVIEWED,candidate_needs_review
13.5,CH13,第十三章　全球生产、品牌系统与中国设计转型（1978—2008）,“中国制造”的形成,14,B0328,book,"Objects of desire ： design and society since 1750 -- Forty, Adrian, 1948- -- New",0.317932,UNREVIEWED,candidate_needs_review
13.5,CH13,第十三章　全球生产、品牌系统与中国设计转型（1978—2008）,“中国制造”的形成,15,B0506,book,维克多·马格林：《世界设计史1：史前至一战》，2015,0.317176,UNREVIEWED,candidate_needs_review
13.5,CH13,第十三章　全球生产、品牌系统与中国设计转型（1978—2008）,“中国制造”的形成,16,B0058,book,"Buchanan, Richard; Margolin, Victor (eds.), Discovering Design, 1995",0.31702,UNREVIEWED,candidate_needs_review
13.5,CH13,第十三章　全球生产、品牌系统与中国设计转型（1978—2008）,“中国制造”的形成,17,B0288,book,"Margolin, Victor, World History of Design, Volume 1, 2015",0.303776,UNREVIEWED,candidate_needs_review
13.5,CH13,第十三章　全球生产、品牌系统与中国设计转型（1978—2008）,“中国制造”的形成,18,B0040,book,"Beckert, Sven：Empire of Cotton：A Global History, 2014",0.303577,UNREVIEWED,candidate_needs_review
13.5,CH13,第十三章　全球生产、品牌系统与中国设计转型（1978—2008）,“中国制造”的形成,19,B0101,book,David Raizman：《History of Modern Design》,0.302887,UNREVIEWED,candidate_needs_review
13.5,CH13,第十三章　全球生产、品牌系统与中国设计转型（1978—2008）,“中国制造”的形成,20,B0180,book,Guy Julier：《The Culture of Design》，2000,0.300306,UNREVIEWED,candidate_needs_review
13.5,CH13,第十三章　全球生产、品牌系统与中国设计转型（1978—2008）,“中国制造”的形成,21,B0079,book,"Christopher A. Reed：《Gutenberg in Shanghai Chinese Print Capitalism, 1876-1937》",0.300103,UNREVIEWED,candidate_needs_review
13.5,CH13,第十三章　全球生产、品牌系统与中国设计转型（1978—2008）,“中国制造”的形成,22,B0314,book,"Mildred S. Friedman, Joseph Giovannini：《Graphic Design in America A Visual Language History》，1989",0.29836,UNREVIEWED,candidate_needs_review
13.5,CH13,第十三章　全球生产、品牌系统与中国设计转型（1978—2008）,“中国制造”的形成,23,B0057,book,"Buchanan, Richard; Doordan, Dennis P.; Margolin, Victor (eds.), The Designed World, 2010",0.289689,UNREVIEWED,candidate_needs_review
13.5,CH13,第十三章　全球生产、品牌系统与中国设计转型（1978—2008）,“中国制造”的形成,24,B0010,book,Alain Weill：《The Poster A Worldwide Survey and History》，1985,0.2893,UNREVIEWED,candidate_needs_review
13.5,CH13,第十三章　全球生产、品牌系统与中国设计转型（1978—2008）,“中国制造”的形成,25,B0053,book,Brigitte Borja de Mozota：《Design Management Using Design to Build Brand Value and Corporate Innovation》，2003,0.288875,UNREVIEWED,candidate_needs_review
13.5,CH13,第十三章　全球生产、品牌系统与中国设计转型（1978—2008）,“中国制造”的形成,26,B0289,book,"Margolin, Victor, World History of Design, Volume 2, 2015",0.288579,UNREVIEWED,candidate_needs_review
13.5,CH13,第十三章　全球生产、品牌系统与中国设计转型（1978—2008）,“中国制造”的形成,27,B0154,book,Finlay Robert：《The pilgrim art cultures of porcelain in world history》,0.287714,UNREVIEWED,candidate_needs_review
13.5,CH13,第十三章　全球生产、品牌系统与中国设计转型（1978—2008）,“中国制造”的形成,28,B0103,book,Dennis P. Doordan：《Design History An Anthology》,0.286405,UNREVIEWED,candidate_needs_review
13.5,CH13,第十三章　全球生产、品牌系统与中国设计转型（1978—2008）,“中国制造”的形成,29,B0106,book,Design and the Creation of Value -- John Heskett; Clive Dilnot; Suzan Boztepe --,0.285461,UNREVIEWED,candidate_needs_review
13.5,CH13,第十三章　全球生产、品牌系统与中国设计转型（1978—2008）,“中国制造”的形成,30,B0077,book,Chermayeff：《Identify. Basic Principles of Identity Design in the Iconic Trademar,0.285003,UNREVIEWED,candidate_needs_review
13.6,CH13,第十三章　全球生产、品牌系统与中国设计转型（1978—2008）,城市化与消费视觉,1,B0327,book,"None：《China design now , None》",0.446067,UNREVIEWED,candidate_needs_review
13.6,CH13,第十三章　全球生产、品牌系统与中国设计转型（1978—2008）,城市化与消费视觉,2,B0102,book,David Raizman：《History of Modern Design》，2023,0.434814,UNREVIEWED,candidate_needs_review
13.6,CH13,第十三章　全球生产、品牌系统与中国设计转型（1978—2008）,城市化与消费视觉,3,B0001,book,1860-1914：《Learning to Consume Early Department Stores and the Shaping of the Mo,0.432035,UNREVIEWED,candidate_needs_review
13.6,CH13,第十三章　全球生产、品牌系统与中国设计转型（1978—2008）,城市化与消费视觉,4,B0010,book,Alain Weill：《The Poster A Worldwide Survey and History》，1985,0.410224,UNREVIEWED,candidate_needs_review
13.6,CH13,第十三章　全球生产、品牌系统与中国设计转型（1978—2008）,城市化与消费视觉,5,B0221,book,John Clifford：《Graphic Icons Visionaries Who Shaped Modern Graphic Design》，2014,0.403844,UNREVIEWED,candidate_needs_review
13.6,CH13,第十三章　全球生产、品牌系统与中国设计转型（1978—2008）,城市化与消费视觉,6,B0485,book,曹小鸥：《中国现代设计思想：生活、启蒙、变迁》，2018,0.402063,UNREVIEWED,candidate_needs_review
13.6,CH13,第十三章　全球生产、品牌系统与中国设计转型（1978—2008）,城市化与消费视觉,7,B0180,book,Guy Julier：《The Culture of Design》，2000,0.40023,UNREVIEWED,candidate_needs_review
13.6,CH13,第十三章　全球生产、品牌系统与中国设计转型（1978—2008）,城市化与消费视觉,8,B0478,book,大卫·瑞兹曼 (David Raizman)：《现代设计史（第2版）》，2013,0.394254,UNREVIEWED,candidate_needs_review
13.6,CH13,第十三章　全球生产、品牌系统与中国设计转型（1978—2008）,城市化与消费视觉,9,B0009,book,Alain Weill：《Graphic Design A History》，2004,0.394222,UNREVIEWED,candidate_needs_review
13.6,CH13,第十三章　全球生产、品牌系统与中国设计转型（1978—2008）,城市化与消费视觉,10,B0472,book,周博：《断裂与绵延：中国现代设计史研究》，2019,0.385372,UNREVIEWED,candidate_needs_review
13.6,CH13,第十三章　全球生产、品牌系统与中国设计转型（1978—2008）,城市化与消费视觉,11,B0321,book,Müller：《Helvetica homage to a typeface》,0.379606,UNREVIEWED,candidate_needs_review
13.6,CH13,第十三章　全球生产、品牌系统与中国设计转型（1978—2008）,城市化与消费视觉,12,B0306,book,"Meggs, Philip B.; Purvis, Alston W.：Meggs' History of Graphic Design, 2016",0.374034,UNREVIEWED,candidate_needs_review
13.6,CH13,第十三章　全球生产、品牌系统与中国设计转型（1978—2008）,城市化与消费视觉,13,B0482,book,张夫也：《外国现代设计史》，2009,0.370029,UNREVIEWED,candidate_needs_review
13.6,CH13,第十三章　全球生产、品牌系统与中国设计转型（1978—2008）,城市化与消费视觉,14,B0345,book,Penny Sparke：《An Introduction to Design and Culture 1900 to the Present》,0.369051,UNREVIEWED,candidate_needs_review
13.6,CH13,第十三章　全球生产、品牌系统与中国设计转型（1978—2008）,城市化与消费视觉,15,B0465,book,万长林：《香港平面设计史》，2012,0.368313,UNREVIEWED,candidate_needs_review
13.6,CH13,第十三章　全球生产、品牌系统与中国设计转型（1978—2008）,城市化与消费视觉,16,B0101,book,David Raizman：《History of Modern Design》,0.35953,UNREVIEWED,candidate_needs_review
13.6,CH13,第十三章　全球生产、品牌系统与中国设计转型（1978—2008）,城市化与消费视觉,17,B0471,book,周博：《中国现代文字设计图史》，2017,0.359255,UNREVIEWED,candidate_needs_review
13.6,CH13,第十三章　全球生产、品牌系统与中国设计转型（1978—2008）,城市化与消费视觉,18,B0499,book,"樊进, 龙红：《中国当代设计全集 第4卷 平面类编 图案篇》，2015",0.356427,UNREVIEWED,candidate_needs_review
13.6,CH13,第十三章　全球生产、品牌系统与中国设计转型（1978—2008）,城市化与消费视觉,19,B0162,book,"Gallo, Max：The Poster in History, 1974",0.352537,UNREVIEWED,candidate_needs_review
13.6,CH13,第十三章　全球生产、品牌系统与中国设计转型（1978—2008）,城市化与消费视觉,20,B0501,book,王受之：《世界平面设计史》，2001,0.349884,UNREVIEWED,candidate_needs_review
13.6,CH13,第十三章　全球生产、品牌系统与中国设计转型（1978—2008）,城市化与消费视觉,21,B0258,book,Kenneth Frampton：《Modern Architecture A Critical History》，1980,0.344887,UNREVIEWED,candidate_needs_review
13.6,CH13,第十三章　全球生产、品牌系统与中国设计转型（1978—2008）,城市化与消费视觉,22,B0075,book,"Charlotte Fiell, Peter Fiell：《Design of the 20th Century》，1999",0.339489,UNREVIEWED,candidate_needs_review
13.6,CH13,第十三章　全球生产、品牌系统与中国设计转型（1978—2008）,城市化与消费视觉,23,B0408,book,"Steven Heller, Veronique Vienne：《100 Ideas that Changed Graphic Design》",0.334435,UNREVIEWED,candidate_needs_review
13.6,CH13,第十三章　全球生产、品牌系统与中国设计转型（1978—2008）,城市化与消费视觉,24,B0253,book,Kathryn B Hiesinger：《JAPANESE DESIGN A SURVEY SINCE 1950》,0.334193,UNREVIEWED,candidate_needs_review
13.6,CH13,第十三章　全球生产、品牌系统与中国设计转型（1978—2008）,城市化与消费视觉,25,B0487,book,朱和平：《现代设计史》，2012,0.334011,UNREVIEWED,candidate_needs_review
13.6,CH13,第十三章　全球生产、品牌系统与中国设计转型（1978—2008）,城市化与消费视觉,26,B0077,book,Chermayeff：《Identify. Basic Principles of Identity Design in the Iconic Trademar,0.333031,UNREVIEWED,candidate_needs_review
13.6,CH13,第十三章　全球生产、品牌系统与中国设计转型（1978—2008）,城市化与消费视觉,27,B0084,book,"Clive Dilnot：《A John Heskett Reader Design, History, Economics》",0.332758,UNREVIEWED,candidate_needs_review
13.6,CH13,第十三章　全球生产、品牌系统与中国设计转型（1978—2008）,城市化与消费视觉,28,B0197,book,"James H. Fraser, Steven Heller：《Japanese Modern Graphic Design Between the Wars》，1996",0.330879,UNREVIEWED,candidate_needs_review
13.6,CH13,第十三章　全球生产、品牌系统与中国设计转型（1978—2008）,城市化与消费视觉,29,B0020,book,Ami Ayalon：《The Arabic Print Revolution Cultural Production and Mass Readership》,0.33035,UNREVIEWED,candidate_needs_review
13.6,CH13,第十三章　全球生产、品牌系统与中国设计转型（1978—2008）,城市化与消费视觉,30,B0399,book,"Sparke, Penny; Fisher, Fiona (eds.), The Routledge Companion to Design Studies, 2016",0.33018,UNREVIEWED,candidate_needs_review
13.7,CH13,第十三章　全球生产、品牌系统与中国设计转型（1978—2008）,从制造到创造的政策话语,1,B0327,book,"None：《China design now , None》",0.465835,UNREVIEWED,candidate_needs_review
13.7,CH13,第十三章　全球生产、品牌系统与中国设计转型（1978—2008）,从制造到创造的政策话语,2,B0006,book,"Adburgham, Alison：《Libertys a biography of a shop》",0.375264,UNREVIEWED,candidate_needs_review
13.7,CH13,第十三章　全球生产、品牌系统与中国设计转型（1978—2008）,从制造到创造的政策话语,3,B0253,book,Kathryn B Hiesinger：《JAPANESE DESIGN A SURVEY SINCE 1950》,0.360191,UNREVIEWED,candidate_needs_review
13.7,CH13,第十三章　全球生产、品牌系统与中国设计转型（1978—2008）,从制造到创造的政策话语,4,B0084,book,"Clive Dilnot：《A John Heskett Reader Design, History, Economics》",0.348205,UNREVIEWED,candidate_needs_review
13.7,CH13,第十三章　全球生产、品牌系统与中国设计转型（1978—2008）,从制造到创造的政策话语,5,B0242,book,Julier：《The culture of design，2018》,0.336569,UNREVIEWED,candidate_needs_review
13.7,CH13,第十三章　全球生产、品牌系统与中国设计转型（1978—2008）,从制造到创造的政策话语,6,B0105,book,"Design and Creativity Policy, Management and Practice (Guy Julier Liz Moor (edit",0.317759,UNREVIEWED,candidate_needs_review
13.7,CH13,第十三章　全球生产、品牌系统与中国设计转型（1978—2008）,从制造到创造的政策话语,7,B0485,book,曹小鸥：《中国现代设计思想：生活、启蒙、变迁》，2018,0.315682,UNREVIEWED,candidate_needs_review
13.7,CH13,第十三章　全球生产、品牌系统与中国设计转型（1978—2008）,从制造到创造的政策话语,8,P0023,paper,"Design research society conference -- Design Studies, #4, 18, pages I-0, 1997 oc",0.314306,UNREVIEWED,candidate_needs_review
13.7,CH13,第十三章　全球生产、品牌系统与中国设计转型（1978—2008）,从制造到创造的政策话语,9,B0170,book,Glenn Adamson：《Global Design History》,0.307448,UNREVIEWED,candidate_needs_review
13.7,CH13,第十三章　全球生产、品牌系统与中国设计转型（1978—2008）,从制造到创造的政策话语,10,B0102,book,David Raizman：《History of Modern Design》，2023,0.306475,UNREVIEWED,candidate_needs_review
13.7,CH13,第十三章　全球生产、品牌系统与中国设计转型（1978—2008）,从制造到创造的政策话语,11,B0122,book,"Digital Design Theory_ Readings from the Field (Design -- Armstrong, Helen -- De",0.302473,UNREVIEWED,candidate_needs_review
13.7,CH13,第十三章　全球生产、品牌系统与中国设计转型（1978—2008）,从制造到创造的政策话语,12,B0180,book,Guy Julier：《The Culture of Design》，2000,0.301249,UNREVIEWED,candidate_needs_review
13.7,CH13,第十三章　全球生产、品牌系统与中国设计转型（1978—2008）,从制造到创造的政策话语,13,B0017,book,Alison J. Clarke (ed.)：《Design Anthropology Object Cultures in Transition》,0.300607,UNREVIEWED,candidate_needs_review
13.7,CH13,第十三章　全球生产、品牌系统与中国设计转型（1978—2008）,从制造到创造的政策话语,14,B0053,book,Brigitte Borja de Mozota：《Design Management Using Design to Build Brand Value and Corporate Innovation》，2003,0.299654,UNREVIEWED,candidate_needs_review
13.7,CH13,第十三章　全球生产、品牌系统与中国设计转型（1978—2008）,从制造到创造的政策话语,15,B0251,book,Kate Fletcher：《Sustainable Fashion and Textiles Design Journeys》，2008,0.298591,UNREVIEWED,candidate_needs_review
13.7,CH13,第十三章　全球生产、品牌系统与中国设计转型（1978—2008）,从制造到创造的政策话语,16,B0076,book,"Charlotte Fiell, Peter Fiell：《Scandinavian Design》，2002",0.297822,UNREVIEWED,candidate_needs_review
13.7,CH13,第十三章　全球生产、品牌系统与中国设计转型（1978—2008）,从制造到创造的政策话语,17,B0142,book,"Elizabeth Shove, Matthew Watson, Martin Hand, Jack Ingram：《The Design of Everyday Life》，2007",0.297547,UNREVIEWED,candidate_needs_review
13.7,CH13,第十三章　全球生产、品牌系统与中国设计转型（1978—2008）,从制造到创造的政策话语,18,B0466,book,世界设计史_I_史前至一战,0.294905,UNREVIEWED,candidate_needs_review
13.7,CH13,第十三章　全球生产、品牌系统与中国设计转型（1978—2008）,从制造到创造的政策话语,19,B0075,book,"Charlotte Fiell, Peter Fiell：《Design of the 20th Century》，1999",0.292373,UNREVIEWED,candidate_needs_review
13.7,CH13,第十三章　全球生产、品牌系统与中国设计转型（1978—2008）,从制造到创造的政策话语,20,B0005,book,"Adamson, Glenn; Riello, Giorgio; Teasley, Sarah (eds.), Global Design History, 2011",0.289264,UNREVIEWED,candidate_needs_review
13.7,CH13,第十三章　全球生产、品牌系统与中国设计转型（1978—2008）,从制造到创造的政策话语,21,B0254,book,"Kathryn Best：《Design Management Managing Design Strategy, Process and Implementation》",0.289223,UNREVIEWED,candidate_needs_review
13.7,CH13,第十三章　全球生产、品牌系统与中国设计转型（1978—2008）,从制造到创造的政策话语,22,B0512,book,赵江洪：《设计艺术的含义》，1999,0.289204,UNREVIEWED,candidate_needs_review
13.7,CH13,第十三章　全球生产、品牌系统与中国设计转型（1978—2008）,从制造到创造的政策话语,23,B0331,book,Otl Aicher：《The World as Design》，1991,0.28416,UNREVIEWED,candidate_needs_review
13.7,CH13,第十三章　全球生产、品牌系统与中国设计转型（1978—2008）,从制造到创造的政策话语,24,B0321,book,Müller：《Helvetica homage to a typeface》,0.283374,UNREVIEWED,candidate_needs_review
13.7,CH13,第十三章　全球生产、品牌系统与中国设计转型（1978—2008）,从制造到创造的政策话语,25,B0226,book,John Heskett：《Toothpicks and Logos Design in Everyday Life》,0.281206,UNREVIEWED,candidate_needs_review
13.7,CH13,第十三章　全球生产、品牌系统与中国设计转型（1978—2008）,从制造到创造的政策话语,26,B0065,book,Carl DiSalvo：《Adversarial Design》,0.2804,UNREVIEWED,candidate_needs_review
13.7,CH13,第十三章　全球生产、品牌系统与中国设计转型（1978—2008）,从制造到创造的政策话语,27,B0107,book,Design Anthropology in Context _ An Introduction to Design -- Adam Drazin -- Lon,0.279787,UNREVIEWED,candidate_needs_review
13.7,CH13,第十三章　全球生产、品牌系统与中国设计转型（1978—2008）,从制造到创造的政策话语,28,B0077,book,Chermayeff：《Identify. Basic Principles of Identity Design in the Iconic Trademar,0.278944,UNREVIEWED,candidate_needs_review
13.7,CH13,第十三章　全球生产、品牌系统与中国设计转型（1978—2008）,从制造到创造的政策话语,29,B0083,book,"Clark, Hazel; Brody, David (eds.), Design Studies： A Reader, 2009",0.275371,UNREVIEWED,candidate_needs_review
13.7,CH13,第十三章　全球生产、品牌系统与中国设计转型（1978—2008）,从制造到创造的政策话语,30,B0022,book,Anne Massey：《Interior Design of the 20th Century》，1990,0.272672,UNREVIEWED,candidate_needs_review
14.1,CH14,第十四章　交互、服务与平台：数字设计的制度化,从计算工具到软件媒介,1,B0274,book,Lev Manovich：《Software Takes Command》,0.479779,UNREVIEWED,candidate_needs_review
14.1,CH14,第十四章　交互、服务与平台：数字设计的制度化,从计算工具到软件媒介,2,B0122,book,"Digital Design Theory_ Readings from the Field (Design -- Armstrong, Helen -- De",0.429271,UNREVIEWED,candidate_needs_review
14.1,CH14,第十四章　交互、服务与平台：数字设计的制度化,从计算工具到软件媒介,3,B0178,book,Greiman：《Hybrid imagery the fusion of technology and graphic design》,0.403796,UNREVIEWED,candidate_needs_review
14.1,CH14,第十四章　交互、服务与平台：数字设计的制度化,从计算工具到软件媒介,4,B0116,book,Designing Interactions,0.381732,UNREVIEWED,candidate_needs_review
14.1,CH14,第十四章　交互、服务与平台：数字设计的制度化,从计算工具到软件媒介,5,B0057,book,"Buchanan, Richard; Doordan, Dennis P.; Margolin, Victor (eds.), The Designed World, 2010",0.36247,UNREVIEWED,candidate_needs_review
14.1,CH14,第十四章　交互、服务与平台：数字设计的制度化,从计算工具到软件媒介,6,B0054,book,"Bringing design to software (Terry Winograd, (ed.))",0.360056,UNREVIEWED,candidate_needs_review
14.1,CH14,第十四章　交互、服务与平台：数字设计的制度化,从计算工具到软件媒介,7,B0415,book,"Thackara, John (ed.), Design After Modernism, 1988",0.347985,UNREVIEWED,candidate_needs_review
14.1,CH14,第十四章　交互、服务与平台：数字设计的制度化,从计算工具到软件媒介,8,B0046,book,Bill Moggridge：《Designing Interactions》，2007,0.344303,UNREVIEWED,candidate_needs_review
14.1,CH14,第十四章　交互、服务与平台：数字设计的制度化,从计算工具到软件媒介,9,B0280,book,Löwgren：《Thoughtful interaction design a design perspective on information technology》,0.341217,UNREVIEWED,candidate_needs_review
14.1,CH14,第十四章　交互、服务与平台：数字设计的制度化,从计算工具到软件媒介,10,B0221,book,John Clifford：《Graphic Icons Visionaries Who Shaped Modern Graphic Design》，2014,0.338817,UNREVIEWED,candidate_needs_review
14.1,CH14,第十四章　交互、服务与平台：数字设计的制度化,从计算工具到软件媒介,11,B0306,book,"Meggs, Philip B.; Purvis, Alston W.：Meggs' History of Graphic Design, 2016",0.32589,UNREVIEWED,candidate_needs_review
14.1,CH14,第十四章　交互、服务与平台：数字设计的制度化,从计算工具到软件媒介,12,B0123,book,Digital Materialities ： Design and Anthropology -- Sarah Pink; Elisenda Ardèvol;,0.322776,UNREVIEWED,candidate_needs_review
14.1,CH14,第十四章　交互、服务与平台：数字设计的制度化,从计算工具到软件媒介,13,B0087,book,"Contextual Design_ Defining Customer-Centered Systems -- Beyer, Hugh, Holtzblatt",0.315553,UNREVIEWED,candidate_needs_review
14.1,CH14,第十四章　交互、服务与平台：数字设计的制度化,从计算工具到软件媒介,14,B0062,book,Cairo：《The functional art an introduction to information graphics and visualization》,0.313315,UNREVIEWED,candidate_needs_review
14.1,CH14,第十四章　交互、服务与平台：数字设计的制度化,从计算工具到软件媒介,15,B0009,book,Alain Weill：《Graphic Design A History》，2004,0.306875,UNREVIEWED,candidate_needs_review
14.1,CH14,第十四章　交互、服务与平台：数字设计的制度化,从计算工具到软件媒介,16,B0053,book,Brigitte Borja de Mozota：《Design Management Using Design to Build Brand Value and Corporate Innovation》，2003,0.304898,UNREVIEWED,candidate_needs_review
14.1,CH14,第十四章　交互、服务与平台：数字设计的制度化,从计算工具到软件媒介,17,B0176,book,"Graphic Design Theory： Readings from the Field (Design -- Armstrong, Helen(Autho",0.303204,UNREVIEWED,candidate_needs_review
14.1,CH14,第十四章　交互、服务与平台：数字设计的制度化,从计算工具到软件媒介,18,B0188,book,"Heskett, John：Design：A Very Short Introduction, 2005",0.301982,UNREVIEWED,candidate_needs_review
14.1,CH14,第十四章　交互、服务与平台：数字设计的制度化,从计算工具到软件媒介,19,B0144,book,"Ellen Lupton, J. Abbott Miller：《Design Writing Research Writing on Graphic Design》，1996",0.293993,UNREVIEWED,candidate_needs_review
14.1,CH14,第十四章　交互、服务与平台：数字设计的制度化,从计算工具到软件媒介,20,B0011,book,"Alan Cooper, Robert Reimann, David Cronin, Christopher Noessel：《About Face The Essentials of Interaction Design》",0.290696,UNREVIEWED,candidate_needs_review
14.1,CH14,第十四章　交互、服务与平台：数字设计的制度化,从计算工具到软件媒介,21,B0108,book,"Design discourse _ history, theory, criticism -- Margolin, Victor, 1941- -- Chic",0.289357,UNREVIEWED,candidate_needs_review
14.1,CH14,第十四章　交互、服务与平台：数字设计的制度化,从计算工具到软件媒介,22,B0105,book,"Design and Creativity Policy, Management and Practice (Guy Julier Liz Moor (edit",0.288055,UNREVIEWED,candidate_needs_review
14.1,CH14,第十四章　交互、服务与平台：数字设计的制度化,从计算工具到软件媒介,23,B0227,book,John M. Carroll (ed.)：《Human-Computer Interaction in the New Millennium》，2002,0.28673,UNREVIEWED,candidate_needs_review
14.1,CH14,第十四章　交互、服务与平台：数字设计的制度化,从计算工具到软件媒介,24,B0253,book,Kathryn B Hiesinger：《JAPANESE DESIGN A SURVEY SINCE 1950》,0.283485,UNREVIEWED,candidate_needs_review
14.1,CH14,第十四章　交互、服务与平台：数字设计的制度化,从计算工具到软件媒介,25,B0039,book,Beaumont Newhall：《The History of Photography》,0.28146,UNREVIEWED,candidate_needs_review
14.1,CH14,第十四章　交互、服务与平台：数字设计的制度化,从计算工具到软件媒介,26,B0145,book,Ellen Lupton：《Mechanical Brides Women and Machines from Home to Office》,0.279341,UNREVIEWED,candidate_needs_review
14.1,CH14,第十四章　交互、服务与平台：数字设计的制度化,从计算工具到软件媒介,27,B0200,book,Jan Borchers：《A Pattern Approach to Interaction Design》,0.276441,UNREVIEWED,candidate_needs_review
14.1,CH14,第十四章　交互、服务与平台：数字设计的制度化,从计算工具到软件媒介,28,B0230,book,John Thackara：《In the Bubble Designing in a Complex World》，2005,0.275973,UNREVIEWED,candidate_needs_review
14.1,CH14,第十四章　交互、服务与平台：数字设计的制度化,从计算工具到软件媒介,29,B0015,book,Alice Rawsthorn：《Hello World Where Design Meets Life》，2013,0.274877,UNREVIEWED,candidate_needs_review
14.1,CH14,第十四章　交互、服务与平台：数字设计的制度化,从计算工具到软件媒介,30,B0102,book,David Raizman：《History of Modern Design》，2023,0.2743,UNREVIEWED,candidate_needs_review
14.2,CH14,第十四章　交互、服务与平台：数字设计的制度化,图形用户界面与交互范式,1,B0046,book,Bill Moggridge：《Designing Interactions》，2007,0.613276,UNREVIEWED,candidate_needs_review
14.2,CH14,第十四章　交互、服务与平台：数字设计的制度化,图形用户界面与交互范式,2,B0116,book,Designing Interactions,0.586332,UNREVIEWED,candidate_needs_review
14.2,CH14,第十四章　交互、服务与平台：数字设计的制度化,图形用户界面与交互范式,3,B0184,book,"Helen Sharp, Jenny Preece, Yvonne Rogers：《Interaction Design Beyond Human-Computer Interaction》，2019",0.565252,UNREVIEWED,candidate_needs_review
14.2,CH14,第十四章　交互、服务与平台：数字设计的制度化,图形用户界面与交互范式,4,B0227,book,John M. Carroll (ed.)：《Human-Computer Interaction in the New Millennium》，2002,0.56199,UNREVIEWED,candidate_needs_review
14.2,CH14,第十四章　交互、服务与平台：数字设计的制度化,图形用户界面与交互范式,5,B0011,book,"Alan Cooper, Robert Reimann, David Cronin, Christopher Noessel：《About Face The Essentials of Interaction Design》",0.529295,UNREVIEWED,candidate_needs_review
14.2,CH14,第十四章　交互、服务与平台：数字设计的制度化,图形用户界面与交互范式,6,B0096,book,Dan Saffer：《Designing for Interaction Creating Innovative Applications》，2009,0.523675,UNREVIEWED,candidate_needs_review
14.2,CH14,第十四章　交互、服务与平台：数字设计的制度化,图形用户界面与交互范式,7,B0127,book,Donald A. Norman：《The Design of Everyday Things》,0.477642,UNREVIEWED,candidate_needs_review
14.2,CH14,第十四章　交互、服务与平台：数字设计的制度化,图形用户界面与交互范式,8,B0054,book,"Bringing design to software (Terry Winograd, (ed.))",0.474733,UNREVIEWED,candidate_needs_review
14.2,CH14,第十四章　交互、服务与平台：数字设计的制度化,图形用户界面与交互范式,9,B0474,book,周陟：《UI进化论：移动设备人机交互界面设计》，2010,0.470568,UNREVIEWED,candidate_needs_review
14.2,CH14,第十四章　交互、服务与平台：数字设计的制度化,图形用户界面与交互范式,10,B0041,book,Ben Shneiderman：《Human-Centered AI》,0.466245,UNREVIEWED,candidate_needs_review
14.2,CH14,第十四章　交互、服务与平台：数字设计的制度化,图形用户界面与交互范式,11,B0015,book,Alice Rawsthorn：《Hello World Where Design Meets Life》，2013,0.452559,UNREVIEWED,candidate_needs_review
14.2,CH14,第十四章　交互、服务与平台：数字设计的制度化,图形用户界面与交互范式,12,B0280,book,Löwgren：《Thoughtful interaction design a design perspective on information technology》,0.45227,UNREVIEWED,candidate_needs_review
14.2,CH14,第十四章　交互、服务与平台：数字设计的制度化,图形用户界面与交互范式,13,B0117,book,"Designing Mobile Interfaces _ Patterns for Interaction -- Hoober, Steven; Berkma",0.421257,UNREVIEWED,candidate_needs_review
14.2,CH14,第十四章　交互、服务与平台：数字设计的制度化,图形用户界面与交互范式,14,B0057,book,"Buchanan, Richard; Doordan, Dennis P.; Margolin, Victor (eds.), The Designed World, 2010",0.411478,UNREVIEWED,candidate_needs_review
14.2,CH14,第十四章　交互、服务与平台：数字设计的制度化,图形用户界面与交互范式,15,B0300,book,Matt Jones：《Mobile Interaction Design》,0.40805,UNREVIEWED,candidate_needs_review
14.2,CH14,第十四章　交互、服务与平台：数字设计的制度化,图形用户界面与交互范式,16,B0163,book,Garrett：《The elements of user experience user-centered design for the Web and beyond》,0.394905,UNREVIEWED,candidate_needs_review
14.2,CH14,第十四章　交互、服务与平台：数字设计的制度化,图形用户界面与交互范式,17,B0207,book,Jenifer Tidwell：《Designing Interfaces》,0.392296,UNREVIEWED,candidate_needs_review
14.2,CH14,第十四章　交互、服务与平台：数字设计的制度化,图形用户界面与交互范式,18,B0221,book,John Clifford：《Graphic Icons Visionaries Who Shaped Modern Graphic Design》，2014,0.387932,UNREVIEWED,candidate_needs_review
14.2,CH14,第十四章　交互、服务与平台：数字设计的制度化,图形用户界面与交互范式,19,B0205,book,Jeffrey L. Meikle：《Design in the USA》,0.374354,UNREVIEWED,candidate_needs_review
14.2,CH14,第十四章　交互、服务与平台：数字设计的制度化,图形用户界面与交互范式,20,B0323,book,Nielsen：《Designing Web usability》,0.373449,UNREVIEWED,candidate_needs_review
14.2,CH14,第十四章　交互、服务与平台：数字设计的制度化,图形用户界面与交互范式,21,B0050,book,Brad Frost：《Atomic Design》,0.369829,UNREVIEWED,candidate_needs_review
14.2,CH14,第十四章　交互、服务与平台：数字设计的制度化,图形用户界面与交互范式,22,B0122,book,"Digital Design Theory_ Readings from the Field (Design -- Armstrong, Helen -- De",0.367185,UNREVIEWED,candidate_needs_review
14.2,CH14,第十四章　交互、服务与平台：数字设计的制度化,图形用户界面与交互范式,23,B0459,book,Wixon：《Field methods casebook for software design》,0.35792,UNREVIEWED,candidate_needs_review
14.2,CH14,第十四章　交互、服务与平台：数字设计的制度化,图形用户界面与交互范式,24,B0124,book,"DILLON, ANDREW. Beyond Usability Process, Outcome and Affect in Human Computer Interaction",0.355909,UNREVIEWED,candidate_needs_review
14.2,CH14,第十四章　交互、服务与平台：数字设计的制度化,图形用户界面与交互范式,25,B0016,book,Alison Black：《Information Design. Research and practice》,0.353947,UNREVIEWED,candidate_needs_review
14.2,CH14,第十四章　交互、服务与平台：数字设计的制度化,图形用户界面与交互范式,26,P0024,paper,"Designing Visual Interfaces -- Mullet, Kevin; Sano, Darrell -- ACM SIGCHI Bullet",0.347521,UNREVIEWED,candidate_needs_review
14.2,CH14,第十四章　交互、服务与平台：数字设计的制度化,图形用户界面与交互范式,27,P0028,paper,"Engholm, Ida：Digital Style History：The Development of Graphic Design on the Internet, 2002",0.346599,UNREVIEWED,candidate_needs_review
14.2,CH14,第十四章　交互、服务与平台：数字设计的制度化,图形用户界面与交互范式,28,B0279,book,Lucy Suchman：《Plans and Situated Actions The Problem of Human-Machine Communication》，1987,0.339632,UNREVIEWED,candidate_needs_review
14.2,CH14,第十四章　交互、服务与平台：数字设计的制度化,图形用户界面与交互范式,29,B0119,book,"Deyan Sudjic：《B is for Bauhaus, Y is for YouTube Designing the Modern World from A to Z》",0.339549,UNREVIEWED,candidate_needs_review
14.2,CH14,第十四章　交互、服务与平台：数字设计的制度化,图形用户界面与交互范式,30,B0264,book,Klaus Krippendorff：《The Semantic Turn A New Foundation For Design》,0.335652,UNREVIEWED,candidate_needs_review
14.3,CH14,第十四章　交互、服务与平台：数字设计的制度化,HCI与设计方法的汇合,1,B0114,book,"Design, Empathy, Interpretation： Toward Interpretive Design -- Koskinen, Ilpo_ -",0.479071,UNREVIEWED,candidate_needs_review
14.3,CH14,第十四章　交互、服务与平台：数字设计的制度化,HCI与设计方法的汇合,2,B0113,book,"Design Research： Methods and Perspectives (The MIT Press) -- Laurel, Brenda -- C",0.472004,UNREVIEWED,candidate_needs_review
14.3,CH14,第十四章　交互、服务与平台：数字设计的制度化,HCI与设计方法的汇合,3,B0227,book,John M. Carroll (ed.)：《Human-Computer Interaction in the New Millennium》，2002,0.441429,UNREVIEWED,candidate_needs_review
14.3,CH14,第十四章　交互、服务与平台：数字设计的制度化,HCI与设计方法的汇合,4,B0116,book,Designing Interactions,0.422591,UNREVIEWED,candidate_needs_review
14.3,CH14,第十四章　交互、服务与平台：数字设计的制度化,HCI与设计方法的汇合,5,B0294,book,"Mark Stickdorn, Jakob Schneider：《This Is Service Design Thinking》，2010",0.420064,UNREVIEWED,candidate_needs_review
14.3,CH14,第十四章　交互、服务与平台：数字设计的制度化,HCI与设计方法的汇合,6,B0280,book,Löwgren：《Thoughtful interaction design a design perspective on information technology》,0.419173,UNREVIEWED,candidate_needs_review
14.3,CH14,第十四章　交互、服务与平台：数字设计的制度化,HCI与设计方法的汇合,7,B0046,book,Bill Moggridge：《Designing Interactions》，2007,0.418693,UNREVIEWED,candidate_needs_review
14.3,CH14,第十四章　交互、服务与平台：数字设计的制度化,HCI与设计方法的汇合,8,B0460,book,"Wolfgang F. E. Preiser, Elaine Ostroff：《Universal Design Handbook》，2001",0.417939,UNREVIEWED,candidate_needs_review
14.3,CH14,第十四章　交互、服务与平台：数字设计的制度化,HCI与设计方法的汇合,9,B0054,book,"Bringing design to software (Terry Winograd, (ed.))",0.414747,UNREVIEWED,candidate_needs_review
14.3,CH14,第十四章　交互、服务与平台：数字设计的制度化,HCI与设计方法的汇合,10,B0254,book,"Kathryn Best：《Design Management Managing Design Strategy, Process and Implementation》",0.414597,UNREVIEWED,candidate_needs_review
14.3,CH14,第十四章　交互、服务与平台：数字设计的制度化,HCI与设计方法的汇合,11,B0184,book,"Helen Sharp, Jenny Preece, Yvonne Rogers：《Interaction Design Beyond Human-Computer Interaction》，2019",0.411853,UNREVIEWED,candidate_needs_review
14.3,CH14,第十四章　交互、服务与平台：数字设计的制度化,HCI与设计方法的汇合,12,B0087,book,"Contextual Design_ Defining Customer-Centered Systems -- Beyer, Hugh, Holtzblatt",0.409923,UNREVIEWED,candidate_needs_review
14.3,CH14,第十四章　交互、服务与平台：数字设计的制度化,HCI与设计方法的汇合,13,B0300,book,Matt Jones：《Mobile Interaction Design》,0.40039,UNREVIEWED,candidate_needs_review
14.3,CH14,第十四章　交互、服务与平台：数字设计的制度化,HCI与设计方法的汇合,14,B0017,book,Alison J. Clarke (ed.)：《Design Anthropology Object Cultures in Transition》,0.397106,UNREVIEWED,candidate_needs_review
14.3,CH14,第十四章　交互、服务与平台：数字设计的制度化,HCI与设计方法的汇合,15,P0054,paper,Regine M. Gilbert：《Inclusive Design for a Digital World Designing with Accessibility in Mind》,0.395579,UNREVIEWED,candidate_needs_review
14.3,CH14,第十四章　交互、服务与平台：数字设计的制度化,HCI与设计方法的汇合,16,B0127,book,Donald A. Norman：《The Design of Everyday Things》,0.394218,UNREVIEWED,candidate_needs_review
14.3,CH14,第十四章　交互、服务与平台：数字设计的制度化,HCI与设计方法的汇合,17,B0011,book,"Alan Cooper, Robert Reimann, David Cronin, Christopher Noessel：《About Face The Essentials of Interaction Design》",0.391547,UNREVIEWED,candidate_needs_review
14.3,CH14,第十四章　交互、服务与平台：数字设计的制度化,HCI与设计方法的汇合,18,B0347,book,"Personas, Participatory Design and Product Development An Infrastructure for Engagement",0.391207,UNREVIEWED,candidate_needs_review
14.3,CH14,第十四章　交互、服务与平台：数字设计的制度化,HCI与设计方法的汇合,19,B0096,book,Dan Saffer：《Designing for Interaction Creating Innovative Applications》，2009,0.387656,UNREVIEWED,candidate_needs_review
14.3,CH14,第十四章　交互、服务与平台：数字设计的制度化,HCI与设计方法的汇合,20,B0459,book,Wixon：《Field methods casebook for software design》,0.386087,UNREVIEWED,candidate_needs_review
14.3,CH14,第十四章　交互、服务与平台：数字设计的制度化,HCI与设计方法的汇合,21,B0200,book,Jan Borchers：《A Pattern Approach to Interaction Design》,0.383833,UNREVIEWED,candidate_needs_review
14.3,CH14,第十四章　交互、服务与平台：数字设计的制度化,HCI与设计方法的汇合,22,B0118,book,Dewey and Design： A Pragmatist Perspective for Design -- Brian S_ Dixon -- Desig,0.381685,UNREVIEWED,candidate_needs_review
14.3,CH14,第十四章　交互、服务与平台：数字设计的制度化,HCI与设计方法的汇合,23,B0053,book,Brigitte Borja de Mozota：《Design Management Using Design to Build Brand Value and Corporate Innovation》，2003,0.379783,UNREVIEWED,candidate_needs_review
14.3,CH14,第十四章　交互、服务与平台：数字设计的制度化,HCI与设计方法的汇合,24,B0210,book,"Joan Greenbaum, Morten Kyng (eds.)：《Design at Work Cooperative Design of Computer Systems》",0.373959,UNREVIEWED,candidate_needs_review
14.3,CH14,第十四章　交互、服务与平台：数字设计的制度化,HCI与设计方法的汇合,25,B0016,book,Alison Black：《Information Design. Research and practice》,0.368543,UNREVIEWED,candidate_needs_review
14.3,CH14,第十四章　交互、服务与平台：数字设计的制度化,HCI与设计方法的汇合,26,B0023,book,"Anthony Dunne, Fiona Raby：《Design Noir The Secret Life of Electronic Objects》",0.367536,UNREVIEWED,candidate_needs_review
14.3,CH14,第十四章　交互、服务与平台：数字设计的制度化,HCI与设计方法的汇合,27,B0117,book,"Designing Mobile Interfaces _ Patterns for Interaction -- Hoober, Steven; Berkma",0.364304,UNREVIEWED,candidate_needs_review
14.3,CH14,第十四章　交互、服务与平台：数字设计的制度化,HCI与设计方法的汇合,28,B0474,book,周陟：《UI进化论：移动设备人机交互界面设计》，2010,0.36199,UNREVIEWED,candidate_needs_review
14.3,CH14,第十四章　交互、服务与平台：数字设计的制度化,HCI与设计方法的汇合,29,B0105,book,"Design and Creativity Policy, Management and Practice (Guy Julier Liz Moor (edit",0.361774,UNREVIEWED,candidate_needs_review
14.3,CH14,第十四章　交互、服务与平台：数字设计的制度化,HCI与设计方法的汇合,30,B0019,book,Almquist：《Affording Meaning Design-Oriented Research from the Humanities and Social Sciences》,0.359243,UNREVIEWED,candidate_needs_review
14.4,CH14,第十四章　交互、服务与平台：数字设计的制度化,网络、网页与移动交互,1,B0011,book,"Alan Cooper, Robert Reimann, David Cronin, Christopher Noessel：《About Face The Essentials of Interaction Design》",0.477487,UNREVIEWED,candidate_needs_review
14.4,CH14,第十四章　交互、服务与平台：数字设计的制度化,网络、网页与移动交互,2,B0117,book,"Designing Mobile Interfaces _ Patterns for Interaction -- Hoober, Steven; Berkma",0.455123,UNREVIEWED,candidate_needs_review
14.4,CH14,第十四章　交互、服务与平台：数字设计的制度化,网络、网页与移动交互,3,B0300,book,Matt Jones：《Mobile Interaction Design》,0.446069,UNREVIEWED,candidate_needs_review
14.4,CH14,第十四章　交互、服务与平台：数字设计的制度化,网络、网页与移动交互,4,B0116,book,Designing Interactions,0.437109,UNREVIEWED,candidate_needs_review
14.4,CH14,第十四章　交互、服务与平台：数字设计的制度化,网络、网页与移动交互,5,B0113,book,"Design Research： Methods and Perspectives (The MIT Press) -- Laurel, Brenda -- C",0.419826,UNREVIEWED,candidate_needs_review
14.4,CH14,第十四章　交互、服务与平台：数字设计的制度化,网络、网页与移动交互,6,B0046,book,Bill Moggridge：《Designing Interactions》，2007,0.408547,UNREVIEWED,candidate_needs_review
14.4,CH14,第十四章　交互、服务与平台：数字设计的制度化,网络、网页与移动交互,7,B0227,book,John M. Carroll (ed.)：《Human-Computer Interaction in the New Millennium》，2002,0.388541,UNREVIEWED,candidate_needs_review
14.4,CH14,第十四章　交互、服务与平台：数字设计的制度化,网络、网页与移动交互,8,B0122,book,"Digital Design Theory_ Readings from the Field (Design -- Armstrong, Helen -- De",0.368489,UNREVIEWED,candidate_needs_review
14.4,CH14,第十四章　交互、服务与平台：数字设计的制度化,网络、网页与移动交互,9,B0200,book,Jan Borchers：《A Pattern Approach to Interaction Design》,0.360956,UNREVIEWED,candidate_needs_review
14.4,CH14,第十四章　交互、服务与平台：数字设计的制度化,网络、网页与移动交互,10,B0242,book,Julier：《The culture of design，2018》,0.352734,UNREVIEWED,candidate_needs_review
14.4,CH14,第十四章　交互、服务与平台：数字设计的制度化,网络、网页与移动交互,11,B0096,book,Dan Saffer：《Designing for Interaction Creating Innovative Applications》，2009,0.349668,UNREVIEWED,candidate_needs_review
14.4,CH14,第十四章　交互、服务与平台：数字设计的制度化,网络、网页与移动交互,12,P0028,paper,"Engholm, Ida：Digital Style History：The Development of Graphic Design on the Internet, 2002",0.349326,UNREVIEWED,candidate_needs_review
14.4,CH14,第十四章　交互、服务与平台：数字设计的制度化,网络、网页与移动交互,13,B0323,book,Nielsen：《Designing Web usability》,0.337996,UNREVIEWED,candidate_needs_review
14.4,CH14,第十四章　交互、服务与平台：数字设计的制度化,网络、网页与移动交互,14,B0099,book,"David Crowley, Susan E. Reid：《Socialist Spaces Sites of Everyday Life in the Eastern Bloc》，2002",0.337281,UNREVIEWED,candidate_needs_review
14.4,CH14,第十四章　交互、服务与平台：数字设计的制度化,网络、网页与移动交互,15,B0405,book,"Steve Krug：《Dont Make Me Think, Revisited》",0.333505,UNREVIEWED,candidate_needs_review
14.4,CH14,第十四章　交互、服务与平台：数字设计的制度化,网络、网页与移动交互,16,B0050,book,Brad Frost：《Atomic Design》,0.333445,UNREVIEWED,candidate_needs_review
14.4,CH14,第十四章　交互、服务与平台：数字设计的制度化,网络、网页与移动交互,17,P0054,paper,Regine M. Gilbert：《Inclusive Design for a Digital World Designing with Accessibility in Mind》,0.327798,UNREVIEWED,candidate_needs_review
14.4,CH14,第十四章　交互、服务与平台：数字设计的制度化,网络、网页与移动交互,18,B0180,book,Guy Julier：《The Culture of Design》，2000,0.327695,UNREVIEWED,candidate_needs_review
14.4,CH14,第十四章　交互、服务与平台：数字设计的制度化,网络、网页与移动交互,19,B0457,book,"Windows and Mirrors_ Interaction Design, Digital Art, and -- JAY DAVID BOLTER AN",0.326351,UNREVIEWED,candidate_needs_review
14.4,CH14,第十四章　交互、服务与平台：数字设计的制度化,网络、网页与移动交互,20,B0177,book,Greg Nudelman：《Android Design Patterns Interaction Design Solutions for Developers》,0.325929,UNREVIEWED,candidate_needs_review
14.4,CH14,第十四章　交互、服务与平台：数字设计的制度化,网络、网页与移动交互,21,B0207,book,Jenifer Tidwell：《Designing Interfaces》,0.325865,UNREVIEWED,candidate_needs_review
14.4,CH14,第十四章　交互、服务与平台：数字设计的制度化,网络、网页与移动交互,22,B0146,book,Ellen Lupton：《Thinking with Type》，2004,0.323748,UNREVIEWED,candidate_needs_review
14.4,CH14,第十四章　交互、服务与平台：数字设计的制度化,网络、网页与移动交互,23,B0221,book,John Clifford：《Graphic Icons Visionaries Who Shaped Modern Graphic Design》，2014,0.309876,UNREVIEWED,candidate_needs_review
14.4,CH14,第十四章　交互、服务与平台：数字设计的制度化,网络、网页与移动交互,24,B0294,book,"Mark Stickdorn, Jakob Schneider：《This Is Service Design Thinking》，2010",0.303317,UNREVIEWED,candidate_needs_review
14.4,CH14,第十四章　交互、服务与平台：数字设计的制度化,网络、网页与移动交互,25,B0230,book,John Thackara：《In the Bubble Designing in a Complex World》，2005,0.301033,UNREVIEWED,candidate_needs_review
14.4,CH14,第十四章　交互、服务与平台：数字设计的制度化,网络、网页与移动交互,26,B0009,book,Alain Weill：《Graphic Design A History》，2004,0.291609,UNREVIEWED,candidate_needs_review
14.4,CH14,第十四章　交互、服务与平台：数字设计的制度化,网络、网页与移动交互,27,B0054,book,"Bringing design to software (Terry Winograd, (ed.))",0.28998,UNREVIEWED,candidate_needs_review
14.4,CH14,第十四章　交互、服务与平台：数字设计的制度化,网络、网页与移动交互,28,B0472,book,周博：《断裂与绵延：中国现代设计史研究》，2019,0.288817,UNREVIEWED,candidate_needs_review
14.4,CH14,第十四章　交互、服务与平台：数字设计的制度化,网络、网页与移动交互,29,B0065,book,Carl DiSalvo：《Adversarial Design》,0.288631,UNREVIEWED,candidate_needs_review
14.4,CH14,第十四章　交互、服务与平台：数字设计的制度化,网络、网页与移动交互,30,B0016,book,Alison Black：《Information Design. Research and practice》,0.286275,UNREVIEWED,candidate_needs_review
14.5,CH14,第十四章　交互、服务与平台：数字设计的制度化,服务设计与组织流程,1,B0254,book,"Kathryn Best：《Design Management Managing Design Strategy, Process and Implementation》",0.565417,UNREVIEWED,candidate_needs_review
14.5,CH14,第十四章　交互、服务与平台：数字设计的制度化,服务设计与组织流程,2,B0294,book,"Mark Stickdorn, Jakob Schneider：《This Is Service Design Thinking》，2010",0.531818,UNREVIEWED,candidate_needs_review
14.5,CH14,第十四章　交互、服务与平台：数字设计的制度化,服务设计与组织流程,3,B0105,book,"Design and Creativity Policy, Management and Practice (Guy Julier Liz Moor (edit",0.479593,UNREVIEWED,candidate_needs_review
14.5,CH14,第十四章　交互、服务与平台：数字设计的制度化,服务设计与组织流程,4,B0356,book,"Rachel Charlotte Smith, Ton Otto, Wendy Gunn：《Design Anthropology Theory and Practice》",0.461663,UNREVIEWED,candidate_needs_review
14.5,CH14,第十四章　交互、服务与平台：数字设计的制度化,服务设计与组织流程,5,B0062,book,Cairo：《The functional art an introduction to information graphics and visualization》,0.417385,UNREVIEWED,candidate_needs_review
14.5,CH14,第十四章　交互、服务与平台：数字设计的制度化,服务设计与组织流程,6,B0053,book,Brigitte Borja de Mozota：《Design Management Using Design to Build Brand Value and Corporate Innovation》，2003,0.404279,UNREVIEWED,candidate_needs_review
14.5,CH14,第十四章　交互、服务与平台：数字设计的制度化,服务设计与组织流程,7,B0046,book,Bill Moggridge：《Designing Interactions》，2007,0.390765,UNREVIEWED,candidate_needs_review
14.5,CH14,第十四章　交互、服务与平台：数字设计的制度化,服务设计与组织流程,8,B0113,book,"Design Research： Methods and Perspectives (The MIT Press) -- Laurel, Brenda -- C",0.381312,UNREVIEWED,candidate_needs_review
14.5,CH14,第十四章　交互、服务与平台：数字设计的制度化,服务设计与组织流程,9,P0061,paper,"Stephen L. Vargo, Robert F. Lusch：《Evolving to a New Dominant Logic for Marketing》，2004",0.37019,UNREVIEWED,candidate_needs_review
14.5,CH14,第十四章　交互、服务与平台：数字设计的制度化,服务设计与组织流程,10,B0180,book,Guy Julier：《The Culture of Design》，2000,0.368847,UNREVIEWED,candidate_needs_review
14.5,CH14,第十四章　交互、服务与平台：数字设计的制度化,服务设计与组织流程,11,B0011,book,"Alan Cooper, Robert Reimann, David Cronin, Christopher Noessel：《About Face The Essentials of Interaction Design》",0.360612,UNREVIEWED,candidate_needs_review
14.5,CH14,第十四章　交互、服务与平台：数字设计的制度化,服务设计与组织流程,12,B0022,book,Anne Massey：《Interior Design of the 20th Century》，1990,0.353841,UNREVIEWED,candidate_needs_review
14.5,CH14,第十四章　交互、服务与平台：数字设计的制度化,服务设计与组织流程,13,B0188,book,"Heskett, John：Design：A Very Short Introduction, 2005",0.353018,UNREVIEWED,candidate_needs_review
14.5,CH14,第十四章　交互、服务与平台：数字设计的制度化,服务设计与组织流程,14,B0116,book,Designing Interactions,0.352927,UNREVIEWED,candidate_needs_review
14.5,CH14,第十四章　交互、服务与平台：数字设计的制度化,服务设计与组织流程,15,B0114,book,"Design, Empathy, Interpretation： Toward Interpretive Design -- Koskinen, Ilpo_ -",0.352881,UNREVIEWED,candidate_needs_review
14.5,CH14,第十四章　交互、服务与平台：数字设计的制度化,服务设计与组织流程,16,B0096,book,Dan Saffer：《Designing for Interaction Creating Innovative Applications》，2009,0.350711,UNREVIEWED,candidate_needs_review
14.5,CH14,第十四章　交互、服务与平台：数字设计的制度化,服务设计与组织流程,17,P0042,paper,Lucy Kimbell：《Rethinking Design Thinking： Part II》，2012,0.345928,UNREVIEWED,candidate_needs_review
14.5,CH14,第十四章　交互、服务与平台：数字设计的制度化,服务设计与组织流程,18,B0102,book,David Raizman：《History of Modern Design》，2023,0.344139,UNREVIEWED,candidate_needs_review
14.5,CH14,第十四章　交互、服务与平台：数字设计的制度化,服务设计与组织流程,19,B0108,book,"Design discourse _ history, theory, criticism -- Margolin, Victor, 1941- -- Chic",0.34362,UNREVIEWED,candidate_needs_review
14.5,CH14,第十四章　交互、服务与平台：数字设计的制度化,服务设计与组织流程,20,B0151,book,"Ezio Manzini：《Design, When Everybody Designs An Introduction to Design for Social Innovation》，2015",0.34312,UNREVIEWED,candidate_needs_review
14.5,CH14,第十四章　交互、服务与平台：数字设计的制度化,服务设计与组织流程,21,B0425,book,Thorpe：《Design with society why socially responsive design is good enough》,0.342427,UNREVIEWED,candidate_needs_review
14.5,CH14,第十四章　交互、服务与平台：数字设计的制度化,服务设计与组织流程,22,B0329,book,Olins：《Corporate identity making business strategy visible through design》,0.342048,UNREVIEWED,candidate_needs_review
14.5,CH14,第十四章　交互、服务与平台：数字设计的制度化,服务设计与组织流程,23,B0374,book,Roger L. Martin：《The Design of Business》，2009,0.339636,UNREVIEWED,candidate_needs_review
14.5,CH14,第十四章　交互、服务与平台：数字设计的制度化,服务设计与组织流程,24,B0327,book,"None：《China design now , None》",0.339286,UNREVIEWED,candidate_needs_review
14.5,CH14,第十四章　交互、服务与平台：数字设计的制度化,服务设计与组织流程,25,B0101,book,David Raizman：《History of Modern Design》,0.339125,UNREVIEWED,candidate_needs_review
14.5,CH14,第十四章　交互、服务与平台：数字设计的制度化,服务设计与组织流程,26,B0242,book,Julier：《The culture of design，2018》,0.337054,UNREVIEWED,candidate_needs_review
14.5,CH14,第十四章　交互、服务与平台：数字设计的制度化,服务设计与组织流程,27,P0065,paper,Thackara John：《In the Bubble. Designing in a Complex World》,0.336545,UNREVIEWED,candidate_needs_review
14.5,CH14,第十四章　交互、服务与平台：数字设计的制度化,服务设计与组织流程,28,B0058,book,"Buchanan, Richard; Margolin, Victor (eds.), Discovering Design, 1995",0.331704,UNREVIEWED,candidate_needs_review
14.5,CH14,第十四章　交互、服务与平台：数字设计的制度化,服务设计与组织流程,29,B0075,book,"Charlotte Fiell, Peter Fiell：《Design of the 20th Century》，1999",0.331363,UNREVIEWED,candidate_needs_review
14.5,CH14,第十四章　交互、服务与平台：数字设计的制度化,服务设计与组织流程,30,B0399,book,"Sparke, Penny; Fisher, Fiona (eds.), The Routledge Companion to Design Studies, 2016",0.328565,UNREVIEWED,candidate_needs_review
14.6,CH14,第十四章　交互、服务与平台：数字设计的制度化,设计系统与平台规模化,1,B0115,book,"Design, History and Time _ New Temporalities in a Digital -- Hendon, Zoë (editor",0.390778,UNREVIEWED,candidate_needs_review
14.6,CH14,第十四章　交互、服务与平台：数字设计的制度化,设计系统与平台规模化,2,B0053,book,Brigitte Borja de Mozota：《Design Management Using Design to Build Brand Value and Corporate Innovation》，2003,0.388272,UNREVIEWED,candidate_needs_review
14.6,CH14,第十四章　交互、服务与平台：数字设计的制度化,设计系统与平台规模化,3,B0011,book,"Alan Cooper, Robert Reimann, David Cronin, Christopher Noessel：《About Face The Essentials of Interaction Design》",0.383155,UNREVIEWED,candidate_needs_review
14.6,CH14,第十四章　交互、服务与平台：数字设计的制度化,设计系统与平台规模化,4,B0253,book,Kathryn B Hiesinger：《JAPANESE DESIGN A SURVEY SINCE 1950》,0.38241,UNREVIEWED,candidate_needs_review
14.6,CH14,第十四章　交互、服务与平台：数字设计的制度化,设计系统与平台规模化,5,B0151,book,"Ezio Manzini：《Design, When Everybody Designs An Introduction to Design for Social Innovation》，2015",0.381436,UNREVIEWED,candidate_needs_review
14.6,CH14,第十四章　交互、服务与平台：数字设计的制度化,设计系统与平台规模化,6,B0188,book,"Heskett, John：Design：A Very Short Introduction, 2005",0.379089,UNREVIEWED,candidate_needs_review
14.6,CH14,第十四章　交互、服务与平台：数字设计的制度化,设计系统与平台规模化,7,B0122,book,"Digital Design Theory_ Readings from the Field (Design -- Armstrong, Helen -- De",0.377604,UNREVIEWED,candidate_needs_review
14.6,CH14,第十四章　交互、服务与平台：数字设计的制度化,设计系统与平台规模化,8,B0116,book,Designing Interactions,0.371525,UNREVIEWED,candidate_needs_review
14.6,CH14,第十四章　交互、服务与平台：数字设计的制度化,设计系统与平台规模化,9,B0087,book,"Contextual Design_ Defining Customer-Centered Systems -- Beyer, Hugh, Holtzblatt",0.365912,UNREVIEWED,candidate_needs_review
14.6,CH14,第十四章　交互、服务与平台：数字设计的制度化,设计系统与平台规模化,10,B0102,book,David Raizman：《History of Modern Design》，2023,0.36234,UNREVIEWED,candidate_needs_review
14.6,CH14,第十四章　交互、服务与平台：数字设计的制度化,设计系统与平台规模化,11,B0050,book,Brad Frost：《Atomic Design》,0.3519,UNREVIEWED,candidate_needs_review
14.6,CH14,第十四章　交互、服务与平台：数字设计的制度化,设计系统与平台规模化,12,B0105,book,"Design and Creativity Policy, Management and Practice (Guy Julier Liz Moor (edit",0.349581,UNREVIEWED,candidate_needs_review
14.6,CH14,第十四章　交互、服务与平台：数字设计的制度化,设计系统与平台规模化,13,B0250,book,"Kate Fletcher, Lynda Grose：《Fashion & Sustainability Design for Change》，2012",0.346634,UNREVIEWED,candidate_needs_review
14.6,CH14,第十四章　交互、服务与平台：数字设计的制度化,设计系统与平台规模化,14,B0138,book,"Edward Steinfeld, Jordana Maisel：《Universal Design Creating Inclusive Environments》，2012",0.345506,UNREVIEWED,candidate_needs_review
14.6,CH14,第十四章　交互、服务与平台：数字设计的制度化,设计系统与平台规模化,15,B0227,book,John M. Carroll (ed.)：《Human-Computer Interaction in the New Millennium》，2002,0.345338,UNREVIEWED,candidate_needs_review
14.6,CH14,第十四章　交互、服务与平台：数字设计的制度化,设计系统与平台规模化,16,B0356,book,"Rachel Charlotte Smith, Ton Otto, Wendy Gunn：《Design Anthropology Theory and Practice》",0.341231,UNREVIEWED,candidate_needs_review
14.6,CH14,第十四章　交互、服务与平台：数字设计的制度化,设计系统与平台规模化,17,B0242,book,Julier：《The culture of design，2018》,0.340499,UNREVIEWED,candidate_needs_review
14.6,CH14,第十四章　交互、服务与平台：数字设计的制度化,设计系统与平台规模化,18,B0075,book,"Charlotte Fiell, Peter Fiell：《Design of the 20th Century》，1999",0.337341,UNREVIEWED,candidate_needs_review
14.6,CH14,第十四章　交互、服务与平台：数字设计的制度化,设计系统与平台规模化,19,B0084,book,"Clive Dilnot：《A John Heskett Reader Design, History, Economics》",0.335869,UNREVIEWED,candidate_needs_review
14.6,CH14,第十四章　交互、服务与平台：数字设计的制度化,设计系统与平台规模化,20,B0018,book,Alla Kholmatova：《Design Systems》,0.335303,UNREVIEWED,candidate_needs_review
14.6,CH14,第十四章　交互、服务与平台：数字设计的制度化,设计系统与平台规模化,21,B0254,book,"Kathryn Best：《Design Management Managing Design Strategy, Process and Implementation》",0.333419,UNREVIEWED,candidate_needs_review
14.6,CH14,第十四章　交互、服务与平台：数字设计的制度化,设计系统与平台规模化,22,B0327,book,"None：《China design now , None》",0.333163,UNREVIEWED,candidate_needs_review
14.6,CH14,第十四章　交互、服务与平台：数字设计的制度化,设计系统与平台规模化,23,B0065,book,Carl DiSalvo：《Adversarial Design》,0.330575,UNREVIEWED,candidate_needs_review
14.6,CH14,第十四章　交互、服务与平台：数字设计的制度化,设计系统与平台规模化,24,B0226,book,John Heskett：《Toothpicks and Logos Design in Everyday Life》,0.32992,UNREVIEWED,candidate_needs_review
14.6,CH14,第十四章　交互、服务与平台：数字设计的制度化,设计系统与平台规模化,25,B0221,book,John Clifford：《Graphic Icons Visionaries Who Shaped Modern Graphic Design》，2014,0.328749,UNREVIEWED,candidate_needs_review
14.6,CH14,第十四章　交互、服务与平台：数字设计的制度化,设计系统与平台规模化,26,B0189,book,"Heskett, John：《Industrial design》",0.328202,UNREVIEWED,candidate_needs_review
14.6,CH14,第十四章　交互、服务与平台：数字设计的制度化,设计系统与平台规模化,27,B0015,book,Alice Rawsthorn：《Hello World Where Design Meets Life》，2013,0.327689,UNREVIEWED,candidate_needs_review
14.6,CH14,第十四章　交互、服务与平台：数字设计的制度化,设计系统与平台规模化,28,B0306,book,"Meggs, Philip B.; Purvis, Alston W.：Meggs' History of Graphic Design, 2016",0.326409,UNREVIEWED,candidate_needs_review
14.6,CH14,第十四章　交互、服务与平台：数字设计的制度化,设计系统与平台规模化,29,B0108,book,"Design discourse _ history, theory, criticism -- Margolin, Victor, 1941- -- Chic",0.325904,UNREVIEWED,candidate_needs_review
14.6,CH14,第十四章　交互、服务与平台：数字设计的制度化,设计系统与平台规模化,30,B0032,book,"Arturo Escobar：《Designs for the Pluriverse Radical Interdependence, Autonomy, and the Making of Worlds》，2018",0.320587,UNREVIEWED,candidate_needs_review
14.7,CH14,第十四章　交互、服务与平台：数字设计的制度化,数据化商业模式及其边界,1,B0184,book,"Helen Sharp, Jenny Preece, Yvonne Rogers：《Interaction Design Beyond Human-Computer Interaction》，2019",0.530373,UNREVIEWED,candidate_needs_review
14.7,CH14,第十四章　交互、服务与平台：数字设计的制度化,数据化商业模式及其边界,2,B0421,book,The Politics of Design： A (Not So) Global Design Manual for -- [writer and desig,0.458823,UNREVIEWED,candidate_needs_review
14.7,CH14,第十四章　交互、服务与平台：数字设计的制度化,数据化商业模式及其边界,3,B0327,book,"None：《China design now , None》",0.349057,UNREVIEWED,candidate_needs_review
14.7,CH14,第十四章　交互、服务与平台：数字设计的制度化,数据化商业模式及其边界,4,B0116,book,Designing Interactions,0.345651,UNREVIEWED,candidate_needs_review
14.7,CH14,第十四章　交互、服务与平台：数字设计的制度化,数据化商业模式及其边界,5,B0207,book,Jenifer Tidwell：《Designing Interfaces》,0.344914,UNREVIEWED,candidate_needs_review
14.7,CH14,第十四章　交互、服务与平台：数字设计的制度化,数据化商业模式及其边界,6,B0018,book,Alla Kholmatova：《Design Systems》,0.339677,UNREVIEWED,candidate_needs_review
14.7,CH14,第十四章　交互、服务与平台：数字设计的制度化,数据化商业模式及其边界,7,B0046,book,Bill Moggridge：《Designing Interactions》，2007,0.338978,UNREVIEWED,candidate_needs_review
14.7,CH14,第十四章　交互、服务与平台：数字设计的制度化,数据化商业模式及其边界,8,B0188,book,"Heskett, John：Design：A Very Short Introduction, 2005",0.338717,UNREVIEWED,candidate_needs_review
14.7,CH14,第十四章　交互、服务与平台：数字设计的制度化,数据化商业模式及其边界,9,B0176,book,"Graphic Design Theory： Readings from the Field (Design -- Armstrong, Helen(Autho",0.336645,UNREVIEWED,candidate_needs_review
14.7,CH14,第十四章　交互、服务与平台：数字设计的制度化,数据化商业模式及其边界,10,B0242,book,Julier：《The culture of design，2018》,0.324174,UNREVIEWED,candidate_needs_review
14.7,CH14,第十四章　交互、服务与平台：数字设计的制度化,数据化商业模式及其边界,11,B0251,book,Kate Fletcher：《Sustainable Fashion and Textiles Design Journeys》，2008,0.323408,UNREVIEWED,candidate_needs_review
14.7,CH14,第十四章　交互、服务与平台：数字设计的制度化,数据化商业模式及其边界,12,B0065,book,Carl DiSalvo：《Adversarial Design》,0.322546,UNREVIEWED,candidate_needs_review
14.7,CH14,第十四章　交互、服务与平台：数字设计的制度化,数据化商业模式及其边界,13,B0053,book,Brigitte Borja de Mozota：《Design Management Using Design to Build Brand Value and Corporate Innovation》，2003,0.32036,UNREVIEWED,candidate_needs_review
14.7,CH14,第十四章　交互、服务与平台：数字设计的制度化,数据化商业模式及其边界,14,B0075,book,"Charlotte Fiell, Peter Fiell：《Design of the 20th Century》，1999",0.319167,UNREVIEWED,candidate_needs_review
14.7,CH14,第十四章　交互、服务与平台：数字设计的制度化,数据化商业模式及其边界,15,B0101,book,David Raizman：《History of Modern Design》,0.317094,UNREVIEWED,candidate_needs_review
14.7,CH14,第十四章　交互、服务与平台：数字设计的制度化,数据化商业模式及其边界,16,B0006,book,"Adburgham, Alison：《Libertys a biography of a shop》",0.315942,UNREVIEWED,candidate_needs_review
14.7,CH14,第十四章　交互、服务与平台：数字设计的制度化,数据化商业模式及其边界,17,B0122,book,"Digital Design Theory_ Readings from the Field (Design -- Armstrong, Helen -- De",0.313096,UNREVIEWED,candidate_needs_review
14.7,CH14,第十四章　交互、服务与平台：数字设计的制度化,数据化商业模式及其边界,18,B0230,book,John Thackara：《In the Bubble Designing in a Complex World》，2005,0.30887,UNREVIEWED,candidate_needs_review
14.7,CH14,第十四章　交互、服务与平台：数字设计的制度化,数据化商业模式及其边界,19,B0415,book,"Thackara, John (ed.), Design After Modernism, 1988",0.308014,UNREVIEWED,candidate_needs_review
14.7,CH14,第十四章　交互、服务与平台：数字设计的制度化,数据化商业模式及其边界,20,B0250,book,"Kate Fletcher, Lynda Grose：《Fashion & Sustainability Design for Change》，2012",0.307831,UNREVIEWED,candidate_needs_review
14.7,CH14,第十四章　交互、服务与平台：数字设计的制度化,数据化商业模式及其边界,21,B0226,book,John Heskett：《Toothpicks and Logos Design in Everyday Life》,0.307762,UNREVIEWED,candidate_needs_review
14.7,CH14,第十四章　交互、服务与平台：数字设计的制度化,数据化商业模式及其边界,22,B0180,book,Guy Julier：《The Culture of Design》，2000,0.305285,UNREVIEWED,candidate_needs_review
14.7,CH14,第十四章　交互、服务与平台：数字设计的制度化,数据化商业模式及其边界,23,B0062,book,Cairo：《The functional art an introduction to information graphics and visualization》,0.303862,UNREVIEWED,candidate_needs_review
14.7,CH14,第十四章　交互、服务与平台：数字设计的制度化,数据化商业模式及其边界,24,B0015,book,Alice Rawsthorn：《Hello World Where Design Meets Life》，2013,0.302876,UNREVIEWED,candidate_needs_review
14.7,CH14,第十四章　交互、服务与平台：数字设计的制度化,数据化商业模式及其边界,25,B0478,book,大卫·瑞兹曼 (David Raizman)：《现代设计史（第2版）》，2013,0.30256,UNREVIEWED,candidate_needs_review
14.7,CH14,第十四章　交互、服务与平台：数字设计的制度化,数据化商业模式及其边界,26,B0105,book,"Design and Creativity Policy, Management and Practice (Guy Julier Liz Moor (edit",0.300809,UNREVIEWED,candidate_needs_review
14.7,CH14,第十四章　交互、服务与平台：数字设计的制度化,数据化商业模式及其边界,27,B0224,book,John Heskett：《Design A Very Short Introduction》,0.300658,UNREVIEWED,candidate_needs_review
14.7,CH14,第十四章　交互、服务与平台：数字设计的制度化,数据化商业模式及其边界,28,B0267,book,"Langdon Winner：《The Whale and the Reactor A Search for Limits in an Age of High Technology, Second Edition》，1986",0.300459,UNREVIEWED,candidate_needs_review
14.7,CH14,第十四章　交互、服务与平台：数字设计的制度化,数据化商业模式及其边界,29,B0040,book,"Beckert, Sven：Empire of Cotton：A Global History, 2014",0.300384,UNREVIEWED,candidate_needs_review
14.7,CH14,第十四章　交互、服务与平台：数字设计的制度化,数据化商业模式及其边界,30,B0170,book,Glenn Adamson：《Global Design History》,0.297991,UNREVIEWED,candidate_needs_review
15.1,CH15,第十五章　批判、推测、转型与多元世界设计,从产品批评到批判性对象,1,B0058,book,"Buchanan, Richard; Margolin, Victor (eds.), Discovering Design, 1995",0.390336,UNREVIEWED,candidate_needs_review
15.1,CH15,第十五章　批判、推测、转型与多元世界设计,从产品批评到批判性对象,2,B0017,book,Alison J. Clarke (ed.)：《Design Anthropology Object Cultures in Transition》,0.383557,UNREVIEWED,candidate_needs_review
15.1,CH15,第十五章　批判、推测、转型与多元世界设计,从产品批评到批判性对象,3,B0025,book,"Anthony Dunne：《Hertzian Tales Electronic Products, Aesthetic Experience, and Critical Design》，2005",0.365355,UNREVIEWED,candidate_needs_review
15.1,CH15,第十五章　批判、推测、转型与多元世界设计,从产品批评到批判性对象,4,B0107,book,Design Anthropology in Context _ An Introduction to Design -- Adam Drazin -- Lon,0.361626,UNREVIEWED,candidate_needs_review
15.1,CH15,第十五章　批判、推测、转型与多元世界设计,从产品批评到批判性对象,5,B0166,book,"George, Kenneth M.; Nordholt, Henk Schulte：《Outward Appearances Dressing State and Society in Indonesia》",0.360578,UNREVIEWED,candidate_needs_review
15.1,CH15,第十五章　批判、推测、转型与多元世界设计,从产品批评到批判性对象,6,B0230,book,John Thackara：《In the Bubble Designing in a Complex World》，2005,0.330758,UNREVIEWED,candidate_needs_review
15.1,CH15,第十五章　批判、推测、转型与多元世界设计,从产品批评到批判性对象,7,B0023,book,"Anthony Dunne, Fiona Raby：《Design Noir The Secret Life of Electronic Objects》",0.329115,UNREVIEWED,candidate_needs_review
15.1,CH15,第十五章　批判、推测、转型与多元世界设计,从产品批评到批判性对象,8,B0108,book,"Design discourse _ history, theory, criticism -- Margolin, Victor, 1941- -- Chic",0.328768,UNREVIEWED,candidate_needs_review
15.1,CH15,第十五章　批判、推测、转型与多元世界设计,从产品批评到批判性对象,9,B0032,book,"Arturo Escobar：《Designs for the Pluriverse Radical Interdependence, Autonomy, and the Making of Worlds》，2018",0.325709,UNREVIEWED,candidate_needs_review
15.1,CH15,第十五章　批判、推测、转型与多元世界设计,从产品批评到批判性对象,10,B0285,book,"Margolin, Victor, Design History or Design Studies, 1992",0.321994,UNREVIEWED,candidate_needs_review
15.1,CH15,第十五章　批判、推测、转型与多元世界设计,从产品批评到批判性对象,11,B0043,book,"Between Wit and Reason_ Defining Associative, Speculative, -- Malpass, Matt（Cent",0.321288,UNREVIEWED,candidate_needs_review
15.1,CH15,第十五章　批判、推测、转型与多元世界设计,从产品批评到批判性对象,12,B0297,book,Mary Warner Marien：《Photography A Cultural History》,0.318534,UNREVIEWED,candidate_needs_review
15.1,CH15,第十五章　批判、推测、转型与多元世界设计,从产品批评到批判性对象,13,B0242,book,Julier：《The culture of design，2018》,0.316381,UNREVIEWED,candidate_needs_review
15.1,CH15,第十五章　批判、推测、转型与多元世界设计,从产品批评到批判性对象,14,B0141,book,"Elizabeth Hallam, Tim Ingold (eds.)：《Creativity and Cultural Improvisation》",0.313588,UNREVIEWED,candidate_needs_review
15.1,CH15,第十五章　批判、推测、转型与多元世界设计,从产品批评到批判性对象,15,B0057,book,"Buchanan, Richard; Doordan, Dennis P.; Margolin, Victor (eds.), The Designed World, 2010",0.313416,UNREVIEWED,candidate_needs_review
15.1,CH15,第十五章　批判、推测、转型与多元世界设计,从产品批评到批判性对象,16,B0101,book,David Raizman：《History of Modern Design》,0.310376,UNREVIEWED,candidate_needs_review
15.1,CH15,第十五章　批判、推测、转型与多元世界设计,从产品批评到批判性对象,17,B0304,book,Maxine Berg：《Luxury and Pleasure in Eighteenth-Century Britain (2007)》,0.30798,UNREVIEWED,candidate_needs_review
15.1,CH15,第十五章　批判、推测、转型与多元世界设计,从产品批评到批判性对象,18,B0301,book,"Matt Malpass：《Critical Design in Context History, Theory, and Practices》",0.307301,UNREVIEWED,candidate_needs_review
15.1,CH15,第十五章　批判、推测、转型与多元世界设计,从产品批评到批判性对象,19,B0128,book,Donald A. Schön：《The Reflective Practitioner How Professionals Think In Action》,0.307056,UNREVIEWED,candidate_needs_review
15.1,CH15,第十五章　批判、推测、转型与多元世界设计,从产品批评到批判性对象,20,B0280,book,Löwgren：《Thoughtful interaction design a design perspective on information technology》,0.305864,UNREVIEWED,candidate_needs_review
15.1,CH15,第十五章　批判、推测、转型与多元世界设计,从产品批评到批判性对象,21,B0021,book,Andrew Feenberg：《Transforming Technology A Critical Theory Revisited》,0.300636,UNREVIEWED,candidate_needs_review
15.1,CH15,第十五章　批判、推测、转型与多元世界设计,从产品批评到批判性对象,22,B0315,book,"Miller, Daniel：Material Culture and Mass Consumption, 1987",0.298727,UNREVIEWED,candidate_needs_review
15.1,CH15,第十五章　批判、推测、转型与多元世界设计,从产品批评到批判性对象,23,B0059,book,"Buchanan, Richard; Margolin, Victor (eds.), The Idea of Design, 1995",0.293905,UNREVIEWED,candidate_needs_review
15.1,CH15,第十五章　批判、推测、转型与多元世界设计,从产品批评到批判性对象,24,B0056,book,"BUCHANAN, RICHARD. Branzi",0.293414,UNREVIEWED,candidate_needs_review
15.1,CH15,第十五章　批判、推测、转型与多元世界设计,从产品批评到批判性对象,25,P0053,paper,Reflective design -- Phoebe Sengers; Kirsten Boehner; Shay David; Joseph 'Jofish,0.291726,UNREVIEWED,candidate_needs_review
15.1,CH15,第十五章　批判、推测、转型与多元世界设计,从产品批评到批判性对象,26,B0391,book,"SEAGO, ALEX, AND ANTHONY DUNNE. New Methods in Art and Design Research The Objec",0.286357,UNREVIEWED,candidate_needs_review
15.1,CH15,第十五章　批判、推测、转型与多元世界设计,从产品批评到批判性对象,27,B0160,book,Fuad-Luke：《The eco-design handbook a complete sourcebook for the home and office》,0.284203,UNREVIEWED,candidate_needs_review
15.1,CH15,第十五章　批判、推测、转型与多元世界设计,从产品批评到批判性对象,28,B0026,book,"Anthony Dunne：《Speculative Everything Design, Fiction, and Social Dreaming》",0.282452,UNREVIEWED,candidate_needs_review
15.1,CH15,第十五章　批判、推测、转型与多元世界设计,从产品批评到批判性对象,29,B0129,book,Donald A_ Schon：《The Reflective Practitioner，1983》,0.281981,UNREVIEWED,candidate_needs_review
15.1,CH15,第十五章　批判、推测、转型与多元世界设计,从产品批评到批判性对象,30,B0208,book,Jenny L. Davis：《How Artifacts Afford The Power and Politics of Everyday Things》,0.280773,UNREVIEWED,candidate_needs_review
15.2,CH15,第十五章　批判、推测、转型与多元世界设计,设计虚构与推测设计,1,B0026,book,"Anthony Dunne：《Speculative Everything Design, Fiction, and Social Dreaming》",0.518324,UNREVIEWED,candidate_needs_review
15.2,CH15,第十五章　批判、推测、转型与多元世界设计,设计虚构与推测设计,2,B0194,book,Ida Engholm：《Design for the New World From Human Design to Planet Design》，2023,0.493305,UNREVIEWED,candidate_needs_review
15.2,CH15,第十五章　批判、推测、转型与多元世界设计,设计虚构与推测设计,3,B0017,book,Alison J. Clarke (ed.)：《Design Anthropology Object Cultures in Transition》,0.472814,UNREVIEWED,candidate_needs_review
15.2,CH15,第十五章　批判、推测、转型与多元世界设计,设计虚构与推测设计,4,P0004,paper,Alternatives：《exploring information appliances through Bill Gaver; Heather Marti,0.465926,UNREVIEWED,candidate_needs_review
15.2,CH15,第十五章　批判、推测、转型与多元世界设计,设计虚构与推测设计,5,P0063,paper,"Terry Irwin, Gideon Kossoff, Cameron Tonkinwise：《Transition Design Provocation》，2015",0.458684,UNREVIEWED,candidate_needs_review
15.2,CH15,第十五章　批判、推测、转型与多元世界设计,设计虚构与推测设计,6,B0301,book,"Matt Malpass：《Critical Design in Context History, Theory, and Practices》",0.451857,UNREVIEWED,candidate_needs_review
15.2,CH15,第十五章　批判、推测、转型与多元世界设计,设计虚构与推测设计,7,B0114,book,"Design, Empathy, Interpretation： Toward Interpretive Design -- Koskinen, Ilpo_ -",0.442075,UNREVIEWED,candidate_needs_review
15.2,CH15,第十五章　批判、推测、转型与多元世界设计,设计虚构与推测设计,8,B0046,book,Bill Moggridge：《Designing Interactions》，2007,0.403251,UNREVIEWED,candidate_needs_review
15.2,CH15,第十五章　批判、推测、转型与多元世界设计,设计虚构与推测设计,9,P0014,paper,Cameron Tonkinwise：《How We Intend to Future： Review of Speculative Everything》，2014,0.386922,UNREVIEWED,candidate_needs_review
15.2,CH15,第十五章　批判、推测、转型与多元世界设计,设计虚构与推测设计,10,B0184,book,"Helen Sharp, Jenny Preece, Yvonne Rogers：《Interaction Design Beyond Human-Computer Interaction》，2019",0.386694,UNREVIEWED,candidate_needs_review
15.2,CH15,第十五章　批判、推测、转型与多元世界设计,设计虚构与推测设计,11,B0024,book,"Anthony Dunne, Fiona Raby：《Speculative Everything Design, Fiction, and Social Dreaming》，2013",0.380723,UNREVIEWED,candidate_needs_review
15.2,CH15,第十五章　批判、推测、转型与多元世界设计,设计虚构与推测设计,12,P0027,paper,"Dunne：《[ACM Press the conference - London, England (2002.06.25-2002.06.28)] Proc",0.361313,UNREVIEWED,candidate_needs_review
15.2,CH15,第十五章　批判、推测、转型与多元世界设计,设计虚构与推测设计,13,B0115,book,"Design, History and Time _ New Temporalities in a Digital -- Hendon, Zoë (editor",0.357474,UNREVIEWED,candidate_needs_review
15.2,CH15,第十五章　批判、推测、转型与多元世界设计,设计虚构与推测设计,14,B0109,book,Design Fiction_ A Method Toolbox for Design Research in a -- Martin Wiedmer; Sim,0.351457,UNREVIEWED,candidate_needs_review
15.2,CH15,第十五章　批判、推测、转型与多元世界设计,设计虚构与推测设计,15,B0101,book,David Raizman：《History of Modern Design》,0.34442,UNREVIEWED,candidate_needs_review
15.2,CH15,第十五章　批判、推测、转型与多元世界设计,设计虚构与推测设计,16,B0025,book,"Anthony Dunne：《Hertzian Tales Electronic Products, Aesthetic Experience, and Critical Design》，2005",0.344294,UNREVIEWED,candidate_needs_review
15.2,CH15,第十五章　批判、推测、转型与多元世界设计,设计虚构与推测设计,17,B0116,book,Designing Interactions,0.34409,UNREVIEWED,candidate_needs_review
15.2,CH15,第十五章　批判、推测、转型与多元世界设计,设计虚构与推测设计,18,P0035,paper,How HCI interprets the probes -- Kirsten Boehner; Janet Vertesi; Phoebe Sengers;,0.336336,UNREVIEWED,candidate_needs_review
15.2,CH15,第十五章　批判、推测、转型与多元世界设计,设计虚构与推测设计,19,P0041,paper,Laura Forlano：《Posthumanism and Design》，2017,0.335108,UNREVIEWED,candidate_needs_review
15.2,CH15,第十五章　批判、推测、转型与多元世界设计,设计虚构与推测设计,20,B0280,book,Löwgren：《Thoughtful interaction design a design perspective on information technology》,0.334597,UNREVIEWED,candidate_needs_review
15.2,CH15,第十五章　批判、推测、转型与多元世界设计,设计虚构与推测设计,21,B0023,book,"Anthony Dunne, Fiona Raby：《Design Noir The Secret Life of Electronic Objects》",0.332785,UNREVIEWED,candidate_needs_review
15.2,CH15,第十五章　批判、推测、转型与多元世界设计,设计虚构与推测设计,22,B0107,book,Design Anthropology in Context _ An Introduction to Design -- Adam Drazin -- Lon,0.329889,UNREVIEWED,candidate_needs_review
15.2,CH15,第十五章　批判、推测、转型与多元世界设计,设计虚构与推测设计,23,B0122,book,"Digital Design Theory_ Readings from the Field (Design -- Armstrong, Helen -- De",0.326027,UNREVIEWED,candidate_needs_review
15.2,CH15,第十五章　批判、推测、转型与多元世界设计,设计虚构与推测设计,24,B0111,book,Design History and Culture ： Methods and Approaches -- Javier Gimeno-Martínez --,0.321446,UNREVIEWED,candidate_needs_review
15.2,CH15,第十五章　批判、推测、转型与多元世界设计,设计虚构与推测设计,25,B0268,book,Lars Hallnäs Johan Redström：《Slow Technology – Designing for Reflection》,0.316399,UNREVIEWED,candidate_needs_review
15.2,CH15,第十五章　批判、推测、转型与多元世界设计,设计虚构与推测设计,26,B0230,book,John Thackara：《In the Bubble Designing in a Complex World》，2005,0.313305,UNREVIEWED,candidate_needs_review
15.2,CH15,第十五章　批判、推测、转型与多元世界设计,设计虚构与推测设计,27,B0235,book,Jonathan M. Woodham：《Twentieth Century Design》,0.306796,UNREVIEWED,candidate_needs_review
15.2,CH15,第十五章　批判、推测、转型与多元世界设计,设计虚构与推测设计,28,B0059,book,"Buchanan, Richard; Margolin, Victor (eds.), The Idea of Design, 1995",0.289441,UNREVIEWED,candidate_needs_review
15.2,CH15,第十五章　批判、推测、转型与多元世界设计,设计虚构与推测设计,29,B0005,book,"Adamson, Glenn; Riello, Giorgio; Teasley, Sarah (eds.), Global Design History, 2011",0.283062,UNREVIEWED,candidate_needs_review
15.2,CH15,第十五章　批判、推测、转型与多元世界设计,设计虚构与推测设计,30,B0098,book,"Daniel Kahneman：《Thinking, Fast and Slow》，2011",0.282448,UNREVIEWED,candidate_needs_review
15.3,CH15,第十五章　批判、推测、转型与多元世界设计,对推测设计的反批评,1,B0322,book,Niedderer：《Designing Mindful Interaction The Category of Performative Object》,0.35518,UNREVIEWED,candidate_needs_review
15.3,CH15,第十五章　批判、推测、转型与多元世界设计,对推测设计的反批评,2,B0194,book,Ida Engholm：《Design for the New World From Human Design to Planet Design》，2023,0.345375,UNREVIEWED,candidate_needs_review
15.3,CH15,第十五章　批判、推测、转型与多元世界设计,对推测设计的反批评,3,B0017,book,Alison J. Clarke (ed.)：《Design Anthropology Object Cultures in Transition》,0.314184,UNREVIEWED,candidate_needs_review
15.3,CH15,第十五章　批判、推测、转型与多元世界设计,对推测设计的反批评,4,B0026,book,"Anthony Dunne：《Speculative Everything Design, Fiction, and Social Dreaming》",0.307464,UNREVIEWED,candidate_needs_review
15.3,CH15,第十五章　批判、推测、转型与多元世界设计,对推测设计的反批评,5,B0234,book,Jonathan M. Woodham：《Dictionary of Modern Design》,0.294804,UNREVIEWED,candidate_needs_review
15.3,CH15,第十五章　批判、推测、转型与多元世界设计,对推测设计的反批评,6,B0253,book,Kathryn B Hiesinger：《JAPANESE DESIGN A SURVEY SINCE 1950》,0.294152,UNREVIEWED,candidate_needs_review
15.3,CH15,第十五章　批判、推测、转型与多元世界设计,对推测设计的反批评,7,P0035,paper,How HCI interprets the probes -- Kirsten Boehner; Janet Vertesi; Phoebe Sengers;,0.289694,UNREVIEWED,candidate_needs_review
15.3,CH15,第十五章　批判、推测、转型与多元世界设计,对推测设计的反批评,8,B0075,book,"Charlotte Fiell, Peter Fiell：《Design of the 20th Century》，1999",0.280243,UNREVIEWED,candidate_needs_review
15.3,CH15,第十五章　批判、推测、转型与多元世界设计,对推测设计的反批评,9,B0449,book,Weisberg：《The origins of lart nouveau the Bing empire》,0.270374,UNREVIEWED,candidate_needs_review
15.3,CH15,第十五章　批判、推测、转型与多元世界设计,对推测设计的反批评,10,B0473,book,周博：《现代设计伦理思想史》，2014,0.270285,UNREVIEWED,candidate_needs_review
15.3,CH15,第十五章　批判、推测、转型与多元世界设计,对推测设计的反批评,11,B0505,book,移动的美术馆 20世纪初中国的书籍装帧设计与商业美术,0.269744,UNREVIEWED,candidate_needs_review
15.3,CH15,第十五章　批判、推测、转型与多元世界设计,对推测设计的反批评,12,B0101,book,David Raizman：《History of Modern Design》,0.268228,UNREVIEWED,candidate_needs_review
15.3,CH15,第十五章　批判、推测、转型与多元世界设计,对推测设计的反批评,13,B0472,book,周博：《断裂与绵延：中国现代设计史研究》，2019,0.268051,UNREVIEWED,candidate_needs_review
15.3,CH15,第十五章　批判、推测、转型与多元世界设计,对推测设计的反批评,14,B0032,book,"Arturo Escobar：《Designs for the Pluriverse Radical Interdependence, Autonomy, and the Making of Worlds》，2018",0.266104,UNREVIEWED,candidate_needs_review
15.3,CH15,第十五章　批判、推测、转型与多元世界设计,对推测设计的反批评,15,B0221,book,John Clifford：《Graphic Icons Visionaries Who Shaped Modern Graphic Design》，2014,0.266055,UNREVIEWED,candidate_needs_review
15.3,CH15,第十五章　批判、推测、转型与多元世界设计,对推测设计的反批评,16,B0318,book,"Morris, William：Hopes and Fears for Art, 1882",0.265788,UNREVIEWED,candidate_needs_review
15.3,CH15,第十五章　批判、推测、转型与多元世界设计,对推测设计的反批评,17,B0111,book,Design History and Culture ： Methods and Approaches -- Javier Gimeno-Martínez --,0.264531,UNREVIEWED,candidate_needs_review
15.3,CH15,第十五章　批判、推测、转型与多元世界设计,对推测设计的反批评,18,B0059,book,"Buchanan, Richard; Margolin, Victor (eds.), The Idea of Design, 1995",0.263228,UNREVIEWED,candidate_needs_review
15.3,CH15,第十五章　批判、推测、转型与多元世界设计,对推测设计的反批评,19,B0441,book,Walker：《Sustainable by design explorations in theory and practice》,0.263064,UNREVIEWED,candidate_needs_review
15.3,CH15,第十五章　批判、推测、转型与多元世界设计,对推测设计的反批评,20,B0450,book,Wendy Kaplan：《The arts crafts movement in Europe America design for the modern world》,0.259665,UNREVIEWED,candidate_needs_review
15.3,CH15,第十五章　批判、推测、转型与多元世界设计,对推测设计的反批评,21,B0440,book,Walker：《Design History and the History of Design》,0.258951,UNREVIEWED,candidate_needs_review
15.3,CH15,第十五章　批判、推测、转型与多元世界设计,对推测设计的反批评,22,B0110,book,"Design futuring ： sustainability, ethics, and new practice -- Tony Fry -- 1, Lon",0.258233,UNREVIEWED,candidate_needs_review
15.3,CH15,第十五章　批判、推测、转型与多元世界设计,对推测设计的反批评,23,B0315,book,"Miller, Daniel：Material Culture and Mass Consumption, 1987",0.254354,UNREVIEWED,candidate_needs_review
15.3,CH15,第十五章　批判、推测、转型与多元世界设计,对推测设计的反批评,24,P0027,paper,"Dunne：《[ACM Press the conference - London, England (2002.06.25-2002.06.28)] Proc",0.252129,UNREVIEWED,candidate_needs_review
15.3,CH15,第十五章　批判、推测、转型与多元世界设计,对推测设计的反批评,25,B0371,book,Robert Schmutzler：《Art Nouveau (1962)，1962》,0.250827,UNREVIEWED,candidate_needs_review
15.3,CH15,第十五章　批判、推测、转型与多元世界设计,对推测设计的反批评,26,B0065,book,Carl DiSalvo：《Adversarial Design》,0.250791,UNREVIEWED,candidate_needs_review
15.3,CH15,第十五章　批判、推测、转型与多元世界设计,对推测设计的反批评,27,B0235,book,Jonathan M. Woodham：《Twentieth Century Design》,0.250327,UNREVIEWED,candidate_needs_review
15.3,CH15,第十五章　批判、推测、转型与多元世界设计,对推测设计的反批评,28,B0107,book,Design Anthropology in Context _ An Introduction to Design -- Adam Drazin -- Lon,0.250109,UNREVIEWED,candidate_needs_review
15.3,CH15,第十五章　批判、推测、转型与多元世界设计,对推测设计的反批评,29,B0467,book,世界设计史_II_苏联至二战,0.249569,UNREVIEWED,candidate_needs_review
15.3,CH15,第十五章　批判、推测、转型与多元世界设计,对推测设计的反批评,30,B0280,book,Löwgren：《Thoughtful interaction design a design perspective on information technology》,0.246212,UNREVIEWED,candidate_needs_review
15.4,CH15,第十五章　批判、推测、转型与多元世界设计,对抗性设计与公共争议,1,B0208,book,Jenny L. Davis：《How Artifacts Afford The Power and Politics of Everyday Things》,0.459425,UNREVIEWED,candidate_needs_review
15.4,CH15,第十五章　批判、推测、转型与多元世界设计,对抗性设计与公共争议,2,B0017,book,Alison J. Clarke (ed.)：《Design Anthropology Object Cultures in Transition》,0.417367,UNREVIEWED,candidate_needs_review
15.4,CH15,第十五章　批判、推测、转型与多元世界设计,对抗性设计与公共争议,3,B0492,book,"杭间, 靳埭强, 胡恩威：《包豪斯道路：历史、遗泽、世界与中国》，2010",0.389502,UNREVIEWED,candidate_needs_review
15.4,CH15,第十五章　批判、推测、转型与多元世界设计,对抗性设计与公共争议,4,B0107,book,Design Anthropology in Context _ An Introduction to Design -- Adam Drazin -- Lon,0.369786,UNREVIEWED,candidate_needs_review
15.4,CH15,第十五章　批判、推测、转型与多元世界设计,对抗性设计与公共争议,5,B0175,book,"Grand Designs Labor, Empire, and the Museum in Victorian Culture",0.367236,UNREVIEWED,candidate_needs_review
15.4,CH15,第十五章　批判、推测、转型与多元世界设计,对抗性设计与公共争议,6,B0066,book,Carroll Gantz：《Founders of American Industrial Design》，2014,0.358849,UNREVIEWED,candidate_needs_review
15.4,CH15,第十五章　批判、推测、转型与多元世界设计,对抗性设计与公共争议,7,P0057,paper,"Richard Buchanan：《Declaration by Design Rhetoric, Argument, and Demonstration in Design Practice》",0.344443,UNREVIEWED,candidate_needs_review
15.4,CH15,第十五章　批判、推测、转型与多元世界设计,对抗性设计与公共争议,8,B0375,book,Roland Barthes：《Mythologies》，1957,0.343894,UNREVIEWED,candidate_needs_review
15.4,CH15,第十五章　批判、推测、转型与多元世界设计,对抗性设计与公共争议,9,B0108,book,"Design discourse _ history, theory, criticism -- Margolin, Victor, 1941- -- Chic",0.338584,UNREVIEWED,candidate_needs_review
15.4,CH15,第十五章　批判、推测、转型与多元世界设计,对抗性设计与公共争议,10,B0033,book,Arturo Escobar：《Designs for the Pluriverse，2018》,0.337081,UNREVIEWED,candidate_needs_review
15.4,CH15,第十五章　批判、推测、转型与多元世界设计,对抗性设计与公共争议,11,B0032,book,"Arturo Escobar：《Designs for the Pluriverse Radical Interdependence, Autonomy, and the Making of Worlds》，2018",0.336932,UNREVIEWED,candidate_needs_review
15.4,CH15,第十五章　批判、推测、转型与多元世界设计,对抗性设计与公共争议,12,B0314,book,"Mildred S. Friedman, Joseph Giovannini：《Graphic Design in America A Visual Language History》，1989",0.333093,UNREVIEWED,candidate_needs_review
15.4,CH15,第十五章　批判、推测、转型与多元世界设计,对抗性设计与公共争议,13,B0182,book,"Hans M. Wingler：《The Bauhaus Weimar, Dessau, Berlin, Chicago》，1969",0.327485,UNREVIEWED,candidate_needs_review
15.4,CH15,第十五章　批判、推测、转型与多元世界设计,对抗性设计与公共争议,14,B0065,book,Carl DiSalvo：《Adversarial Design》,0.327025,UNREVIEWED,candidate_needs_review
15.4,CH15,第十五章　批判、推测、转型与多元世界设计,对抗性设计与公共争议,15,B0023,book,"Anthony Dunne, Fiona Raby：《Design Noir The Secret Life of Electronic Objects》",0.323599,UNREVIEWED,candidate_needs_review
15.4,CH15,第十五章　批判、推测、转型与多元世界设计,对抗性设计与公共争议,16,B0327,book,"None：《China design now , None》",0.307783,UNREVIEWED,candidate_needs_review
15.4,CH15,第十五章　批判、推测、转型与多元世界设计,对抗性设计与公共争议,17,B0138,book,"Edward Steinfeld, Jordana Maisel：《Universal Design Creating Inclusive Environments》，2012",0.304815,UNREVIEWED,candidate_needs_review
15.4,CH15,第十五章　批判、推测、转型与多元世界设计,对抗性设计与公共争议,18,B0151,book,"Ezio Manzini：《Design, When Everybody Designs An Introduction to Design for Social Innovation》，2015",0.303036,UNREVIEWED,candidate_needs_review
15.4,CH15,第十五章　批判、推测、转型与多元世界设计,对抗性设计与公共争议,19,B0058,book,"Buchanan, Richard; Margolin, Victor (eds.), Discovering Design, 1995",0.302193,UNREVIEWED,candidate_needs_review
15.4,CH15,第十五章　批判、推测、转型与多元世界设计,对抗性设计与公共争议,20,B0101,book,David Raizman：《History of Modern Design》,0.296644,UNREVIEWED,candidate_needs_review
15.4,CH15,第十五章　批判、推测、转型与多元世界设计,对抗性设计与公共争议,21,B0284,book,"Margolin, Victor, A World History of Design and the History of the World, 2005",0.296349,UNREVIEWED,candidate_needs_review
15.4,CH15,第十五章　批判、推测、转型与多元世界设计,对抗性设计与公共争议,22,B0292,book,Margolin：《World history of design》,0.296067,UNREVIEWED,candidate_needs_review
15.4,CH15,第十五章　批判、推测、转型与多元世界设计,对抗性设计与公共争议,23,B0119,book,"Deyan Sudjic：《B is for Bauhaus, Y is for YouTube Designing the Modern World from A to Z》",0.295768,UNREVIEWED,candidate_needs_review
15.4,CH15,第十五章　批判、推测、转型与多元世界设计,对抗性设计与公共争议,24,B0201,book,Jane Jacobs：《The Death and Life of Great American Cities》，1961,0.294463,UNREVIEWED,candidate_needs_review
15.4,CH15,第十五章　批判、推测、转型与多元世界设计,对抗性设计与公共争议,25,B0328,book,"Objects of desire ： design and society since 1750 -- Forty, Adrian, 1948- -- New",0.293399,UNREVIEWED,candidate_needs_review
15.4,CH15,第十五章　批判、推测、转型与多元世界设计,对抗性设计与公共争议,26,B0091,book,"Crawford, Alan：《C.R. Ashbee architect, designer romantic socialist》",0.293359,UNREVIEWED,candidate_needs_review
15.4,CH15,第十五章　批判、推测、转型与多元世界设计,对抗性设计与公共争议,27,B0063,book,"Calhoun：《Critical social theory culture, history, and the challenge of difference》",0.293327,UNREVIEWED,candidate_needs_review
15.4,CH15,第十五章　批判、推测、转型与多元世界设计,对抗性设计与公共争议,28,B0045,book,"Bijker, Wiebe E.：《OF BICYCLES BAKELITES AND BULBS》",0.291804,UNREVIEWED,candidate_needs_review
15.4,CH15,第十五章　批判、推测、转型与多元世界设计,对抗性设计与公共争议,29,B0226,book,John Heskett：《Toothpicks and Logos Design in Everyday Life》,0.290609,UNREVIEWED,candidate_needs_review
15.4,CH15,第十五章　批判、推测、转型与多元世界设计,对抗性设计与公共争议,30,P0020,paper,"Design and the Construction of Publics -- DiSalvo, Carl -- Design Issues, #1, 25",0.288708,UNREVIEWED,candidate_needs_review
15.5,CH15,第十五章　批判、推测、转型与多元世界设计,转型设计与系统时间尺度,1,B0017,book,Alison J. Clarke (ed.)：《Design Anthropology Object Cultures in Transition》,0.421991,UNREVIEWED,candidate_needs_review
15.5,CH15,第十五章　批判、推测、转型与多元世界设计,转型设计与系统时间尺度,2,B0115,book,"Design, History and Time _ New Temporalities in a Digital -- Hendon, Zoë (editor",0.363547,UNREVIEWED,candidate_needs_review
15.5,CH15,第十五章　批判、推测、转型与多元世界设计,转型设计与系统时间尺度,3,B0033,book,Arturo Escobar：《Designs for the Pluriverse，2018》,0.363458,UNREVIEWED,candidate_needs_review
15.5,CH15,第十五章　批判、推测、转型与多元世界设计,转型设计与系统时间尺度,4,P0032,paper,Gideon Kossoff：《Holism and the Reconstitution of Everyday Life： A Framework for Transition to a Sustainable Society》,0.351024,UNREVIEWED,candidate_needs_review
15.5,CH15,第十五章　批判、推测、转型与多元世界设计,转型设计与系统时间尺度,5,B0032,book,"Arturo Escobar：《Designs for the Pluriverse Radical Interdependence, Autonomy, and the Making of Worlds》，2018",0.349585,UNREVIEWED,candidate_needs_review
15.5,CH15,第十五章　批判、推测、转型与多元世界设计,转型设计与系统时间尺度,6,B0230,book,John Thackara：《In the Bubble Designing in a Complex World》，2005,0.333224,UNREVIEWED,candidate_needs_review
15.5,CH15,第十五章　批判、推测、转型与多元世界设计,转型设计与系统时间尺度,7,B0227,book,John M. Carroll (ed.)：《Human-Computer Interaction in the New Millennium》，2002,0.322621,UNREVIEWED,candidate_needs_review
15.5,CH15,第十五章　批判、推测、转型与多元世界设计,转型设计与系统时间尺度,8,B0105,book,"Design and Creativity Policy, Management and Practice (Guy Julier Liz Moor (edit",0.320808,UNREVIEWED,candidate_needs_review
15.5,CH15,第十五章　批判、推测、转型与多元世界设计,转型设计与系统时间尺度,9,B0194,book,Ida Engholm：《Design for the New World From Human Design to Planet Design》，2023,0.318219,UNREVIEWED,candidate_needs_review
15.5,CH15,第十五章　批判、推测、转型与多元世界设计,转型设计与系统时间尺度,10,P0065,paper,Thackara John：《In the Bubble. Designing in a Complex World》,0.315961,UNREVIEWED,candidate_needs_review
15.5,CH15,第十五章　批判、推测、转型与多元世界设计,转型设计与系统时间尺度,11,B0323,book,Nielsen：《Designing Web usability》,0.310915,UNREVIEWED,candidate_needs_review
15.5,CH15,第十五章　批判、推测、转型与多元世界设计,转型设计与系统时间尺度,12,B0113,book,"Design Research： Methods and Perspectives (The MIT Press) -- Laurel, Brenda -- C",0.30747,UNREVIEWED,candidate_needs_review
15.5,CH15,第十五章　批判、推测、转型与多元世界设计,转型设计与系统时间尺度,13,P0064,paper,"Terry Irwin：《Transition Design： A Proposal for a New Area of Design Practice, Study, and Research》，2015",0.307036,UNREVIEWED,candidate_needs_review
15.5,CH15,第十五章　批判、推测、转型与多元世界设计,转型设计与系统时间尺度,14,B0437,book,Victoria E. Bonnell：《Iconography of Power Soviet Political Posters under Lenin and Stalin》，1997,0.305249,UNREVIEWED,candidate_needs_review
15.5,CH15,第十五章　批判、推测、转型与多元世界设计,转型设计与系统时间尺度,15,B0154,book,Finlay Robert：《The pilgrim art cultures of porcelain in world history》,0.295639,UNREVIEWED,candidate_needs_review
15.5,CH15,第十五章　批判、推测、转型与多元世界设计,转型设计与系统时间尺度,16,B0075,book,"Charlotte Fiell, Peter Fiell：《Design of the 20th Century》，1999",0.290724,UNREVIEWED,candidate_needs_review
15.5,CH15,第十五章　批判、推测、转型与多元世界设计,转型设计与系统时间尺度,17,B0065,book,Carl DiSalvo：《Adversarial Design》,0.290448,UNREVIEWED,candidate_needs_review
15.5,CH15,第十五章　批判、推测、转型与多元世界设计,转型设计与系统时间尺度,18,B0107,book,Design Anthropology in Context _ An Introduction to Design -- Adam Drazin -- Lon,0.287038,UNREVIEWED,candidate_needs_review
15.5,CH15,第十五章　批判、推测、转型与多元世界设计,转型设计与系统时间尺度,19,B0280,book,Löwgren：《Thoughtful interaction design a design perspective on information technology》,0.286361,UNREVIEWED,candidate_needs_review
15.5,CH15,第十五章　批判、推测、转型与多元世界设计,转型设计与系统时间尺度,20,B0108,book,"Design discourse _ history, theory, criticism -- Margolin, Victor, 1941- -- Chic",0.285585,UNREVIEWED,candidate_needs_review
15.5,CH15,第十五章　批判、推测、转型与多元世界设计,转型设计与系统时间尺度,21,B0324,book,Nigel Cross：《Design Thinking Understanding How Designers Think and Work》,0.284712,UNREVIEWED,candidate_needs_review
15.5,CH15,第十五章　批判、推测、转型与多元世界设计,转型设计与系统时间尺度,22,B0010,book,Alain Weill：《The Poster A Worldwide Survey and History》，1985,0.283314,UNREVIEWED,candidate_needs_review
15.5,CH15,第十五章　批判、推测、转型与多元世界设计,转型设计与系统时间尺度,23,B0145,book,Ellen Lupton：《Mechanical Brides Women and Machines from Home to Office》,0.282982,UNREVIEWED,candidate_needs_review
15.5,CH15,第十五章　批判、推测、转型与多元世界设计,转型设计与系统时间尺度,24,P0063,paper,"Terry Irwin, Gideon Kossoff, Cameron Tonkinwise：《Transition Design Provocation》，2015",0.282275,UNREVIEWED,candidate_needs_review
15.5,CH15,第十五章　批判、推测、转型与多元世界设计,转型设计与系统时间尺度,25,B0254,book,"Kathryn Best：《Design Management Managing Design Strategy, Process and Implementation》",0.281587,UNREVIEWED,candidate_needs_review
15.5,CH15,第十五章　批判、推测、转型与多元世界设计,转型设计与系统时间尺度,26,B0242,book,Julier：《The culture of design，2018》,0.280022,UNREVIEWED,candidate_needs_review
15.5,CH15,第十五章　批判、推测、转型与多元世界设计,转型设计与系统时间尺度,27,P0012,paper,Buchanan：《Discovering design explorations in design studies》,0.277987,UNREVIEWED,candidate_needs_review
15.5,CH15,第十五章　批判、推测、转型与多元世界设计,转型设计与系统时间尺度,28,B0058,book,"Buchanan, Richard; Margolin, Victor (eds.), Discovering Design, 1995",0.277255,UNREVIEWED,candidate_needs_review
15.5,CH15,第十五章　批判、推测、转型与多元世界设计,转型设计与系统时间尺度,29,B0198,book,James J. Gibson：《The Ecological Approach To Visual Perception》,0.276844,UNREVIEWED,candidate_needs_review
15.5,CH15,第十五章　批判、推测、转型与多元世界设计,转型设计与系统时间尺度,30,B0137,book,"Edward Rolf Tufte：《Visual Explanations Images and Quantities, Evidence and Narrative》",0.27594,UNREVIEWED,candidate_needs_review
15.6,CH15,第十五章　批判、推测、转型与多元世界设计,去殖民设计与知识位置,1,B0017,book,Alison J. Clarke (ed.)：《Design Anthropology Object Cultures in Transition》,0.412235,UNREVIEWED,candidate_needs_review
15.6,CH15,第十五章　批判、推测、转型与多元世界设计,去殖民设计与知识位置,2,B0111,book,Design History and Culture ： Methods and Approaches -- Javier Gimeno-Martínez --,0.362967,UNREVIEWED,candidate_needs_review
15.6,CH15,第十五章　批判、推测、转型与多元世界设计,去殖民设计与知识位置,3,B0078,book,Chris Calori：《Signage and Wayfinding Design A Complete Guide to Creating Environ,0.345395,UNREVIEWED,candidate_needs_review
15.6,CH15,第十五章　批判、推测、转型与多元世界设计,去殖民设计与知识位置,4,B0399,book,"Sparke, Penny; Fisher, Fiona (eds.), The Routledge Companion to Design Studies, 2016",0.340161,UNREVIEWED,candidate_needs_review
15.6,CH15,第十五章　批判、推测、转型与多元世界设计,去殖民设计与知识位置,5,B0012,book,Alastair Duncan：《American Art Deco (1986)》，1986,0.339535,UNREVIEWED,candidate_needs_review
15.6,CH15,第十五章　批判、推测、转型与多元世界设计,去殖民设计与知识位置,6,B0032,book,"Arturo Escobar：《Designs for the Pluriverse Radical Interdependence, Autonomy, and the Making of Worlds》，2018",0.335372,UNREVIEWED,candidate_needs_review
15.6,CH15,第十五章　批判、推测、转型与多元世界设计,去殖民设计与知识位置,7,B0107,book,Design Anthropology in Context _ An Introduction to Design -- Adam Drazin -- Lon,0.334269,UNREVIEWED,candidate_needs_review
15.6,CH15,第十五章　批判、推测、转型与多元世界设计,去殖民设计与知识位置,8,B0089,book,Craig Clunas：《Superfluous Things Material Culture and Social Status in Early Modern China》,0.325902,UNREVIEWED,candidate_needs_review
15.6,CH15,第十五章　批判、推测、转型与多元世界设计,去殖民设计与知识位置,9,B0059,book,"Buchanan, Richard; Margolin, Victor (eds.), The Idea of Design, 1995",0.314888,UNREVIEWED,candidate_needs_review
15.6,CH15,第十五章　批判、推测、转型与多元世界设计,去殖民设计与知识位置,10,B0033,book,Arturo Escobar：《Designs for the Pluriverse，2018》,0.313271,UNREVIEWED,candidate_needs_review
15.6,CH15,第十五章　批判、推测、转型与多元世界设计,去殖民设计与知识位置,11,P0041,paper,Laura Forlano：《Posthumanism and Design》，2017,0.31174,UNREVIEWED,candidate_needs_review
15.6,CH15,第十五章　批判、推测、转型与多元世界设计,去殖民设计与知识位置,12,B0131,book,Donna J. Haraway：《Staying with the Trouble Making Kin in the Chthulucene》，2016,0.310891,UNREVIEWED,candidate_needs_review
15.6,CH15,第十五章　批判、推测、转型与多元世界设计,去殖民设计与知识位置,13,B0353,book,Pierre Bourdieu：《Distinction A Social Critique of the Judgement of Taste》，1979,0.309341,UNREVIEWED,candidate_needs_review
15.6,CH15,第十五章　批判、推测、转型与多元世界设计,去殖民设计与知识位置,14,B0230,book,John Thackara：《In the Bubble Designing in a Complex World》，2005,0.307856,UNREVIEWED,candidate_needs_review
15.6,CH15,第十五章　批判、推测、转型与多元世界设计,去殖民设计与知识位置,15,B0424,book,Theory Culture：《and Society 23 2 3 Problematizing Global Knowledge，2006》,0.307038,UNREVIEWED,candidate_needs_review
15.6,CH15,第十五章　批判、推测、转型与多元世界设计,去殖民设计与知识位置,16,B0140,book,Elizabeth (Dori) Tunstall：《Decolonizing Design A Cultural Justice Guidebook》,0.300567,UNREVIEWED,candidate_needs_review
15.6,CH15,第十五章　批判、推测、转型与多元世界设计,去殖民设计与知识位置,17,B0170,book,Glenn Adamson：《Global Design History》,0.297131,UNREVIEWED,candidate_needs_review
15.6,CH15,第十五章　批判、推测、转型与多元世界设计,去殖民设计与知识位置,18,B0418,book,The design philosophy reader _ edited by Anne-Marie Willis_ -- Anne-Marie Willis,0.290906,UNREVIEWED,candidate_needs_review
15.6,CH15,第十五章　批判、推测、转型与多元世界设计,去殖民设计与知识位置,19,B0284,book,"Margolin, Victor, A World History of Design and the History of the World, 2005",0.290196,UNREVIEWED,candidate_needs_review
15.6,CH15,第十五章　批判、推测、转型与多元世界设计,去殖民设计与知识位置,20,B0466,book,世界设计史_I_史前至一战,0.287349,UNREVIEWED,candidate_needs_review
15.6,CH15,第十五章　批判、推测、转型与多元世界设计,去殖民设计与知识位置,21,B0115,book,"Design, History and Time _ New Temporalities in a Digital -- Hendon, Zoë (editor",0.286373,UNREVIEWED,candidate_needs_review
15.6,CH15,第十五章　批判、推测、转型与多元世界设计,去殖民设计与知识位置,22,B0292,book,Margolin：《World history of design》,0.285752,UNREVIEWED,candidate_needs_review
15.6,CH15,第十五章　批判、推测、转型与多元世界设计,去殖民设计与知识位置,23,B0289,book,"Margolin, Victor, World History of Design, Volume 2, 2015",0.285602,UNREVIEWED,candidate_needs_review
15.6,CH15,第十五章　批判、推测、转型与多元世界设计,去殖民设计与知识位置,24,B0431,book,Vance Packard：《The Waste Makers》，1960,0.282321,UNREVIEWED,candidate_needs_review
15.6,CH15,第十五章　批判、推测、转型与多元世界设计,去殖民设计与知识位置,25,B0507,book,维克多·马格林：《世界设计史2：一战至二战》，2015,0.274493,UNREVIEWED,candidate_needs_review
15.6,CH15,第十五章　批判、推测、转型与多元世界设计,去殖民设计与知识位置,26,B0356,book,"Rachel Charlotte Smith, Ton Otto, Wendy Gunn：《Design Anthropology Theory and Practice》",0.273679,UNREVIEWED,candidate_needs_review
15.6,CH15,第十五章　批判、推测、转型与多元世界设计,去殖民设计与知识位置,27,B0461,book,World History Of Design - Volume 2_ World War I To World War -- Victor Margolin,0.272308,UNREVIEWED,candidate_needs_review
15.6,CH15,第十五章　批判、推测、转型与多元世界设计,去殖民设计与知识位置,28,B0434,book,Victor Papanek：《Design for the Real World Human Ecology and Social Change》,0.271522,UNREVIEWED,candidate_needs_review
15.6,CH15,第十五章　批判、推测、转型与多元世界设计,去殖民设计与知识位置,29,B0473,book,周博：《现代设计伦理思想史》，2014,0.271384,UNREVIEWED,candidate_needs_review
15.6,CH15,第十五章　批判、推测、转型与多元世界设计,去殖民设计与知识位置,30,B0406,book,Steven Heller Veronique Vienne：《Citizen Designer Perspectives on Design Responsi,0.270336,UNREVIEWED,candidate_needs_review
15.7,CH15,第十五章　批判、推测、转型与多元世界设计,多元世界与自主性,1,B0017,book,Alison J. Clarke (ed.)：《Design Anthropology Object Cultures in Transition》,0.545377,UNREVIEWED,candidate_needs_review
15.7,CH15,第十五章　批判、推测、转型与多元世界设计,多元世界与自主性,2,B0023,book,"Anthony Dunne, Fiona Raby：《Design Noir The Secret Life of Electronic Objects》",0.400913,UNREVIEWED,candidate_needs_review
15.7,CH15,第十五章　批判、推测、转型与多元世界设计,多元世界与自主性,3,B0437,book,Victoria E. Bonnell：《Iconography of Power Soviet Political Posters under Lenin and Stalin》，1997,0.398708,UNREVIEWED,candidate_needs_review
15.7,CH15,第十五章　批判、推测、转型与多元世界设计,多元世界与自主性,4,B0107,book,Design Anthropology in Context _ An Introduction to Design -- Adam Drazin -- Lon,0.389684,UNREVIEWED,candidate_needs_review
15.7,CH15,第十五章　批判、推测、转型与多元世界设计,多元世界与自主性,5,B0246,book,Kajri Jain：《Gods in the Bazaar The Economies of Indian Calendar Art》,0.372618,UNREVIEWED,candidate_needs_review
15.7,CH15,第十五章　批判、推测、转型与多元世界设计,多元世界与自主性,6,B0032,book,"Arturo Escobar：《Designs for the Pluriverse Radical Interdependence, Autonomy, and the Making of Worlds》，2018",0.36717,UNREVIEWED,candidate_needs_review
15.7,CH15,第十五章　批判、推测、转型与多元世界设计,多元世界与自主性,7,B0033,book,Arturo Escobar：《Designs for the Pluriverse，2018》,0.356346,UNREVIEWED,candidate_needs_review
15.7,CH15,第十五章　批判、推测、转型与多元世界设计,多元世界与自主性,8,B0466,book,世界设计史_I_史前至一战,0.353602,UNREVIEWED,candidate_needs_review
15.7,CH15,第十五章　批判、推测、转型与多元世界设计,多元世界与自主性,9,B0024,book,"Anthony Dunne, Fiona Raby：《Speculative Everything Design, Fiction, and Social Dreaming》，2013",0.35188,UNREVIEWED,candidate_needs_review
15.7,CH15,第十五章　批判、推测、转型与多元世界设计,多元世界与自主性,10,B0102,book,David Raizman：《History of Modern Design》，2023,0.34238,UNREVIEWED,candidate_needs_review
15.7,CH15,第十五章　批判、推测、转型与多元世界设计,多元世界与自主性,11,B0063,book,"Calhoun：《Critical social theory culture, history, and the challenge of difference》",0.341517,UNREVIEWED,candidate_needs_review
15.7,CH15,第十五章　批判、推测、转型与多元世界设计,多元世界与自主性,12,B0156,book,Fiona MacCarthy：《William Morris a life for our time》,0.340146,UNREVIEWED,candidate_needs_review
15.7,CH15,第十五章　批判、推测、转型与多元世界设计,多元世界与自主性,13,B0209,book,Jeremy Prestholdt：《Domesticating the World African Consumerism and the Genealogies of Globalization》,0.333818,UNREVIEWED,candidate_needs_review
15.7,CH15,第十五章　批判、推测、转型与多元世界设计,多元世界与自主性,14,B0424,book,Theory Culture：《and Society 23 2 3 Problematizing Global Knowledge，2006》,0.330057,UNREVIEWED,candidate_needs_review
15.7,CH15,第十五章　批判、推测、转型与多元世界设计,多元世界与自主性,15,P0032,paper,Gideon Kossoff：《Holism and the Reconstitution of Everyday Life： A Framework for Transition to a Sustainable Society》,0.326112,UNREVIEWED,candidate_needs_review
15.7,CH15,第十五章　批判、推测、转型与多元世界设计,多元世界与自主性,16,B0111,book,Design History and Culture ： Methods and Approaches -- Javier Gimeno-Martínez --,0.324964,UNREVIEWED,candidate_needs_review
15.7,CH15,第十五章　批判、推测、转型与多元世界设计,多元世界与自主性,17,B0005,book,"Adamson, Glenn; Riello, Giorgio; Teasley, Sarah (eds.), Global Design History, 2011",0.324012,UNREVIEWED,candidate_needs_review
15.7,CH15,第十五章　批判、推测、转型与多元世界设计,多元世界与自主性,18,B0331,book,Otl Aicher：《The World as Design》，1991,0.323395,UNREVIEWED,candidate_needs_review
15.7,CH15,第十五章　批判、推测、转型与多元世界设计,多元世界与自主性,19,B0327,book,"None：《China design now , None》",0.31788,UNREVIEWED,candidate_needs_review
15.7,CH15,第十五章　批判、推测、转型与多元世界设计,多元世界与自主性,20,B0237,book,Josef Albers：《Interaction of Color》，1963,0.314269,UNREVIEWED,candidate_needs_review
15.7,CH15,第十五章　批判、推测、转型与多元世界设计,多元世界与自主性,21,B0065,book,Carl DiSalvo：《Adversarial Design》,0.313566,UNREVIEWED,candidate_needs_review
15.7,CH15,第十五章　批判、推测、转型与多元世界设计,多元世界与自主性,22,B0122,book,"Digital Design Theory_ Readings from the Field (Design -- Armstrong, Helen -- De",0.308308,UNREVIEWED,candidate_needs_review
15.7,CH15,第十五章　批判、推测、转型与多元世界设计,多元世界与自主性,23,B0112,book,Design Research Now __ The Uneasy Relationship between -- Susann Vihma; Ralf Mic,0.305635,UNREVIEWED,candidate_needs_review
15.7,CH15,第十五章　批判、推测、转型与多元世界设计,多元世界与自主性,24,B0307,book,"Michael Braungart, William McDonough：《Cradle to cradle remaking the way we make things》",0.302519,UNREVIEWED,candidate_needs_review
15.7,CH15,第十五章　批判、推测、转型与多元世界设计,多元世界与自主性,25,B0264,book,Klaus Krippendorff：《The Semantic Turn A New Foundation For Design》,0.301212,UNREVIEWED,candidate_needs_review
15.7,CH15,第十五章　批判、推测、转型与多元世界设计,多元世界与自主性,26,B0297,book,Mary Warner Marien：《Photography A Cultural History》,0.298096,UNREVIEWED,candidate_needs_review
15.7,CH15,第十五章　批判、推测、转型与多元世界设计,多元世界与自主性,27,B0170,book,Glenn Adamson：《Global Design History》,0.29667,UNREVIEWED,candidate_needs_review
15.7,CH15,第十五章　批判、推测、转型与多元世界设计,多元世界与自主性,28,B0055,book,Bruno Latour：《We Have Never Been Modern》，1991,0.29579,UNREVIEWED,candidate_needs_review
15.7,CH15,第十五章　批判、推测、转型与多元世界设计,多元世界与自主性,29,B0113,book,"Design Research： Methods and Perspectives (The MIT Press) -- Laurel, Brenda -- C",0.295053,UNREVIEWED,candidate_needs_review
15.7,CH15,第十五章　批判、推测、转型与多元世界设计,多元世界与自主性,30,P0051,paper,Per Galle László Béla Kovács：《Replication protocol analysis a method for the study of real-world design thinking》,0.293932,UNREVIEWED,candidate_needs_review
16.1,CH16,第十六章　算法、人工智能与中国当代设计转型（2008—至今）,从规则系统到机器学习系统,1,B0041,book,Ben Shneiderman：《Human-Centered AI》,0.408672,UNREVIEWED,candidate_needs_review
16.1,CH16,第十六章　算法、人工智能与中国当代设计转型（2008—至今）,从规则系统到机器学习系统,2,B0191,book,Holmes：《Mismatch How Inclusion Shapes Design》,0.34856,UNREVIEWED,candidate_needs_review
16.1,CH16,第十六章　算法、人工智能与中国当代设计转型（2008—至今）,从规则系统到机器学习系统,3,B0125,book,Don Norman：《The Design of Future Things》,0.342981,UNREVIEWED,candidate_needs_review
16.1,CH16,第十六章　算法、人工智能与中国当代设计转型（2008—至今）,从规则系统到机器学习系统,4,B0128,book,Donald A. Schön：《The Reflective Practitioner How Professionals Think In Action》,0.341295,UNREVIEWED,candidate_needs_review
16.1,CH16,第十六章　算法、人工智能与中国当代设计转型（2008—至今）,从规则系统到机器学习系统,5,P0065,paper,Thackara John：《In the Bubble. Designing in a Complex World》,0.338895,UNREVIEWED,candidate_needs_review
16.1,CH16,第十六章　算法、人工智能与中国当代设计转型（2008—至今）,从规则系统到机器学习系统,6,B0129,book,Donald A_ Schon：《The Reflective Practitioner，1983》,0.335176,UNREVIEWED,candidate_needs_review
16.1,CH16,第十六章　算法、人工智能与中国当代设计转型（2008—至今）,从规则系统到机器学习系统,7,B0230,book,John Thackara：《In the Bubble Designing in a Complex World》，2005,0.334095,UNREVIEWED,candidate_needs_review
16.1,CH16,第十六章　算法、人工智能与中国当代设计转型（2008—至今）,从规则系统到机器学习系统,8,B0126,book,Donald A. Norman：《Emotional Design Why We Love (Or Hate) Everyday Things》,0.329789,UNREVIEWED,candidate_needs_review
16.1,CH16,第十六章　算法、人工智能与中国当代设计转型（2008—至今）,从规则系统到机器学习系统,9,P0046,paper,"Marian Mazzone, Ahmed Elgammal：《Art, Creativity, and the Potential of Artificial Intelligence》",0.316335,UNREVIEWED,candidate_needs_review
16.1,CH16,第十六章　算法、人工智能与中国当代设计转型（2008—至今）,从规则系统到机器学习系统,10,B0227,book,John M. Carroll (ed.)：《Human-Computer Interaction in the New Millennium》，2002,0.311726,UNREVIEWED,candidate_needs_review
16.1,CH16,第十六章　算法、人工智能与中国当代设计转型（2008—至今）,从规则系统到机器学习系统,11,B0280,book,Löwgren：《Thoughtful interaction design a design perspective on information technology》,0.310674,UNREVIEWED,candidate_needs_review
16.1,CH16,第十六章　算法、人工智能与中国当代设计转型（2008—至今）,从规则系统到机器学习系统,12,B0184,book,"Helen Sharp, Jenny Preece, Yvonne Rogers：《Interaction Design Beyond Human-Computer Interaction》，2019",0.30322,UNREVIEWED,candidate_needs_review
16.1,CH16,第十六章　算法、人工智能与中国当代设计转型（2008—至今）,从规则系统到机器学习系统,13,B0413,book,"Terry Winograd, Fernando Flores：《Understanding Computers and Cognition》，1986",0.292108,UNREVIEWED,candidate_needs_review
16.1,CH16,第十六章　算法、人工智能与中国当代设计转型（2008—至今）,从规则系统到机器学习系统,14,B0415,book,"Thackara, John (ed.), Design After Modernism, 1988",0.289605,UNREVIEWED,candidate_needs_review
16.1,CH16,第十六章　算法、人工智能与中国当代设计转型（2008—至今）,从规则系统到机器学习系统,15,B0053,book,Brigitte Borja de Mozota：《Design Management Using Design to Build Brand Value and Corporate Innovation》，2003,0.284823,UNREVIEWED,candidate_needs_review
16.1,CH16,第十六章　算法、人工智能与中国当代设计转型（2008—至今）,从规则系统到机器学习系统,16,B0122,book,"Digital Design Theory_ Readings from the Field (Design -- Armstrong, Helen -- De",0.28075,UNREVIEWED,candidate_needs_review
16.1,CH16,第十六章　算法、人工智能与中国当代设计转型（2008—至今）,从规则系统到机器学习系统,17,B0225,book,John Heskett：《Industrial Design》，1980,0.270591,UNREVIEWED,candidate_needs_review
16.1,CH16,第十六章　算法、人工智能与中国当代设计转型（2008—至今）,从规则系统到机器学习系统,18,B0489,book,李砚祖：《外国设计艺术经典论著选读(上)》，2004,0.267996,UNREVIEWED,candidate_needs_review
16.1,CH16,第十六章　算法、人工智能与中国当代设计转型（2008—至今）,从规则系统到机器学习系统,19,B0011,book,"Alan Cooper, Robert Reimann, David Cronin, Christopher Noessel：《About Face The Essentials of Interaction Design》",0.263262,UNREVIEWED,candidate_needs_review
16.1,CH16,第十六章　算法、人工智能与中国当代设计转型（2008—至今）,从规则系统到机器学习系统,20,B0147,book,Emil Ruder：《Typography - A Manual of Design [ Typographie ]》,0.262742,UNREVIEWED,candidate_needs_review
16.1,CH16,第十六章　算法、人工智能与中国当代设计转型（2008—至今）,从规则系统到机器学习系统,21,B0237,book,Josef Albers：《Interaction of Color》，1963,0.261516,UNREVIEWED,candidate_needs_review
16.1,CH16,第十六章　算法、人工智能与中国当代设计转型（2008—至今）,从规则系统到机器学习系统,22,B0108,book,"Design discourse _ history, theory, criticism -- Margolin, Victor, 1941- -- Chic",0.26109,UNREVIEWED,candidate_needs_review
16.1,CH16,第十六章　算法、人工智能与中国当代设计转型（2008—至今）,从规则系统到机器学习系统,23,B0217,book,Johannes Itten：《The Art of Color》，1961,0.260751,UNREVIEWED,candidate_needs_review
16.1,CH16,第十六章　算法、人工智能与中国当代设计转型（2008—至今）,从规则系统到机器学习系统,24,B0102,book,David Raizman：《History of Modern Design》，2023,0.260313,UNREVIEWED,candidate_needs_review
16.1,CH16,第十六章　算法、人工智能与中国当代设计转型（2008—至今）,从规则系统到机器学习系统,25,B0203,book,Jean Baudrillard：《The System Of Objects》，1968,0.259001,UNREVIEWED,candidate_needs_review
16.1,CH16,第十六章　算法、人工智能与中国当代设计转型（2008—至今）,从规则系统到机器学习系统,26,B0054,book,"Bringing design to software (Terry Winograd, (ed.))",0.257963,UNREVIEWED,candidate_needs_review
16.1,CH16,第十六章　算法、人工智能与中国当代设计转型（2008—至今）,从规则系统到机器学习系统,27,B0327,book,"None：《China design now , None》",0.257775,UNREVIEWED,candidate_needs_review
16.1,CH16,第十六章　算法、人工智能与中国当代设计转型（2008—至今）,从规则系统到机器学习系统,28,B0046,book,Bill Moggridge：《Designing Interactions》，2007,0.255109,UNREVIEWED,candidate_needs_review
16.1,CH16,第十六章　算法、人工智能与中国当代设计转型（2008—至今）,从规则系统到机器学习系统,29,B0319,book,Muneyoshi Yanagi：《The Unknown Craftsman A Japanese Insight into Beauty》，1972,0.254461,UNREVIEWED,candidate_needs_review
16.1,CH16,第十六章　算法、人工智能与中国当代设计转型（2008—至今）,从规则系统到机器学习系统,30,B0113,book,"Design Research： Methods and Perspectives (The MIT Press) -- Laurel, Brenda -- C",0.254367,UNREVIEWED,candidate_needs_review
16.2,CH16,第十六章　算法、人工智能与中国当代设计转型（2008—至今）,数据集作为设计材料,1,B0280,book,Löwgren：《Thoughtful interaction design a design perspective on information technology》,0.380032,UNREVIEWED,candidate_needs_review
16.2,CH16,第十六章　算法、人工智能与中国当代设计转型（2008—至今）,数据集作为设计材料,2,B0041,book,Ben Shneiderman：《Human-Centered AI》,0.376302,UNREVIEWED,candidate_needs_review
16.2,CH16,第十六章　算法、人工智能与中国当代设计转型（2008—至今）,数据集作为设计材料,3,B0264,book,Klaus Krippendorff：《The Semantic Turn A New Foundation For Design》,0.370441,UNREVIEWED,candidate_needs_review
16.2,CH16,第十六章　算法、人工智能与中国当代设计转型（2008—至今）,数据集作为设计材料,4,B0136,book,Edward R. Tufte：《The Visual Display of Quantitative Information》，1983,0.363088,UNREVIEWED,candidate_needs_review
16.2,CH16,第十六章　算法、人工智能与中国当代设计转型（2008—至今）,数据集作为设计材料,5,B0108,book,"Design discourse _ history, theory, criticism -- Margolin, Victor, 1941- -- Chic",0.361997,UNREVIEWED,candidate_needs_review
16.2,CH16,第十六章　算法、人工智能与中国当代设计转型（2008—至今）,数据集作为设计材料,6,B0102,book,David Raizman：《History of Modern Design》，2023,0.33494,UNREVIEWED,candidate_needs_review
16.2,CH16,第十六章　算法、人工智能与中国当代设计转型（2008—至今）,数据集作为设计材料,7,B0090,book,"Crane, Walter：The Bases of Design, 1898",0.333858,UNREVIEWED,candidate_needs_review
16.2,CH16,第十六章　算法、人工智能与中国当代设计转型（2008—至今）,数据集作为设计材料,8,B0327,book,"None：《China design now , None》",0.329965,UNREVIEWED,candidate_needs_review
16.2,CH16,第十六章　算法、人工智能与中国当代设计转型（2008—至今）,数据集作为设计材料,9,B0221,book,John Clifford：《Graphic Icons Visionaries Who Shaped Modern Graphic Design》，2014,0.325708,UNREVIEWED,candidate_needs_review
16.2,CH16,第十六章　算法、人工智能与中国当代设计转型（2008—至今）,数据集作为设计材料,10,B0174,book,Graham Pullin：《Design Meets Disability》，2009,0.318019,UNREVIEWED,candidate_needs_review
16.2,CH16,第十六章　算法、人工智能与中国当代设计转型（2008—至今）,数据集作为设计材料,11,B0472,book,周博：《断裂与绵延：中国现代设计史研究》，2019,0.315702,UNREVIEWED,candidate_needs_review
16.2,CH16,第十六章　算法、人工智能与中国当代设计转型（2008—至今）,数据集作为设计材料,12,B0053,book,Brigitte Borja de Mozota：《Design Management Using Design to Build Brand Value and Corporate Innovation》，2003,0.314535,UNREVIEWED,candidate_needs_review
16.2,CH16,第十六章　算法、人工智能与中国当代设计转型（2008—至今）,数据集作为设计材料,13,B0074,book,"Charlotte Fiell, Peter Fiell：《1000 Chairs》",0.314465,UNREVIEWED,candidate_needs_review
16.2,CH16,第十六章　算法、人工智能与中国当代设计转型（2008—至今）,数据集作为设计材料,14,B0061,book,By Edgar Kaufmann：《Introduction To Modern Design》,0.313909,UNREVIEWED,candidate_needs_review
16.2,CH16,第十六章　算法、人工智能与中国当代设计转型（2008—至今）,数据集作为设计材料,15,B0101,book,David Raizman：《History of Modern Design》,0.312097,UNREVIEWED,candidate_needs_review
16.2,CH16,第十六章　算法、人工智能与中国当代设计转型（2008—至今）,数据集作为设计材料,16,B0153,book,FALLMAN D. Design-oriented human-computer interaction[C],0.309075,UNREVIEWED,candidate_needs_review
16.2,CH16,第十六章　算法、人工智能与中国当代设计转型（2008—至今）,数据集作为设计材料,17,B0015,book,Alice Rawsthorn：《Hello World Where Design Meets Life》，2013,0.308087,UNREVIEWED,candidate_needs_review
16.2,CH16,第十六章　算法、人工智能与中国当代设计转型（2008—至今）,数据集作为设计材料,18,B0017,book,Alison J. Clarke (ed.)：《Design Anthropology Object Cultures in Transition》,0.30785,UNREVIEWED,candidate_needs_review
16.2,CH16,第十六章　算法、人工智能与中国当代设计转型（2008—至今）,数据集作为设计材料,19,B0054,book,"Bringing design to software (Terry Winograd, (ed.))",0.307749,UNREVIEWED,candidate_needs_review
16.2,CH16,第十六章　算法、人工智能与中国当代设计转型（2008—至今）,数据集作为设计材料,20,P0036,paper,"How to conduct a bibliometric analysis_ An overview and -- Donthu, Naveen (autho",0.307375,UNREVIEWED,candidate_needs_review
16.2,CH16,第十六章　算法、人工智能与中国当代设计转型（2008—至今）,数据集作为设计材料,21,B0116,book,Designing Interactions,0.305633,UNREVIEWED,candidate_needs_review
16.2,CH16,第十六章　算法、人工智能与中国当代设计转型（2008—至今）,数据集作为设计材料,22,B0230,book,John Thackara：《In the Bubble Designing in a Complex World》，2005,0.303853,UNREVIEWED,candidate_needs_review
16.2,CH16,第十六章　算法、人工智能与中国当代设计转型（2008—至今）,数据集作为设计材料,23,B0184,book,"Helen Sharp, Jenny Preece, Yvonne Rogers：《Interaction Design Beyond Human-Computer Interaction》，2019",0.302828,UNREVIEWED,candidate_needs_review
16.2,CH16,第十六章　算法、人工智能与中国当代设计转型（2008—至今）,数据集作为设计材料,24,B0115,book,"Design, History and Time _ New Temporalities in a Digital -- Hendon, Zoë (editor",0.301372,UNREVIEWED,candidate_needs_review
16.2,CH16,第十六章　算法、人工智能与中国当代设计转型（2008—至今）,数据集作为设计材料,25,B0065,book,Carl DiSalvo：《Adversarial Design》,0.301068,UNREVIEWED,candidate_needs_review
16.2,CH16,第十六章　算法、人工智能与中国当代设计转型（2008—至今）,数据集作为设计材料,26,B0186,book,Henry Dreyfuss：《Designing for People》，1967,0.298824,UNREVIEWED,candidate_needs_review
16.2,CH16,第十六章　算法、人工智能与中国当代设计转型（2008—至今）,数据集作为设计材料,27,B0156,book,Fiona MacCarthy：《William Morris a life for our time》,0.296752,UNREVIEWED,candidate_needs_review
16.2,CH16,第十六章　算法、人工智能与中国当代设计转型（2008—至今）,数据集作为设计材料,28,B0250,book,"Kate Fletcher, Lynda Grose：《Fashion & Sustainability Design for Change》，2012",0.295844,UNREVIEWED,candidate_needs_review
16.2,CH16,第十六章　算法、人工智能与中国当代设计转型（2008—至今）,数据集作为设计材料,29,B0076,book,"Charlotte Fiell, Peter Fiell：《Scandinavian Design》，2002",0.294164,UNREVIEWED,candidate_needs_review
16.2,CH16,第十六章　算法、人工智能与中国当代设计转型（2008—至今）,数据集作为设计材料,30,B0287,book,"Margolin, Victor, The Politics of the Artificial, 2002",0.294162,UNREVIEWED,candidate_needs_review
16.3,CH16,第十六章　算法、人工智能与中国当代设计转型（2008—至今）,推荐、搜索与可见性政治,1,B0418,book,The design philosophy reader _ edited by Anne-Marie Willis_ -- Anne-Marie Willis,0.347598,UNREVIEWED,candidate_needs_review
16.3,CH16,第十六章　算法、人工智能与中国当代设计转型（2008—至今）,推荐、搜索与可见性政治,2,B0041,book,Ben Shneiderman：《Human-Centered AI》,0.34667,UNREVIEWED,candidate_needs_review
16.3,CH16,第十六章　算法、人工智能与中国当代设计转型（2008—至今）,推荐、搜索与可见性政治,3,B0012,book,Alastair Duncan：《American Art Deco (1986)》，1986,0.345294,UNREVIEWED,candidate_needs_review
16.3,CH16,第十六章　算法、人工智能与中国当代设计转型（2008—至今）,推荐、搜索与可见性政治,4,B0166,book,"George, Kenneth M.; Nordholt, Henk Schulte：《Outward Appearances Dressing State and Society in Indonesia》",0.341326,UNREVIEWED,candidate_needs_review
16.3,CH16,第十六章　算法、人工智能与中国当代设计转型（2008—至今）,推荐、搜索与可见性政治,5,B0327,book,"None：《China design now , None》",0.33587,UNREVIEWED,candidate_needs_review
16.3,CH16,第十六章　算法、人工智能与中国当代设计转型（2008—至今）,推荐、搜索与可见性政治,6,B0209,book,Jeremy Prestholdt：《Domesticating the World African Consumerism and the Genealogies of Globalization》,0.335443,UNREVIEWED,candidate_needs_review
16.3,CH16,第十六章　算法、人工智能与中国当代设计转型（2008—至今）,推荐、搜索与可见性政治,7,B0105,book,"Design and Creativity Policy, Management and Practice (Guy Julier Liz Moor (edit",0.326143,UNREVIEWED,candidate_needs_review
16.3,CH16,第十六章　算法、人工智能与中国当代设计转型（2008—至今）,推荐、搜索与可见性政治,8,B0191,book,Holmes：《Mismatch How Inclusion Shapes Design》,0.325982,UNREVIEWED,candidate_needs_review
16.3,CH16,第十六章　算法、人工智能与中国当代设计转型（2008—至今）,推荐、搜索与可见性政治,9,B0102,book,David Raizman：《History of Modern Design》，2023,0.325032,UNREVIEWED,candidate_needs_review
16.3,CH16,第十六章　算法、人工智能与中国当代设计转型（2008—至今）,推荐、搜索与可见性政治,10,B0059,book,"Buchanan, Richard; Margolin, Victor (eds.), The Idea of Design, 1995",0.31954,UNREVIEWED,candidate_needs_review
16.3,CH16,第十六章　算法、人工智能与中国当代设计转型（2008—至今）,推荐、搜索与可见性政治,11,B0009,book,Alain Weill：《Graphic Design A History》，2004,0.308374,UNREVIEWED,candidate_needs_review
16.3,CH16,第十六章　算法、人工智能与中国当代设计转型（2008—至今）,推荐、搜索与可见性政治,12,B0280,book,Löwgren：《Thoughtful interaction design a design perspective on information technology》,0.308253,UNREVIEWED,candidate_needs_review
16.3,CH16,第十六章　算法、人工智能与中国当代设计转型（2008—至今）,推荐、搜索与可见性政治,13,B0077,book,Chermayeff：《Identify. Basic Principles of Identity Design in the Iconic Trademar,0.307777,UNREVIEWED,candidate_needs_review
16.3,CH16,第十六章　算法、人工智能与中国当代设计转型（2008—至今）,推荐、搜索与可见性政治,14,B0292,book,Margolin：《World history of design》,0.306848,UNREVIEWED,candidate_needs_review
16.3,CH16,第十六章　算法、人工智能与中国当代设计转型（2008—至今）,推荐、搜索与可见性政治,15,B0230,book,John Thackara：《In the Bubble Designing in a Complex World》，2005,0.305568,UNREVIEWED,candidate_needs_review
16.3,CH16,第十六章　算法、人工智能与中国当代设计转型（2008—至今）,推荐、搜索与可见性政治,16,B0061,book,By Edgar Kaufmann：《Introduction To Modern Design》,0.305298,UNREVIEWED,candidate_needs_review
16.3,CH16,第十六章　算法、人工智能与中国当代设计转型（2008—至今）,推荐、搜索与可见性政治,17,B0177,book,Greg Nudelman：《Android Design Patterns Interaction Design Solutions for Developers》,0.303609,UNREVIEWED,candidate_needs_review
16.3,CH16,第十六章　算法、人工智能与中国当代设计转型（2008—至今）,推荐、搜索与可见性政治,18,B0278,book,"Love objects _ emotion, design, and material culture -- Anna Moran (Editor), Sor",0.302768,UNREVIEWED,candidate_needs_review
16.3,CH16,第十六章　算法、人工智能与中国当代设计转型（2008—至今）,推荐、搜索与可见性政治,19,B0303,book,Mauricio Tenorio-Trillo：《Mexico at the worlds fairs crafting a modern nation》,0.301551,UNREVIEWED,candidate_needs_review
16.3,CH16,第十六章　算法、人工智能与中国当代设计转型（2008—至今）,推荐、搜索与可见性政治,20,B0108,book,"Design discourse _ history, theory, criticism -- Margolin, Victor, 1941- -- Chic",0.299093,UNREVIEWED,candidate_needs_review
16.3,CH16,第十六章　算法、人工智能与中国当代设计转型（2008—至今）,推荐、搜索与可见性政治,21,B0013,book,Alexander Lavrentiev：《Alexander Rodchenko Photography 1924-1954》,0.297335,UNREVIEWED,candidate_needs_review
16.3,CH16,第十六章　算法、人工智能与中国当代设计转型（2008—至今）,推荐、搜索与可见性政治,22,B0115,book,"Design, History and Time _ New Temporalities in a Digital -- Hendon, Zoë (editor",0.296282,UNREVIEWED,candidate_needs_review
16.3,CH16,第十六章　算法、人工智能与中国当代设计转型（2008—至今）,推荐、搜索与可见性政治,23,B0083,book,"Clark, Hazel; Brody, David (eds.), Design Studies： A Reader, 2009",0.296079,UNREVIEWED,candidate_needs_review
16.3,CH16,第十六章　算法、人工智能与中国当代设计转型（2008—至今）,推荐、搜索与可见性政治,24,B0201,book,Jane Jacobs：《The Death and Life of Great American Cities》，1961,0.295004,UNREVIEWED,candidate_needs_review
16.3,CH16,第十六章　算法、人工智能与中国当代设计转型（2008—至今）,推荐、搜索与可见性政治,25,P0038,paper,Igor Kopytoff：《The Cultural Biography of Things： Commoditization as Process》，1986,0.294793,UNREVIEWED,candidate_needs_review
16.3,CH16,第十六章　算法、人工智能与中国当代设计转型（2008—至今）,推荐、搜索与可见性政治,26,B0057,book,"Buchanan, Richard; Doordan, Dennis P.; Margolin, Victor (eds.), The Designed World, 2010",0.29036,UNREVIEWED,candidate_needs_review
16.3,CH16,第十六章　算法、人工智能与中国当代设计转型（2008—至今）,推荐、搜索与可见性政治,27,B0016,book,Alison Black：《Information Design. Research and practice》,0.289369,UNREVIEWED,candidate_needs_review
16.3,CH16,第十六章　算法、人工智能与中国当代设计转型（2008—至今）,推荐、搜索与可见性政治,28,B0184,book,"Helen Sharp, Jenny Preece, Yvonne Rogers：《Interaction Design Beyond Human-Computer Interaction》，2019",0.288733,UNREVIEWED,candidate_needs_review
16.3,CH16,第十六章　算法、人工智能与中国当代设计转型（2008—至今）,推荐、搜索与可见性政治,29,B0023,book,"Anthony Dunne, Fiona Raby：《Design Noir The Secret Life of Electronic Objects》",0.28527,UNREVIEWED,candidate_needs_review
16.3,CH16,第十六章　算法、人工智能与中国当代设计转型（2008—至今）,推荐、搜索与可见性政治,30,B0186,book,Henry Dreyfuss：《Designing for People》，1967,0.284809,UNREVIEWED,candidate_needs_review
16.4,CH16,第十六章　算法、人工智能与中国当代设计转型（2008—至今）,生成式AI与作者制度,1,B0128,book,Donald A. Schön：《The Reflective Practitioner How Professionals Think In Action》,0.358568,UNREVIEWED,candidate_needs_review
16.4,CH16,第十六章　算法、人工智能与中国当代设计转型（2008—至今）,生成式AI与作者制度,2,P0046,paper,"Marian Mazzone, Ahmed Elgammal：《Art, Creativity, and the Potential of Artificial Intelligence》",0.355176,UNREVIEWED,candidate_needs_review
16.4,CH16,第十六章　算法、人工智能与中国当代设计转型（2008—至今）,生成式AI与作者制度,3,B0041,book,Ben Shneiderman：《Human-Centered AI》,0.354591,UNREVIEWED,candidate_needs_review
16.4,CH16,第十六章　算法、人工智能与中国当代设计转型（2008—至今）,生成式AI与作者制度,4,B0320,book,"Muthesius, Hermann：The English House, 1979",0.346939,UNREVIEWED,candidate_needs_review
16.4,CH16,第十六章　算法、人工智能与中国当代设计转型（2008—至今）,生成式AI与作者制度,5,B0230,book,John Thackara：《In the Bubble Designing in a Complex World》，2005,0.345474,UNREVIEWED,candidate_needs_review
16.4,CH16,第十六章　算法、人工智能与中国当代设计转型（2008—至今）,生成式AI与作者制度,6,B0102,book,David Raizman：《History of Modern Design》，2023,0.344531,UNREVIEWED,candidate_needs_review
16.4,CH16,第十六章　算法、人工智能与中国当代设计转型（2008—至今）,生成式AI与作者制度,7,B0327,book,"None：《China design now , None》",0.330723,UNREVIEWED,candidate_needs_review
16.4,CH16,第十六章　算法、人工智能与中国当代设计转型（2008—至今）,生成式AI与作者制度,8,B0105,book,"Design and Creativity Policy, Management and Practice (Guy Julier Liz Moor (edit",0.330068,UNREVIEWED,candidate_needs_review
16.4,CH16,第十六章　算法、人工智能与中国当代设计转型（2008—至今）,生成式AI与作者制度,9,B0250,book,"Kate Fletcher, Lynda Grose：《Fashion & Sustainability Design for Change》，2012",0.327317,UNREVIEWED,candidate_needs_review
16.4,CH16,第十六章　算法、人工智能与中国当代设计转型（2008—至今）,生成式AI与作者制度,10,B0031,book,Arthur J. Pulos：《American design ethic a history of industrial design to 1940》,0.319522,UNREVIEWED,candidate_needs_review
16.4,CH16,第十六章　算法、人工智能与中国当代设计转型（2008—至今）,生成式AI与作者制度,11,B0101,book,David Raizman：《History of Modern Design》,0.318703,UNREVIEWED,candidate_needs_review
16.4,CH16,第十六章　算法、人工智能与中国当代设计转型（2008—至今）,生成式AI与作者制度,12,B0111,book,Design History and Culture ： Methods and Approaches -- Javier Gimeno-Martínez --,0.317677,UNREVIEWED,candidate_needs_review
16.4,CH16,第十六章　算法、人工智能与中国当代设计转型（2008—至今）,生成式AI与作者制度,13,B0294,book,"Mark Stickdorn, Jakob Schneider：《This Is Service Design Thinking》，2010",0.313153,UNREVIEWED,candidate_needs_review
16.4,CH16,第十六章　算法、人工智能与中国当代设计转型（2008—至今）,生成式AI与作者制度,14,B0189,book,"Heskett, John：《Industrial design》",0.312683,UNREVIEWED,candidate_needs_review
16.4,CH16,第十六章　算法、人工智能与中国当代设计转型（2008—至今）,生成式AI与作者制度,15,B0156,book,Fiona MacCarthy：《William Morris a life for our time》,0.310927,UNREVIEWED,candidate_needs_review
16.4,CH16,第十六章　算法、人工智能与中国当代设计转型（2008—至今）,生成式AI与作者制度,16,B0053,book,Brigitte Borja de Mozota：《Design Management Using Design to Build Brand Value and Corporate Innovation》，2003,0.308594,UNREVIEWED,candidate_needs_review
16.4,CH16,第十六章　算法、人工智能与中国当代设计转型（2008—至今）,生成式AI与作者制度,17,P0018,paper,"Cross, Nigel：Designerly Ways of Knowing, 2006",0.306196,UNREVIEWED,candidate_needs_review
16.4,CH16,第十六章　算法、人工智能与中国当代设计转型（2008—至今）,生成式AI与作者制度,18,B0084,book,"Clive Dilnot：《A John Heskett Reader Design, History, Economics》",0.303581,UNREVIEWED,candidate_needs_review
16.4,CH16,第十六章　算法、人工智能与中国当代设计转型（2008—至今）,生成式AI与作者制度,19,B0472,book,周博：《断裂与绵延：中国现代设计史研究》，2019,0.300373,UNREVIEWED,candidate_needs_review
16.4,CH16,第十六章　算法、人工智能与中国当代设计转型（2008—至今）,生成式AI与作者制度,20,B0191,book,Holmes：《Mismatch How Inclusion Shapes Design》,0.297676,UNREVIEWED,candidate_needs_review
16.4,CH16,第十六章　算法、人工智能与中国当代设计转型（2008—至今）,生成式AI与作者制度,21,B0115,book,"Design, History and Time _ New Temporalities in a Digital -- Hendon, Zoë (editor",0.293344,UNREVIEWED,candidate_needs_review
16.4,CH16,第十六章　算法、人工智能与中国当代设计转型（2008—至今）,生成式AI与作者制度,22,B0275,book,Linda Parry：《William Morris and the Arts and Crafts Movement a design source book》,0.29114,UNREVIEWED,candidate_needs_review
16.4,CH16,第十六章　算法、人工智能与中国当代设计转型（2008—至今）,生成式AI与作者制度,23,B0172,book,Goss：《French art deco》,0.290565,UNREVIEWED,candidate_needs_review
16.4,CH16,第十六章　算法、人工智能与中国当代设计转型（2008—至今）,生成式AI与作者制度,24,B0023,book,"Anthony Dunne, Fiona Raby：《Design Noir The Secret Life of Electronic Objects》",0.290512,UNREVIEWED,candidate_needs_review
16.4,CH16,第十六章　算法、人工智能与中国当代设计转型（2008—至今）,生成式AI与作者制度,25,B0015,book,Alice Rawsthorn：《Hello World Where Design Meets Life》，2013,0.289797,UNREVIEWED,candidate_needs_review
16.4,CH16,第十六章　算法、人工智能与中国当代设计转型（2008—至今）,生成式AI与作者制度,26,B0108,book,"Design discourse _ history, theory, criticism -- Margolin, Victor, 1941- -- Chic",0.288724,UNREVIEWED,candidate_needs_review
16.4,CH16,第十六章　算法、人工智能与中国当代设计转型（2008—至今）,生成式AI与作者制度,27,B0062,book,Cairo：《The functional art an introduction to information graphics and visualization》,0.288202,UNREVIEWED,candidate_needs_review
16.4,CH16,第十六章　算法、人工智能与中国当代设计转型（2008—至今）,生成式AI与作者制度,28,B0332,book,Owen Jones：《The Grammar of Ornament》,0.287841,UNREVIEWED,candidate_needs_review
16.4,CH16,第十六章　算法、人工智能与中国当代设计转型（2008—至今）,生成式AI与作者制度,29,B0218,book,John A. Lent：《Asian Comics》,0.287577,UNREVIEWED,candidate_needs_review
16.4,CH16,第十六章　算法、人工智能与中国当代设计转型（2008—至今）,生成式AI与作者制度,30,B0008,book,Adolf Loos：《Ornament and Crime》，2019,0.287336,UNREVIEWED,candidate_needs_review
16.5,CH16,第十六章　算法、人工智能与中国当代设计转型（2008—至今）,自动化界面与人的控制权,1,B0125,book,Don Norman：《The Design of Future Things》,0.439,UNREVIEWED,candidate_needs_review
16.5,CH16,第十六章　算法、人工智能与中国当代设计转型（2008—至今）,自动化界面与人的控制权,2,B0041,book,Ben Shneiderman：《Human-Centered AI》,0.379789,UNREVIEWED,candidate_needs_review
16.5,CH16,第十六章　算法、人工智能与中国当代设计转型（2008—至今）,自动化界面与人的控制权,3,B0052,book,"Briggs, Asa：《Victorian things》",0.351137,UNREVIEWED,candidate_needs_review
16.5,CH16,第十六章　算法、人工智能与中国当代设计转型（2008—至今）,自动化界面与人的控制权,4,B0316,book,"MINDELL, DAVID A. Automation's Finest Hour Radar and System Integration in World",0.344358,UNREVIEWED,candidate_needs_review
16.5,CH16,第十六章　算法、人工智能与中国当代设计转型（2008—至今）,自动化界面与人的控制权,5,B0102,book,David Raizman：《History of Modern Design》，2023,0.339507,UNREVIEWED,candidate_needs_review
16.5,CH16,第十六章　算法、人工智能与中国当代设计转型（2008—至今）,自动化界面与人的控制权,6,B0011,book,"Alan Cooper, Robert Reimann, David Cronin, Christopher Noessel：《About Face The Essentials of Interaction Design》",0.330894,UNREVIEWED,candidate_needs_review
16.5,CH16,第十六章　算法、人工智能与中国当代设计转型（2008—至今）,自动化界面与人的控制权,7,B0327,book,"None：《China design now , None》",0.327497,UNREVIEWED,candidate_needs_review
16.5,CH16,第十六章　算法、人工智能与中国当代设计转型（2008—至今）,自动化界面与人的控制权,8,B0116,book,Designing Interactions,0.323226,UNREVIEWED,candidate_needs_review
16.5,CH16,第十六章　算法、人工智能与中国当代设计转型（2008—至今）,自动化界面与人的控制权,9,B0127,book,Donald A. Norman：《The Design of Everyday Things》,0.321198,UNREVIEWED,candidate_needs_review
16.5,CH16,第十六章　算法、人工智能与中国当代设计转型（2008—至今）,自动化界面与人的控制权,10,B0015,book,Alice Rawsthorn：《Hello World Where Design Meets Life》，2013,0.317244,UNREVIEWED,candidate_needs_review
16.5,CH16,第十六章　算法、人工智能与中国当代设计转型（2008—至今）,自动化界面与人的控制权,11,B0122,book,"Digital Design Theory_ Readings from the Field (Design -- Armstrong, Helen -- De",0.317174,UNREVIEWED,candidate_needs_review
16.5,CH16,第十六章　算法、人工智能与中国当代设计转型（2008—至今）,自动化界面与人的控制权,12,B0227,book,John M. Carroll (ed.)：《Human-Computer Interaction in the New Millennium》，2002,0.315017,UNREVIEWED,candidate_needs_review
16.5,CH16,第十六章　算法、人工智能与中国当代设计转型（2008—至今）,自动化界面与人的控制权,13,B0186,book,Henry Dreyfuss：《Designing for People》，1967,0.314307,UNREVIEWED,candidate_needs_review
16.5,CH16,第十六章　算法、人工智能与中国当代设计转型（2008—至今）,自动化界面与人的控制权,14,B0023,book,"Anthony Dunne, Fiona Raby：《Design Noir The Secret Life of Electronic Objects》",0.313548,UNREVIEWED,candidate_needs_review
16.5,CH16,第十六章　算法、人工智能与中国当代设计转型（2008—至今）,自动化界面与人的控制权,15,B0054,book,"Bringing design to software (Terry Winograd, (ed.))",0.310425,UNREVIEWED,candidate_needs_review
16.5,CH16,第十六章　算法、人工智能与中国当代设计转型（2008—至今）,自动化界面与人的控制权,16,P0065,paper,Thackara John：《In the Bubble. Designing in a Complex World》,0.309311,UNREVIEWED,candidate_needs_review
16.5,CH16,第十六章　算法、人工智能与中国当代设计转型（2008—至今）,自动化界面与人的控制权,17,B0300,book,Matt Jones：《Mobile Interaction Design》,0.305385,UNREVIEWED,candidate_needs_review
16.5,CH16,第十六章　算法、人工智能与中国当代设计转型（2008—至今）,自动化界面与人的控制权,18,B0230,book,John Thackara：《In the Bubble Designing in a Complex World》，2005,0.302872,UNREVIEWED,candidate_needs_review
16.5,CH16,第十六章　算法、人工智能与中国当代设计转型（2008—至今）,自动化界面与人的控制权,19,B0046,book,Bill Moggridge：《Designing Interactions》，2007,0.302656,UNREVIEWED,candidate_needs_review
16.5,CH16,第十六章　算法、人工智能与中国当代设计转型（2008—至今）,自动化界面与人的控制权,20,B0108,book,"Design discourse _ history, theory, criticism -- Margolin, Victor, 1941- -- Chic",0.302158,UNREVIEWED,candidate_needs_review
16.5,CH16,第十六章　算法、人工智能与中国当代设计转型（2008—至今）,自动化界面与人的控制权,21,B0058,book,"Buchanan, Richard; Margolin, Victor (eds.), Discovering Design, 1995",0.29999,UNREVIEWED,candidate_needs_review
16.5,CH16,第十六章　算法、人工智能与中国当代设计转型（2008—至今）,自动化界面与人的控制权,22,B0184,book,"Helen Sharp, Jenny Preece, Yvonne Rogers：《Interaction Design Beyond Human-Computer Interaction》，2019",0.296744,UNREVIEWED,candidate_needs_review
16.5,CH16,第十六章　算法、人工智能与中国当代设计转型（2008—至今）,自动化界面与人的控制权,23,B0423,book,The Sciences：《of the Artificial Simon 3rd ed》,0.289855,UNREVIEWED,candidate_needs_review
16.5,CH16,第十六章　算法、人工智能与中国当代设计转型（2008—至今）,自动化界面与人的控制权,24,B0226,book,John Heskett：《Toothpicks and Logos Design in Everyday Life》,0.289599,UNREVIEWED,candidate_needs_review
16.5,CH16,第十六章　算法、人工智能与中国当代设计转型（2008—至今）,自动化界面与人的控制权,25,B0040,book,"Beckert, Sven：Empire of Cotton：A Global History, 2014",0.286579,UNREVIEWED,candidate_needs_review
16.5,CH16,第十六章　算法、人工智能与中国当代设计转型（2008—至今）,自动化界面与人的控制权,26,B0191,book,Holmes：《Mismatch How Inclusion Shapes Design》,0.284159,UNREVIEWED,candidate_needs_review
16.5,CH16,第十六章　算法、人工智能与中国当代设计转型（2008—至今）,自动化界面与人的控制权,27,B0472,book,周博：《断裂与绵延：中国现代设计史研究》，2019,0.283493,UNREVIEWED,candidate_needs_review
16.5,CH16,第十六章　算法、人工智能与中国当代设计转型（2008—至今）,自动化界面与人的控制权,28,B0270,book,"Lawson, Bryan; Dorst, Kees：Design Expertise, 2009",0.283309,UNREVIEWED,candidate_needs_review
16.5,CH16,第十六章　算法、人工智能与中国当代设计转型（2008—至今）,自动化界面与人的控制权,29,B0083,book,"Clark, Hazel; Brody, David (eds.), Design Studies： A Reader, 2009",0.282848,UNREVIEWED,candidate_needs_review
16.5,CH16,第十六章　算法、人工智能与中国当代设计转型（2008—至今）,自动化界面与人的控制权,30,B0280,book,Löwgren：《Thoughtful interaction design a design perspective on information technology》,0.282148,UNREVIEWED,candidate_needs_review
16.6,CH16,第十六章　算法、人工智能与中国当代设计转型（2008—至今）,隐形劳动与行星基础设施,1,B0307,book,"Michael Braungart, William McDonough：《Cradle to cradle remaking the way we make things》",0.397203,UNREVIEWED,candidate_needs_review
16.6,CH16,第十六章　算法、人工智能与中国当代设计转型（2008—至今）,隐形劳动与行星基础设施,2,B0160,book,Fuad-Luke：《The eco-design handbook a complete sourcebook for the home and office》,0.373225,UNREVIEWED,candidate_needs_review
16.6,CH16,第十六章　算法、人工智能与中国当代设计转型（2008—至今）,隐形劳动与行星基础设施,3,B0385,book,Safiya Umoja Noble：《Algorithms of Oppression How Search Engines Reinforce Racism》,0.367098,UNREVIEWED,candidate_needs_review
16.6,CH16,第十六章　算法、人工智能与中国当代设计转型（2008—至今）,隐形劳动与行星基础设施,4,B0041,book,Ben Shneiderman：《Human-Centered AI》,0.35716,UNREVIEWED,candidate_needs_review
16.6,CH16,第十六章　算法、人工智能与中国当代设计转型（2008—至今）,隐形劳动与行星基础设施,5,B0250,book,"Kate Fletcher, Lynda Grose：《Fashion & Sustainability Design for Change》，2012",0.345002,UNREVIEWED,candidate_needs_review
16.6,CH16,第十六章　算法、人工智能与中国当代设计转型（2008—至今）,隐形劳动与行星基础设施,6,B0230,book,John Thackara：《In the Bubble Designing in a Complex World》，2005,0.327502,UNREVIEWED,candidate_needs_review
16.6,CH16,第十六章　算法、人工智能与中国当代设计转型（2008—至今）,隐形劳动与行星基础设施,7,B0251,book,Kate Fletcher：《Sustainable Fashion and Textiles Design Journeys》，2008,0.320404,UNREVIEWED,candidate_needs_review
16.6,CH16,第十六章　算法、人工智能与中国当代设计转型（2008—至今）,隐形劳动与行星基础设施,8,P0065,paper,Thackara John：《In the Bubble. Designing in a Complex World》,0.310986,UNREVIEWED,candidate_needs_review
16.6,CH16,第十六章　算法、人工智能与中国当代设计转型（2008—至今）,隐形劳动与行星基础设施,9,B0123,book,Digital Materialities ： Design and Anthropology -- Sarah Pink; Elisenda Ardèvol;,0.300298,UNREVIEWED,candidate_needs_review
16.6,CH16,第十六章　算法、人工智能与中国当代设计转型（2008—至今）,隐形劳动与行星基础设施,10,B0015,book,Alice Rawsthorn：《Hello World Where Design Meets Life》，2013,0.292107,UNREVIEWED,candidate_needs_review
16.6,CH16,第十六章　算法、人工智能与中国当代设计转型（2008—至今）,隐形劳动与行星基础设施,11,B0208,book,Jenny L. Davis：《How Artifacts Afford The Power and Politics of Everyday Things》,0.290739,UNREVIEWED,candidate_needs_review
16.6,CH16,第十六章　算法、人工智能与中国当代设计转型（2008—至今）,隐形劳动与行星基础设施,12,B0145,book,Ellen Lupton：《Mechanical Brides Women and Machines from Home to Office》,0.275072,UNREVIEWED,candidate_needs_review
16.6,CH16,第十六章　算法、人工智能与中国当代设计转型（2008—至今）,隐形劳动与行星基础设施,13,B0254,book,"Kathryn Best：《Design Management Managing Design Strategy, Process and Implementation》",0.274379,UNREVIEWED,candidate_needs_review
16.6,CH16,第十六章　算法、人工智能与中国当代设计转型（2008—至今）,隐形劳动与行星基础设施,14,B0327,book,"None：《China design now , None》",0.272766,UNREVIEWED,candidate_needs_review
16.6,CH16,第十六章　算法、人工智能与中国当代设计转型（2008—至今）,隐形劳动与行星基础设施,15,P0012,paper,Buchanan：《Discovering design explorations in design studies》,0.272469,UNREVIEWED,candidate_needs_review
16.6,CH16,第十六章　算法、人工智能与中国当代设计转型（2008—至今）,隐形劳动与行星基础设施,16,B0083,book,"Clark, Hazel; Brody, David (eds.), Design Studies： A Reader, 2009",0.271254,UNREVIEWED,candidate_needs_review
16.6,CH16,第十六章　算法、人工智能与中国当代设计转型（2008—至今）,隐形劳动与行星基础设施,17,B0300,book,Matt Jones：《Mobile Interaction Design》,0.269993,UNREVIEWED,candidate_needs_review
16.6,CH16,第十六章　算法、人工智能与中国当代设计转型（2008—至今）,隐形劳动与行星基础设施,18,B0040,book,"Beckert, Sven：Empire of Cotton：A Global History, 2014",0.269957,UNREVIEWED,candidate_needs_review
16.6,CH16,第十六章　算法、人工智能与中国当代设计转型（2008—至今）,隐形劳动与行星基础设施,19,P0005,paper,Anne-Marie Willis：《Ontological Designing》，2006,0.265266,UNREVIEWED,candidate_needs_review
16.6,CH16,第十六章　算法、人工智能与中国当代设计转型（2008—至今）,隐形劳动与行星基础设施,20,B0017,book,Alison J. Clarke (ed.)：《Design Anthropology Object Cultures in Transition》,0.261326,UNREVIEWED,candidate_needs_review
16.6,CH16,第十六章　算法、人工智能与中国当代设计转型（2008—至今）,隐形劳动与行星基础设施,21,B0235,book,Jonathan M. Woodham：《Twentieth Century Design》,0.260222,UNREVIEWED,candidate_needs_review
16.6,CH16,第十六章　算法、人工智能与中国当代设计转型（2008—至今）,隐形劳动与行星基础设施,22,B0267,book,"Langdon Winner：《The Whale and the Reactor A Search for Limits in an Age of High Technology, Second Edition》，1986",0.253934,UNREVIEWED,candidate_needs_review
16.6,CH16,第十六章　算法、人工智能与中国当代设计转型（2008—至今）,隐形劳动与行星基础设施,23,B0127,book,Donald A. Norman：《The Design of Everyday Things》,0.252781,UNREVIEWED,candidate_needs_review
16.6,CH16,第十六章　算法、人工智能与中国当代设计转型（2008—至今）,隐形劳动与行星基础设施,24,B0090,book,"Crane, Walter：The Bases of Design, 1898",0.249481,UNREVIEWED,candidate_needs_review
16.6,CH16,第十六章　算法、人工智能与中国当代设计转型（2008—至今）,隐形劳动与行星基础设施,25,B0191,book,Holmes：《Mismatch How Inclusion Shapes Design》,0.247588,UNREVIEWED,candidate_needs_review
16.6,CH16,第十六章　算法、人工智能与中国当代设计转型（2008—至今）,隐形劳动与行星基础设施,26,B0186,book,Henry Dreyfuss：《Designing for People》，1967,0.246497,UNREVIEWED,candidate_needs_review
16.6,CH16,第十六章　算法、人工智能与中国当代设计转型（2008—至今）,隐形劳动与行星基础设施,27,B0102,book,David Raizman：《History of Modern Design》，2023,0.244964,UNREVIEWED,candidate_needs_review
16.6,CH16,第十六章　算法、人工智能与中国当代设计转型（2008—至今）,隐形劳动与行星基础设施,28,B0108,book,"Design discourse _ history, theory, criticism -- Margolin, Victor, 1941- -- Chic",0.244667,UNREVIEWED,candidate_needs_review
16.6,CH16,第十六章　算法、人工智能与中国当代设计转型（2008—至今）,隐形劳动与行星基础设施,29,B0231,book,"John Tillman Lyle：《Design for human ecosystems landscape, land use, and natural resources》",0.244149,UNREVIEWED,candidate_needs_review
16.6,CH16,第十六章　算法、人工智能与中国当代设计转型（2008—至今）,隐形劳动与行星基础设施,30,B0381,book,Rudolf Arnheim：《Visual Thinking》,0.243802,UNREVIEWED,candidate_needs_review
16.7,CH16,第十六章　算法、人工智能与中国当代设计转型（2008—至今）,中国平台化生活与设计职业,1,B0115,book,"Design, History and Time _ New Temporalities in a Digital -- Hendon, Zoë (editor",0.34017,UNREVIEWED,candidate_needs_review
16.7,CH16,第十六章　算法、人工智能与中国当代设计转型（2008—至今）,中国平台化生活与设计职业,2,B0230,book,John Thackara：《In the Bubble Designing in a Complex World》，2005,0.332773,UNREVIEWED,candidate_needs_review
16.7,CH16,第十六章　算法、人工智能与中国当代设计转型（2008—至今）,中国平台化生活与设计职业,3,B0327,book,"None：《China design now , None》",0.31517,UNREVIEWED,candidate_needs_review
16.7,CH16,第十六章　算法、人工智能与中国当代设计转型（2008—至今）,中国平台化生活与设计职业,4,B0102,book,David Raizman：《History of Modern Design》，2023,0.313181,UNREVIEWED,candidate_needs_review
16.7,CH16,第十六章　算法、人工智能与中国当代设计转型（2008—至今）,中国平台化生活与设计职业,5,B0472,book,周博：《断裂与绵延：中国现代设计史研究》，2019,0.308103,UNREVIEWED,candidate_needs_review
16.7,CH16,第十六章　算法、人工智能与中国当代设计转型（2008—至今）,中国平台化生活与设计职业,6,B0254,book,"Kathryn Best：《Design Management Managing Design Strategy, Process and Implementation》",0.305954,UNREVIEWED,candidate_needs_review
16.7,CH16,第十六章　算法、人工智能与中国当代设计转型（2008—至今）,中国平台化生活与设计职业,7,B0151,book,"Ezio Manzini：《Design, When Everybody Designs An Introduction to Design for Social Innovation》，2015",0.294354,UNREVIEWED,candidate_needs_review
16.7,CH16,第十六章　算法、人工智能与中国当代设计转型（2008—至今）,中国平台化生活与设计职业,8,B0015,book,Alice Rawsthorn：《Hello World Where Design Meets Life》，2013,0.293328,UNREVIEWED,candidate_needs_review
16.7,CH16,第十六章　算法、人工智能与中国当代设计转型（2008—至今）,中国平台化生活与设计职业,9,B0203,book,Jean Baudrillard：《The System Of Objects》，1968,0.293019,UNREVIEWED,candidate_needs_review
16.7,CH16,第十六章　算法、人工智能与中国当代设计转型（2008—至今）,中国平台化生活与设计职业,10,B0234,book,Jonathan M. Woodham：《Dictionary of Modern Design》,0.292237,UNREVIEWED,candidate_needs_review
16.7,CH16,第十六章　算法、人工智能与中国当代设计转型（2008—至今）,中国平台化生活与设计职业,11,B0041,book,Ben Shneiderman：《Human-Centered AI》,0.29173,UNREVIEWED,candidate_needs_review
16.7,CH16,第十六章　算法、人工智能与中国当代设计转型（2008—至今）,中国平台化生活与设计职业,12,B0023,book,"Anthony Dunne, Fiona Raby：《Design Noir The Secret Life of Electronic Objects》",0.290123,UNREVIEWED,candidate_needs_review
16.7,CH16,第十六章　算法、人工智能与中国当代设计转型（2008—至今）,中国平台化生活与设计职业,13,B0076,book,"Charlotte Fiell, Peter Fiell：《Scandinavian Design》，2002",0.289642,UNREVIEWED,candidate_needs_review
16.7,CH16,第十六章　算法、人工智能与中国当代设计转型（2008—至今）,中国平台化生活与设计职业,14,B0101,book,David Raizman：《History of Modern Design》,0.287315,UNREVIEWED,candidate_needs_review
16.7,CH16,第十六章　算法、人工智能与中国当代设计转型（2008—至今）,中国平台化生活与设计职业,15,B0057,book,"Buchanan, Richard; Doordan, Dennis P.; Margolin, Victor (eds.), The Designed World, 2010",0.285509,UNREVIEWED,candidate_needs_review
16.7,CH16,第十六章　算法、人工智能与中国当代设计转型（2008—至今）,中国平台化生活与设计职业,16,B0398,book,"Sparke, Penny, An Introduction to Design and Culture, 1986",0.279975,UNREVIEWED,candidate_needs_review
16.7,CH16,第十六章　算法、人工智能与中国当代设计转型（2008—至今）,中国平台化生活与设计职业,17,B0108,book,"Design discourse _ history, theory, criticism -- Margolin, Victor, 1941- -- Chic",0.277486,UNREVIEWED,candidate_needs_review
16.7,CH16,第十六章　算法、人工智能与中国当代设计转型（2008—至今）,中国平台化生活与设计职业,18,B0066,book,Carroll Gantz：《Founders of American Industrial Design》，2014,0.274888,UNREVIEWED,candidate_needs_review
16.7,CH16,第十六章　算法、人工智能与中国当代设计转型（2008—至今）,中国平台化生活与设计职业,19,B0116,book,Designing Interactions,0.273598,UNREVIEWED,candidate_needs_review
16.7,CH16,第十六章　算法、人工智能与中国当代设计转型（2008—至今）,中国平台化生活与设计职业,20,B0485,book,曹小鸥：《中国现代设计思想：生活、启蒙、变迁》，2018,0.269846,UNREVIEWED,candidate_needs_review
16.7,CH16,第十六章　算法、人工智能与中国当代设计转型（2008—至今）,中国平台化生活与设计职业,21,B0054,book,"Bringing design to software (Terry Winograd, (ed.))",0.268545,UNREVIEWED,candidate_needs_review
16.7,CH16,第十六章　算法、人工智能与中国当代设计转型（2008—至今）,中国平台化生活与设计职业,22,B0011,book,"Alan Cooper, Robert Reimann, David Cronin, Christopher Noessel：《About Face The Essentials of Interaction Design》",0.268234,UNREVIEWED,candidate_needs_review
16.7,CH16,第十六章　算法、人工智能与中国当代设计转型（2008—至今）,中国平台化生活与设计职业,23,B0053,book,Brigitte Borja de Mozota：《Design Management Using Design to Build Brand Value and Corporate Innovation》，2003,0.266624,UNREVIEWED,candidate_needs_review
16.7,CH16,第十六章　算法、人工智能与中国当代设计转型（2008—至今）,中国平台化生活与设计职业,24,B0073,book,"Charlotte Benton, Tim Benton：《Art Deco 1910–1939》",0.266433,UNREVIEWED,candidate_needs_review
16.7,CH16,第十六章　算法、人工智能与中国当代设计转型（2008—至今）,中国平台化生活与设计职业,25,P0067,paper,The Politics of the Artificial _ Essays on Design and Design -- Victor Margolin,0.265177,UNREVIEWED,candidate_needs_review
16.7,CH16,第十六章　算法、人工智能与中国当代设计转型（2008—至今）,中国平台化生活与设计职业,26,P0058,paper,Richard Buchanan：《Wicked Problems in Design Thinking》,0.264362,UNREVIEWED,candidate_needs_review
16.7,CH16,第十六章　算法、人工智能与中国当代设计转型（2008—至今）,中国平台化生活与设计职业,27,B0191,book,Holmes：《Mismatch How Inclusion Shapes Design》,0.262671,UNREVIEWED,candidate_needs_review
16.7,CH16,第十六章　算法、人工智能与中国当代设计转型（2008—至今）,中国平台化生活与设计职业,28,B0005,book,"Adamson, Glenn; Riello, Giorgio; Teasley, Sarah (eds.), Global Design History, 2011",0.261329,UNREVIEWED,candidate_needs_review
16.7,CH16,第十六章　算法、人工智能与中国当代设计转型（2008—至今）,中国平台化生活与设计职业,29,P0065,paper,Thackara John：《In the Bubble. Designing in a Complex World》,0.260257,UNREVIEWED,candidate_needs_review
16.7,CH16,第十六章　算法、人工智能与中国当代设计转型（2008—至今）,中国平台化生活与设计职业,30,B0186,book,Henry Dreyfuss：《Designing for People》，1967,0.259766,UNREVIEWED,candidate_needs_review
C.0,CH99,结语　从正典到关系、责任与可能性,结语综合,1,B0294,book,"Mark Stickdorn, Jakob Schneider：《This Is Service Design Thinking》，2010",0.475275,UNREVIEWED,candidate_needs_review
C.0,CH99,结语　从正典到关系、责任与可能性,结语综合,2,B0425,book,Thorpe：《Design with society why socially responsive design is good enough》,0.44483,UNREVIEWED,candidate_needs_review
C.0,CH99,结语　从正典到关系、责任与可能性,结语综合,3,P0069,paper,"Ulla Johansson-Sköldberg, Jill Woodilla：《Design Thinking Past, Present and Possible Futures》",0.429334,UNREVIEWED,candidate_needs_review
C.0,CH99,结语　从正典到关系、责任与可能性,结语综合,4,B0072,book,"Charles, Victoria：Neoclassicism, 2019",0.426141,UNREVIEWED,candidate_needs_review
C.0,CH99,结语　从正典到关系、责任与可能性,结语综合,5,B0258,book,Kenneth Frampton：《Modern Architecture A Critical History》，1980,0.42339,UNREVIEWED,candidate_needs_review
C.0,CH99,结语　从正典到关系、责任与可能性,结语综合,6,B0032,book,"Arturo Escobar：《Designs for the Pluriverse Radical Interdependence, Autonomy, and the Making of Worlds》，2018",0.420822,UNREVIEWED,candidate_needs_review
C.0,CH99,结语　从正典到关系、责任与可能性,结语综合,7,B0343,book,Pearl James：《Picture This World War I Posters and Visual Culture (Studies in War,0.416735,UNREVIEWED,candidate_needs_review
C.0,CH99,结语　从正典到关系、责任与可能性,结语综合,8,B0033,book,Arturo Escobar：《Designs for the Pluriverse，2018》,0.410042,UNREVIEWED,candidate_needs_review
C.0,CH99,结语　从正典到关系、责任与可能性,结语综合,9,B0226,book,John Heskett：《Toothpicks and Logos Design in Everyday Life》,0.396013,UNREVIEWED,candidate_needs_review
C.0,CH99,结语　从正典到关系、责任与可能性,结语综合,10,B0510,book,设计与历史的质疑,0.39429,UNREVIEWED,candidate_needs_review
C.0,CH99,结语　从正典到关系、责任与可能性,结语综合,11,B0415,book,"Thackara, John (ed.), Design After Modernism, 1988",0.392193,UNREVIEWED,candidate_needs_review
C.0,CH99,结语　从正典到关系、责任与可能性,结语综合,12,B0102,book,David Raizman：《History of Modern Design》，2023,0.38666,UNREVIEWED,candidate_needs_review
C.0,CH99,结语　从正典到关系、责任与可能性,结语综合,13,B0410,book,Taste and Power _ Furnishing Modern France -- Leora Auslander -- University of C,0.380783,UNREVIEWED,candidate_needs_review
C.0,CH99,结语　从正典到关系、责任与可能性,结语综合,14,B0025,book,"Anthony Dunne：《Hertzian Tales Electronic Products, Aesthetic Experience, and Critical Design》，2005",0.379271,UNREVIEWED,candidate_needs_review
C.0,CH99,结语　从正典到关系、责任与可能性,结语综合,15,B0287,book,"Margolin, Victor, The Politics of the Artificial, 2002",0.372946,UNREVIEWED,candidate_needs_review
C.0,CH99,结语　从正典到关系、责任与可能性,结语综合,16,B0438,book,"Walker, John A., Design History and the History of Design, 1989",0.372502,UNREVIEWED,candidate_needs_review
C.0,CH99,结语　从正典到关系、责任与可能性,结语综合,17,B0107,book,Design Anthropology in Context _ An Introduction to Design -- Adam Drazin -- Lon,0.372067,UNREVIEWED,candidate_needs_review
C.0,CH99,结语　从正典到关系、责任与可能性,结语综合,18,B0055,book,Bruno Latour：《We Have Never Been Modern》，1991,0.369704,UNREVIEWED,candidate_needs_review
C.0,CH99,结语　从正典到关系、责任与可能性,结语综合,19,B0324,book,Nigel Cross：《Design Thinking Understanding How Designers Think and Work》,0.366246,UNREVIEWED,candidate_needs_review
C.0,CH99,结语　从正典到关系、责任与可能性,结语综合,20,B0252,book,"Katerina Clark：《Petersburg, Crucible of Cultural Revolution》，1995",0.362421,UNREVIEWED,candidate_needs_review
C.0,CH99,结语　从正典到关系、责任与可能性,结语综合,21,B0095,book,"Dabrowski, Magdalena (ed.)：Revolution：Russian Avant-Garde, 1912-1930, 1978",0.362081,UNREVIEWED,candidate_needs_review
C.0,CH99,结语　从正典到关系、责任与可能性,结语综合,22,B0503,book,王受之：《世界现代设计史》，2015,0.352691,UNREVIEWED,candidate_needs_review
C.0,CH99,结语　从正典到关系、责任与可能性,结语综合,23,B0225,book,John Heskett：《Industrial Design》，1980,0.352685,UNREVIEWED,candidate_needs_review
C.0,CH99,结语　从正典到关系、责任与可能性,结语综合,24,B0151,book,"Ezio Manzini：《Design, When Everybody Designs An Introduction to Design for Social Innovation》，2015",0.351648,UNREVIEWED,candidate_needs_review
C.0,CH99,结语　从正典到关系、责任与可能性,结语综合,25,B0085,book,Cole Nussbaumer Knaflic：《Storytelling with Data》,0.350599,UNREVIEWED,candidate_needs_review
C.0,CH99,结语　从正典到关系、责任与可能性,结语综合,26,B0041,book,Ben Shneiderman：《Human-Centered AI》,0.350545,UNREVIEWED,candidate_needs_review
C.0,CH99,结语　从正典到关系、责任与可能性,结语综合,27,B0344,book,Penny Sparke：《A century of design design pioneers of the 20th century》,0.348089,UNREVIEWED,candidate_needs_review
C.0,CH99,结语　从正典到关系、责任与可能性,结语综合,28,P0061,paper,"Stephen L. Vargo, Robert F. Lusch：《Evolving to a New Dominant Logic for Marketing》，2004",0.342153,UNREVIEWED,candidate_needs_review
C.0,CH99,结语　从正典到关系、责任与可能性,结语综合,29,B0369,book,Robert Bringhurst：《The Elements of Typographic Style》，1992,0.340941,UNREVIEWED,candidate_needs_review
C.0,CH99,结语　从正典到关系、责任与可能性,结语综合,30,B0242,book,Julier：《The culture of design，2018》,0.337182,UNREVIEWED,candidate_needs_review
