source_id,section_id,grade,verification,role,accepted_claim,evidence_boundary,original_followup,status,review_file
B0001,1.5,X,V2,gap_flag,无,几乎不处理生产劳动分工和设计责任,另寻工厂记录技术图纸劳动史和企业档案,EXCLUDED,D:\Design-history-知识库\教材章节知识模型转换\11_语义复核批次\BATCH-001-CH01-CH02\mappings\B0001_章节映射.csv
B0001,2.4,A,V2,core_framework_and_mechanism,固定价格、自由进入、免除购买义务、广告展示与服务共同改变消费实践,不能单独证明具体商店史实或不同群体的实际体验,回查期刊版次页码及Miller/Bowlby/Leach/Hower等被引原文,ACCEPTED_WITH_LIMITS,D:\Design-history-知识库\教材章节知识模型转换\11_语义复核批次\BATCH-001-CH01-CH02\mappings\B0001_章节映射.csv
B0001,2.6,C,V2,limited_context,商店展示以东方和巴黎意象组织异域性与时尚权威,不能替代世界博览会或殖民分类制度研究,补博览会档案展陈目录与殖民治理研究,CONTEXT_ONLY,D:\Design-history-知识库\教材章节知识模型转换\11_语义复核批次\BATCH-001-CH01-CH02\mappings\B0001_章节映射.csv
B0001,9.1,C,V2,long_duration_prehistory,19世纪零售制度可作为战后消费社会的长时段前史,不能支持1945年后的收入零售广告和耐用消费品事实,补战后统计政策行业和企业材料,CONTEXT_ONLY,D:\Design-history-知识库\教材章节知识模型转换\11_语义复核批次\BATCH-001-CH01-CH02\mappings\B0001_章节映射.csv
B0001,9.3,C,V2,gendered_consumption_prehistory,女性被同时表述为家庭采购者和易受诱惑消费者,女性主体材料不足且不支持战后职业结构,补女性日记消费记录劳动史和战后职业统计,CONTEXT_ONLY,D:\Design-history-知识库\教材章节知识模型转换\11_语义复核批次\BATCH-001-CH01-CH02\mappings\B0001_章节映射.csv
B0005,0.3,A,V2,relational_global_design_history,全球设计史应从英雄与名物清单转向对象、连接、比较和多地点关系,这是编者的方法论主张，不代表论文集各章已消除欧美中心偏差,回各章原文与所引区域研究，核定具体作者和页码,ACCEPTED_WITH_LIMITS,D:\Design-history-知识库\教材章节知识模型转换\11_语义复核批次\BATCH-001-CH01-CH02\mappings\B0005_章节映射.csv
B0005,0.4,B,V2,object_as_local_methodological_tool,地方对象可作为追踪跨地域材料、技术和意义过程的方法工具,物不是自足文本；制造地、流通地、使用地和收藏地须分开,补对象检验、博物馆记录、贸易与使用材料,ACCEPTED_AS_METHOD,D:\Design-history-知识库\教材章节知识模型转换\11_语义复核批次\BATCH-001-CH01-CH02\mappings\B0005_章节映射.csv
B0005,0.6,B,V2,source_asymmetry_and_canonical_bias,全球设计史须公开区域材料保存与可见性的不对称,报告网络发现只构成审计线索，不能当成原书统计事实,补各区域档案史与缺席主体材料,ACCEPTED_WITH_COUNTERSOURCE_REQUIRED,D:\Design-history-知识库\教材章节知识模型转换\11_语义复核批次\BATCH-001-CH01-CH02\mappings\B0005_章节映射.csv
B0005,0.7,A,V2,connections_comparisons_objects,连接、比较和对象可构成全球设计史的互补路径，地方不是被动终点,不能把跨境接触自动写成对等交流或直接影响,逐案例补接触、委托、制作、流通与使用链,ACCEPTED_WITH_LIMITS,D:\Design-history-知识库\教材章节知识模型转换\11_语义复核批次\BATCH-001-CH01-CH02\mappings\B0005_章节映射.csv
B0005,1.4,B,V2,materials_and_distributed_production,瓷器、棉布等商品的形式变化嵌入材料、工序、订货与长距离贸易系统,各产业技术条件不同，不能用一个案例概括所有材料系统,补配方、窑业／染织工艺、订单和实物分析,ACCEPTED_AS_SUPPORT,D:\Design-history-知识库\教材章节知识模型转换\11_语义复核批次\BATCH-001-CH01-CH02\mappings\B0005_章节映射.csv
B0005,1.6,C,V2,design_term_and_professional_identity_context,design的地域命名与专业身份应被历史化而非预设为普遍类别,本书不是完整的design词源史或职业制度史,补词典、期刊、职位、学校和行业组织P0材料,CONTEXT_ONLY,D:\Design-history-知识库\教材章节知识模型转换\11_语义复核批次\BATCH-001-CH01-CH02\mappings\B0005_章节映射.csv
B0005,1.7,A,V2,local_production_global_connections,地方生产可通过工艺适配、订货翻译和市场选择生成混合而非复制的结果,景德镇与印度棉布案例不能证明所有地区采取同一路径,补亚洲、非洲、美洲的生产者档案与对象序列,ACCEPTED_WITH_COUNTERSOURCE_REQUIRED,D:\Design-history-知识库\教材章节知识模型转换\11_语义复核批次\BATCH-001-CH01-CH02\mappings\B0005_章节映射.csv
B0005,2.4,B,V2,trade_fashion_and_consumption,贸易订货、时尚和消费验证会反向塑造商品图样与品类,目录、订单和评论不能独立证明普通消费者的实际理解,补账本、诉讼、穿用痕迹、消费者书信与零售档案,ACCEPTED_AS_SUPPORT,D:\Design-history-知识库\教材章节知识模型转换\11_语义复核批次\BATCH-001-CH01-CH02\mappings\B0005_章节映射.csv
B0005,2.6,B,V2,exhibition_identity_and_classification,国际和帝国展览可通过选择、排除与陈列生产身份类别,Dipti Bhagat个案限于南非1851—1936语境；Lockyer已质疑仅用表演性解释,补官方目录、组织档案、地方媒体和观众材料,ACCEPTED_WITH_COUNTERARGUMENT,D:\Design-history-知识库\教材章节知识模型转换\11_语义复核批次\BATCH-001-CH01-CH02\mappings\B0005_章节映射.csv
B0005,2.7,A,V2,translation_and_local_modernities,棉布、瓷器与茶器的跨境迁移包含选择、误读、替代和再生产,不得把物的相似性升级为单向影响或和谐交流,逐对象建立订单—制作—运输—销售—使用链,ACCEPTED_WITH_LIMITS,D:\Design-history-知识库\教材章节知识模型转换\11_语义复核批次\BATCH-001-CH01-CH02\mappings\B0005_章节映射.csv
B0006,0.3,B,V2,retail_enterprise_media_production_and_style_method,商店史可把零售空间、媒体、生产、品牌、跨境流通和风格运动连接起来,企业人格化可能把结构与多行动者压缩为创始人意志,补机构、工人、生产者、顾客与竞争者材料,ACCEPTED_AS_ENTERPRISE_METHOD_CASE,D:\Design-history-知识库\教材章节知识模型转换\11_语义复核批次\BATCH-003-CH02-EXPANDED\mappings\B0006_章节映射.csv
B0006,0.5,B,V2,corporate_magazine_family_archive_interview_and_press,公司内刊、家族材料、采访、馆藏和报刊可相互定位企业事件,无完整书目且资料接近企业，当前只能作路由与有限转述,返回公司档案、广告、目录、合同、账簿和报刊原件,ACCEPTED_WITH_PROVENANCE_FOLLOWUP,D:\Design-history-知识库\教材章节知识模型转换\11_语义复核批次\BATCH-003-CH02-EXPANDED\mappings\B0006_章节映射.csv
B0006,0.6,A,V2,corporate_commemoration_founder_worker_gender_colonial_and_audience_bias,纪念性企业叙事、创始人中心、工人／女性／殖民生产者缺口和受众效果断点须进入审计,企业材料丰富不等于独立验证,补独立商业史、劳动史、殖民贸易与消费者材料,ACCEPTED_AS_EVIDENCE_AUDIT,D:\Design-history-知识库\教材章节知识模型转换\11_语义复核批次\BATCH-003-CH02-EXPANDED\mappings\B0006_章节映射.csv
B0006,1.3,A,V2,import_dye_print_machine_block_and_brand_control,进口坯料、英国染印、机器适配、木版工艺、品牌标记和诉讼共同组织构思—制作—控制,企业品牌不能自动确定逐件设计者与生产者,补样本、配方、图样、订单、工序、合同和诉讼卷宗,ACCEPTED_AS_CORE_PRODUCTION_CASE,D:\Design-history-知识库\教材章节知识模型转换\11_语义复核批次\BATCH-003-CH02-EXPANDED\mappings\B0006_章节映射.csv
B0006,1.4,A,V2,silk_cotton_dye_water_print_and_metal_material_system,丝、棉、染料、水质、木版、机器织造及金属合金说明材料供应如何限定产品,‘东方秘密’和性能主张多为企业／作者叙述，未做物质核验,补来源地生产、贸易、配方、样本检测和环境记录,ACCEPTED_WITH_TECHNICAL_COLONIAL_FOLLOWUP,D:\Design-history-知识库\教材章节知识模型转换\11_语义复核批次\BATCH-003-CH02-EXPANDED\mappings\B0006_章节映射.csv
B0006,1.5,A,V2,anonymous_designers_suppliers_workers_and_corporate_authorship,匿名设计政策、外部设计师、供应商、工坊与品牌共同制造企业作者制,匿名并不表示无作者，后世归属也需对象级证据,补设计簿、订单、工资、样品、印记和个人档案,ACCEPTED_AS_CORE_AUTHORSHIP_CASE,D:\Design-history-知识库\教材章节知识模型转换\11_语义复核批次\BATCH-003-CH02-EXPANDED\mappings\B0006_章节映射.csv
B0006,1.6,B,V2,buyer_manager_designer_consultant_and_window_roles,采购者、部门经理、外部设计师、设计顾问和橱窗设计等角色展示零售设计职业分化,百年叙事跨期，不能把后期职位倒投到19世纪,逐期补职位、合同、职责、薪酬和职业组织,ACCEPTED_AS_ROLE_HISTORY,D:\Design-history-知识库\教材章节知识模型转换\11_语义复核批次\BATCH-003-CH02-EXPANDED\mappings\B0006_章节映射.csv
B0006,2.3,B,V2,morris_liberty_machine_craft_and_affordability_contrast,Liberty与Morris在机器、手工、价格和大众可及性上的差异可构成工艺美术内部比较,作者的二元对比可能简化两者混合生产和实际顾客结构,与B0070、B0348、账簿、工艺和顾客材料互证,ACCEPTED_WITH_COMPARATIVE_AUDIT,D:\Design-history-知识库\教材章节知识模型转换\11_语义复核批次\BATCH-003-CH02-EXPANDED\mappings\B0006_章节映射.csv
B0006,2.4,A,V2,shop_window_catalogue_display_brand_and_consumer_mediation,店铺、橱窗、目录、剧场、展览、命名、奖项和代理共同构成现代消费者的中介条件,供给、曝光和评论不能证明消费者被动接受或欲望被成功制造,补销售、价格、信用、顾客记录、家庭清单与使用材料,ACCEPTED_AS_CORE_RETAIL_SOURCE,D:\Design-history-知识库\教材章节知识模型转换\11_语义复核批次\BATCH-003-CH02-EXPANDED\mappings\B0006_章节映射.csv
B0006,2.5,A,V2,aestheticism_art_nouveau_fashion_interior_and_product_system,织物、服装、家具、室内、珠宝和金属器把唯美主义与新艺术组织为商业化生活方式,运动命名、品牌归属和设计者身份存在企业叙事与后见之明,补对象、设计簿、委托、展览、评论、住宅与使用史,ACCEPTED_AS_CORE_SOURCE_WITH_OBJECT_GAP,D:\Design-history-知识库\教材章节知识模型转换\11_语义复核批次\BATCH-003-CH02-EXPANDED\mappings\B0006_章节映射.csv
B0006,2.6,B,V2,oriental_warehouse_colonial_merchandising_and_classification,Oriental Warehouse、商品命名和进口分类可显示英国零售如何消费性地组织亚洲物品,不能用来代表日本、中国、印度等生产者自我分类或殖民经验,补来源地工匠、贸易、采购、殖民制度和地方消费材料,ACCEPTED_AS_BRITISH_RETAIL_DISCOURSE_ONLY,D:\Design-history-知识库\教材章节知识模型转换\11_语义复核批次\BATCH-003-CH02-EXPANDED\mappings\B0006_章节映射.csv
B0006,2.7,A,V2,asia_britain_paris_trade_translation_and_reproduction,进口、英国改制、巴黎分店、代理、仿冒与地方生产构成选择—翻译—再生产链,‘东方影响’不能由风格相似或企业宣传单向推出,补贸易、人员、合同、样本、生产者和接收方材料,ACCEPTED_WITH_TRANSFER_FOLLOWUP,D:\Design-history-知识库\教材章节知识模型转换\11_语义复核批次\BATCH-003-CH02-EXPANDED\mappings\B0006_章节映射.csv
B0006,5.1,B,V2,liberty_between_art_nouveau_and_art_deco_revival,Liberty产品、巴黎时尚合作与后来的历史复兴可补装饰艺术商业谱系,本书并非1925巴黎博览会或Art Deco核心研究,补展览、对象、设计师、生产和同期评论,ACCEPTED_AS_COMMERCIAL_CONTEXT,D:\Design-history-知识库\教材章节知识模型转换\11_语义复核批次\BATCH-003-CH02-EXPANDED\mappings\B0006_章节映射.csv
B0006,5.5,B,V2,retail_design_consultant_brand_and_anonymous_professionalization,企业内部设计顾问、匿名设计和品牌控制可补商业设计职业化路径,企业职位史不等于行业总体职业制度,补合同、薪酬、组织、教育和行业比较,ACCEPTED_AS_ENTERPRISE_ROLE_CASE,D:\Design-history-知识库\教材章节知识模型转换\11_语义复核批次\BATCH-003-CH02-EXPANDED\mappings\B0006_章节映射.csv
B0007,0.4,C,V2,ephemerality_of_montage_archive,蒙太奇作品多为临时性材料（Grosz描述的明信片无一幸存），部分原作散佚，本书依赖刊物复现与二手转载，展示人工物作为史料的不稳定性,“原作散佚、需据书刊复制”是作者自述的编辑说明,clean第137行,CONTEXT_ONLY,D:\Design-history-知识库\教材章节知识模型转换\11_语义复核批次\BATCH-004-CH03-AVANTGARDE\mappings\B0007_章节映射.csv
B0007,0.5,B,V2,montage_as_document_and_object,照片蒙太奇以报纸照片、警方档案照片等现成影像为材料（如Heartfield挪用Photo-Eye中的斯图加特警方照片），既是史料利用也是可考对象,蒙太奇作品作为史料/对象的双重身份是本书的实践性证据，作者未作史料学理论化,clean第411—417行,ACCEPTED_AS_CORE_SOURCE,D:\Design-history-知识库\教材章节知识模型转换\11_语义复核批次\BATCH-004-CH03-AVANTGARDE\mappings\B0007_章节映射.csv
B0007,0.6,C,V2,propaganda_ambiguity_spectator_bias,Heartfield个别作品存在解读歧义（如《自杀者的愿望实现》中红军形象、《SPD危机党大会》反社民党立场受Berger批评），显示宣传图像意义并不自明,“含义歧义”与“失败”评价来自Berger论文转述，非蒙太奇对象自身可证内容,clean第457行,CONTEXT_ONLY,D:\Design-history-知识库\教材章节知识模型转换\11_语义复核批次\BATCH-004-CH03-AVANTGARDE\mappings\B0007_章节映射.csv
B0007,3.1,B,V2,citroen_metropolis_urban_montage,Citroën《大都会》(1923)以方格网格堆积都市影像，将现代都市的同时性感知转化为蒙太奇，体现战争后都市与机械经验,“预示Mondrian Broadway Boogie Woogie”“或启发Lang电影”均为作者关联命题而非传播证据,clean第899—905行,ACCEPTED_AS_CORE_SOURCE,D:\Design-history-知识库\教材章节知识模型转换\11_语义复核批次\BATCH-004-CH03-AVANTGARDE\mappings\B0007_章节映射.csv
B0007,3.2,C,V2,futurist_collage_precedent,未来主义（Carrà 1915年拼贴入照片）构成蒙太奇的前史个案，Marinetti宣言中的都市愿景被作者视为蒙太奇都市想象的思想前奏,仅作前史背景；未主张未来主义与柏林达达之间存在技法传播,clean第107、901—903行,CONTEXT_ONLY,D:\Design-history-知识库\教材章节知识模型转换\11_语义复核批次\BATCH-004-CH03-AVANTGARDE\mappings\B0007_章节映射.csv
B0007,3.3,A,V2,origin_naming_berlin_dada,柏林达达在一战后为将照片引入作品的技法命名photomontage，并以Monteur（装配工）取代艺术家身份，构成达达蒙太奇的起源与身份政治机制,发明权归属（Grosz/Heartfield 1915-16 vs. Hausmann/Höch 1918波罗的海）存争议，书中如实转述双方主张而未裁断,clean第107、146—152行：命名引文与两派发明主张,ACCEPTED_AS_CORE_SOURCE,D:\Design-history-知识库\教材章节知识模型转换\11_语义复核批次\BATCH-004-CH03-AVANTGARDE\mappings\B0007_章节映射.csv
B0007,3.3,A,V2,heartfield_antifascist_aiz_montage,Heartfield在《AIZ》等德共刊物上以摄影蒙太奇作反法西斯宣传，照片的熟悉外观与并置逻辑共同生效，成为达达蒙太奇政治化的关键案例,Berger“先事物后符号”与Lukàcs“好笑话”系转引评论家判断，属作者采信的二手命题；作品日期与刊物可证,clean第377—449、506行,ACCEPTED_AS_CORE_SOURCE,D:\Design-history-知识库\教材章节知识模型转换\11_语义复核批次\BATCH-004-CH03-AVANTGARDE\mappings\B0007_章节映射.csv
B0007,3.3,B,V2,ernst_fatagaga_surrealist_transition,Ernst的Fatagaga拼贴（1919-20）通过“相距甚远现实的聚合”制造惊异，被Breton视为超现实主义前驱，构成达达蒙太奇向超现实主义过渡的环节,Breton 1921年序言“缝合机与雨伞”意象为转引；“超现实主义前驱”定位是作者与布勒东的历史判断,clean第982—1004行,ACCEPTED_AS_CORE_SOURCE,D:\Design-history-知识库\教材章节知识模型转换\11_语义复核批次\BATCH-004-CH03-AVANTGARDE\mappings\B0007_章节映射.csv
B0007,3.3,C,V2,marxist_dialectic_affinity_claim,作者主张摄影蒙太奇天然适合表达马克思主义辩证法：并置矛盾元素以暴露本质（正题—反题—合题）,此为Ades与Berger的理论命题而非对象自证内容，引用时须标注作者立场,clean第381、449、506行,CONTEXT_ONLY,D:\Design-history-知识库\教材章节知识模型转换\11_语义复核批次\BATCH-004-CH03-AVANTGARDE\mappings\B0007_章节映射.csv
B0007,3.4,A,V2,klutsis_dynamic_city_suprematist_basis,Klutsis《动态城市》(1919-20)以“体积空间至上主义+photomontage”将至上主义平面替换为摄影元素，被作者定位为苏联摄影蒙太奇起点,“苏联首幅蒙太奇”系Klutsis自称，Ades引Rakitin 1918年之说表明起源年代仍有争论；平面替换的细读为作者命题,clean第564—579行,ACCEPTED_AS_CORE_SOURCE,D:\Design-history-知识库\教材章节知识模型转换\11_语义复核批次\BATCH-004-CH03-AVANTGARDE\mappings\B0007_章节映射.csv
B0007,3.4,A,V2,rodchenko_about_this_illustration,Rodchenko 1923年为马雅可夫斯基《关于这个》配图，以摄影蒙太奇展开个人情感与革命叙事的交织，构成苏联早期蒙太奇代表作,蒙太奇与诗作逐幅对应的解读属作者细读命题；“苏联最早想象力蒙太奇”为作者评价,clean第659—754行,ACCEPTED_AS_CORE_SOURCE,D:\Design-history-知识库\教材章节知识模型转换\11_语义复核批次\BATCH-004-CH03-AVANTGARDE\mappings\B0007_章节映射.csv
B0007,3.4,B,V2,dada_constructivism_independent_development,达达蒙太奇为讽刺解构、苏联构成主义蒙太奇为乌托邦建设；作者以传播媒介记录与视觉证据论证两者基本独立发展,“独立发展”是基于Das Plakat刊载记录、Lissitzky未见Hausmann作品等证据的论证，非定论,clean第566—577行,ACCEPTED_AS_CORE_SOURCE,D:\Design-history-知识库\教材章节知识模型转换\11_语义复核批次\BATCH-004-CH03-AVANTGARDE\mappings\B0007_章节映射.csv
B0007,3.6,B,V2,lissitzky_press_exhibition_frieze,Lissitzky 1928年科隆国际新闻展“新闻的任务是教育群众”摄影浮雕墙将蒙太奇用于大规模展览设计，展示苏联建设成就,作品年代与展出语境可证；其与Vertov纪录片的结构类比为作者命题,clean第555、562、820行,ACCEPTED_AS_CORE_SOURCE,D:\Design-history-知识库\教材章节知识模型转换\11_语义复核批次\BATCH-004-CH03-AVANTGARDE\mappings\B0007_章节映射.csv
B0007,3.6,B,V2,moholy_photoplastics_and_repetition,Moholy-Nagy的物影照片、“摄影造型”（photoplastics）及重复系列将蒙太奇引向形式实验与设计单元化,photogram严格说非蒙太奇，Ades自述因扰乱感知功能相近而纳入，属作者选材决定,clean第1212—1252行,ACCEPTED_AS_CORE_SOURCE,D:\Design-history-知识库\教材章节知识模型转换\11_语义复核批次\BATCH-004-CH03-AVANTGARDE\mappings\B0007_章节映射.csv
B0007,3.6,C,V2,surrealist_mode_in_advertising,1930年代时尚与广告摄影（Beaton、McBean、Bayer的《Die Neue Linie》封面）吸收“超现实主义”风格，作者指出商业挪用与超现实主义本义的偏离,“被操纵照片在超现实主义刊物中仅占少数”是作者基于刊物材料的统计判断,clean第1121、1135行,CONTEXT_ONLY,D:\Design-history-知识库\教材章节知识模型转换\11_语义复核批次\BATCH-004-CH03-AVANTGARDE\mappings\B0007_章节映射.csv
B0007,3.7,B,V2,polish_constructivism_transnational_journals,柏林《Veshch》(1922)、华沙《Blok》(1924)等跨国期刊构成波兰构成主义蒙太奇（Szczuka、Berman）的传播网络,Szczuka引入波兰蒙太奇等事实可证；“Blok版式受Veshch影响”依据版式相似，属作者推断,clean第849—858、865行,ACCEPTED_AS_CORE_SOURCE,D:\Design-history-知识库\教材章节知识模型转换\11_语义复核批次\BATCH-004-CH03-AVANTGARDE\mappings\B0007_章节映射.csv
B0008,0.2,A,V2,modernity_definition,现代性的规范性定义：素朴无装饰、个性强大无需面具、“我们有了取代装饰的艺术”,是行动者对现代性的规范主张，非对现代性事实的描述,clean第1677行及后续,ACCEPTED_AS_ACTOR_SOURCE,D:\Design-history-知识库\教材章节知识模型转换\11_语义复核批次\BATCH-005-CH04-BAUHAUS\mappings\B0008_章节映射.csv
B0008,0.2,B,V2,modernity_gender_bias,女性时尚被解释为“向男性感官的诉求”，装饰与女性化关联——现代性话语的性别维度,父权视角立场转述，作为现代性批判史料,clean第782—792行,ACCEPTED_AS_ACTOR_SOURCE,D:\Design-history-知识库\教材章节知识模型转换\11_语义复核批次\BATCH-005-CH04-BAUHAUS\mappings\B0008_章节映射.csv
B0008,0.5,A,V2,actor_text_evidence,本书为行动者文本汇编（P0）：23篇Loos原文+Masheck后记+注释，证据类型为行动者文本,编辑层（后记、导言、注释）与原文层须区分，不同报告不得视为独立来源,clean第2881行正文标题页,ACCEPTED_AS_ACTOR_SOURCE,D:\Design-history-知识库\教材章节知识模型转换\11_语义复核批次\BATCH-005-CH04-BAUHAUS\mappings\B0008_章节映射.csv
B0008,0.5,C,V2,editorial_layer,Masheck后记：1908/1909年代重订、Lombroso借用溯源、进化论语境化辩护、Ornament vs. Schmuck辨析,二手学术解读，可作研究参考，不作一手证据,clean第2426—2432、2516行,ACCEPTED_AS_ACTOR_SOURCE,D:\Design-history-知识库\教材章节知识模型转换\11_语义复核批次\BATCH-005-CH04-BAUHAUS\mappings\B0008_章节映射.csv
B0008,0.6,A,V2,evolutionary_discourse_bias,种族/进化论话语（巴布亚人、纹身与犯罪、Haeckel重演论）作为历史立场转述，用作证据偏差典型案例,仅证明Loos主张过该立场，不证明其科学性，不得作现代种族观依据,clean第1661、1670—1671行,ACCEPTED_AS_ACTOR_SOURCE,D:\Design-history-知识库\教材章节知识模型转换\11_语义复核批次\BATCH-005-CH04-BAUHAUS\mappings\B0008_章节映射.csv
B0008,0.6,B,V2,rhetoric_bias,新闻体反讽夸张（“毒死建筑师”、“纹身者未入狱即潜在罪犯”）不可按字面作事实或政策主张,修辞层与主张层须区分；Masheck亦指出其“绝非完全严肃”,clean第1671行,ACCEPTED_AS_ACTOR_SOURCE,D:\Design-history-知识库\教材章节知识模型转换\11_语义复核批次\BATCH-005-CH04-BAUHAUS\mappings\B0008_章节映射.csv
B0008,0.6,B,V2,translation_bias,英译本非德文原典，Ornament/Schmuck等语词辨析依赖译者与后记转述,翻译层损耗可能影响精确命题表述，术语争议须回查德文原典,clean全文为英文,ACCEPTED_AS_ACTOR_SOURCE,D:\Design-history-知识库\教材章节知识模型转换\11_语义复核批次\BATCH-005-CH04-BAUHAUS\mappings\B0008_章节映射.csv
B0008,0.6,X,V2,p4_knowledge_emergence,知识涌现模型（P4推演）仅作语义路由，不构成来源证据,不进入教材命题证据链，其命题未经本包原文核验,packet 知识涌现分析00—04文件,P4_SEMANTIC_ROUTING_ONLY,D:\Design-history-知识库\教材章节知识模型转换\11_语义复核批次\BATCH-005-CH04-BAUHAUS\mappings\B0008_章节映射.csv
B0008,2.5,A,V2,secession_critic,对维也纳分离派与青年风格的装饰批判：斥其以新装饰替换旧装饰、产品已被遗忘,证明Loos的反对主张，不能据此断定分离派实际性质,clean第2004、2028行；第235行,ACCEPTED_AS_ACTOR_SOURCE,D:\Design-history-知识库\教材章节知识模型转换\11_语义复核批次\BATCH-005-CH04-BAUHAUS\mappings\B0008_章节映射.csv
B0008,2.5,A,V2,decor_crime_thesis,“文化进化=去除实用物品装饰”；现代装饰“没有父母、没有后代”——装饰批判与唯美主义/新艺术议题的衔接命题,行动者核心主张，作为2.5装饰批判谱系的讨论对象而非结论,clean第1677行,ACCEPTED_AS_ACTOR_SOURCE,D:\Design-history-知识库\教材章节知识模型转换\11_语义复核批次\BATCH-005-CH04-BAUHAUS\mappings\B0008_章节映射.csv
B0008,4.1,A,V2,craft_education_critic,对奥地利应用艺术学校背离工艺、攀附纯艺术的批评，主张“革命必须来自底层——作坊”,证明Loos的批评主张，不证明学校实况；作为改革联盟前史的行动者立场,packet 01_我们的应用艺术学校分章报告,ACCEPTED_AS_ACTOR_SOURCE,D:\Design-history-知识库\教材章节知识模型转换\11_语义复核批次\BATCH-005-CH04-BAUHAUS\mappings\B0008_章节映射.csv
B0008,4.1,A,V2,english_modernity_model,以英国（伦敦）为中产阶级现代性标杆，对比法式宫廷传统，推崇英国实用导向工艺,行动者立场；其英国中心主义忽视殖民地条件系分析报告指出的局限,clean第4行目录；整体报告L3.5,ACCEPTED_AS_ACTOR_SOURCE,D:\Design-history-知识库\教材章节知识模型转换\11_语义复核批次\BATCH-005-CH04-BAUHAUS\mappings\B0008_章节映射.csv
B0008,4.7,A,V2,modernist_canon_actor,Loos作为现代主义正典行动者：《装饰与罪恶》等文本成为现代建筑与设计理论正典文献，其地位是文本事实,只能证明其文本地位与行动者主张，不能自动证明其对包豪斯等机构的实际因果影响,clean第1658—1677行核心公式,ACCEPTED_AS_ACTOR_SOURCE,D:\Design-history-知识库\教材章节知识模型转换\11_语义复核批次\BATCH-005-CH04-BAUHAUS\mappings\B0008_章节映射.csv
B0008,4.7,B,V2,canon_influence_claim,路斯思想经Pevsner、Giedion等战后史叙述正典化，并影响Le Corbusier与包豪斯功能主义导向,系分析报告二手判断，需独立接受史证据核验,packet 00_整体分析报告L6、L8,ACCEPTED_AS_ACTOR_SOURCE,D:\Design-history-知识库\教材章节知识模型转换\11_语义复核批次\BATCH-005-CH04-BAUHAUS\mappings\B0008_章节映射.csv
B0008,4.7,B,V2,canon_actor_self_positioning,路斯自我定位为发现者：“我们克服了装饰，我们挣扎着到达了无装饰”,行动者自我叙事，其“发现”宣称属修辞，影响力须由接受史独立证据支撑,clean第1678—1687行,ACCEPTED_AS_ACTOR_SOURCE,D:\Design-history-知识库\教材章节知识模型转换\11_语义复核批次\BATCH-005-CH04-BAUHAUS\mappings\B0008_章节映射.csv
B0013,0.4,B,V2,photographs_as_historical_artifacts,本书展示照片作为人工物的史料生成机制：图版附相机/镜头/底片/出版展览史，记录已消失建筑，且作者自述修正过个别年代,技术数据来自家族档案与作者考订；照片内容判断须回图版实物,clean第5995行、第2704行、第3560行起附录,CONTEXT_ONLY,D:\Design-history-知识库\教材章节知识模型转换\11_语义复核批次\BATCH-004-CH03-AVANTGARDE\mappings\B0013_章节映射.csv
B0013,0.5,B,V2,photographs_as_object_evidence,摄影作品属对象证据：clean文本仅含文字描述与三语图注，视觉属性（角度、构图、光影、色调）必须以图版实物为准，文字不可替代图像,clean版无内嵌图像，对象证据核验须回纸质版图版；此为本书证据使用的固有边界,clean第1646—1653行、第3137—3156行等图版条目均无图像,CONTEXT_ONLY,D:\Design-history-知识库\教材章节知识模型转换\11_语义复核批次\BATCH-004-CH03-AVANTGARDE\mappings\B0013_章节映射.csv
B0013,0.6,B,V2,family_archive_bias_case,本书是亲属视角与家族档案型证据的典型样本：作者为罗德琴科之孙，具一手档案优势，同时对争议（白海运河政治犯、性格负面面）持温和辩护语调,辩护性在原文可查（clean第913—917行）；作为证据偏差教学案例价值高，引用时须标注视角与立场,clean第909—917行,CONTEXT_ONLY,D:\Design-history-知识库\教材章节知识模型转换\11_语义复核批次\BATCH-004-CH03-AVANTGARDE\mappings\B0013_章节映射.csv
B0013,3.3,B,V2,soviet_photomontage_lineage,罗德琴科蒙太奇自1922年Kino-Fot杂志拼贴实验起步，1923年经典蒙太奇成熟，构成苏联构成主义蒙太奇与达达蒙太奇并置参照的重要一脉,本书只述苏联脉络、未涉及达达；与达达的关系须另据3.3章其他来源建立,clean第245行、第253—254行、第1553—1600行,CONTEXT_ONLY,D:\Design-history-知识库\教材章节知识模型转换\11_语义复核批次\BATCH-004-CH03-AVANTGARDE\mappings\B0013_章节映射.csv
B0013,3.4,A,V2,core_primary_source,罗德琴科是俄国构成主义从纯艺术转向生产艺术与摄影的典型个案：1921年三色单色画终结架上绘画，1923年起以蒙太奇与摄影进入大众传播,家族专史，作者为罗德琴科之孙，具档案优势与辩护偏向；作品分期以家族档案为准,clean第245行、第583—585行、第3638—3641行,ACCEPTED_AS_CORE_SOURCE,D:\Design-history-知识库\教材章节知识模型转换\11_语义复核批次\BATCH-004-CH03-AVANTGARDE\mappings\B0013_章节映射.csv
B0013,3.4,A,V2,rodchenko_photography_periodization,罗德琴科摄影分期1924—1954：1924座机肖像与静物→1925便携相机户外系列→1928徕卡→1930s纪实（白海运河、体育检阅）,分期依据作者家族档案与附录图版技术目录；设备与年代对应为本书考订结论,clean第81行、第587—590行、第5865—5866行,ACCEPTED_AS_CORE_SOURCE,D:\Design-history-知识库\教材章节知识模型转换\11_语义复核批次\BATCH-004-CH03-AVANTGARDE\mappings\B0013_章节映射.csv
B0013,3.4,A,V2,constructivism_as_working_method,对罗德琴科而言构成主义不是风格标签，而是适用于任何媒介的“艺术家的劳动方法”（生产艺术），摄影是其构成主义方法的媒介延伸,属作者论述与罗德琴科自述的立场判断，非可独立验证的事实陈述,clean第583—585行、第603—604行,ACCEPTED_AS_CORE_SOURCE,D:\Design-history-知识库\教材章节知识模型转换\11_语义复核批次\BATCH-004-CH03-AVANTGARDE\mappings\B0013_章节映射.csv
B0013,3.6,A,V2,new_photography_angles,罗德琴科“从下向上/从上向下”极端视角是1920年代新摄影的核心实践，俄国称“Rodchenko foreshortening”；他批判传统平视“腹脐摄影”,引文为罗德琴科自述（转引自家族档案）；视觉效果须回图版核验，clean文本无图像,clean第137行、第636—641行,ACCEPTED_AS_CORE_SOURCE,D:\Design-history-知识库\教材章节知识模型转换\11_语义复核批次\BATCH-004-CH03-AVANTGARDE\mappings\B0013_章节映射.csv
B0013,3.6,A,V2,photomontage_visual_communication,罗德琴科将摄影蒙太奇发展为书籍、期刊、海报的视觉传播系统：马雅可夫斯基《关于此》（1923）、维尔托夫《电影眼》海报（1924）、沙吉尼扬《Mess-Mend》（1924）,图版编号、年代与工艺（石印5000份等）以本书图注为准；构图判断须回图版,clean第1641—1653行、第1686—1705行、第1712—1720行,ACCEPTED_AS_CORE_SOURCE,D:\Design-history-知识库\教材章节知识模型转换\11_语义复核批次\BATCH-004-CH03-AVANTGARDE\mappings\B0013_章节映射.csv
B0013,3.6,A,V2,photography_as_art_theory,罗德琴科1934年《摄影——艺术》主张摄影挣脱辅助地位、“值得作为今日之艺术”，是苏联新摄影独立地位的理论纲领,为艺术家宣言性文本，反映其立场而非客观事实；该文1971年才在《苏联摄影》首刊,clean第22—33行、第922—924行,ACCEPTED_AS_CORE_SOURCE,D:\Design-history-知识库\教材章节知识模型转换\11_语义复核批次\BATCH-004-CH03-AVANTGARDE\mappings\B0013_章节映射.csv
B0013,3.6,B,V2,photography_propaganda_ambivalence,1930年代罗德琴科纪实摄影（白海运河、《苏联在建设中》）处于纪实与宣传的模糊地带：审查下拍摄、底片全交检，作者承认其未提政治犯,白海运河的古拉格背景本书明载；囚犯规模等具体数据本书未提供，须外部史料补证,clean第856—870行、第909—917行、第3137—3156行,CONTEXT_ONLY,D:\Design-history-知识库\教材章节知识模型转换\11_语义复核批次\BATCH-004-CH03-AVANTGARDE\mappings\B0013_章节映射.csv
B0022,2.5,C,V2,aesthetic_movement_precursor,唯美主义运动作为工艺美术运动平行线（Whistler孔雀厅、Liberty商店）：在缺乏Morris式政治关怀下推动室内简化与日本风格引入，为日后Art Nouveau铺路,clean第215行（1880s“Artistic”室内成为财富、地位与好品味标志）；Peacock Room与Liberty's具体段落行号未核验,回查clean第215行,ACCEPTED_AS_CORE_SOURCE,D:\Design-history-知识库\教材章节知识模型转换\11_语义复核批次\BATCH-006-CH05-COMMERCIAL\mappings\B0022_章节映射.csv
B0022,5.1,A,V2,art_deco_interior_dimension,1925年巴黎博览会的Art Deco房间布置确立室内设计的装饰现代性：Ruhlmann大沙龙与百货公司展厅为风格制度化节点,clean第803-877行、第868行；Massey对位叙事框架须标注,回查L803-877（1925博览会）与L868（女性化编码）,ACCEPTED_AS_CORE_SOURCE,D:\Design-history-知识库\教材章节知识模型转换\11_语义复核批次\BATCH-006-CH05-COMMERCIAL\mappings\B0022_章节映射.csv
B0022,5.1,B,V2,art_deco_department_store_commercialization,巴黎百货公司（Bon Marché的Pomone 1923、Galeries Lafayette的La Maîtrise 1921）设立室内装饰部门，以1925年博览会Art Deco房间布置展示，构成风格商业化渠道,clean第875—877行；Waring & Gillow的Modern Art Department（1928）细节在packet报告，clean行号待回查,回查clean第875—877行,ACCEPTED_AS_CORE_SOURCE,D:\Design-history-知识库\教材章节知识模型转换\11_语义复核批次\BATCH-006-CH05-COMMERCIAL\mappings\B0022_章节映射.csv
B0022,5.1,C,V2,esprit_nouveau_counterposition,1925年博览会对位案例：Le Corbusier新精神馆以批量生产家具（Thonet弯木椅）挑战博览会的民族主义与装饰导向并引发丑闻,现代主义方批评视角，与5.1主叙述构成对位，等级C,clean第711—717行,ACCEPTED_AS_CORE_SOURCE,D:\Design-history-知识库\教材章节知识模型转换\11_语义复核批次\BATCH-006-CH05-COMMERCIAL\mappings\B0022_章节映射.csv
B0022,5.3,B,V2,contract_interiors_postwar,战后“合同室内设计”（contract interiors，商业而非住宅用途）兴起：SOM与Knoll Planning Unit基于Miesian美学（简单几何但昂贵饰面）承担企业合同室内,clean第1310行、第1377行；销售工程维度与5.4营销工具条目互补,回查clean第1310、1377行,ACCEPTED_AS_CORE_SOURCE,D:\Design-history-知识库\教材章节知识模型转换\11_语义复核批次\BATCH-006-CH05-COMMERCIAL\mappings\B0022_章节映射.csv
B0022,5.4,A,V2,streamlining_definition_medium_transfer,流线型（美国Moderne）1930年代在美国兴起：Art Deco垂直线让位于水平线，融合Art Deco、国际风格与法国Moderne；始于运输风格，迁移至厨房电器、办公设备等一切设计领域,clean第977—978行、第988行、第996行；媒介迁移命题的核心段落,回查clean第977-1008行,ACCEPTED_AS_CORE_SOURCE,D:\Design-history-知识库\教材章节知识模型转换\11_语义复核批次\BATCH-006-CH05-COMMERCIAL\mappings\B0022_章节映射.csv
B0022,5.4,A,V2,streamlining_commercial_interior,流线型商业室内典范：Radio City Music Hall（1933，Donald Deskey）为流线型应用于商业室内（娱乐场所）的精品案例,clean第1005行；商业室内实例证据,回查clean第1005行,ACCEPTED_AS_CORE_SOURCE,D:\Design-history-知识库\教材章节知识模型转换\11_语义复核批次\BATCH-006-CH05-COMMERCIAL\mappings\B0022_章节映射.csv
B0022,5.4,B,V2,hollywood_moderne_media_diffusion,好莱坞电影工业充分运用Moderne与流线型的光滑镜面表面，将风格植入全球大众意识；Cedric Gibbons自1925年博览会归来后为MGM设计《Grand Hotel》（1932）布景,电影媒介证据属大众传播层，等级B,clean第1008行,ACCEPTED_AS_CORE_SOURCE,D:\Design-history-知识库\教材章节知识模型转换\11_语义复核批次\BATCH-006-CH05-COMMERCIAL\mappings\B0022_章节映射.csv
B0022,5.4,B,V2,streamlining_marketing_tool,1929年股灾后设计被首次系统性认知为营销工具（销售工程逻辑）：工业设计师（Dreyfuss、Loewy、Teague）获得近乎电影明星地位,clean中“marketing tool”原文行号未直接核验（约L985—995区域），须回查确认,回查clean约L985—995,ACCEPTED_AS_CORE_SOURCE,D:\Design-history-知识库\教材章节知识模型转换\11_语义复核批次\BATCH-006-CH05-COMMERCIAL\mappings\B0022_章节映射.csv
B0022,5.5,A,V2,interior_decorator_women_profession,室内装饰是少数由女性主导并卓越取胜的职业：Candace Wheeler 1877年创立纽约装饰艺术协会为女性提供职业教育与手工艺出路，置于妇女争取经济独立语境,clean第1090行；Wheeler 1895年文章细节在packet报告,回查clean第1090行,ACCEPTED_AS_CORE_SOURCE,D:\Design-history-知识库\教材章节知识模型转换\11_语义复核批次\BATCH-006-CH05-COMMERCIAL\mappings\B0022_章节映射.csv
B0022,5.5,A,V2,good_taste_historicism_profession,“好品味”标准与历史范本绑定：Wharton与Codman《The Decoration of Houses》（1897）将“自然好品味”等同于文艺复兴以降英意法范本；装饰师因研究过去风格并身处同一社交圈而拥有品味权威，该标准贯穿20世纪职业,clean第1099行、第1108—1109行；“好品味”的阶级再生产功能为分析层命题,回查clean第1099-1109行,ACCEPTED_AS_CORE_SOURCE,D:\Design-history-知识库\教材章节知识模型转换\11_语义复核批次\BATCH-006-CH05-COMMERCIAL\mappings\B0022_章节映射.csv
B0022,5.5,A,V2,de_wolfe_professional_model,Elsie de Wolfe建立可复制的职业模式：Irving Place改造（1897-98）、《The House in Good Taste》（1913）、Colony Club（1905）为装饰师设计的首个公共室内,clean第1112行、第1119—1129行、第1145行；Frick住宅10%佣金财务证据在packet 05报告，clean行号待回查,回查clean第1112-1145行,ACCEPTED_AS_CORE_SOURCE,D:\Design-history-知识库\教材章节知识模型转换\11_语义复核批次\BATCH-006-CH05-COMMERCIAL\mappings\B0022_章节映射.csv
B0022,9.3,B,V2,gender_domestic_role_to_profession,家庭性别角色与职业关联：维多利亚中产阶级女性被限于家庭领域，“品味自然属于女性”话语既为女性进入装饰职业开门又将其贬为“女性化”领域；De Wolfe主张“家表达女主人的个性”,clean第28—29行、第1112行；战后家庭主妇作为“消费领袖”的clean行号未核验，回查确认后再升B为A,回查clean第28-29行,ACCEPTED_AS_CORE_SOURCE,D:\Design-history-知识库\教材章节知识模型转换\11_语义复核批次\BATCH-006-CH05-COMMERCIAL\mappings\B0022_章节映射.csv
B0027,0.2,A,V2,manifesto_modernity_self_definition,宣言以“过去主义”批判与速度/机器/电力的美学化定义20世纪初现代性的自我意识，是0.2节“现代性概念”的典范行动者表述,宣言话语是文化先锋的自我主张，与大众社会史中的现代性体验（劳动、消费、殖民）需区分,clean第245、255行；导论（编者史学定位）,ACCEPTED_AS_CORE_SOURCE,D:\Design-history-知识库\教材章节知识模型转换\11_语义复核批次\BATCH-004-CH03-AVANTGARDE\mappings\B0027_章节映射.csv
B0027,0.3,B,V2,manifesto_as_collective_actor_history,宣言的合著署名（画家五人组、电影六人组）与“我们宣布”的集体语态，是行动者以集体身份建构运动史的实证，契合0.3节“从英雄谱系到关系史”,集体署名掩盖内部分歧（Boccioni—Bragaglia之争、与La Voce群体的冲突），关系史叙述需其他档案补充,clean第2988行合著、年表佛罗伦萨冲突,ACCEPTED_AS_ACTOR_SOURCE,D:\Design-history-知识库\教材章节知识模型转换\11_语义复核批次\BATCH-004-CH03-AVANTGARDE\mappings\B0027_章节映射.csv
B0027,0.5,A,V2,manifesto_as_historical_source_method,编者以文献汇编、出处标注、年表呈现文本且导论明确告诫“不应按面值接受夸耀”，是0.5节“宣言作为史料”的方法论范例,选集存在选目与节选的主观性；clean文本为英译二手层，引用须标注版本,clean第157行（导论告诫）、第201—3006行出处标注,ACCEPTED_AS_CORE_SOURCE,D:\Design-history-知识库\教材章节知识模型转换\11_语义复核批次\BATCH-004-CH03-AVANTGARDE\mappings\B0027_章节映射.csv
B0027,0.6,B,V2,anthology_selection_and_absences,选集34—35篇中仅Saint-Point一位女性作者（情欲宣言），1915年后战争死亡（Boccioni、Sant'Elia）打断声音，工人、女性受众等沉默方缺席，可作0.6节“证据偏差与缺席者”案例,缺席推断属编史学判断，“未被收录”不等于“不存在”，需结合运动史其他文献,clean第952行、年表（Boccioni、Sant'Elia之死）,ACCEPTED_AS_ACTOR_SOURCE,D:\Design-history-知识库\教材章节知识模型转换\11_语义复核批次\BATCH-004-CH03-AVANTGARDE\mappings\B0027_章节映射.csv
B0027,1.6,C,V2,art_expansion_vs_design_concept,未来主义把绘画、雕塑、音乐、建筑、服装、玩具均纳入“艺术”扩张纲领（“重建宇宙”），与1.6节“工业艺术/装饰艺术/设计”概念竞争存在间接关联：本书未使用“设计”范畴，其立场是艺术概念的自我扩张,本书无“设计”概念论述，映射为背景性关联；不可将未来主义等同于设计运动,clean第2593、3002行（商店橱窗美学）,CONTEXT_ONLY,D:\Design-history-知识库\教材章节知识模型转换\11_语义复核批次\BATCH-004-CH03-AVANTGARDE\mappings\B0027_章节映射.csv
B0027,3.1,A,V2,speed_machine_urban_sensation,创立宣言以午夜飙车寓言开篇并宣布速度之美、“时间与空间已死”，将赛车、工厂、城市噪音审美化，是3.1节“战争、都市与机械感知”的核心一手材料,速度美学是纲领性主张；作品是否实现动态感知需作品/图版证据,clean第201—245行（开篇叙事与第4条）,ACCEPTED_AS_CORE_SOURCE,D:\Design-history-知识库\教材章节知识模型转换\11_语义复核批次\BATCH-004-CH03-AVANTGARDE\mappings\B0027_章节映射.csv
B0027,3.2,A,V2,futurist_manifesto_core_actor_text,未来主义宣言是行动者文本：1909年创立宣言及1910—1918年各媒介技术宣言（普遍动力论、自由词语、噪音艺术、综合戏剧、电影公式等）构成3.2节“宣言、排印、运动形式与战争政治”的直接一手史料,只能证明行动者当时的主张与分类，不能证明作品效果或公众接受；战争赞美与反女性主义为历史立场转述,clean第245、255、2988行；引文标注1973/2001英译本版本,ACCEPTED_AS_CORE_SOURCE,D:\Design-history-知识库\教材章节知识模型转换\11_语义复核批次\BATCH-004-CH03-AVANTGARDE\mappings\B0027_章节映射.csv
B0027,3.2,A,V2,typographic_revolution_words_in_freedom,《句法破坏——自由词语》(1913)主张摧毁句法、废除标点、引入数学符号、多色多字体印刷革命（凝缩隐喻、电报式意象、“自插图”），是3.2节“排印”主题的核心主张材料,印刷革命是文学诗学纲领，实践完成度与版面效果需以原版出版物实物验证；英译无法完全再现排版,clean第1373—1375、1387、2149行,ACCEPTED_AS_ACTOR_SOURCE,D:\Design-history-知识库\教材章节知识模型转换\11_语义复核批次\BATCH-004-CH03-AVANTGARDE\mappings\B0027_章节映射.csv
B0027,3.2,A,V2,futurism_war_politics_as_historical_stance,1909年宣言“战争是世界唯一卫生”（第9条）、Carrà《战争绘画》(1915)与Humphreys后记对战争鼓吹—法西斯主义纠葛的历史评述，作为“战争政治”主题的历史材料,宣言战争立场是行动者主张（P0），不等于战争实际效果；教材须批判性转述，不得复制为立场,clean第255、2739—2753、3030行,ACCEPTED_AS_ACTOR_SOURCE,D:\Design-history-知识库\教材章节知识模型转换\11_语义复核批次\BATCH-004-CH03-AVANTGARDE\mappings\B0027_章节映射.csv
B0027,3.3,B,V2,words_in_freedom_to_montage_precursor_chain,自由词语的“自插图”与综览表、电影宣言“宇宙将成为我们的词汇”为达达拼贴与蒙太奇提供先驱逻辑,该关联为知识涌现推演而非本书明文；达达对马里内蒂的挪用与拒绝并存，需达达文献佐证,clean第2149、2847行,CONTEXT_ONLY,D:\Design-history-知识库\教材章节知识模型转换\11_语义复核批次\BATCH-004-CH03-AVANTGARDE\mappings\B0027_章节映射.csv
B0027,3.4,C,V2,constructivism_comparative_frame_only,本书不含俄国构成主义文本；仅Apollonio导论在比较框架中提及立体主义、包豪斯、达达、构成主义以定位未来主义,编者比较框架属二手评论层，不可作为构成主义自身史料使用,导论部分（整体分析报告L002）,CONTEXT_ONLY,D:\Design-history-知识库\教材章节知识模型转换\11_语义复核批次\BATCH-004-CH03-AVANTGARDE\mappings\B0027_章节映射.csv
B0027,3.5,C,V2,de_stijl_off_scope,本书文本不含风格派（De Stijl）内容，无蒙德里安/杜斯堡相关材料,若3.5节需要风格派史料应另寻De Stijl文献，本书不承担该节证据功能,全文本检索未见风格派论述,EXCLUDE_AS_OFF_SCOPE,D:\Design-history-知识库\教材章节知识模型转换\11_语义复核批次\BATCH-004-CH03-AVANTGARDE\mappings\B0027_章节映射.csv
B0027,3.6,B,V2,photodynamism_as_new_photography_precursor,Bragaglia《未来主义光动力学》(1911)主张以长时间曝光捕捉“运动的内在感觉”并区别于马雷/迈布里奇连续摄影，是3.6节“新摄影”脉络的前驱材料,光动力学当时影响有限且遭部分未来主义者排斥（需外部史料核实），不可自动推广为“新摄影”主流谱系,clean第0534—0632行范围内,ACCEPTED_AS_ACTOR_SOURCE,D:\Design-history-知识库\教材章节知识模型转换\11_语义复核批次\BATCH-004-CH03-AVANTGARDE\mappings\B0027_章节映射.csv
B0027,3.6,B,V2,futurist_clothing_and_environment_reconstruction,Balla《未来主义男装宣言》(1913)与《宇宙重建》(1915)将宣言扩展至服装、玩具与环境设计，可与3.6节展览/视觉传达议题建立间接关联,服装与环境主张多为乌托邦纲领，实际制作与传播有限；与“设计”概念的关系是间接的,clean第1844行、2593行（“重建宇宙……赋予不可见者以骨肉”）,ACCEPTED_AS_ACTOR_SOURCE,D:\Design-history-知识库\教材章节知识模型转换\11_语义复核批次\BATCH-004-CH03-AVANTGARDE\mappings\B0027_章节映射.csv
B0027,3.7,B,V2,transnational_futurist_network,创立宣言1909年2月20日发表于巴黎《费加罗报》、1912年巴黎Bernheim-Jeune首展及伦敦/柏林/布鲁塞尔巡展、与阿波里奈尔—立体主义圈子的接触（年表），是3.7节跨国先锋网络的行动者侧证据,年表为编者整理的二手叙事，交往细节需对照原始报刊与档案；影响方向不能从宣言单方推断,clean第201、3010、3051—3052、3059行,ACCEPTED_AS_ACTOR_SOURCE,D:\Design-history-知识库\教材章节知识模型转换\11_语义复核批次\BATCH-004-CH03-AVANTGARDE\mappings\B0027_章节映射.csv
B0027,4.1,C,V2,institutionalization_and_fascism_afterword,后记与年表记述Marinetti 1929年任Reale Accademia d'Italia院士、未来主义与法西斯主义汇合，为制度化现代主义（4.x）提供前史背景,后记与年表是编者层二手评述而非行动者文本；制度史细节需政权史档案核实,clean第3030—3034行（后记与年表）,CONTEXT_ONLY,D:\Design-history-知识库\教材章节知识模型转换\11_语义复核批次\BATCH-004-CH03-AVANTGARDE\mappings\B0027_章节映射.csv
B0031,0.3,B,V2,national_design_history_as_historiographic_object,国家设计史应检查制度产品与叙事如何共同建构所谓国家伦理,本书的美国例外论不能作为中性解释框架,与殖民史、原住民史、奴隶制、移民史和跨国研究对读,ACCEPTED_AS_HISTORIOGRAPHY,D:\Design-history-知识库\教材章节知识模型转换\11_语义复核批次\BATCH-002-CH01-EXPANDED\mappings\B0031_章节映射.csv
B0031,0.6,A,V2,settler_professional_gender_and_racial_bias,定居者中心、职业领袖、男性发明家和功能主义谱系会压低被殖民者、奴隶、妇女与普通工人,识别偏差不能以缺席代替主体证据,补原住民、非裔、女性、移民、工人和消费者材料,ACCEPTED_AS_EVIDENCE_AUDIT,D:\Design-history-知识库\教材章节知识模型转换\11_语义复核批次\BATCH-002-CH01-EXPANDED\mappings\B0031_章节映射.csv
B0031,1.1,B,V2,colonial_craft_household_and_apprenticeship,殖民地家庭劳动、作坊、学徒和工具改良可补前工业知识与地方适应,不得把殖民地写成空白荒野或把定居者经验代表全部美国,补原住民技术、奴隶工艺、女性与地方贸易材料,ACCEPTED_WITH_COUNTERSOURCE_REQUIRED,D:\Design-history-知识库\教材章节知识模型转换\11_语义复核批次\BATCH-002-CH01-EXPANDED\mappings\B0031_章节映射.csv
B0031,1.2,A,V2,patents_interchangeability_state_contracts_and_scale,专利、国家合同、机床、可互换零件和运输网络共同改变美国生产尺度,Whitney唯一奠基人叙事不成立且军工仅作文字制度分析,与B0225、B0084及较新技术史、军械厂档案互证,ACCEPTED_WITH_COUNTERARGUMENT,D:\Design-history-知识库\教材章节知识模型转换\11_语义复核批次\BATCH-002-CH01-EXPANDED\mappings\B0031_章节映射.csv
B0031,1.3,A,V2,design_patents_specs_and_form_utility_split,1842年设计专利及形式／效用法律区分显示外观、规格和权利被制度化,专利数量和法律分类不证明设计质量或实际执行,补专利图、诉讼、企业设计流程和对象生产链,ACCEPTED_WITH_MECHANISM_FOLLOWUP,D:\Design-history-知识库\教材章节知识模型转换\11_语义复核批次\BATCH-002-CH01-EXPANDED\mappings\B0031_章节映射.csv
B0031,1.4,B,V2,wood_metal_glass_textile_and_machine_materials,材料替代与加工技术影响殖民工具、压制玻璃、金属器和机器产品形式,供应链、环境代价和被强制劳动处理不足,补材料检测、贸易、环境和劳动史,ACCEPTED_AS_SUPPORT,D:\Design-history-知识库\教材章节知识模型转换\11_语义复核批次\BATCH-002-CH01-EXPANDED\mappings\B0031_章节映射.csv
B0031,1.5,A,V2,craftsmen_engineers_artists_business_and_profession,工匠、工程师、商业艺术家、制造商、博物馆与顾问设计师共同形成工业设计岗位,职业谱系偏向名人且参与者自我合法化明显,补企业档案、匿名员工、工会、客户与失败项目,ACCEPTED_WITH_LIMITS,D:\Design-history-知识库\教材章节知识模型转换\11_语义复核批次\BATCH-002-CH01-EXPANDED\mappings\B0031_章节映射.csv
B0031,1.6,A,V2,industrial_arts_commercial_art_and_industrial_design,industrial arts、commercial art与industrial design的组织、教育和职业变化可构成概念史线索,作者的成熟职业结局不能倒推早期术语都指向工业设计,补同期词典、课程、职位、协会章程和统计,ACCEPTED_WITH_CONCEPT_HISTORY_FOLLOWUP,D:\Design-history-知识库\教材章节知识模型转换\11_语义复核批次\BATCH-002-CH01-EXPANDED\mappings\B0031_章节映射.csv
B0031,1.7,X,V2,american_design_ethic_as_national_essence,不接受清教伦理加自由企业自然生成美国功能主义和工业设计的国家本质论,该模型压低殖民暴力、奴隶制、移民、国家采购和跨国技术且目的论明显,将其作为1983年史学对象并用多路径研究替代,EXCLUDE_AS_CAUSAL_MODEL,D:\Design-history-知识库\教材章节知识模型转换\11_语义复核批次\BATCH-002-CH01-EXPANDED\mappings\B0031_章节映射.csv
B0031,2.1,B,V2,exhibitions_and_public_design_problem,博览会、博物馆展览与政府报告推动工业艺术和职业设计成为公共问题,展览冲击叙事不能证明全国同步接受或直接职业因果,补展览档案、参展物、媒体、观众和地方机构材料,ACCEPTED_AS_SUPPORT,D:\Design-history-知识库\教材章节知识模型转换\11_语义复核批次\BATCH-002-CH01-EXPANDED\mappings\B0031_章节映射.csv
B0031,2.2,A,V2,schools_museums_policy_and_industry_organizations,技工学校、设计学校、博物馆、职业教育政策和行业组织构建设计制度化网络,课程存在不等于教学成效且女性教育受性别分工限制,补官方政策、课程、学生作业、师资、就业和组织章程,ACCEPTED_WITH_INSTITUTIONAL_FOLLOWUP,D:\Design-history-知识库\教材章节知识模型转换\11_语义复核批次\BATCH-002-CH01-EXPANDED\mappings\B0031_章节映射.csv
B0031,2.4,B,V2,advertising_distribution_and_consumer_engineering,广告、邮购、百货、包装和消费工程使设计服务于市场组织,销售主张不能证明消费者被动接受或产品改善,补价格、销售、退货、家庭使用和消费者组织材料,ACCEPTED_WITH_AUDIENCE_GAP,D:\Design-history-知识库\教材章节知识模型转换\11_语义复核批次\BATCH-002-CH01-EXPANDED\mappings\B0031_章节映射.csv
B0031,2.6,C,V2,national_exhibition_and_colonial_absence,美国国家展览叙事可用于审查哪些主体和地区被纳入工业艺术公共形象,本书不足以写殖民分类且自身弱化原住民和种族问题,仅作史学批评并补殖民展览与来源社群材料,CONTEXT_ONLY,D:\Design-history-知识库\教材章节知识模型转换\11_语义复核批次\BATCH-002-CH01-EXPANDED\mappings\B0031_章节映射.csv
B0031,2.7,C,V2,europe_us_imitation_and_translation,欧美风格、展览、移民与技术往来说明美国设计并非封闭本土生成,叙事仍以欧美双边为主且模仿不等于地方意义完成转译,补人员、对象、贸易、机构和使用链,CONTEXT_ONLY,D:\Design-history-知识库\教材章节知识模型转换\11_语义复核批次\BATCH-002-CH01-EXPANDED\mappings\B0031_章节映射.csv
B0035,0.2,B,V2,aestheticism_as_contested_modern_design_prehistory,唯美主义可被视为维多利亚现代设计改革的一种自觉实践,不得把作者的前史框架写成通向新艺术或功能主义的必然阶段,与较新唯美主义、新艺术及多线现代性研究对读,ACCEPTED_AS_HISTORIOGRAPHIC_POSITION,D:\Design-history-知识库\教材章节知识模型转换\11_语义复核批次\BATCH-003-CH02-EXPANDED\mappings\B0035_章节映射.csv
B0035,0.3,A,V2,cross_media_form_social_and_commercial_history,跨媒介对象须同制度、商业、传播与社会话语共同解释,运动的情绪／氛围统一性是作者分析概念，不是对象自然具有的属性,逐对象核对制作、销售、使用和反例,ACCEPTED_AS_METHOD,D:\Design-history-知识库\教材章节知识模型转换\11_语义复核批次\BATCH-003-CH02-EXPANDED\mappings\B0035_章节映射.csv
B0035,0.5,A,V2,periodicals_hearings_catalogues_memoirs_archives_and_objects,期刊、听证、目录、回忆、讲演、档案与实物可形成互证链,讽刺、广告和回忆录各有立场与记忆偏差，图版仍须返回原件,核定版次、页码、图版、档案号与传播范围,ACCEPTED_AS_SOURCE_METHOD,D:\Design-history-知识库\教材章节知识模型转换\11_语义复核批次\BATCH-003-CH02-EXPANDED\mappings\B0035_章节映射.csv
B0035,0.6,A,V2,museum_survival_class_gender_empire_and_media_bias,精英藏品、签名对象、媒体讽刺和英国中心造成系统性可见性偏差,作者识别普通商品并不等于保存与使用缺口已经补齐,补销售、家庭清单、工人、女性、来源社会与普通对象,ACCEPTED_AS_EVIDENCE_AUDIT,D:\Design-history-知识库\教材章节知识模型转换\11_语义复核批次\BATCH-003-CH02-EXPANDED\mappings\B0035_章节映射.csv
B0035,1.5,B,V2,art_industry_signed_workers_and_distributed_authorship,艺术陶瓷、印刷和商业制造显示设计、制作、签名、企业与销售的分工,署名不等于全部作者权，女性劳动与工资／职位材料不足,补工厂账册、工序、工资、商标、订单和对象标记,ACCEPTED_AS_ACTOR_SUPPORT,D:\Design-history-知识库\教材章节知识模型转换\11_语义复核批次\BATCH-003-CH02-EXPANDED\mappings\B0035_章节映射.csv
B0035,1.6,B,V2,art_prefix_aesthetic_designer_and_commercial_category,‘art’前缀、审美家和专业设计者说明艺术制造与设计身份的概念竞争,标签的商业扩散不能证明职业制度已经稳定,补行业名录、职位、学校、协会、目录和合同,ACCEPTED_AS_CONCEPT_HISTORY_SUPPORT,D:\Design-history-知识库\教材章节知识模型转换\11_语义复核批次\BATCH-003-CH02-EXPANDED\mappings\B0035_章节映射.csv
B0035,2.3,B,V2,social_mission_labour_ethics_and_market_conversion,社会改良、劳动伦理、工业框架手工与高价／奢侈化形成内在张力,社会使命多由设计者与评论者陈述，不能证明劳动或大众生活实际改善,与工资、价格、产量、劳动者和消费者材料互证,ACCEPTED_AS_REFORM_CONTEXT,D:\Design-history-知识库\教材章节知识模型转换\11_语义复核批次\BATCH-003-CH02-EXPANDED\mappings\B0035_章节映射.csv
B0035,2.4,B,V2,liberty_catalogues_art_industry_and_taste_marketing,Liberty、商业目录和‘art’标签显示商店如何分类并营销审美生活方式,不是百货制度、信用或消费者接受的完整研究,与B0006、B0305及销售／顾客材料对读,ACCEPTED_AS_AESTHETIC_RETAIL_SUPPORT,D:\Design-history-知识库\教材章节知识模型转换\11_语义复核批次\BATCH-003-CH02-EXPANDED\mappings\B0035_章节映射.csv
B0035,2.5,A,V2,aesthetic_movement_total_interior_fashion_print_and_art_nouveau_prehistory,建筑、室内、家具、服装、陶瓷与印刷共同构成唯美主义整体环境,‘Art Nouveau序曲’是作者中心命题，形式相似不自动证明直接传播,逐案例补接触、展览、出版、交易、制造与地方改写,ACCEPTED_AS_CORE_SOURCE_WITH_TELEOLOGY_AUDIT,D:\Design-history-知识库\教材章节知识模型转换\11_语义复核批次\BATCH-003-CH02-EXPANDED\mappings\B0035_章节映射.csv
B0035,2.6,X,V2,british_aesthetic_history_without_colonial_experience,不以该书证明殖民分类、殖民生产者经验或帝国展示效果,日本与其他外来物主要从英国收藏、展示和消费端出现,改用殖民档案、贸易强制、来源社群和被展示者材料,EXCLUDE_AS_COLONIAL_CORE_SOURCE,D:\Design-history-知识库\教材章节知识模型转换\11_语义复核批次\BATCH-003-CH02-EXPANDED\mappings\B0035_章节映射.csv
B0035,2.7,A,V2,japanese_goods_prints_textiles_exhibitions_retail_and_redesign,日本物品经贸易、展览、收藏、商店、印刷和英国再设计形成多环节传播链,‘影响’仍以英国接收端为主，1850年代优先权和直接传播须回P0核定,补日方生产／出口、外交、贸易、设计者接触和地方使用,ACCEPTED_AS_CORE_TRANSFER_SOURCE_WITH_SOURCE_SIDE_GAP,D:\Design-history-知识库\教材章节知识模型转换\11_语义复核批次\BATCH-003-CH02-EXPANDED\mappings\B0035_章节映射.csv
B0035,3.6,B,V2,childrens_books_cards_colour_printing_and_typography_prehistory,童书、贺卡、套色印刷与版面不对称构成现代平面传播的19世纪前史,不是先锋排版或大众媒体制度的完整专史，图像尚未逐件复核,补印刷工序、出版档案、版本、发行、读者和实际图版,ACCEPTED_AS_GRAPHIC_PREHISTORY,D:\Design-history-知识库\教材章节知识模型转换\11_语义复核批次\BATCH-003-CH02-EXPANDED\mappings\B0035_章节映射.csv
B0035,11.6,C,V2,satire_media_typing_and_style_commercialization_prehistory,讽刺媒体、类型化人物与商业标签可作为亚文化被媒介化和市场化的长时段比较,审美运动不是20世纪亚文化，媒体退场不等于实践消失,只作比较并补参与者、场景、传播、消费和反例,CONTEXT_ONLY,D:\Design-history-知识库\教材章节知识模型转换\11_语义复核批次\BATCH-003-CH02-EXPANDED\mappings\B0035_章节映射.csv
B0035,12.6,B,V2,women_craft_workers_fashion_and_signature_visibility,女性陶艺者、刺绣者、服装参与者与签名制度显示性别化设计劳动的可见与遮蔽,零散人物不能代表女性劳动结构或实际职业改善,补工资、职位、训练、家庭劳动、企业档案和女性自述,ACCEPTED_AS_GENDERED_LABOUR_SUPPORT,D:\Design-history-知识库\教材章节知识模型转换\11_语义复核批次\BATCH-003-CH02-EXPANDED\mappings\B0035_章节映射.csv
B0040,0.6,B,V2,recover_coerced_and_displaced_labor,设计史中的材料与商品叙事必须显现被奴役者、被剥夺者和工厂劳动者,宏观叙事仍可能再生产北大西洋施动者中心,补生产者主体材料、区域档案和环境史,ACCEPTED_WITH_COUNTERSOURCE_REQUIRED,D:\Design-history-知识库\教材章节知识模型转换\11_语义复核批次\BATCH-001-CH01-CH02\mappings\B0040_章节映射.csv
B0040,1.1,B,V2,multiple_preindustrial_cotton_worlds,工业化前已存在多中心的棉纺知识、市场和生产体系,本书概括跨度大，具体工序和地方知识须回区域研究,补印度、中国、非洲和美洲染织技术与劳动材料,ACCEPTED_AS_SUPPORT,D:\Design-history-知识库\教材章节知识模型转换\11_语义复核批次\BATCH-001-CH01-CH02\mappings\B0040_章节映射.csv
B0040,1.2,A,V2,machines_states_and_scale,机械化和工厂扩张依赖国家能力、原料控制、劳动力动员、资本与市场的组合,不能因此否认机器性能和生产率变化的独立测量价值,补技术测试、工厂账簿、专利和产量序列,ACCEPTED_WITH_LIMITS,D:\Design-history-知识库\教材章节知识模型转换\11_语义复核批次\BATCH-001-CH01-CH02\mappings\B0040_章节映射.csv
B0040,1.3,B,V2,labor_control_and_process_separation,棉纺工业中的劳动组织和控制是工序重组的组成条件,不足以单独证明图样、制模、规格和设计权力的具体分离,补印花图样、订单、工厂组织与工人证言,ACCEPTED_AS_SUPPORT,D:\Design-history-知识库\教材章节知识模型转换\11_语义复核批次\BATCH-001-CH01-CH02\mappings\B0040_章节映射.csv
B0040,1.4,A,V2,cotton_material_supply_chain,棉的形式与可得性受种植、纤维处理、运输、纺织和染整的全球供应链约束,书中对生态代价与部分地方工艺处理不足,补纤维对象、染料、土地和水资源材料,ACCEPTED_WITH_COUNTERSOURCE_REQUIRED,D:\Design-history-知识库\教材章节知识模型转换\11_语义复核批次\BATCH-001-CH01-CH02\mappings\B0040_章节映射.csv
B0040,1.5,B,V2,hidden_labor_and_merchant_state_network,商品背后的匿名劳动、商人、国家和运输节点共同构成生产系统,本书不能重建每件产品的设计责任或署名链,补企业图样、职位、工资、承包与销售档案,ACCEPTED_AS_SUPPORT,D:\Design-history-知识库\教材章节知识模型转换\11_语义复核批次\BATCH-001-CH01-CH02\mappings\B0040_章节映射.csv
B0040,1.7,A,V2,uneven_regional_industrialization,机械化、手工生产、去工业化与再工业化在不同地区非同步发生,作者三阶段框架对中国社会主义工业化等路径解释有限,补区域工业史和对称比较,ACCEPTED_WITH_COUNTERSOURCE_REQUIRED,D:\Design-history-知识库\教材章节知识模型转换\11_语义复核批次\BATCH-001-CH01-CH02\mappings\B0040_章节映射.csv
B0040,2.4,B,V2,consumption_trade_and_production,消费需求与贸易网络同原料和生产组织共同塑造棉商品扩张,不是百货商店、橱窗、信用或普通消费者经验的专门史,补零售档案、广告、账本和使用材料,ACCEPTED_AS_PREHISTORY,D:\Design-history-知识库\教材章节知识模型转换\11_语义复核批次\BATCH-001-CH01-CH02\mappings\B0040_章节映射.csv
B0040,2.7,B,V2,cotton_crossborder_political_economy,棉布跨境迁移受国家保护、强制贸易、买方市场和区域生产能力共同塑造,对纹样选择、误读和地方使用的直接证据相对不足,与B0005、B0304及区域染织研究互证,ACCEPTED_AS_STRUCTURAL_SUPPORT,D:\Design-history-知识库\教材章节知识模型转换\11_语义复核批次\BATCH-001-CH01-CH02\mappings\B0040_章节映射.csv
B0048,0.3,B,V2,network_spatial_sociology,De Stijl成员关系网络结构：地理分散（Laren、Leiden、Voorburg、Huis ter Heide等），以van Doesburg为唯一编辑的通信网络维系关系,P0：导言空间社会学论证+各章书信档案（1981年入藏遗稿）,clean第3877行,ACCEPTED_AS_CORE_SOURCE,D:\Design-history-知识库\教材章节知识模型转换\11_语义复核批次\BATCH-005-CH04-BAUHAUS\mappings\B0048_章节映射.csv
B0048,0.4,B,V2,artifact_dating_evidence,人工物史料：van Doesburg彩色玻璃窗（1917）、De Vonk室内（1918）、Villa Henny（1914—16）、De Lange别墅色彩方案、Spangen样板房家具套装（1920）、红蓝椅断代等作为精确断代证据,P0：作品实物+市政档案+照片+De stijl刊载记录交叉验证,clean第8027—8032行；packet 05/07/10章,ACCEPTED_AS_CORE_SOURCE,D:\Design-history-知识库\教材章节知识模型转换\11_语义复核批次\BATCH-005-CH04-BAUHAUS\mappings\B0048_章节映射.csv
B0048,0.6,B,V2,doesburg_centric_bias,证据偏差警示：以van Doesburg遗存书信为主干可能强化其中心叙事；多作者合著结构下各章立场与证据类型不一，主编框架不等于全书统一结论,本书方法论自我反思；复核时须按章次标注作者,packet 00章L002、L006,ACCEPTED_AS_CORE_SOURCE,D:\Design-history-知识库\教材章节知识模型转换\11_语义复核批次\BATCH-005-CH04-BAUHAUS\mappings\B0048_章节映射.csv
B0048,2.5,B,V2,prehistory_case_starts,风格派前史与个案起点：van der Leck 1916年以三原色+黑白“通过还原到达抽象”（doorbeelding）；Rietveld红蓝椅着色版本迟至约1923年而非1918年,P0：Küper章断代考证（作品、照片、信件、Spangen样板房缺证）；与B0276/B0363共享红蓝椅对象只计一份P0,clean第7839行、第8024—8032行,ACCEPTED_AS_CORE_SOURCE,D:\Design-history-知识库\教材章节知识模型转换\11_语义复核批次\BATCH-005-CH04-BAUHAUS\mappings\B0048_章节映射.csv
B0048,3.5,A,V2,journal_not_group_thesis,De Stijl并非紧密艺术团体而是一份期刊及松散供稿人网络：成员地理分散、从未有全员展览或三人以上聚会，凝聚力靠van Doesburg居中通信维系,以1981年入藏van Doesburg书信为核心P0；“网络而非团体”为Blotkamp主编框架，各章叙事口径不一需分章引用,clean第623、647行；packet 01章L303—L304,ACCEPTED_AS_CORE_SOURCE,D:\Design-history-知识库\教材章节知识模型转换\11_语义复核批次\BATCH-005-CH04-BAUHAUS\mappings\B0048_章节映射.csv
B0048,3.5,A,V2,break_1922,1922年为根本断裂点：此前后Mondrian、van Doesburg、Oud三方主导，此后van Doesburg一人独大、刊物国际化；van der Leck、Wils、van 't Hoff、Vantongerloo先后退出，1922年Oud决裂,各章退出因果为档案重建；“1922断裂”为全书核心论点,packet核心论点2,ACCEPTED_AS_CORE_SOURCE,D:\Design-history-知识库\教材章节知识模型转换\11_语义复核批次\BATCH-005-CH04-BAUHAUS\mappings\B0048_章节映射.csv
B0048,3.5,A,V2,manifesto_1918_disunity,1918年11月四语宣言制造强烈外部一致印象，但共识仅限最宽泛表述（新旧时间意识）；Oud、van der Leck拒绝签名，Huszár反对Vantongerloo署名,P0：宣言文本+致Kok/Oud/Mondrian书信；各章叙事口径不一需分章引用,clean第156行、第4196—4198行、第5181行、第7031—7032行、第6592—6597行,ACCEPTED_AS_CORE_SOURCE,D:\Design-history-知识库\教材章节知识模型转换\11_语义复核批次\BATCH-005-CH04-BAUHAUS\mappings\B0048_章节映射.csv
B0048,3.5,B,V2,doesburg_centrifuge,van Doesburg既是风格派推动力也是离心力：冲动性格使他快速吸收他人灵感又逐一与几乎所有合作者决裂,P0：致Kok、致Oud书信为主干；此为Blotkamp执笔章解读框架,packet 02章论题三；clean第806行,ACCEPTED_AS_CORE_SOURCE,D:\Design-history-知识库\教材章节知识模型转换\11_语义复核批次\BATCH-005-CH04-BAUHAUS\mappings\B0048_章节映射.csv
B0048,3.5,B,V2,mondrian_not_doctrinaire,Mondrian远非教条主义者：1917—1919年大量使用调弱色（粉、浅蓝、灰）并作理论辩护，纯原色迟至1920年后,P0：Hoek章作品年代考证+书信；对教材“三原色教条”刻板印象构成反证,packet核心论点6,ACCEPTED_AS_CORE_SOURCE,D:\Design-history-知识库\教材章节知识模型转换\11_语义复核批次\BATCH-005-CH04-BAUHAUS\mappings\B0048_章节映射.csv
B0048,3.5,B,V2,diagonal_debate_complex,对角线之争比流行叙述复杂：Mondrian 1918年曾尝试“完全菱形构图”并知识性认可斜线方案，最终抵制部分源于与van der Leck的决裂（旋转画布避嫌）,P0：Mondrian书信+Hoek章视觉分析,packet核心论点5,ACCEPTED_AS_CORE_SOURCE,D:\Design-history-知识库\教材章节知识模型转换\11_语义复核批次\BATCH-005-CH04-BAUHAUS\mappings\B0048_章节映射.csv
B0048,3.5,C,V2,united_front_external_image,“团结一致”公共形象部分由外部敌意评论强化：Mieras（Bouwkundig weekblad 1917）、Wichman（La revue du feu 1919）、Westheim（Das kunstblatt 1923）、Joostens讽刺画制造“统一战线”表象,导论论点，引用同时代期刊作外视角证据，非严格引文,clean第176行,ACCEPTED_AS_CORE_SOURCE,D:\Design-history-知识库\教材章节知识模型转换\11_语义复核批次\BATCH-005-CH04-BAUHAUS\mappings\B0048_章节映射.csv
B0048,3.5,X,V2,rietveld_contact_myth,Rietveld与De Stijl核心成员实际接触远少于与乌特勒支本地艺术家圈的接触；“红蓝椅1918年即着色”为流行误传,Küper章颠覆流行定论，与B0276、B0363共享Rietveld对象时须合并核对、同一对象只计一份P0,clean第8024—8032行、第7839行,ACCEPTED_WITH_CONFLICT_NOTE,D:\Design-history-知识库\教材章节知识模型转换\11_语义复核批次\BATCH-005-CH04-BAUHAUS\mappings\B0048_章节映射.csv
B0048,4.2,B,V2,dynamic_principle_philosophy,van Doesburg吸收第四维度与相对论形成“动态原理”，与Mondrian“静态-永恒”世界观对立，是1922年前后分裂的哲学根源,P0：1919年6月致Oud信（莱顿长谈报告）为核心文献；本书时期限内论证充分,packet 02章论题四,ACCEPTED_AS_CORE_SOURCE,D:\Design-history-知识库\教材章节知识模型转换\11_语义复核批次\BATCH-005-CH04-BAUHAUS\mappings\B0048_章节映射.csv
B0048,4.3,B,V2,doesburg_pseudonyms,van Doesburg以化名I.K. Bonset（1920年5月起）与Aldo Camini（1921年7月起）在De stijl发表达达主义诗歌散文，既表达动态世界观也是对Mondrian的“神秘化”策略（Kok、Oud早已知情）,P0：De stijl期刊文本+书信；化名动机考证属本书重要发现,packet 02章论题三,ACCEPTED_AS_CORE_SOURCE,D:\Design-history-知识库\教材章节知识模型转换\11_语义复核批次\BATCH-005-CH04-BAUHAUS\mappings\B0048_章节映射.csv
B0048,4.7,B,V2,doesburg_bauhaus_contact,De Stijl与包豪斯接触史：战后De Stijl对包豪斯持批判态度；van Doesburg与包豪斯管理层冲突；1923年Rietveld受邀参加Bauhauswoche但未寄作品,1923年事件超出本书1917—1922核心时段；与B0276、B0363共享对象只计一份P0,clean第166行、第3244—3245行、第8123—8133行,ACCEPTED_AS_CORE_SOURCE,D:\Design-history-知识库\教材章节知识模型转换\11_语义复核批次\BATCH-005-CH04-BAUHAUS\mappings\B0048_章节映射.csv
B0048,4.7,D,V2,semantic_router,风格派与包豪斯影响路径推演（如Huszár单色版画受魏玛Bauhaus版画启发、与Moholy-Nagy/Forbat的关联）仅作语义路由,P4知识涌现推演，非本书形成期1917—1922直接论证,clean第3286—3288行,ACCEPTED_AS_SEMANTIC_ROUTE,D:\Design-history-知识库\教材章节知识模型转换\11_语义复核批次\BATCH-005-CH04-BAUHAUS\mappings\B0048_章节映射.csv
B0049,0.3,A,V2,institutional_biography_network_and_mediation,人物行动须经合作网络、传播、庇护和行政装置转化为制度结果,传记的Cole中心性不能替代多主体制度史,补合作者、工匠、教师、公众与机构档案,ACCEPTED_AS_METHOD,D:\Design-history-知识库\教材章节知识模型转换\11_语义复核批次\BATCH-003-CH02-EXPANDED\mappings\B0049_章节映射.csv
B0049,0.5,A,V2,diary_letters_blue_books_press_triangulation,日记、通信、政府报告和报刊可互相约束改革者自述与制度事件,日记的事务性和传主自我呈现造成系统性沉默,正式写作逐条返回档案号、页码、作者与日期,ACCEPTED_AS_SOURCE_METHOD,D:\Design-history-知识库\教材章节知识模型转换\11_语义复核批次\BATCH-003-CH02-EXPANDED\mappings\B0049_章节映射.csv
B0049,0.6,A,V2,personality_empire_gender_and_public_bias,人格中心、帝国缺席、女性不足与公众接受断点必须成为证据审计项目,识别缺口不等于已经补足缺失主体,补帝国、性别、劳动、教育效果和观众材料,ACCEPTED_AS_EVIDENCE_AUDIT,D:\Design-history-知识库\教材章节知识模型转换\11_语义复核批次\BATCH-003-CH02-EXPANDED\mappings\B0049_章节映射.csv
B0049,1.5,B,V2,reformer_artist_manufacturer_patron_and_administrator_network,Cole、Redgrave、Minton、艺术家、制造商、王室与部门共同形成制度行动者网络,网络关系不能自动确定具体对象的设计与制作责任,逐对象补图样、合同、工序、署名和机构记录,ACCEPTED_WITH_AUTHORSHIP_FOLLOWUP,D:\Design-history-知识库\教材章节知识模型转换\11_语义复核批次\BATCH-003-CH02-EXPANDED\mappings\B0049_章节映射.csv
B0049,1.6,B,V2,art_manufactures_mediator_and_public_administrator_roles,Art Manufactures、文化中介、艺术行政和设计学校管理显示设计角色在19世纪中期的重组,这些角色不等同于20世纪职业工业设计师,补同期职位、章程、课程、工资和职业争论,ACCEPTED_WITH_CONCEPT_HISTORY_FOLLOWUP,D:\Design-history-知识库\教材章节知识模型转换\11_语义复核批次\BATCH-003-CH02-EXPANDED\mappings\B0049_章节映射.csv
B0049,2.1,A,V2,great_exhibition_organization_design_reform_and_publicity,1851年博览会把国家竞争、产品判断、组织网络与公众传播汇聚为设计改革事件,人物传记不能独立证明参展对象来源、观众接受或全国性效果,补皇家委员会、目录、评审、对象、媒体和观众材料,ACCEPTED_AS_CORE_SOURCE,D:\Design-history-知识库\教材章节知识模型转换\11_语义复核批次\BATCH-003-CH02-EXPANDED\mappings\B0049_章节映射.csv
B0049,2.2,A,V2,cole_school_museum_department_and_governance,博览会资本经部门任命、学校、收藏、博物馆和考核机制转化为南肯辛顿治理体系,设立和扩张不证明教学成效、产业采用或公共可达性,补预算、课程、学生作业、考试、就业、地方学校和工业记录,ACCEPTED_AS_CORE_SOURCE,D:\Design-history-知识库\教材章节知识模型转换\11_语义复核批次\BATCH-003-CH02-EXPANDED\mappings\B0049_章节映射.csv
B0049,2.4,B,V2,guidebooks_press_exhibitions_and_public_pedagogy,导览手册、儿童书、报刊宣传和展览构成Cole面向公众的品味中介网络,传播供给不能证明消费欲望、购买或接受结果,补发行、价格、读者、销售、家庭使用和观众记录,ACCEPTED_WITH_AUDIENCE_GAP,D:\Design-history-知识库\教材章节知识模型转换\11_语义复核批次\BATCH-003-CH02-EXPANDED\mappings\B0049_章节映射.csv
B0049,2.6,X,V2,cole_biography_without_colonial_analysis,不把该传记用于证明博览会的殖民分类、殖民者经验或帝国效果,书中帝国维度结构性不足，相关展览事实也以Cole为中心,改用殖民展览、来源社群和被展示者材料,EXCLUDE_AS_COLONIAL_CORE_SOURCE,D:\Design-history-知识库\教材章节知识模型转换\11_语义复核批次\BATCH-003-CH02-EXPANDED\mappings\B0049_章节映射.csv
B0052,0.2,B,V2,multiple_victorian_periods_and_non_linear_style,早中晚维多利亚内部存在重叠、竞争和循环的多重物质文化,三段分期仍是组织工具，不能抹去区域、阶级和帝国差异,补细分时段、地区和对象序列,ACCEPTED_AS_PERIODIZATION_SUPPORT,D:\Design-history-知识库\教材章节知识模型转换\11_语义复核批次\BATCH-003-CH02-EXPANDED\mappings\B0052_章节映射.csv
B0052,0.3,A,V2,things_as_emissaries_multi_source_material_culture_method,对象须同制作、使用、展示、分类、文字与制度证据共同解释,物不是透明文化密码，‘使节’隐喻仍需中介和反例,逐对象分开物证、文本、行动者和作者解释,ACCEPTED_AS_METHOD,D:\Design-history-知识库\教材章节知识模型转换\11_语义复核批次\BATCH-003-CH02-EXPANDED\mappings\B0052_章节映射.csv
B0052,0.5,A,V2,objects_ads_literature_wills_statistics_technical_and_museum_sources,实物、广告、文学、遗嘱、统计、技术文献与馆藏可互补各自沉默,文学和广告不直接证明行为，统计与实物样本均有保存偏差,返回版本、样本、档案、目录、图版和统计口径,ACCEPTED_AS_SOURCE_METHOD,D:\Design-history-知识库\教材章节知识模型转换\11_语义复核批次\BATCH-003-CH02-EXPANDED\mappings\B0052_章节映射.csv
B0052,0.6,A,V2,selective_middle_class_gender_empire_worker_and_recency_bias,专题选择、中产中心、性别／帝国分散、工人弱与研究年代须进入审计,作者提出问题不等于已补足证据,补劳动史、性别史、帝国史、区域史和较新技术史,ACCEPTED_AS_EVIDENCE_AUDIT,D:\Design-history-知识库\教材章节知识模型转换\11_语义复核批次\BATCH-003-CH02-EXPANDED\mappings\B0052_章节映射.csv
B0052,1.2,A,V2,coal_iron_steam_paper_transport_and_scale,煤、铁、蒸汽与纸构成生产、交通、包装和信息扩张的相互依赖系统,宏观综合不能替代单项技术、能源数量和环境后果核验,补能源、产量、设备、企业、劳动和环境P0,ACCEPTED_AS_CORE_MATERIAL_INFRASTRUCTURE,D:\Design-history-知识库\教材章节知识模型转换\11_语义复核批次\BATCH-003-CH02-EXPANDED\mappings\B0052_章节映射.csv
B0052,1.4,A,V2,coal_iron_steel_glass_paper_dye_and_rubber_systems,基础材料、合成染料、橡胶、玻璃和纸的新组合拓展对象形式与流通,技术首创和国别领先判断需现代专史与专利复核,补专利、配方、样本、供应链、企业和环境记录,ACCEPTED_AS_CORE_MATERIAL_SOURCE,D:\Design-history-知识库\教材章节知识模型转换\11_语义复核批次\BATCH-003-CH02-EXPANDED\mappings\B0052_章节映射.csv
B0052,1.5,B,V2,common_things_makers_users_and_anonymous_design,火柴、针、笔、眼镜、邮票等平凡物显示匿名制造者、制度与用户共同塑造设计,综合史常以发明者和制度代表普通劳动，工人声音仍弱,补工厂、工资、专利、维护、使用和失败案例,ACCEPTED_AS_COMMON_OBJECT_SUPPORT,D:\Design-history-知识库\教材章节知识模型转换\11_语义复核批次\BATCH-003-CH02-EXPANDED\mappings\B0052_章节映射.csv
B0052,1.6,B,V2,art_manufactures_common_things_and_design_categories,art manufactures、common things等分类显示设计概念在艺术、制造和日用物之间竞争,分类用语不能自动对应职业设计师制度,补同期目录、学校、行业组织、职位和词典,ACCEPTED_AS_CONCEPT_HISTORY_SUPPORT,D:\Design-history-知识库\教材章节知识模型转换\11_语义复核批次\BATCH-003-CH02-EXPANDED\mappings\B0052_章节映射.csv
B0052,2.1,A,V2,great_exhibition_objects_materials_classification_and_spectacle,1851年展览通过材料、对象、分类、规模与观看组织物的公共世界,综合史不能独立证明组织、观众接受、殖民来源或逐件制作,与B0049、B0339、B0175及官方目录／对象互证,ACCEPTED_AS_CORE_SYNTHETIC_SOURCE,D:\Design-history-知识库\教材章节知识模型转换\11_语义复核批次\BATCH-003-CH02-EXPANDED\mappings\B0052_章节映射.csv
B0052,2.2,B,V2,collection_museum_classification_and_knowledge_governance,Pitt-Rivers收藏、博物馆与展览分类说明对象秩序如何生产知识与等级,进化分类的描述不能成为教材自身的中性分类,补机构档案、征集来源、来源社群和分类变更,ACCEPTED_AS_CLASSIFICATION_SUPPORT,D:\Design-history-知识库\教材章节知识模型转换\11_语义复核批次\BATCH-003-CH02-EXPANDED\mappings\B0052_章节映射.csv
B0052,2.4,A,V2,plenitude_goods_ads_home_and_consumer_conditions,商品范围、广告、家庭物、收藏与贫困并置可说明消费者所处的物质条件和社会差异,物的增殖不等于普遍占有、购买动机或相同使用,补价格、工资、信用、家庭清单、典当、维修和使用,ACCEPTED_AS_CORE_MATERIAL_CULTURE_SOURCE,D:\Design-history-知识库\教材章节知识模型转换\11_语义复核批次\BATCH-003-CH02-EXPANDED\mappings\B0052_章节映射.csv
B0052,2.5,A,V2,hearth_home_household_taste_and_material_practice,家庭道德、家务管理、品味指南、家具与实际住宅之间的落差构成整体环境的核心问题,规范文本不能代表家庭实践，性别与劳动材料不均,补室内清单、家务劳动、住宅、对象、女性与仆役材料,ACCEPTED_AS_CORE_DOMESTIC_SOURCE,D:\Design-history-知识库\教材章节知识模型转换\11_语义复核批次\BATCH-003-CH02-EXPANDED\mappings\B0052_章节映射.csv
B0052,2.6,B,V2,exhibition_collection_empire_and_evolutionary_classification,展览和收藏把帝国物品纳入英国的材料、用途和进化序列,缺少来源社会主体且帝国分析分散，不能承担殖民经验,补征集、贸易、殖民档案、被分类者与来源社群材料,ACCEPTED_AS_BRITISH_CLASSIFICATION_CONTEXT,D:\Design-history-知识库\教材章节知识模型转换\11_语义复核批次\BATCH-003-CH02-EXPANDED\mappings\B0052_章节映射.csv
B0052,2.7,B,V2,japan_india_materials_trade_and_british_selection,日本趣味、印度纺织与跨国材料可显示英国对外来物的选择和再编码,零散英国叙事不能证明完整传播、地方能动性或双向交换,补贸易、旅行、译介、工匠、对象与地方再生产,ACCEPTED_WITH_TRANSFER_FOLLOWUP,D:\Design-history-知识库\教材章节知识模型转换\11_语义复核批次\BATCH-003-CH02-EXPANDED\mappings\B0052_章节映射.csv
B0052,3.6,B,V2,photography_print_paper_and_new_visual_regime,摄影、印刷、纸张和图像传播改变对象被看见、记录与复制的条件,不是先锋摄影、字体或版式的专史，图像需逐件核验,补照片、出版、技术、设计者、发行和观众,ACCEPTED_AS_VISUAL_MEDIA_PREHISTORY,D:\Design-history-知识库\教材章节知识模型转换\11_语义复核批次\BATCH-003-CH02-EXPANDED\mappings\B0052_章节映射.csv
B0052,5.6,B,V2,household_management_taste_gender_and_efficiency_prehistory,家务管理、家庭道德和品味指南是20世纪家务效率制度的19世纪前史,不含完整人体测量、科学管理或厨房设计链,补时间研究、设备、家务劳动者、住宅和使用材料,ACCEPTED_AS_DOMESTIC_PREHISTORY,D:\Design-history-知识库\教材章节知识模型转换\11_语义复核批次\BATCH-003-CH02-EXPANDED\mappings\B0052_章节映射.csv
B0052,12.3,C,V2,coal_energy_material_plenitude_and_environmental_prehistory,煤炭能源、材料增殖和废弃可作为生命周期与环境设计的长时段前史,本书不是生态设计、碳核算或环境正义研究,补排放、污染、开采、劳动、生命周期和当代理论,CONTEXT_ONLY_AS_ENVIRONMENTAL_PREHISTORY,D:\Design-history-知识库\教材章节知识模型转换\11_语义复核批次\BATCH-003-CH02-EXPANDED\mappings\B0052_章节映射.csv
B0060,0.4,A,V2,glass_negatives_artifact_evidence,约1000张AEG玻璃底片与印刷品使已绝迹产品得以“证明其确实存在过”，作品编目以精确物理描述实现无实物条件下的物质性分析（“物的传记”）,档案幸存具偶然性（阁楼/地窖发现）；编目图像主要来自AEG-Zeitung与MdBEW，属图像证据而非实物证据,回查导论档案声明与编目方法段落,ACCEPTED_AS_CORE_SOURCE,D:\Design-history-知识库\教材章节知识模型转换\11_语义复核批次\BATCH-005-CH04-BAUHAUS\mappings\B0060_章节映射.csv
B0060,0.4,B,V2,kettle_series_biography_of_things,电水壶系列以标准组件系统实现多样化（呼应Dolivo-Dobrowolsky生产定律），编目物理描述构成微型“物的传记”,矩阵数据（尺寸、材料、表面、容量）与编目条目可证；“物的传记”为分析报告用语,回查水壶编目P133ff与总论水壶段落,ACCEPTED_AS_CONTEXT_SOURCE,D:\Design-history-知识库\教材章节知识模型转换\11_语义复核批次\BATCH-005-CH04-BAUHAUS\mappings\B0060_章节映射.csv
B0060,0.5,A,V2,corporate_archive_evidence_type,企业档案（产品目录、AEG-Zeitung、MdBEW、订单、建筑图纸、商标注册G78-G79）支撑组织与生产事实；同时AEG档案与Behrens私人文件已失，可能1945年运往苏联,档案双重性（最可靠证据与最大缺失）须同时声明；商标注册条目连接知识产权史,回查档案损失声明与商标条目,ACCEPTED_AS_CORE_SOURCE,D:\Design-history-知识库\教材章节知识模型转换\11_语义复核批次\BATCH-005-CH04-BAUHAUS\mappings\B0060_章节映射.csv
B0060,1.5,A,V2,turbine_hall_multi_actor_production,涡轮机厂房（1909）是艺术家—工程师多行动者协作产物：承重框架归Lasche与Bernhard，山墙形式与象征归Behrens；同时代媒体以“合作”定性，署名权之争留存,Bernhard声明、Kunstchronik评论为原典证据；本书仍有Behrens中心化倾向，引用须并置双方表述,回查Fabrikenkunst专题与当代反应章节,ACCEPTED_AS_CORE_SOURCE,D:\Design-history-知识库\教材章节知识模型转换\11_语义复核批次\BATCH-005-CH04-BAUHAUS\mappings\B0060_章节映射.csv
B0060,1.5,B,V2,factory_type_function_representation,AEG发电站与工厂建筑类型学演变（Fürstenwalde1908→涡轮机厂房1909→Golpa1915-19）显示功能逻辑与再现需求张力；Klingenberg技术理性主义拒绝“高贵化”,Wilhelm专题可证类型演变与Klingenberg取向；“匿名设计”命题须与Behrens署名争议并置,回查Fabrikenkunst章节,ACCEPTED_AS_CONTEXT_SOURCE,D:\Design-history-知识库\教材章节知识模型转换\11_语义复核批次\BATCH-005-CH04-BAUHAUS\mappings\B0060_章节映射.csv
B0060,1.6,B,V2,typisierung_product_matrix,水壶矩阵与弧光灯变体系列是标准化/类型化（Typisierung）的产业先例，为1914年Werkbund Muthesius—van de Velde类型化争论提供实践基础,本书直接记录产品线事实（三种基本形×三种材料×三种表面×三种尺寸）；与争论的关联为分析层面推断,回查水壶与弧光灯编目条目及1907纲领,ACCEPTED_AS_CONTEXT_SOURCE,D:\Design-history-知识库\教材章节知识模型转换\11_语义复核批次\BATCH-005-CH04-BAUHAUS\mappings\B0060_章节映射.csv
B0060,4.1,A,V2,aeg_corporate_identity_coordination,1907—1914年AEG将建筑、产品、商标与宣传物料整体委托Behrens协调，形成覆盖“一切可见之物”的企业识别与产品—传播—空间系统,企业档案与A/P/G三系列编目可证委托范围与实施；“工业文化”“一切可见之物”为Buddensieg命题,回查1907纲领、商标与宣传物料专题的原文表述,ACCEPTED_AS_CORE_SOURCE,D:\Design-history-知识库\教材章节知识模型转换\11_语义复核批次\BATCH-005-CH04-BAUHAUS\mappings\B0060_章节映射.csv
B0060,4.1,A,V2,artist_in_residence_institutional_role,1907年10月1日Behrens出任AEG艺术顾问（艺术总监），开创企业内设设计职位；工作依托Felix Deutsch客户服务部制度框架展开,任命文件已失（档案1945年流失），日期据Osthaus档案书信；须与工程师、销售、工人等多行动者并置，不得写成个人英雄史,回查总论、附录A人物志与年表条目,ACCEPTED_AS_CORE_SOURCE,D:\Design-history-知识库\教材章节知识模型转换\11_语义复核批次\BATCH-005-CH04-BAUHAUS\mappings\B0060_章节映射.csv
B0060,4.1,A,V2,product_publicity_architecture_unity,电水壶、弧光灯等产品线与样本、广告、商店、公司期刊、工厂建筑构成统一的企业传播系统，“优雅之美”与标准化类型为纲领用语,G系列与P系列双重建档可证实物与再现的对应；“系统”表述为本书论证核心而非外部推断,回查宣传物料专题与编目对应条目,ACCEPTED_AS_CORE_SOURCE,D:\Design-history-知识库\教材章节知识模型转换\11_语义复核批次\BATCH-005-CH04-BAUHAUS\mappings\B0060_章节映射.csv
B0060,4.1,C,V2,aeg_leadership_institutional_frame,AEG领导层（Emil Rathenau、Felix Deutsch、Walther Rathenau）构成“工业文化”的制度框架；Behrens是其中一环而非唯一主角,附录A人物志可证制度框架；全书总体仍偏Behrens中心，引用时须补多行动者维度,回查附录A人物志,CONTEXT_ONLY,D:\Design-history-知识库\教材章节知识模型转换\11_语义复核批次\BATCH-005-CH04-BAUHAUS\mappings\B0060_章节映射.csv
B0060,4.6,B,V2,design_office_incubation,Behrens设计室吸纳Gropius、Adolf Meyer、Mies van der Rohe、Le Corbusier等助手，1907年纲领经Gropius1934年文论延续，构成从企业设计室到现代主义建制的谱系,本书以附录B照片与当代反应章节间接呈现，未系统论证制度化路径；与包豪斯制度无直接论述,回查附录B与当代反应章节,ACCEPTED_AS_CONTEXT_SOURCE,D:\Design-history-知识库\教材章节知识模型转换\11_语义复核批次\BATCH-005-CH04-BAUHAUS\mappings\B0060_章节映射.csv
B0060,4.6,C,V2,workers_housing_welfare_institution,工人住宅作为绑定技术工人的企业福利制度，以“美=社会和平”为意识形态公式，具类型化与可复制倾向,“美=社会和平”为Neumeyer对威廉时代意识形态的解读命题；与包豪斯可复制制度无可证直接关联,回查工人住宅专题,CONTEXT_ONLY,D:\Design-history-知识库\教材章节知识模型转换\11_语义复核批次\BATCH-005-CH04-BAUHAUS\mappings\B0060_章节映射.csv
B0060,4.7,B,V2,behrens_roman_canonization,Behrens Roman字体由AEG专属（Deutsche Antiqua）经Klingspor发售（1908年10月），1910年布鲁塞尔世博会德国官方目录全用，成为“德国工业字体”正典并沿用至AEG后世signet,字体传播路径可证（铸字厂、世博会目录、AEG-Zeitung）；“正典化”为语义路由延伸概括，须以原文表述为准,回查字体专题原文与G系列条目,ACCEPTED_AS_CONTEXT_SOURCE,D:\Design-history-知识库\教材章节知识模型转换\11_语义复核批次\BATCH-005-CH04-BAUHAUS\mappings\B0060_章节映射.csv
B0060,4.7,C,V2,designer_migration_network,Behrens自达姆施塔特→杜塞尔多夫→柏林AEG（1907年迁居Neu-Babelsberg）的轨迹及其助手网络的扩散构成设计人才迁徙案例,本书以编年方式覆盖迁徙事实，迁徙主题非其核心议题,回查附录C年表与附录B,CONTEXT_ONLY,D:\Design-history-知识库\教材章节知识模型转换\11_语义复核批次\BATCH-005-CH04-BAUHAUS\mappings\B0060_章节映射.csv
B0064,0.3,B,V2,cross_org_relations,Werkbund与魏玛共和国“结构性平行”、文化—政治边界之不可能、primacy of politics,“平行关系”为Campbell解释框架（命题），非史料直陈,clean第1406、1675—1677行,ACCEPTED_AS_CORE_SOURCE,D:\Design-history-知识库\教材章节知识模型转换\11_语义复核批次\BATCH-005-CH04-BAUHAUS\mappings\B0064_章节映射.csv
B0064,0.6,A,V2,evidence_gap_reconstruction,1944年Werkbund档案被炸毁，以出版物、个人文件、口述史多渠道补偿；1971年Werkbund-Archiv成立,缺口披露为作者自述的方法论事实；补偿成效为作者评估,clean第116行,ACCEPTED_AS_CORE_SOURCE,D:\Design-history-知识库\教材章节知识模型转换\11_语义复核批次\BATCH-005-CH04-BAUHAUS\mappings\B0064_章节映射.csv
B0064,0.6,B,V2,collective_biography_method,Campbell以“集体传记/Prosopography”方法追踪Werkbund决策层（Vorstand/Ausschuss）人事构成变化以解释内部权力格局与意识形态转向,方法论自述为史实；其解释效力为方法论文本判断,附录I领导班子年表,ACCEPTED_AS_CORE_SOURCE,D:\Design-history-知识库\教材章节知识模型转换\11_语义复核批次\BATCH-005-CH04-BAUHAUS\mappings\B0064_章节映射.csv
B0064,2.5,B,V2,prehistory_arts_crafts,前史：Muthesius伦敦经历与英国Arts and Crafts、Dürerbund（1902）、Bund Heimatschutz（1904）、维也纳工坊、美国Wright参照,前史谱系为作者梳理的二手综合，非Werkbund章程级证据,clean第151—154行；第215—216行Dürerbund与Bund Heimatschutz,ACCEPTED_AS_CORE_SOURCE,D:\Design-history-知识库\教材章节知识模型转换\11_语义复核批次\BATCH-005-CH04-BAUHAUS\mappings\B0064_章节映射.csv
B0064,4.1,A,V2,werkbund_founding_organization,Werkbund 1907年成立与组织建设：Düsseldorf分裂成因、章程、1912年迁柏林、会员从1912年971人增至1914年1870人,成立大会、年会程序与会员统计为组织史实,clean第151—154行成立经过；第96行1914年前全国规模,ACCEPTED_AS_CORE_SOURCE,D:\Design-history-知识库\教材章节知识模型转换\11_语义复核批次\BATCH-005-CH04-BAUHAUS\mappings\B0064_章节映射.csv
B0064,4.1,A,V2,typisierung_1914_debate,1914年Muthesius-van de Velde“类型或个性”争论：Typisierung定义（“将设计努力集中于有限数量的通用形式”）、十条论纲与反论纲、论纲撤回,科隆年会记录与论纲文本为组织史实；“争论暴露深层分裂”为Campbell解读,clean第383—389、412—413行,ACCEPTED_AS_CORE_SOURCE,D:\Design-history-知识库\教材章节知识模型转换\11_语义复核批次\BATCH-005-CH04-BAUHAUS\mappings\B0064_章节映射.csv
B0064,4.1,A,V2,naumann_qualitaetsarbeit,Naumann“品质劳动”（Qualitätsarbeit）纲领：美学、伦理、经济与民族竞争力一体化,纲领文本为组织史实；其多义性为纳粹挪用预留空间属Campbell命题,clean第348行工人经高品质劳动与资本主义和解；索引第2872行Die Qualitätsarbeit,ACCEPTED_AS_CORE_SOURCE,D:\Design-history-知识库\教材章节知识模型转换\11_语义复核批次\BATCH-005-CH04-BAUHAUS\mappings\B0064_章节映射.csv
B0064,4.1,B,V2,werkbund_neue_sachlichkeit,1920年代中期Werkbund与Neue Sachlichkeit结盟：Form ohne Ornament（1924）、Die Form复刊（1925）、新客观性作为魏玛定位,展览与刊物为史实；“自觉结盟”与“与手工艺传统决裂的转折点”为Campbell判断,clean第1116—1118行Weissenhof与Sachlichkeit批评,ACCEPTED_AS_CORE_SOURCE,D:\Design-history-知识库\教材章节知识模型转换\11_语义复核批次\BATCH-005-CH04-BAUHAUS\mappings\B0064_章节映射.csv
B0064,4.1,A,V2,gleichschaltung_1933,1933年Gleichschaltung：Jäckh主导“合法化”移交、1933年6月10日执委会表决仅3人反对、1934年并入Reichskammer,执委会会议记录与Berlin Document Center档案为组织史实；“准合法性”定性为Campbell分析,clean第1411、1449—1450、1497、1504行,ACCEPTED_AS_CORE_SOURCE,D:\Design-history-知识库\教材章节知识模型转换\11_语义复核批次\BATCH-005-CH04-BAUHAUS\mappings\B0064_章节映射.csv
B0064,4.1,C,V2,pendulum_swing_interpretation,“钟摆运动”解释：繁荣→标准化、危机→个体化的周期性摇摆，源于创始纲领内在含混性,Campbell命题（解释框架），仅作语义路由，不作独立证据,clean第669行手工艺回归为乌托邦；第1330行精英主义与大众文化错位,CONDITIONAL_PROPOSITION,D:\Design-history-知识库\教材章节知识模型转换\11_语义复核批次\BATCH-005-CH04-BAUHAUS\mappings\B0064_章节映射.csv
B0064,4.6,B,V2,werkbund_bauhaus_link,Werkbund与包豪斯：Gropius、Mies为Werkbund领导人；包豪斯为“Werkbund之子”，魏玛期在公众视野中“遮蔽”其母体,人事任职为史实；“eclipsed”评价与魏玛Werkbund贡献被低估为Campbell命题,clean第97—98行Gropius与Mies领导；第103行Bauhaus eclipsed progenitor,ACCEPTED_AS_CORE_SOURCE,D:\Design-history-知识库\教材章节知识模型转换\11_语义复核批次\BATCH-005-CH04-BAUHAUS\mappings\B0064_章节映射.csv
B0064,4.7,B,V2,weissenhof_replication,1927年魏森霍夫住宅展：16位欧洲建筑师60套住宅、逾50万参观者、1929年布雷斯劳复制模式、国际示范效应,展览组织、建筑师名单与参观人次为史实；“可复制制度模式”归纳为Campbell判断,clean第1108—1119、1123行,ACCEPTED_AS_CORE_SOURCE,D:\Design-history-知识库\教材章节知识模型转换\11_语义复核批次\BATCH-005-CH04-BAUHAUS\mappings\B0064_章节映射.csv
B0064,4.7,B,V2,diaspora_transfer,1933年后Gropius、Mies van der Rohe流亡美国、Bruno Taut流亡日本，Werkbund理念经人物迁徙发生国际转译,流亡事实为史实；“理念经迁徙转译”为Campbell叙述框架,clean第1675行结论；clean第3773行索引Taut条目,ACCEPTED_AS_CORE_SOURCE,D:\Design-history-知识库\教材章节知识模型转换\11_语义复核批次\BATCH-005-CH04-BAUHAUS\mappings\B0064_章节映射.csv
B0064,4.7,B,V2,regional_translation,Werkbund区域分支体系与1927年斯图加特-魏森霍夫展将国际现代主义引入德国，随即遭Schultze-Naumburg与Kampfbund传统主义反弹，暴露风格分裂,魏森霍夫展及其文化反弹为史实；“区域转译”解释框架为Campbell命题,clean第1193行1928年与Redslob/Volkskunst决裂,ACCEPTED_AS_CORE_SOURCE,D:\Design-history-知识库\教材章节知识模型转换\11_语义复核批次\BATCH-005-CH04-BAUHAUS\mappings\B0064_章节映射.csv
B0066,0.6,A,V2,insider_bias_disclosure,作者为业内人/前IDSA主席（Black & Decker设计总监、CMU教授），本书兼具内部知识与立场偏向：美国实践优先、反MoMA精英主义、先驱者英雄主义，须作证据偏差来源处理,本书属职业史专著+人物叙事，须与匿名从业者材料、档案及外部学术史并置；P0计数受重复组约束,clean第4717行；整体报告行347—351、355,ACCEPTED_AS_CORE_SOURCE,D:\Design-history-知识库\教材章节知识模型转换\11_语义复核批次\BATCH-006-CH05-COMMERCIAL\mappings\B0066_章节映射.csv
B0066,0.6,B,V2,idosa_archive_reliance,史料以行业内部来源为主（IDSA文件与通讯、Fortune原始文献、设计师自述、访谈），专利文献为唯一“硬证据”类别，设计师自述部分须批判性使用,内部史料有选择性留存风险，设计师自述（Teague 1940、Loewy 1951/1979等）自带宣传性,整体报告行354—360,ACCEPTED_AS_CORE_SOURCE,D:\Design-history-知识库\教材章节知识模型转换\11_语义复核批次\BATCH-006-CH05-COMMERCIAL\mappings\B0066_章节映射.csv
B0066,5.3,A,V2,depression_sales_engineering,大萧条催化工业设计：1933年谷底制造商转向以新外观刺激消费，Fortune文章引用Sprague将“未以设计开辟新需求”指为萧条持续主因，设计成为销售工程,论证以Fortune原文为原始文献，“催化”因果判断为Gantz解释框架,clean第1271—1281行；clean第1301行,ACCEPTED_AS_CORE_SOURCE,D:\Design-history-知识库\教材章节知识模型转换\11_语义复核批次\BATCH-006-CH05-COMMERCIAL\mappings\B0066_章节映射.csv
B0066,5.3,B,V2,sales_appeal_standard,“销售吸引力”成为设计评判标准：同质同价产品中外观更吸引购买者者胜出（Nelson），Gantz以销量增长作为评价设计成功的核心指标,该标准为行业内部立场，忽略文化/社会/环境维度，须与Papanek式批判并置,clean第1302行,ACCEPTED_AS_CORE_SOURCE,D:\Design-history-知识库\教材章节知识模型转换\11_语义复核批次\BATCH-006-CH05-COMMERCIAL\mappings\B0066_章节映射.csv
B0066,5.3,B,V2,planned_obsolescence,年度造型更新（GM Sloan首创）使汽车外观快速过时，Graham Blue Streak（1932）“使先前所有汽车设计瞬间过时”，是计划废止在汽车业的大规模实践,案例细节出自作者叙述，“计划废止”概念表述须与Vance Packard（1957）批判文献对照,Ch4分析报告行1160,ACCEPTED_AS_CORE_SOURCE,D:\Design-history-知识库\教材章节知识模型转换\11_语义复核批次\BATCH-006-CH05-COMMERCIAL\mappings\B0066_章节映射.csv
B0066,5.4,A,V2,streamlining_media_transfer,流线型从空气动力学/生物学概念迁移为消费美学：Thompson、Jaray的航空研究经Bel Geddes的Horizons（1932）改造为关于未来的文化想象，成为美国原创现代设计语言,流线型谱系属作者综合叙述，文化意义层面须以Meikle《Twentieth Century Limited》等学术专著补充,Ch4分析报告行1145、1158；clean第1147行,ACCEPTED_AS_CORE_SOURCE,D:\Design-history-知识库\教材章节知识模型转换\11_语义复核批次\BATCH-006-CH05-COMMERCIAL\mappings\B0066_章节映射.csv
B0066,5.4,B,V2,exposition_media_stage,芝加哥“世纪进步”博览会（1933）是流线型集中展示与工业设计师公共身份确立的媒介事件：Teague福特圆形展厅、Dreyfuss Hotpoint平顶冰箱、Bel Geddes照明设计等集中亮相，设计师姓名成为销售卖点,博览会叙事以作者描述为主，访客数据与展品清单可对照博览会官方档案,Ch4分析报告行1147、1159,ACCEPTED_AS_CORE_SOURCE,D:\Design-history-知识库\教材章节知识模型转换\11_语义复核批次\BATCH-006-CH05-COMMERCIAL\mappings\B0066_章节映射.csv
B0066,5.4,B,V2,future_vision_media,Bel Geddes的Horizons（1932）与Futurama（1939世博会）通过未来交通图景将工业设计塑造为媒介化的乐观主义技术想象,“未建造但产生影响”的论断属作者评价，影响范围缺乏同期量化证据,Ch4分析报告行1164；整体报告行425,ACCEPTED_AS_CORE_SOURCE,D:\Design-history-知识库\教材章节知识模型转换\11_语义复核批次\BATCH-006-CH05-COMMERCIAL\mappings\B0066_章节映射.csv
B0066,5.5,A,V2,fortune_1934_profession_naming,1934年2月Fortune匿名文章（George Nelson撰）首次在流行媒体使用“industrial design”一词并引爆行业，是职业确立的关键节点,文章匿名发表、作者归属为后世考证（现知Nelson）；“引爆”评价为Gantz叙述,clean第1281—1289行,ACCEPTED_AS_CORE_SOURCE,D:\Design-history-知识库\教材章节知识模型转换\11_语义复核批次\BATCH-006-CH05-COMMERCIAL\mappings\B0066_章节映射.csv
B0066,5.5,A,V2,professional_association_lineage,职业制度化进程：AUDAC（1927）→ADI（1938）→SID（1944，定义“为机器与大规模生产设计多种产品者”）→IDSA（1965三合一合并）,组织沿革以IDSA档案为据；SID排他性入会标准体现职业精英主义,clean第2681—2699行,ACCEPTED_AS_CORE_SOURCE,D:\Design-history-知识库\教材章节知识模型转换\11_语义复核批次\BATCH-006-CH05-COMMERCIAL\mappings\B0066_章节映射.csv
B0066,5.5,A,V2,design_education_institutionalization,职业形成伴随教育制度化：Carnegie Tech首设工业设计学位（1934），ADI 1944年发布四年制教育大纲，Dohner被誉为“美国工业设计教育之父”,教育史以ADI/SID公告与作者访谈为据，课程沿革可对照院校档案,clean第2583行；clean第2626—2628行,ACCEPTED_AS_CORE_SOURCE,D:\Design-history-知识库\教材章节知识模型转换\11_语义复核批次\BATCH-006-CH05-COMMERCIAL\mappings\B0066_章节映射.csv
B0066,5.7,B,V2,design_ethics_controversy,商业设计伦理争议：SID排他性入会标准体现职业精英主义；Packard《Hidden Persuaders》（1957）与Papanek《Design for the Real World》（1972）对商业设计的批判被Gantz承认部分有效性但最终回归商业主义立场,争议叙述带作者明确立场（反精英审美、重市场），批判方的论证需另读Packard/Papanek原著,整体报告行398—399、436,ACCEPTED_AS_CORE_SOURCE,D:\Design-history-知识库\教材章节知识模型转换\11_语义复核批次\BATCH-006-CH05-COMMERCIAL\mappings\B0066_章节映射.csv
B0066,5.7,B,V2,museum_vs_market,"MoMA“优良设计”（Good Design, 1932—1955）以精英审美规范商业设计的努力失败，工业设计由消费者购买行为与市场成功定义——“博物馆vs市场”之争贯穿全书",该论断是Gantz最一致的价值立场，属论辩性命题而非中性史实，须与MoMA展览档案及学术批评并置,整体报告行349、97,ACCEPTED_AS_CORE_SOURCE,D:\Design-history-知识库\教材章节知识模型转换\11_语义复核批次\BATCH-006-CH05-COMMERCIAL\mappings\B0066_章节映射.csv
B0070,0.3,A,V2,enterprise_production_market_and_actor_method,设计史须把企业组织、生产选择、协作者、价格和市场纳入对象解释,企业档案不能完整呈现工人、家庭和消费者经验,补工人自述、家庭资本、消费者与对象使用材料,ACCEPTED_AS_METHOD,D:\Design-history-知识库\教材章节知识模型转换\11_语义复核批次\BATCH-003-CH02-EXPANDED\mappings\B0070_章节映射.csv
B0070,0.5,A,V2,accounts_letters_partnership_wage_and_sales_records,账簿、合伙协议、书信、工资与销售记录可互证艺术家自述和企业行为,局部clean回查未完成全部数字、引注和档案号核定,回纸本页码、档案号、表格和计算过程,ACCEPTED_AS_SOURCE_METHOD,D:\Design-history-知识库\教材章节知识模型转换\11_语义复核批次\BATCH-003-CH02-EXPANDED\mappings\B0070_章节映射.csv
B0070,0.6,A,V2,entrepreneur_worker_gender_consumer_and_visual_bias,企业家中心、工人中介、女性不足、消费者缺口与形式分析偏弱须进入审计,识别偏差不等于已经恢复沉默主体,补多主体劳动史、性别史、对象和使用史,ACCEPTED_AS_EVIDENCE_AUDIT,D:\Design-history-知识库\教材章节知识模型转换\11_语义复核批次\BATCH-003-CH02-EXPANDED\mappings\B0070_章节映射.csv
B0070,1.3,A,V2,partnership_workflow_make_or_buy_and_control,合伙分工、图样转化、自产／外包和质量控制重组构思与制作权力,公司名称或Morris品牌不能自动确定逐件作者,逐对象补图样、工序、工资、合同与署名,ACCEPTED_WITH_AUTHORSHIP_FOLLOWUP,D:\Design-history-知识库\教材章节知识模型转换\11_语义复核批次\BATCH-003-CH02-EXPANDED\mappings\B0070_章节映射.csv
B0070,1.4,B,V2,materials_dyes_printing_and_production_site,染料、印花、织造和生产地点的选择把材料性能、质量与企业成本相连,不是完整技术史，不能仅由经营叙述推出材料效果,补配方、样品、设备、工艺记录和物质检测,ACCEPTED_WITH_TECHNICAL_FOLLOWUP,D:\Design-history-知识库\教材章节知识模型转换\11_语义复核批次\BATCH-003-CH02-EXPANDED\mappings\B0070_章节映射.csv
B0070,1.5,A,V2,collective_authorship_and_hidden_labour,艺术家、制图／放大、经理、工人和外部制造者共同完成产品，个人品牌遮蔽集体劳动,协作存在不等于权力平等或署名清楚,补对象级任务、工资、性别、署名和工场记录,ACCEPTED_AS_CORE_SOURCE,D:\Design-history-知识库\教材章节知识模型转换\11_语义复核批次\BATCH-003-CH02-EXPANDED\mappings\B0070_章节映射.csv
B0070,1.6,A,V2,designer_craftsman_owner_manager_and_worker_roles,设计者、工匠、业主、经理、零售者与印刷者等角色在同一企业内交叠,不能把这些角色直接等同于20世纪职业工业设计师,补同期职位、合同、行业组织与职业称谓,ACCEPTED_AS_CONCEPT_HISTORY,D:\Design-history-知识库\教材章节知识模型转换\11_语义复核批次\BATCH-003-CH02-EXPANDED\mappings\B0070_章节映射.csv
B0070,2.3,A,V2,socialist_ideal_enterprise_labour_and_price_contradiction,社会主义劳动伦理、高价手工商品、常规雇佣与市场生存构成工艺美术的核心张力,企业史不能单独解释莫里斯思想体系或工人的真实认同,与B0133、工人材料、工资比较和消费史对读,ACCEPTED_AS_CORE_SOURCE,D:\Design-history-知识库\教材章节知识模型转换\11_语义复核批次\BATCH-003-CH02-EXPANDED\mappings\B0070_章节映射.csv
B0070,2.4,A,V2,middle_class_home_retail_pricing_and_market_creation,产品系列、零售、宣传、价格与中产家庭共同塑造Morris市场,销售和知名度不证明所有消费者的欲望、使用或接受,补订单、家庭清单、读者／顾客、使用和二手流通,ACCEPTED_AS_CORE_MARKET_SOURCE,D:\Design-history-知识库\教材章节知识模型转换\11_语义复核批次\BATCH-003-CH02-EXPANDED\mappings\B0070_章节映射.csv
B0070,2.5,A,V2,total_interior_product_range_and_morris_look,跨家具、织物、壁纸、玻璃和室内装饰的产品体系形成可识别的整体环境,风格一致性不能抹去不同设计者、工序和用户改造,补具体室内、对象、委托、图像和使用材料,ACCEPTED_WITH_OBJECT_FOLLOWUP,D:\Design-history-知识库\教材章节知识模型转换\11_语义复核批次\BATCH-003-CH02-EXPANDED\mappings\B0070_章节映射.csv
B0070,2.7,B,V2,american_distribution_and_transatlantic_market_transfer,代理、展览、订单与分销为工艺美术跨大西洋传播提供可检验的商业路径,市场接触不等于形式影响或地方接受,补美国代理、客户、评论、对象与地方再生产,ACCEPTED_WITH_TRANSFER_FOLLOWUP,D:\Design-history-知识库\教材章节知识模型转换\11_语义复核批次\BATCH-003-CH02-EXPANDED\mappings\B0070_章节映射.csv
B0070,5.5,C,V2,design_enterprise_as_professionalization_prehistory,设计、制造、零售和品牌管理的结合可作职业工业设计形成的企业前史,19世纪工艺企业不能直接代表20世纪专业制度,补企业设计部门、职业协会、合同和教育材料,CONTEXT_ONLY_AS_PREHISTORY,D:\Design-history-知识库\教材章节知识模型转换\11_语义复核批次\BATCH-003-CH02-EXPANDED\mappings\B0070_章节映射.csv
B0073,0.6,B,V2,exhibition_catalogue_object_bias,本书为V&A同名展览图录：Object List约400条展品构成证据链，名作选择与收藏机构决定样本偏向——法/英/美高端实物与奢侈工艺占比高，隐含策展价值判断,图录实物证据非随机样本；全球区展品密度低于欧美区；OCR个别错讹,回查L11540—13502（Object List）；L12055—12132,ACCEPTED_AS_CORE_SOURCE,D:\Design-history-知识库\教材章节知识模型转换\11_语义复核批次\BATCH-006-CH05-COMMERCIAL\mappings\B0073_章节映射.csv
B0073,0.6,C,V2,western_euroamerican_center_of_gravity,叙事以巴黎为中心向欧美扩散再及全球：欧美区14章远超全球区5章，存在欧美重心偏差,该偏差为结构与篇幅事实；编者已以Ch39殖民批判部分矫正,回查目录L31—37；PART标记L598、L2120、L2669、L5000,ACCEPTED_AS_CORE_SOURCE,D:\Design-history-知识库\教材章节知识模型转换\11_语义复核批次\BATCH-006-CH05-COMMERCIAL\mappings\B0073_章节映射.csv
B0073,2.6,A,V2,colonial_empire_exhibition_context,Art Deco时代恰逢欧洲帝国“最后的殖民时代”：法殖民地贸易30%、海外投资45%（1939 vs 1914年9%）；1931巴黎殖民博览会与1925博览会构成殖民资源展示语境,经济数字引自当代统计（Ch2 Marwick）；殖民展为法国官方话语（编者已批判）；Wembley等英帝国展另列,回查L578—591；L583—589,ACCEPTED_AS_CORE_SOURCE,D:\Design-history-知识库\教材章节知识模型转换\11_语义复核批次\BATCH-006-CH05-COMMERCIAL\mappings\B0073_章节映射.csv
B0073,2.6,B,V2,nonwestern_appropriation_and_local_modernity,Art Deco在东亚、印度、拉美、澳新、南非被“再挪用”为本土现代性符号：印度土邦王公消费、拉美“其他现代性”、南非种族语境（Ch39）——“东方对东方的再吸收”,全球区各章证据密度低于欧美区；Ch35–39各为单作者国别叙述；“再挪用”命题含编者阐释成分,回查L394—397；L6250—6253；L6758—6931（Ch39）,ACCEPTED_AS_CORE_SOURCE,D:\Design-history-知识库\教材章节知识模型转换\11_语义复核批次\BATCH-006-CH05-COMMERCIAL\mappings\B0073_章节映射.csv
B0073,2.6,C,V2,african_art_and_primitivism,非洲艺术经收集与建构进入Art Deco图像库；“异国情调”承继19世纪殖民动力学进入全球未来,非洲叙事为策展人Wood的批判性重构，“原始主义”框架本身是西方建构,回查L1117—1308；L1891—1894,ACCEPTED_AS_CORE_SOURCE,D:\Design-history-知识库\教材章节知识模型转换\11_语义复核批次\BATCH-006-CH05-COMMERCIAL\mappings\B0073_章节映射.csv
B0073,4.1,B,V2,origins_before_1925,Art Deco源头早于1925博览会：埃及热（图坦卡蒙）、古典古风雕塑、古代墨西哥/玛雅、东亚艺术、非洲艺术、前卫艺术；1910s巴黎沙龙与装饰传统为直接前史,PART 2为多位作者分源论述，各源权重与“前史”定性为编者框架；埃及热等有明确考古事件锚点,回查L602—2121；L640（Cartier埃及钟）,ACCEPTED_AS_CORE_SOURCE,D:\Design-history-知识库\教材章节知识模型转换\11_语义复核批次\BATCH-006-CH05-COMMERCIAL\mappings\B0073_章节映射.csv
B0073,4.1,C,V2,art_nouveau_contrast,与Art Nouveau相比，Art Deco不具艺术救赎信念，而以现代艺术观念“抚平消费者与市场之间的界面”,对比表述出自编者总论（Ch1），非专章系统比较,回查L300,ACCEPTED_AS_CORE_SOURCE,D:\Design-history-知识库\教材章节知识模型转换\11_语义复核批次\BATCH-006-CH05-COMMERCIAL\mappings\B0073_章节映射.csv
B0073,5.1,A,V2,art_deco_core_survey,Art Deco是“现代的但非现代主义的”风格综合体：以装饰、表面、材料、速度意象与消费文化回应现代世界，介于传统主义与激进现代主义之间,五部分框架与“modern but not Modernist”为编者核心命题；40章多作者各章立场不一须按章归因,回查Ch1（L300区域）与总论；L229—232家族相似性,ACCEPTED_AS_CORE_SOURCE,D:\Design-history-知识库\教材章节知识模型转换\11_语义复核批次\BATCH-006-CH05-COMMERCIAL\mappings\B0073_章节映射.csv
B0073,5.1,A,V2,exposition_1925_defining_event,1925年巴黎国际现代装饰与工业艺术博览会确立Art Deco为“定义性事件”：其评审标准（“现代灵感与真正原创”）与Ruhlmann Hôtel du Collectionneur大沙龙为风格立名；名称加入“industriels”宣告艺术-工业联盟,博览会制度与展品为档案可证；“定义性事件”地位为编者评价,回查PART 3（L2669起）与L1288,ACCEPTED_AS_CORE_SOURCE,D:\Design-history-知识库\教材章节知识模型转换\11_语义复核批次\BATCH-006-CH05-COMMERCIAL\mappings\B0073_章节映射.csv
B0073,5.1,B,V2,family_resemblance_style_definition,Art Deco非单一本质风格，编者以Wittgenstein“家族相似性”为异质性辩护；术语本身为后设建构,家族相似性为编者方法论立场；Greif与Wilson对术语适用性存在争议,回查L229—232；L7042—7060,ACCEPTED_AS_CORE_SOURCE,D:\Design-history-知识库\教材章节知识模型转换\11_语义复核批次\BATCH-006-CH05-COMMERCIAL\mappings\B0073_章节映射.csv
B0073,5.4,A,V2,streamline_moderne_american_phase,Streamline Moderne/streamlining为1930年代美国主导的圆润流线风格，从交通工具（Chrysler Airflow、Burlington Zephyr、DC3）扩散至一切商品，是Art Deco美国化第二阶段,Ch34（Maffei）为单章论证；“流线化”与Art Deco的关系有Gebhard等术语争议,回查L1813—1818；L5953—6028；L271,ACCEPTED_AS_CORE_SOURCE,D:\Design-history-知识库\教材章节知识模型转换\11_语义复核批次\BATCH-006-CH05-COMMERCIAL\mappings\B0073_章节映射.csv
B0073,5.4,A,V2,styling_and_obsolescence_mechanism,styling（风格化）通过款式更新制造消费欲望与“风格性过时”（Calkins、Consumer Engineering）；工业设计师（Loewy、Bel Geddes、Teague、Dreyfuss）成为新职业,该机制主要依据美国1930s理论文献，属辩护方与批判方并置的话语证据，缺乏量化消费数据,回查L5931—5952；L1818；L5937—5940,ACCEPTED_AS_CORE_SOURCE,D:\Design-history-知识库\教材章节知识模型转换\11_语义复核批次\BATCH-006-CH05-COMMERCIAL\mappings\B0073_章节映射.csv
B0073,5.4,B,V2,streamline_as_decorative_reinvention,流线化允许“不借助装饰而重造装饰”，是Art Deco装饰逻辑在美国的延续而非断裂；“既安详又动力”,延续性命题为编者与Maffei立场；Giedion等批判方视其为“declining art décoratif approach”,回查L397；L6044—6049；L6057,ACCEPTED_AS_CORE_SOURCE,D:\Design-history-知识库\教材章节知识模型转换\11_语义复核批次\BATCH-006-CH05-COMMERCIAL\mappings\B0073_章节映射.csv
B0079,0.3,A,V2,production_to_consumption_chain,铸字→排版→印刷→装订→编辑→发行→零售→消费完整产业链及其社会关系；“编-印-发”三合一模式（vs英美编印分离）,比较制度分析（作者命题）+企业档案；生产-中介-消费链条与0.3关系史框架直接契合,回查整体分析报告,ACCEPTED_AS_CORE_SOURCE,D:\Design-history-知识库\教材章节知识模型转换\11_语义复核批次\BATCH-007-CH06-EASTASIA\mappings\B0079_章节映射.csv
B0079,0.5,A,V2,archive_evidence_types,核心证据类型为企业档案与同业档案：上海档案馆书业公所/商会档案（S313系列）、商务/中华企业史、海关贸易数据、报刊广告、传教士报告,档案证据等级P0；书业公所1905年成立、书业商会1911年成立为机构史实（档案可证）,回查整体分析报告4.2史料来源特征,ACCEPTED_AS_CORE_SOURCE,D:\Design-history-知识库\教材章节知识模型转换\11_语义复核批次\BATCH-007-CH06-EASTASIA\mappings\B0079_章节映射.csv
B0079,0.6,A,V2,evidence_bias_awareness,证据偏差显性化示范：1960年代口述史回忆偏差、包天笑/张静庐回忆录单边视角、传教士报告立场、1932年轰炸致企业档案残缺,作者自陈史料特征+复核者识别；适用于0.6证据偏差章节的案例示范,回查整体分析报告4.2与局限部分,ACCEPTED_AS_CORE_SOURCE,D:\Design-history-知识库\教材章节知识模型转换\11_语义复核批次\BATCH-007-CH06-EASTASIA\mappings\B0079_章节映射.csv
B0079,0.6,B,V2,institutional_innovation_timing,股份公司制与版权保护为机械化成本压力下的制度创新，存在“先企业实践（1902-1911）后国家立法（1904《公司律》）”时间错位,法律文本+企业档案；国家因果分析作者未充分展开（自认局限），采信时保留边界,回查整体分析报告局限部分,ACCEPTED_AS_CORE_SOURCE,D:\Design-history-知识库\教材章节知识模型转换\11_语义复核批次\BATCH-007-CH06-EASTASIA\mappings\B0079_章节映射.csv
B0079,6.2,A,V2,local_machine_manufacture,1895-1937中国印刷机器本土制造兴起（明精机器厂张金林等“工头资本家”），打破对外国设备依赖并降低内陆出版门槛,企业个案+学徒口述史+海关贸易数据；口述为P0但有回忆偏差,回查第三章分章报告,ACCEPTED_AS_CORE_SOURCE,D:\Design-history-知识库\教材章节知识模型转换\11_语义复核批次\BATCH-007-CH06-EASTASIA\mappings\B0079_章节映射.csv
B0079,6.2,A,V2,technology_transfer_1807_1930,1807-1930凸版/平版/凹版技术谱系经传教士传入（土山湾1876→点石斋1877商业化），文化审美（书法）决定技术选择,技术编年（19媒介21机器）为作者整理；传教士报告、美华书馆年报为P0档案；“文化决定技术”为作者命题,回查第一章分章报告与clean L163,ACCEPTED_AS_CORE_SOURCE,D:\Design-history-知识库\教材章节知识模型转换\11_语义复核批次\BATCH-007-CH06-EASTASIA\mappings\B0079_章节映射.csv
B0079,6.3,A,V2,lithography_first_tech_choice,石印（1876-1905）而非铅印成为机械印刷真正起点：文化审美（书法）决定技术采纳顺序（“文化决定了技术”），修正欧洲中心叙事,“石印先行论”与“文化决定技术论”为作者命题；“石印黄金时代97家企业”为统计（作者整理）,回查第一章分章报告与clean L163,ACCEPTED_AS_CORE_SOURCE,D:\Design-history-知识库\教材章节知识模型转换\11_语义复核批次\BATCH-007-CH06-EASTASIA\mappings\B0079_章节映射.csv
B0079,6.3,A,V2,commercial_press_hub,商务印书馆为技术引进中枢：19种媒介中13种、21种印刷机中15种首次在沪使用，商务独占7媒介6机器“中国首次”,作者统计（Table 1.1/1.2）+企业史个案；商务企业档案为P0，与B0469等共享商务对象时仅计一份,回查第一章分章报告3.2(3),ACCEPTED_AS_CORE_SOURCE,D:\Design-history-知识库\教材章节知识模型转换\11_语义复核批次\BATCH-007-CH06-EASTASIA\mappings\B0079_章节映射.csv
B0079,6.3,A,V2,textbook_war_tripod,商务（1897）、中华（1912）、世界（1921）三足鼎立竞争教科书市场，与政权从共生走向党国规制（1912-1928自由竞争→1928-1937受管制共处）,三家企业史+教育统计；金港堂1903年注资商务为企业史事实（档案P0），但“鼎”隐喻为国家关系阐释,回查第五章分章报告与clean L256,ACCEPTED_AS_CORE_SOURCE,D:\Design-history-知识库\教材章节知识模型转换\11_语义复核批次\BATCH-007-CH06-EASTASIA\mappings\B0079_章节映射.csv
B0079,6.3,B,V2,printing_working_class,印刷工人阶级形成，1925/1927年大规模罢工，1930年代茅盾《右第二章》《少年印刷工》首次以印刷工人为主角书写,学徒口述（1958-1962采集）+文学文本分析；口述为回忆性证据，文学书写为表征证据而非产业史实,回查第五章分章报告3.2(5),ACCEPTED_AS_CORE_SOURCE,D:\Design-history-知识库\教材章节知识模型转换\11_语义复核批次\BATCH-007-CH06-EASTASIA\mappings\B0079_章节映射.csv
B0079,6.3,C,V2,gutenberg_analogy,“谷登堡在上海”为修辞性类比：中国在古登堡前已有千年雕版印刷文化，机械印刷革命以石印起步而非活字，须标注为类比而非史实对等,书名隐喻+作者命题；引用时必须标注类比性质,回查clean L256、L268,ACCEPTED_AS_CORE_SOURCE,D:\Design-history-知识库\教材章节知识模型转换\11_语义复核批次\BATCH-007-CH06-EASTASIA\mappings\B0079_章节映射.csv
B0079,6.4,B,V2,textbook_market_growth,教科书市场爆炸性增长：全国学生1905年10万→1937年1300万，学费支出2100万→7300万元，驱动上海出版消费经济,教育统计为作者整理（次级统计），依赖政府审定制度分析,回查第五章分章报告3.2(2),ACCEPTED_AS_CORE_SOURCE,D:\Design-history-知识库\教材章节知识模型转换\11_语义复核批次\BATCH-007-CH06-EASTASIA\mappings\B0079_章节映射.csv
B0079,6.4,B,V2,bookseller_consumer_economy,文化街位于外滩金融区与南京路/广东路奢侈品街区之间，象征书业在上海消费经济中的暧昧位置（文化保守与文化转型前沿）,正文空间分析+附录书店分布；都市消费语境为作者阐释层,回查clean L356,ACCEPTED_AS_CORE_SOURCE,D:\Design-history-知识库\教材章节知识模型转换\11_语义复核批次\BATCH-007-CH06-EASTASIA\mappings\B0079_章节映射.csv
B0079,6.4,C,V2,visual_advertising_material,全书28幅图（印刷机、字体、厂房、广告、地图、肖像）与点石斋广告等视觉材料作为与文字同等重要的一手史料,视觉材料清单+图像分析；广告/装帧图像与B0505/B0469书籍装帧对象可能有交集,回查clean插图目录L145、L163、L171,ACCEPTED_AS_CORE_SOURCE,D:\Design-history-知识库\教材章节知识模型转换\11_语义复核批次\BATCH-007-CH06-EASTASIA\mappings\B0079_章节映射.csv
B0080,0.2,A,V2,fashion_historiography_and_anti_linear_periodization,时尚史从形式编年转向文化史，并批判涓滴、革命断裂与单线现代化,作者仍使用‘现代时尚诞生’等阶段命题且范围以英格兰为主,补全球时尚史、生产史和区域比较,ACCEPTED_AS_HISTORIOGRAPHIC_CORE,D:\Design-history-知识库\教材章节知识模型转换\11_语义复核批次\BATCH-003-CH02-EXPANDED\mappings\B0080_章节映射.csv
B0080,0.3,A,V2,form_production_consumption_identity_and_media_method,服装形式须与生产、消费、身体、身份、媒体和多重意义共同解释,开放解释不能免除对象、行动者和因果证据要求,逐案例分开形式描述、行动者主张、制度机制和接受,ACCEPTED_AS_METHOD,D:\Design-history-知识库\教材章节知识模型转换\11_语义复核批次\BATCH-003-CH02-EXPANDED\mappings\B0080_章节映射.csv
B0080,0.5,B,V2,objects_images_ads_magazines_literature_and_archives,实物、图像、广告、杂志、文学、账目与通信可互校时尚话语和实践,OCR及图像缺失限制引文与视觉核验，文学／广告不直接证明行为,返回纸本、图版、档案、发行和消费者材料,ACCEPTED_WITH_SOURCE_TYPE_BOUNDARIES,D:\Design-history-知识库\教材章节知识模型转换\11_语义复核批次\BATCH-003-CH02-EXPANDED\mappings\B0080_章节映射.csv
B0080,0.6,A,V2,england_visual_production_class_gender_identity_and_contemporary_bias,英格兰中心、生产薄弱、图像偏差、阶级不对称、身份推断和当代新闻依赖须进入审计,性别批评本身也不能替代劳动和对象证据,补全球、工场、劳动、男性／女性／酷儿主体和较新研究,ACCEPTED_AS_EVIDENCE_AUDIT,D:\Design-history-知识库\教材章节知识模型转换\11_语义复核批次\BATCH-003-CH02-EXPANDED\mappings\B0080_章节映射.csv
B0080,1.4,B,V2,cotton_aniline_steel_support_and_clothing_materials,棉布、苯胺染料、钢制裙撑和机织布说明材料技术如何介入服装形式,不是材料技术或供应链专史，视觉描述待图像核验,补原料、工艺、专利、样本、劳动与贸易,ACCEPTED_WITH_TECHNICAL_FOLLOWUP,D:\Design-history-知识库\教材章节知识模型转换\11_语义复核批次\BATCH-003-CH02-EXPANDED\mappings\B0080_章节映射.csv
B0080,1.5,B,V2,tailors_seamstresses_retailers_media_and_wearers,裁缝、缝纫工、零售者、媒体和穿着者共同参与时尚意义生产,书中生产者覆盖不均，穿着图像不说明制作或意图,补工资、工场、订单、口述、对象和使用材料,ACCEPTED_AS_ACTOR_SUPPORT,D:\Design-history-知识库\教材章节知识模型转换\11_语义复核批次\BATCH-003-CH02-EXPANDED\mappings\B0080_章节映射.csv
B0080,1.6,A,V2,fashion_designer_and_gendered_design_history,时尚在现代主义设计史中被女性化和边缘化，显示学科与职业分类的性别政治,1990年代学科诊断需用后续教育、出版和职业数据更新,补学科史、课程、协会、企业职位和近期研究,ACCEPTED_AS_CONCEPT_AND_DISCIPLINE_HISTORY,D:\Design-history-知识库\教材章节知识模型转换\11_语义复核批次\BATCH-003-CH02-EXPANDED\mappings\B0080_章节映射.csv
B0080,2.4,A,V2,shops_department_stores_media_credit_and_active_consumers,商店、百货、时尚媒体、成衣和消费者身份协商共同组织现代消费,反涓滴不等于所有消费者自主，陈列和媒体也不能证明接受效果,补销售、信用、家庭账目、顾客记录、使用和拒绝,ACCEPTED_AS_CORE_SOURCE,D:\Design-history-知识库\教材章节知识模型转换\11_语义复核批次\BATCH-003-CH02-EXPANDED\mappings\B0080_章节映射.csv
B0080,2.5,B,V2,aesthetic_dress_gender_body_and_lifestyle,唯美服装、身体轮廓、室内消费与生活方式可补整体环境的穿着维度,不是新艺术对象、室内和企业生产的完整专史,与B0006、对象、设计者、制作和使用材料对读,ACCEPTED_AS_FASHION_DIMENSION,D:\Design-history-知识库\教材章节知识模型转换\11_语义复核批次\BATCH-003-CH02-EXPANDED\mappings\B0080_章节映射.csv
B0080,2.6,B,V2,indian_cotton_oriental_taste_and_british_consumption,印度棉布和东方趣味可显示英国时尚消费如何分类与再编码殖民商品,英国消费端不能代表印度生产者、贸易强制或来源社会意义,补殖民政策、贸易、工匠、染织知识和来源地使用,ACCEPTED_AS_BRITISH_CONSUMPTION_DISCOURSE,D:\Design-history-知识库\教材章节知识模型转换\11_语义复核批次\BATCH-003-CH02-EXPANDED\mappings\B0080_章节映射.csv
B0080,2.7,A,V2,indian_textiles_trade_retail_and_identity_translation,进口棉布、英国仿制、零售、穿着和身份建构提供跨境选择与再生产链,不能把形式采用写成单向影响或完整技术转移,补贸易、工艺、样本、生产者、穿着者与地方再生产,ACCEPTED_WITH_TRANSFER_FOLLOWUP,D:\Design-history-知识库\教材章节知识模型转换\11_语义复核批次\BATCH-003-CH02-EXPANDED\mappings\B0080_章节映射.csv
B0080,5.2,B,V2,mass_fashion_advertising_ready_made_and_retail,成衣、广告、杂志和分层零售可补大众消费体系的服装个案,英国时尚史不能承担美国消费制度的核心叙事,补美国企业、连锁、信用、媒体、劳动和消费者,ACCEPTED_AS_COMPARATIVE_CASE,D:\Design-history-知识库\教材章节知识模型转换\11_语义复核批次\BATCH-003-CH02-EXPANDED\mappings\B0080_章节映射.csv
B0080,5.6,B,V2,gendered_body_clothing_home_and_efficiency,服装、身体规范、家务与性别领域可校正效率史只写标准人体的倾向,不是人体测量、厨房或科学管理专史,补测量、家务劳动、残障、职业和家庭材料,ACCEPTED_AS_GENDERED_BODY_CONTEXT,D:\Design-history-知识库\教材章节知识模型转换\11_语义复核批次\BATCH-003-CH02-EXPANDED\mappings\B0080_章节映射.csv
B0080,11.1,B,V2,consumer_society_youth_media_and_fashion,大众消费、青年身份与媒体扩张为后现代设计危机提供时尚领域语境,服装史不能单独解释城市更新、反设计或政治运动,与建筑、媒体、运动和制度材料对读,ACCEPTED_AS_SOCIAL_CONTEXT,D:\Design-history-知识库\教材章节知识模型转换\11_语义复核批次\BATCH-003-CH02-EXPANDED\mappings\B0080_章节映射.csv
B0080,11.6,A,V2,punk_retail_media_subculture_and_commercial_absorption,朋克与街头风格须区分参与者实践、零售供给、媒体标签、设计师挪用和商业吸收,服装符号不能直接等同于统一身份或政治立场，且材料多为二手／媒体,补参与者自述、同期刊物、对象制作、销售、场景和反例,ACCEPTED_AS_CORE_INTERPRETIVE_SOURCE_WITH_POSITION_CAUTION,D:\Design-history-知识库\教材章节知识模型转换\11_语义复核批次\BATCH-003-CH02-EXPANDED\mappings\B0080_章节映射.csv
B0080,12.6,A,V2,fashion_gender_body_labour_and_design_history_critique,时尚史揭示设计正典、身体规范、女性劳动与公共／私人领域的性别建构,性别表征不能替代实际劳动、制度和多样主体经验,补女性／酷儿／男性劳动者、教育、企业、工资和使用材料,ACCEPTED_AS_CORE_GENDER_CRITIQUE,D:\Design-history-知识库\教材章节知识模型转换\11_语义复核批次\BATCH-003-CH02-EXPANDED\mappings\B0080_章节映射.csv
B0080,13.2,C,V2,designer_lifestyle_media_and_brand_system_prehistory,生活方式媒体和设计师品牌可为品牌体验系统提供20世纪末时尚个案,1995年材料不能解释平台时代或中国品牌体系,补企业档案、空间、服务、组织文化、用户与中国材料,CONTEXT_ONLY,D:\Design-history-知识库\教材章节知识模型转换\11_语义复核批次\BATCH-003-CH02-EXPANDED\mappings\B0080_章节映射.csv
B0081,0.4,A,V2,artifact_evidence,以雷丁大学IC档案（T/N文件、Guideline notes、约2000个pictogram图典、草图与mock-ups）及原始图表实物为核心人工物史料；设计过程材料与成品同权重是本书方法立场,档案编号与实物可回溯；定年结论（图表修改谱系）属分析推定,clean第254、1285、1322、8123-8823行,ACCEPTED_AS_CORE_SOURCE,D:\Design-history-知识库\教材章节知识模型转换\11_语义复核批次\BATCH-005-CH04-BAUHAUS\mappings\B0081_章节映射.csv
B0081,0.5,A,V2,evidence_types,证据类型：一手档案（IC、IISH、ÖNB、Lasswell Papers等12处）、口述历史（Marie回忆录附录C、Arntz 1982访谈、Paul Neurath记录）、视觉实物与图表谱系定年（Kinross视觉考古学）,证据类型清单可证；“棺材→墓碑”等图形演变推断属作者分析,clean第254、1177-1228行,ACCEPTED_AS_CORE_SOURCE,D:\Design-history-知识库\教材章节知识模型转换\11_语义复核批次\BATCH-005-CH04-BAUHAUS\mappings\B0081_章节映射.csv
B0081,0.6,B,V2,evidence_bias,受众接收效果缺乏系统实证：Marie Neurath自认西非工作“has still to be tested”；Neurath回忆“1923年第一原则已现”与实物放大法图表不符,偏差识别本身可证；“效果未知”不得反向推定“无效”，引用时须保持开放,clean第430、10444行,ACCEPTED_AS_CORE_SOURCE,D:\Design-history-知识库\教材章节知识模型转换\11_语义复核批次\BATCH-005-CH04-BAUHAUS\mappings\B0081_章节映射.csv
B0081,0.6,B,V2,selection_bias,Introduction以“相对严格定义”限定Isotype范围，排除战后荷兰统计所作品与模仿者（Modley等），构成选材边界,范围界定为编者选择；引用“Isotype未被模仿者延续”类否定命题时须注意定义边界,clean第222行,ACCEPTED_AS_CORE_SOURCE,D:\Design-history-知识库\教材章节知识模型转换\11_语义复核批次\BATCH-005-CH04-BAUHAUS\mappings\B0081_章节映射.csv
B0081,3.6,A,V2,visual_language_rules,Isotype第一原则：以符号重复而非放大表示数量；模块化象形图由Gerd Arntz主导设计（1926年Gesolei展览后加入，1928年9月正式入职）,图形规则与设计者史实可证；“视觉语言成效（可读性、传播效果）”不可自动推定,clean第196-202、1271-1285行,ACCEPTED_AS_CORE_SOURCE,D:\Design-history-知识库\教材章节知识模型转换\11_语义复核批次\BATCH-005-CH04-BAUHAUS\mappings\B0081_章节映射.csv
B0081,3.6,B,V2,visual_effect_claim,Isotype“避免情感手段、传递事实知识”是Neurath的方法主张；其图形被指影响当代公共信息符号与数字界面,方法意图可证；“更易记忆/更有效传播”等成效命题未被本书实证，不得自动推定,clean第210行,ACCEPTED_AS_CORE_SOURCE,D:\Design-history-知识库\教材章节知识模型转换\11_语义复核批次\BATCH-005-CH04-BAUHAUS\mappings\B0081_章节映射.csv
B0081,4.6,A,V2,isotype_as_method,Isotype不是形式主义风格而是“方法”，其制度载体是社会博物馆与研究所（GWM→Isotype Institute），method-制度耦合构成可复制的教育-传播制度模型,方法/风格之辨为本书核心论点（Kinross/Burke框架）；制度谱系为档案史实,clean第135-137、345、542行,ACCEPTED_AS_CORE_SOURCE,D:\Design-history-知识库\教材章节知识模型转换\11_语义复核批次\BATCH-005-CH04-BAUHAUS\mappings\B0081_章节映射.csv
B0081,4.6,A,V2,role_transformer,Transformer（转换者）是Isotype方法论核心制度角色：Marie Reidemeister 1927年起任首位转换者，1932年术语首现，1929年“trustee of the public”概念出现,角色沿革、术语谱系、工作流程史实可证；“转换者是现代信息设计师原型”属本书解释框架,clean第1177-1228、214行,ACCEPTED_AS_CORE_SOURCE,D:\Design-history-知识库\教材章节知识模型转换\11_语义复核批次\BATCH-005-CH04-BAUHAUS\mappings\B0081_章节映射.csv
B0081,4.6,B,V2,institutional_role,“红色维也纳”市政社会主义提供制度条件：Breitner的Wohnbausteuer税制、Tandler公共卫生计划、Glöckel教育改革提供财政/主题/受众网络,制度关联史实部分可证；“制度条件→方法形成”的因果强度为作者论证,clean第576行起Breitner段待核,ACCEPTED_AS_CORE_SOURCE,D:\Design-history-知识库\教材章节知识模型转换\11_语义复核批次\BATCH-005-CH04-BAUHAUS\mappings\B0081_章节映射.csv
B0081,4.7,A,V2,migration_translation,Isotype经维也纳→海牙→牛津迁徙，并在苏联Izostat（国家赞助）、美国（Modley商业竞争）、西非黄金海岸/尼日利亚（殖民/后殖民转译）发生区域变异,各据点史实与传播路线可证；“跨文化适应性成功”属解释性判断，且Marie自认效果未检验,clean第135-137、5173、10444行,ACCEPTED_AS_CORE_SOURCE,D:\Design-history-知识库\教材章节知识模型转换\11_语义复核批次\BATCH-005-CH04-BAUHAUS\mappings\B0081_章节映射.csv
B0081,4.7,B,V2,interpretive_frame,Isotype不是形式主义现代主义产物，而是维也纳学派逻辑经验主义的视觉对应物；Neurath批评Bauhaus“伪理性主义”,此为Burke团队的解释框架分层，非可直接引用的事实命题,clean第1445-1479行待核,ACCEPTED_AS_CORE_SOURCE,D:\Design-history-知识库\教材章节知识模型转换\11_语义复核批次\BATCH-005-CH04-BAUHAUS\mappings\B0081_章节映射.csv
B0081,4.7,A,V2,izostat_soviet_transfer,维也纳方法向苏联Izostat的制度输出（1931-1934）：1931年9月12日法令强制采用、Neurath任主任、至少5名维也纳成员常驻莫斯科；Izostat图表含预估未来数据且数据被夸大/歪曲，Neurath共谋无法证明,Minns基于俄语档案的一手研究；争议性评价（collusion）书中明确标注不可证，引用须带此边界,clean第5095—5099、5101—5107行,ACCEPTED_AS_CORE_SOURCE,D:\Design-history-知识库\教材章节知识模型转换\11_语义复核批次\BATCH-005-CH04-BAUHAUS\mappings\B0081_章节映射.csv
B0081,4.7,B,V2,modley_us_adaptation,美国传播中Rudolf Modley代表“适应性变异”：拒绝Isotype的国际性与标准化，与Neurath哲学分歧致分化；van Kleeck主导的Organizing Committee（1933）失败,Ihara基于美国档案的书信与会议记录；“变异质量”评价属作者判断,clean第6037行,ACCEPTED_AS_SUPPORTING_SOURCE,D:\Design-history-知识库\教材章节知识模型转换\11_语义复核批次\BATCH-005-CH04-BAUHAUS\mappings\B0081_章节映射.csv
B0081,4.7,B,V2,west_africa_colonial_transfer,Isotype在西非（黄金海岸/尼日利亚Western Region，1952-1958）作为殖民/后殖民规划的视觉工具：Marie Neurath提出本地团队训练计划并自认成效未测试,Kindel个案研究；殖民/后殖民评价属解释框架，个案普遍性有限,clean第10444行,ACCEPTED_AS_SUPPORTING_SOURCE,D:\Design-history-知识库\教材章节知识模型转换\11_语义复核批次\BATCH-005-CH04-BAUHAUS\mappings\B0081_章节映射.csv
B0081,4.7,X,V2,p4_knowledge_emergence,知识涌现模型（P4）仅作语义路由使用，不构成Isotype史实的独立证据来源；任何由P4推演出的Isotype命题均无史学效力,P4为检索/组织工具，命题有效性取决于clean行号证据,本包全部clean行号回查项,P4_EMERGENCE_SEMANTIC_ROUTE_ONLY,D:\Design-history-知识库\教材章节知识模型转换\11_语义复核批次\BATCH-005-CH04-BAUHAUS\mappings\B0081_章节映射.csv
B0082,0.1,C,V2,media_institution_construction,摄影这类人工物的身份与权威由制度性权力关系建构而非技术本质决定（Tagg式命题），可为“设计是制度”提供平行案例,该命题在本书中以殖民监控语境论证，属作者援引Tagg的转述框架，不直接论及设计,回查clean第160行及第710行Nagda“不特权化摄影”的对照,CONTEXT_ONLY,D:\Design-history-知识库\教材章节知识模型转换\11_语义复核批次\BATCH-003-CH02-EXPANDED\mappings\B0082_章节映射.csv
B0082,0.2,B,V2,alternative_modernity,印度本土摄影是特定历史政治条件下高度“现代”的视觉身份尝试，既非前现代残余亦非本质“印度性”（对Gutman的批判）,该判断是作者对Gutman《Through Indian Eyes》的论战命题，“现代”一词须按作者语境理解,回查clean第594—606行区域（Gutman批判段）,ACCEPTED_AS_SUPPORTING_SOURCE,D:\Design-history-知识库\教材章节知识模型转换\11_语义复核批次\BATCH-003-CH02-EXPANDED\mappings\B0082_章节映射.csv
B0082,0.3,B,V2,object_centered_social_history,以“物的社会生命”（Appadurai）与“摄影生态”（ecology）替代分类学，示范以物为中心的关系史书写,方法框架来自Appadurai/Thomas，本书是应用范例而非该命题的首创者,回查clean第83行与第95行（concrete historical circulation）,ACCEPTED_AS_SUPPORTING_SOURCE,D:\Design-history-知识库\教材章节知识模型转换\11_语义复核批次\BATCH-003-CH02-EXPANDED\mappings\B0082_章节映射.csv
B0082,0.4,B,V2,artifact_as_historical_evidence,照片成为史料的条件：需档案互证、题注文本细读，且reception记录稀缺构成史料解释的边界,作者明确指出“很难找到接受史文献”，故由文本与制度推断接受是作者方法而非实证结论,回查clean第314行及第247行博物馆学话语,ACCEPTED_AS_SUPPORTING_SOURCE,D:\Design-history-知识库\教材章节知识模型转换\11_语义复核批次\BATCH-003-CH02-EXPANDED\mappings\B0082_章节映射.csv
B0082,0.5,B,V2,image_archive_orality_triangulation,图像细读、殖民档案与口述（照片elicitation、摄影师生涯访谈、村民收藏记录）三线证据可交叉支撑摄影社会史,第1—2章为档案+图像，第3章为口述+参与观察，两类证据的时代与地域不同，不可混为同一接受证据,回查clean第178行、第706行、第1206行三类证据的分布,ACCEPTED_AS_SUPPORTING_SOURCE,D:\Design-history-知识库\教材章节知识模型转换\11_语义复核批次\BATCH-003-CH02-EXPANDED\mappings\B0082_章节映射.csv
B0082,0.6,A,V2,producers_absence_and_presence,殖民地生产者与普通使用者如何被类型学化而抹去个体（The People of India），以及被展示者记录（Sayyid Ahmad Khan抗议）与当代田野中普通使用者的在场,消失机制分析是作者命题（有题注文本佐证）；Sayyid Ahmad Khan文本是被展示者第一手记录，两者须分列证据等级,回查clean第312行、第318—328行、第1206行,ACCEPTED_AS_CORE_SOURCE,D:\Design-history-知识库\教材章节知识模型转换\11_语义复核批次\BATCH-003-CH02-EXPANDED\mappings\B0082_章节映射.csv
B0082,0.7,B,V2,circulation_translation_entanglement,意义由流通网络中的选择、误读、翻译与纠缠建构（Venetian trade beads、entangled objects），而非单向扩散,Venetian trade beads比喻借自Steiner，是作者的分析性借用；“纠缠”框架出自Nicholas Thomas,回查clean第91行、第95行,ACCEPTED_AS_SUPPORTING_SOURCE,D:\Design-history-知识库\教材章节知识模型转换\11_语义复核批次\BATCH-003-CH02-EXPANDED\mappings\B0082_章节映射.csv
B0082,1.6,C,V2,concept_competition,photo/painting范畴的竞争与模糊（photobananevale取代chitrakar、涂料覆盖照片、Parsi工作室“artist-photographer”自我呈现）可作为概念竞争机制的平行案例,本书讨论的是图像媒介范畴而非“设计”概念本身，映射为类比性补充,回查clean第706行、第874行,CONTEXT_ONLY,D:\Design-history-知识库\教材章节知识模型转换\11_语义复核批次\BATCH-003-CH02-EXPANDED\mappings\B0082_章节映射.csv
B0082,2.1,C,V2,colonial_exhibition_network,1862年Calcutta Exhibition与1861年向伦敦展览中央委员会征集“族群照片”，显示世界博览会网络延伸至殖民地征集体系,本书仅顺带提及该展览，无博览会内部陈列细节，属网络背景证据,回查clean第178行、第243行,CONTEXT_ONLY,D:\Design-history-知识库\教材章节知识模型转换\11_语义复核批次\BATCH-003-CH02-EXPANDED\mappings\B0082_章节映射.csv
B0082,2.2,C,V2,museum_governance,殖民博物馆（Indian Museum、Madras Museum）与官方征集令联动（Thurston、Breeks），构成国家治理通过博物馆/档案运作的印度侧案例,该机制是殖民治理而非英国本土博物馆学校体系，与2.2主线为平行关系,回查clean第330行、第345行,CONTEXT_ONLY,D:\Design-history-知识库\教材章节知识模型转换\11_语义复核批次\BATCH-003-CH02-EXPANDED\mappings\B0082_章节映射.csv
B0082,2.3,C,V2,ruskin_morris_circulation,Ruskin/Morris观念经Birdwood—Kipling—Gandhi中介进入印度视觉话语的谱系（作者明示的“文化的来与去”）,该谱系为作者在Preface一笔带过的联想性谱系，非系统论证，不得展开为拉斯金莫里斯在印度影响史,回查clean第91行,CONTEXT_ONLY,D:\Design-history-知识库\教材章节知识模型转换\11_语义复核批次\BATCH-003-CH02-EXPANDED\mappings\B0082_章节映射.csv
B0082,2.6,A,V2,colonial_classification,殖民分类机制完整链条：命名（题注“Goojur Landholder”质疑）、政治忠诚度等级化（Gujar/Banjara/Baniya对照）、舞台化“复原”原始状态（Dobson、Peppé）与东方学征引性网格（照片—博物馆—档案交叉引用）,题注与Dobson记录是组织者话语，“分类机制”批判是作者命题；安达曼妇女等被摄者无自我记录，不得推断其接受,回查clean第262—280行、第312行、第330—336行、第275行,ACCEPTED_AS_CORE_SOURCE,D:\Design-history-知识库\教材章节知识模型转换\11_语义复核批次\BATCH-003-CH02-EXPANDED\mappings\B0082_章节映射.csv
B0082,2.7,A,V2,cross_border_translation,跨境迁移与地方现代性：swagger肖像从欧洲贵族经印度精英到大众照相馆的再语境化、painted photographs的符号学“反转”、蒙太奇对电影海报语法的横向迁移，均为选择、误读、翻译与再生产而非单向“影响”,“Chandni Chowk Rodchenko”等相似性联想不得当作实际传播证据；各案例的迁移路径多为作者基于图像与访谈的重构,回查clean第503—525行、第874行、第1283行,ACCEPTED_AS_CORE_SOURCE,D:\Design-history-知识库\教材章节知识模型转换\11_语义复核批次\BATCH-003-CH02-EXPANDED\mappings\B0082_章节映射.csv
B0082,8.5,C,V2,postcolonial_state_identity,尾声passport photos显示身份识别技术从殖民监控（第1章指纹/测量）延续为后殖民国家官僚需要，“否定殖民遭遇”与“国家需要”在街头视觉空间并存,尾声是约1000词的田野随笔，“后殖民视觉综合体”为作者隐喻性总结，缺乏制度史论证,回查clean第1277—1301行,CONTEXT_ONLY,D:\Design-history-知识库\教材章节知识模型转换\11_语义复核批次\BATCH-003-CH02-EXPANDED\mappings\B0082_章节映射.csv
B0082,12.7,C,V2,sitter_agency,被摄者能动性：Bherulal拒收不合意的照片、客户以本土范畴（vyaktitva/charitra）定义影像用途、“小问题”式访谈尊重被访者自我阐释，可作为参与/包容视角的案例,这些是研究伦理与方法示范而非设计参与实践，映射为类比性补充,回查clean第85—87行、第1206—1210行,CONTEXT_ONLY,D:\Design-history-知识库\教材章节知识模型转换\11_语义复核批次\BATCH-003-CH02-EXPANDED\mappings\B0082_章节映射.csv
B0084,0.2,A,V2,layered_nonlinear_periodisation,设计史分期应把生产方式看作累积层叠而非新方式完全替代旧方式,六层模型是分析工具且可能过度整齐,以区域案例检验各层的起止、重叠与权力关系,ACCEPTED_AS_METHOD,D:\Design-history-知识库\教材章节知识模型转换\11_语义复核批次\BATCH-002-CH01-EXPANDED\mappings\B0084_章节映射.csv
B0084,0.3,A,V2,history_economics_policy_and_context,设计史可贯通生产、使用、经济价值与制度政策而不只描述形式,文集跨时期跨文类并置不能自动组成统一因果理论,逐篇注明文类、日期、原出处和论证层级,ACCEPTED_AS_METHOD,D:\Design-history-知识库\教材章节知识模型转换\11_语义复核批次\BATCH-002-CH01-EXPANDED\mappings\B0084_章节映射.csv
B0084,0.6,A,V2,editorial_selection_unfinished_text_and_regional_bias,文选取舍、未刊稿状态、纪念性目的和区域材料不均必须进入证据审计,编者自陈局限不等于已修复这些偏差,补未收文本、原出处、本地研究和反方评论,ACCEPTED_AS_EVIDENCE_AUDIT,D:\Design-history-知识库\教材章节知识模型转换\11_语义复核批次\BATCH-002-CH01-EXPANDED\mappings\B0084_章节映射.csv
B0084,0.7,B,V2,global_history_of_making_fragments,游牧贸易奴役和多种制造层次可扩展全球设计史问题范围,未刊片段不构成完整全球史且地区证据不对称,回原引注并补非西方专史和主体材料,ACCEPTED_WITH_VERIFICATION_GAP,D:\Design-history-知识库\教材章节知识模型转换\11_语义复核批次\BATCH-002-CH01-EXPANDED\mappings\B0084_章节映射.csv
B0084,1.1,A,V2,layered_preindustrial_making_and_knowledge,家庭作坊贸易与多种制造方式共同保存和重组分布式知识,普遍设计能力不能抹去技能制度和劳动不平等,补训练、工具、合同、家庭与工匠主体材料,ACCEPTED_WITH_LIMITS,D:\Design-history-知识库\教材章节知识模型转换\11_语义复核批次\BATCH-002-CH01-EXPANDED\mappings\B0084_章节映射.csv
B0084,1.2,B,V2,industrial_layers_and_mass_production,蒸汽电力与大规模生产叠加于既有方式并改变规模和组织,美国体系材料与B0225重印不算独立互证,该部分仅作版文互校；另补机器、工厂和劳动原档,PARTIAL_DUPLICATE_SUPPORT_ONLY,D:\Design-history-知识库\教材章节知识模型转换\11_语义复核批次\BATCH-002-CH01-EXPANDED\mappings\B0084_章节映射.csv
B0084,1.3,A,V2,production_use_context_and_coordination,设计须桥接生产约束与使用需求并协调多种专门活动,抽象桥接模型不能替代具体图样规格和车间权力证据,补图样、职位、评审、工序与使用反馈,ACCEPTED_WITH_MECHANISM_FOLLOWUP,D:\Design-history-知识库\教材章节知识模型转换\11_语义复核批次\BATCH-002-CH01-EXPANDED\mappings\B0084_章节映射.csv
B0084,1.4,B,V2,material_technology_and_layered_form,材料与技术在不同生产层次中被反复再利用并形成不同形式,文集不是棉陶瓷金属等材料专史,与B0154、B0169及材料环境史互证,ACCEPTED_AS_SUPPORT,D:\Design-history-知识库\教材章节知识模型转换\11_语义复核批次\BATCH-002-CH01-EXPANDED\mappings\B0084_章节映射.csv
B0084,1.5,A,V2,design_as_distributed_human_capacity,设计能力分布于工匠、企业、组织和使用者而非职业名家独占,普遍能力命题不能自动确定对象作者或责任,逐对象补构思制作管理销售使用责任链,ACCEPTED_WITH_LIMITS,D:\Design-history-知识库\教材章节知识模型转换\11_语义复核批次\BATCH-002-CH01-EXPANDED\mappings\B0084_章节映射.csv
B0084,1.6,A,V2,design_definition_value_and_profession,设计可同时作为人类能力、专业活动和经济制度角色分析,三个层级不得混写成同一跨历史词义,补同期词源、职位、学校、协会和企业制度材料,ACCEPTED_WITH_CONCEPT_HISTORY_FOLLOWUP,D:\Design-history-知识库\教材章节知识模型转换\11_语义复核批次\BATCH-002-CH01-EXPANDED\mappings\B0084_章节映射.csv
B0084,1.7,A,V2,coexisting_global_production_layers,不同地区的手工前工业与工业方式长期共存且非同步组合,全球材料仍偏薄且层叠不等于关系平等,与区域劳动史、殖民史和企业史交叉验证,ACCEPTED_WITH_COUNTERSOURCE_REQUIRED,D:\Design-history-知识库\教材章节知识模型转换\11_语义复核批次\BATCH-002-CH01-EXPANDED\mappings\B0084_章节映射.csv
B0084,2.7,B,V2,trade_migration_and_local_reconfiguration,贸易、工匠迁移与制度学习使造物方式跨境重组而非简单扩散,未刊片段及日本中国综述不足以证明具体地方接受,补对象贸易、人员、机构和使用者材料,ACCEPTED_AS_SUPPORT,D:\Design-history-知识库\教材章节知识模型转换\11_语义复核批次\BATCH-002-CH01-EXPANDED\mappings\B0084_章节映射.csv
B0086,0.4,A,V2,textile_object_as_multilayer_evidence,纤维捻向织纹幅宽接缝染层和磨损可提出生产贸易与使用问题,纺织物不是自足文本且对象归属与年代须互证,补对象检验、馆藏史、考古、口述和贸易记录,ACCEPTED_WITH_LIMITS,D:\Design-history-知识库\教材章节知识模型转换\11_语义复核批次\BATCH-002-CH01-EXPANDED\mappings\B0086_章节映射.csv
B0086,0.5,A,V2,triangulation_of_material_linguistic_and_archival_sources,技术分析可同考古语言植物口述和书面档案形成多链互证,不同证据尺度和不确定性不能被合并抹平,逐项记录证据类型、定位、置信和冲突,ACCEPTED_AS_METHOD,D:\Design-history-知识库\教材章节知识模型转换\11_语义复核批次\BATCH-002-CH01-EXPANDED\mappings\B0086_章节映射.csv
B0086,0.6,A,V2,museum_archive_and_silent_labor_bias,收藏与殖民档案会错置地点并压低女性乡村与被奴役劳动者的可见性,恢复缺席主体仍需主体证据不能只靠形式推断,补来源社群、劳动身份、征集史和地方档案,ACCEPTED_AS_EVIDENCE_AUDIT,D:\Design-history-知识库\教材章节知识模型转换\11_语义复核批次\BATCH-002-CH01-EXPANDED\mappings\B0086_章节映射.csv
B0086,0.7,A,V2,local_objects_and_global_networks,地方纺织对象可连接跨撒哈拉、大西洋、印度洋和化学工业网络,连接不等于单向传播或同质全球化,建立接触、选择、制作、交易和使用链,ACCEPTED_WITH_CAUSAL_LIMIT,D:\Design-history-知识库\教材章节知识模型转换\11_语义复核批次\BATCH-002-CH01-EXPANDED\mappings\B0086_章节映射.csv
B0086,1.1,A,V2,distributed_textile_knowledge,纺纱织造染色裁缝与刺绣知识分布在家庭、性别化工序、作坊和贸易网络中,性别分工并非固定且地区技术复合体差异显著,补工具、工序、训练、劳动和对象材料,ACCEPTED_WITH_LIMITS,D:\Design-history-知识库\教材章节知识模型转换\11_语义复核批次\BATCH-002-CH01-EXPANDED\mappings\B0086_章节映射.csv
B0086,1.4,A,V2,fiber_loom_dye_and_pattern_system,纤维、织机、纱线、染料与图案技术共同限定纺织形式,部分早期材料与染料证据只达推测层级,补材料检测、考古断代与技术复原,ACCEPTED_WITH_VERIFICATION_GAP,D:\Design-history-知识库\教材章节知识模型转换\11_语义复核批次\BATCH-002-CH01-EXPANDED\mappings\B0086_章节映射.csv
B0086,1.5,B,V2,anonymous_artisan_and_trade_network,生产者、裁缝、染工、商人和消费者共同改变纺织品而常未被署名,对象形式不能单独确定个人作者与动机,补订单、口述、作坊、交易与使用记录,ACCEPTED_AS_SUPPORT,D:\Design-history-知识库\教材章节知识模型转换\11_语义复核批次\BATCH-002-CH01-EXPANDED\mappings\B0086_章节映射.csv
B0086,1.7,A,V2,west_african_mixed_technical_trajectories,地方织机、进口布、工厂纱与新染料长期并存并被选择性重组,下尼日尔案例不能代表整个非洲,补其他西非区域、印度布来源和殖民政策比较,ACCEPTED_WITH_COUNTERSOURCE_REQUIRED,D:\Design-history-知识库\教材章节知识模型转换\11_语义复核批次\BATCH-002-CH01-EXPANDED\mappings\B0086_章节映射.csv
B0086,2.4,B,V2,consumer_choice_and_market_mediation,消费者对颜色材料与仿制质量的选择会改变商人订货和生产策略,商人记录不能完整代表普通消费者声音,补价格、交易、家庭与穿用材料,ACCEPTED_WITH_AUDIENCE_GAP,D:\Design-history-知识库\教材章节知识模型转换\11_语义复核批次\BATCH-002-CH01-EXPANDED\mappings\B0086_章节映射.csv
B0086,2.6,B,V2,colonial_collection_and_classification,殖民记录和博物馆目录如何命名地点族群与传统可作为分类史材料,不得把收藏标签当成中性制造地或族群发明证明,补征集记录、来源社群和对象技术证据,ACCEPTED_AS_CRITICAL_CONTEXT,D:\Design-history-知识库\教材章节知识模型转换\11_语义复核批次\BATCH-002-CH01-EXPANDED\mappings\B0086_章节映射.csv
B0086,2.7,A,V2,selection_refusal_imitation_and_reproduction,跨境纺织流动包含地方选择、拒绝、仿制、再织与材料替换,形式相似不能独立证明直接影响或文化意义一致,逐对象补贸易、样品、买方规格和地方使用,ACCEPTED_WITH_LIMITS,D:\Design-history-知识库\教材章节知识模型转换\11_语义复核批次\BATCH-002-CH01-EXPANDED\mappings\B0086_章节映射.csv
B0090,0.3,B,V2,multicausal_actor_framework_for_design,Crane试图以建筑、用途、材料、条件、个体与集体等多因素解释设计,十项体系是1898年的参与者框架且若干因素含决定论,作为史学对象并用现代材料史、劳动史和区域史检验,ACCEPTED_AS_HISTORICAL_ACTOR_THEORY,D:\Design-history-知识库\教材章节知识模型转换\11_语义复核批次\BATCH-002-CH01-EXPANDED\mappings\B0090_章节映射.csv
B0090,0.5,B,V2,lecture_illustration_comparison_and_claim_types,讲稿结合示意图、照片、对象比较和作者判断，须区分观察、类比与因果主张,当前未逐图核验且形态相似不证明历史联系,回实际图版、对象来源、年代与传播证据,ACCEPTED_WITH_VISUAL_VERIFICATION_GAP,D:\Design-history-知识库\教材章节知识模型转换\11_语义复核批次\BATCH-002-CH01-EXPANDED\mappings\B0090_章节映射.csv
B0090,0.6,A,V2,evolutionist_climatic_racial_imperial_and_visual_bias,进化论、气候决定、种族本质和帝国收藏视角会扭曲跨文化设计解释,识别问题不能把全部材料一概作废,保留可核工艺描述并补本地、殖民征集和反方研究,ACCEPTED_AS_EVIDENCE_AUDIT,D:\Design-history-知识库\教材章节知识模型转换\11_语义复核批次\BATCH-002-CH01-EXPANDED\mappings\B0090_章节映射.csv
B0090,1.1,B,V2,workshop_tools_repetition_and_tradition,作坊中工具、材料和重复劳动被作者视为传统形式累积的机制,大教堂和前现代作坊被理想化且工人关系未被档案验证,补作坊账簿、训练、工资、合同和考古材料,ACCEPTED_AS_ACTOR_THEORY,D:\Design-history-知识库\教材章节知识模型转换\11_语义复核批次\BATCH-002-CH01-EXPANDED\mappings\B0090_章节映射.csv
B0090,1.3,A,V2,utility_material_method_condition_and_design_control,用途、材料、加工方法和安放条件共同限制图样与处理方式,形式类比不能直接证明母题起源或单向决定,补工序实验、图样、工具痕迹、年代和传播链,ACCEPTED_WITH_MECHANISM_FOLLOWUP,D:\Design-history-知识库\教材章节知识模型转换\11_语义复核批次\BATCH-002-CH01-EXPANDED\mappings\B0090_章节映射.csv
B0090,1.4,A,V2,material_process_and_form_treatment,石、木、黏土、蜡、金属和玻璃的物性及工法被具体联系到形式处理,‘忠于材料’是规范性判断且部分视觉例证待图版核验,补材料检测、工艺复原、对象与供应链,ACCEPTED_WITH_OBJECT_FOLLOWUP,D:\Design-history-知识库\教材章节知识模型转换\11_语义复核批次\BATCH-002-CH01-EXPANDED\mappings\B0090_章节映射.csv
B0090,1.5,A,V2,collective_workshop_authorship_and_individual_variation,传统、作坊、跨代协作和个体变异共同塑造对象，不能只归功于名家,匿名不等于平等且具体对象责任仍未知,补署名、图样、工序、工匠名册和管理记录,ACCEPTED_WITH_AUTHORSHIP_FOLLOWUP,D:\Design-history-知识库\教材章节知识模型转换\11_语义复核批次\BATCH-002-CH01-EXPANDED\mappings\B0090_章节映射.csv
B0090,1.6,B,V2,design_as_unified_but_specialized_field_in_education,各设计门类专业化与艺术统一的张力可作为设计教育和概念史材料,统一艺术树隐喻是Crane的规范立场而非制度现实,补课程、职位、学校档案、行业组织与同期术语,ACCEPTED_AS_PRIMARY_CONCEPT_SOURCE,D:\Design-history-知识库\教材章节知识模型转换\11_语义复核批次\BATCH-002-CH01-EXPANDED\mappings\B0090_章节映射.csv
B0090,1.7,X,V2,racial_and_climatic_essence_as_regional_cause,不接受以‘种族特性’或气候直接解释地区色彩、形式和艺术能力,概念含本质主义且证据多为选择性比较与形态印象,改用制度、材料、贸易、劳动、委托与地方解释,EXCLUDE_AS_CAUSAL_MODEL,D:\Design-history-知识库\教材章节知识模型转换\11_语义复核批次\BATCH-002-CH01-EXPANDED\mappings\B0090_章节映射.csv
B0090,2.3,A,V2,arts_crafts_material_labour_and_machine_primary_text,材料、手脑结合、集体劳动与机器生产批评构成工艺美术运动的一手论述,产品‘令人沮丧’是作者审美判断，工厂劳动事实需另证,与工厂、企业、工人、商品和消费者档案对读,ACCEPTED_AS_PRIMARY_ACTOR_TEXT,D:\Design-history-知识库\教材章节知识模型转换\11_语义复核批次\BATCH-002-CH01-EXPANDED\mappings\B0090_章节映射.csv
B0090,2.5,A,V2,books_wallpaper_glass_metal_and_total_environment,书籍、壁纸、织物、玻璃、金属与建筑位置组成总体环境式设计论,对象图版、委托、制作与使用情境尚未逐件核验,补完整图版、对象档案与室内使用证据,ACCEPTED_WITH_OBJECT_FOLLOWUP,D:\Design-history-知识库\教材章节知识模型转换\11_语义复核批次\BATCH-002-CH01-EXPANDED\mappings\B0090_章节映射.csv
B0090,2.7,C,V2,cross_cultural_comparison_as_imperial_knowledge_history,波斯、印度、中国、日本等比较可用于研究英国设计教育如何组织全球知识,不得把其分类、形态相似或种族术语当作地方事实与影响证据,补来源社群、征集、贸易、人员和地方接受材料,CONTEXT_ONLY_WITH_COLONIAL_AUDIT,D:\Design-history-知识库\教材章节知识模型转换\11_语义复核批次\BATCH-002-CH01-EXPANDED\mappings\B0090_章节映射.csv
B0091,0.3,A,V2,contextual_biography_institution_enterprise_and_object,个人思想、制度、企业、作品与接受史需相互校验而非写成单一名家生平,传记结构仍以Ashbee为中心且作品部分与生平部分有所分离,补工人、女性、地方、企业和对象级材料,ACCEPTED_AS_METHOD,D:\Design-history-知识库\教材章节知识模型转换\11_语义复核批次\BATCH-002-CH01-EXPANDED\mappings\B0091_章节映射.csv
B0091,0.5,A,V2,diary_minutes_finance_catalogue_drawing_triangulation,日记、会议记录、财务、公司文件、目录和图纸可交叉约束传主自述,材料存续不均且不同材料的沉默不能视为事件不存在,逐项记录出处、日期、作者、保存缺口和冲突,ACCEPTED_AS_SOURCE_METHOD,D:\Design-history-知识库\教材章节知识模型转换\11_语义复核批次\BATCH-002-CH01-EXPANDED\mappings\B0091_章节映射.csv
B0091,0.6,A,V2,biographical_worker_gender_attribution_and_empire_bias,传主中心、工人中介、性别不均、归属推定和帝国视角均须进入审计,Crawford公开局限不等于已消除这些偏差,补成员自述、妇女家属、地方档案、来源社群和较新研究,ACCEPTED_AS_EVIDENCE_AUDIT,D:\Design-history-知识库\教材章节知识模型转换\11_语义复核批次\BATCH-002-CH01-EXPANDED\mappings\B0091_章节映射.csv
B0091,1.1,A,V2,school_guild_apprenticeship_and_workshop_knowledge,School与Guild把课程、学徒、工场生产和共同体理想并置为制度实验,招生和课程存在不等于学习效果且控制权未完全交给工人,补学生作业、考核、就业、工资和成员材料,ACCEPTED_WITH_INSTITUTIONAL_FOLLOWUP,D:\Design-history-知识库\教材章节知识模型转换\11_语义复核批次\BATCH-002-CH01-EXPANDED\mappings\B0091_章节映射.csv
B0091,1.3,A,V2,committee_board_profit_sharing_and_design_control,委员会、董事会、劳动董事、利润分享和资本份额具体重组了决策权,制度条款不等于实际平等运行且Ashbee权威长期存在,补会议表决、账簿、劳动争议和具体项目流程,ACCEPTED_WITH_MECHANISM_FOLLOWUP,D:\Design-history-知识库\教材章节知识模型转换\11_语义复核批次\BATCH-002-CH01-EXPANDED\mappings\B0091_章节映射.csv
B0091,1.5,A,V2,documented_and_uncertain_collective_authorship,多数Guild产品不能牢靠归于Ashbee，工匠、助理与共同设计必须逐件区分,作者仍为叙述便利作出部分归属推定,按签名图、目录、工场记录和对象痕迹分级归属,ACCEPTED_WITH_AUTHORSHIP_CAUTION,D:\Design-history-知识库\教材章节知识模型转换\11_语义复核批次\BATCH-002-CH01-EXPANDED\mappings\B0091_章节映射.csv
B0091,1.6,A,V2,school_guild_designer_craftsman_director_and_company_roles,School、Guild、Hon. Director、craftsman、designer与limited company展示职业和组织称谓竞争,角色名称不自动说明技能边界、控制权或现代设计师身份,补章程、职位、工资、课程和同期用语,ACCEPTED_WITH_CONCEPT_HISTORY_FOLLOWUP,D:\Design-history-知识库\教材章节知识模型转换\11_语义复核批次\BATCH-002-CH01-EXPANDED\mappings\B0091_章节映射.csv
B0091,2.2,A,V2,technical_education_school_policy_and_funding,School资助争议显示技术教育法律、公共拨款和生产联系如何界定制度合法性,不能把关闭只归于个人阻挠或法律单因,补LCC报告、申请、检查、预算、课程与学生结果,ACCEPTED_WITH_POLICY_FOLLOWUP,D:\Design-history-知识库\教材章节知识模型转换\11_语义复核批次\BATCH-002-CH01-EXPANDED\mappings\B0091_章节映射.csv
B0091,2.3,A,V2,arts_crafts_labour_ethic_tested_by_enterprise,Guild把满意劳动理想置于合作制、工资、订单、管理和资本的实际检验中,共同体叙事不能遮蔽权力不对称、奢侈品市场与成员分歧,与成员材料、账簿、工时、客户和同业比较互证,ACCEPTED_AS_CORE_CASE,D:\Design-history-知识库\教材章节知识模型转换\11_语义复核批次\BATCH-002-CH01-EXPANDED\mappings\B0091_章节映射.csv
B0091,2.4,A,V2,shop_commissions_stock_retail_competition_and_market,商店、委托、广告、库存、价格、零售竞争和客户距离共同影响Guild生存,Crawford的市场解释仍须回完整账簿且购买不等于使用接受,补销售、成本、退货、客户书信和消费记录,ACCEPTED_WITH_MARKET_FOLLOWUP,D:\Design-history-知识库\教材章节知识模型转换\11_语义复核批次\BATCH-002-CH01-EXPANDED\mappings\B0091_章节映射.csv
B0091,2.5,B,V2,architecture_furniture_metalwork_printing_and_place,建筑、家具、金属、珠宝、印刷和场所被纳入跨媒介工艺实践,视觉与风格判断未逐图核验且归属不一,补完整图版、对象、委托、制作和使用情境,ACCEPTED_WITH_OBJECT_FOLLOWUP,D:\Design-history-知识库\教材章节知识模型转换\11_语义复核批次\BATCH-002-CH01-EXPANDED\mappings\B0091_章节映射.csv
B0091,2.6,C,V2,empire_travel_and_craft_revival_as_actor_history,Ashbee在南非、开罗与耶路撒冷等活动可用于研究英国工艺改革与帝国治理的接触,传主规划和复兴话语不能代表当地需求或文化连续性,补地方档案、当地行动者、委托、劳动和来源社群材料,CONTEXT_ONLY_WITH_COLONIAL_AUDIT,D:\Design-history-知识库\教材章节知识模型转换\11_语义复核批次\BATCH-002-CH01-EXPANDED\mappings\B0091_章节映射.csv
B0091,2.7,B,V2,britain_us_germany_austria_and_local_translation,展览、出版、旅行、个人网络和工场比较显示工艺思想跨境流动并被重新解释,名人接触或形式相似不能证明直接影响和广泛接受,补书信、展览目录、销售、评论、教学与地方实践,ACCEPTED_WITH_TRANSFER_FOLLOWUP,D:\Design-history-知识库\教材章节知识模型转换\11_语义复核批次\BATCH-002-CH01-EXPANDED\mappings\B0091_章节映射.csv
B0097,0.4,X,V2,missing_visual_type_specimens,当前文件不能验证字体造型、版面、可读性或图版并置所支持的视觉判断,367幅图版缺失且正文错序重复,返回完整扫描本和实际图版后重新做对象核验,EXCLUDE_VISUAL_CLAIMS,D:\Design-history-知识库\教材章节知识模型转换\11_语义复核批次\BATCH-002-CH01-EXPANDED\mappings\B0097_章节映射.csv
B0097,0.5,B,V2,specimens_letters_law_and_books_as_sources,字体标本、印本、书信、铸字档案与法规可构成多类印刷史证据,当前转换损坏且图版缺失所以仅作来源路由,回完整版次、签名本、图版与档案原件,ACCEPTED_WITH_VERIFICATION_GAP,D:\Design-history-知识库\教材章节知识模型转换\11_语义复核批次\BATCH-002-CH01-EXPANDED\mappings\B0097_章节映射.csv
B0097,0.6,A,V2,practitioner_preference_national_and_corpus_bias,实践者偏好、民族传统框架、欧美范围和文件残缺会系统影响叙事,识别偏差不能自动决定哪些字体判断错误,补较新字体史、非拉丁传统、劳动史和完整图版,ACCEPTED_AS_EVIDENCE_AUDIT,D:\Design-history-知识库\教材章节知识模型转换\11_语义复核批次\BATCH-002-CH01-EXPANDED\mappings\B0097_章节映射.csv
B0097,1.1,B,V2,apprenticeship_typefounding_and_printshop_knowledge,字冲字模铸字排字与印刷的技能通过学徒、工场和跨境工匠流动传递,材料集中欧洲印刷业且末章以法国为主,补合同、工具、作坊账簿和其他地区印刷史,ACCEPTED_AS_SUPPORT,D:\Design-history-知识库\教材章节知识模型转换\11_语义复核批次\BATCH-002-CH01-EXPANDED\mappings\B0097_章节映射.csv
B0097,1.3,A,V2,punch_matrix_type_composition_and_supervision,字体从字冲、字模、铸造到排字印刷的工序分离会重组形式决策、所有权和监督,缺失图版使具体字形责任和视觉后果不可核,补字体样张、订单、铸造记录、版面和工序签记,ACCEPTED_WITH_OBJECT_FOLLOWUP,D:\Design-history-知识库\教材章节知识模型转换\11_语义复核批次\BATCH-002-CH01-EXPANDED\mappings\B0097_章节映射.csv
B0097,1.5,A,V2,distributed_typographic_authorship,字冲雕刻者、铸字商、印刷商、出版者、排字工和复兴者共同塑造字体与书籍,Updike常把品质重新集中到少数大师和印刷商判断,补普通工人、女性、企业账目、客户和读者材料,ACCEPTED_WITH_COUNTERARGUMENT,D:\Design-history-知识库\教材章节知识模型转换\11_语义复核批次\BATCH-002-CH01-EXPANDED\mappings\B0097_章节映射.csv
B0097,1.6,A,V2,printer_typefounder_designer_and_professional_identity,印刷商、铸字商、工匠、艺术家和专业人士的自我定义可补设计职业分化前史,作者的professional优于trade是1922年规范立场而非中性演进,补行业组织、职业统计、教育和同时代反方文本,ACCEPTED_WITH_CONCEPT_HISTORY_FOLLOWUP,D:\Design-history-知识库\教材章节知识模型转换\11_语义复核批次\BATCH-002-CH01-EXPANDED\mappings\B0097_章节映射.csv
B0097,1.7,B,V2,crossnational_type_trade_and_regulation,字体、字模、工匠与印刷规范在荷英法西美之间移动并受国家制度重组,范围不含全球主要非拉丁印刷传统,补东亚、南亚、伊斯兰和殖民印刷区域史,ACCEPTED_AS_SUPPORT,D:\Design-history-知识库\教材章节知识模型转换\11_语义复核批次\BATCH-002-CH01-EXPANDED\mappings\B0097_章节映射.csv
B0097,2.3,B,V2,morris_printing_and_labor_ideal_as_participant_history,Updike对Morris印刷与劳动理想的评价可作为1922年实践者解释和复兴史线索,不是Morris劳动实践、读者接受或社会主义成效的一手证明,回Kelmscott印本、账簿、工人材料和Morris原文,ACCEPTED_AS_HISTORIOGRAPHY,D:\Design-history-知识库\教材章节知识模型转换\11_语义复核批次\BATCH-002-CH01-EXPANDED\mappings\B0097_章节映射.csv
B0097,2.5,B,V2,type_reviving_book_unity_and_private_press,Caslon、Fell与私人出版社复兴说明字体、版式、装饰和出版共同构成整体书籍设计,缺图使具体视觉效果与可读性不可验证,补完整图版、原印本、成本、发行和读者材料,ACCEPTED_WITH_OBJECT_FOLLOWUP,D:\Design-history-知识库\教材章节知识模型转换\11_语义复核批次\BATCH-002-CH01-EXPANDED\mappings\B0097_章节映射.csv
B0097,2.7,B,V2,type_matrices_printers_and_revival_across_borders,字模、工匠、字体复兴和出版模式的跨境流动包含选择、修改与制度采用,不能以民族风格词汇或形式相似直接证明影响,补交易、书信、人员迁移、样张和地方接受,ACCEPTED_AS_SUPPORT,D:\Design-history-知识库\教材章节知识模型转换\11_语义复核批次\BATCH-002-CH01-EXPANDED\mappings\B0097_章节映射.csv
B0101,0.2,B,V2,survey_periodisation_and_revision_history,通史分期和第二版重组可作为教学结构参照,分期是作者选择且2010后材料已经老化,与2023版、区域史和专题史比较,ACCEPTED_AS_CURRICULUM_REFERENCE,D:\Design-history-知识库\教材章节知识模型转换\11_语义复核批次\BATCH-002-CH01-EXPANDED\mappings\B0101_章节映射.csv
B0101,0.3,A,V2,production_consumption_stakeholder_design_history,设计史应同时分析设计者、工匠、制造商、赞助人、消费者与制度语境,stakeholder框架仍可能压低工人、殖民主体和环境,补劳动史、殖民史、性别史与使用史,ACCEPTED_AS_METHOD,D:\Design-history-知识库\教材章节知识模型转换\11_语义复核批次\BATCH-002-CH01-EXPANDED\mappings\B0101_章节映射.csv
B0101,0.5,B,V2,objects_texts_catalogues_exhibitions_and_secondary_synthesis,对象、宣言、目录、广告、展览和二手研究可互相约束通史叙述,综述经作者选择且本次未逐条回原引注和图版,重要命题回专史、原始文献、实际对象和页码,ACCEPTED_WITH_VERIFICATION_GAP,D:\Design-history-知识库\教材章节知识模型转换\11_语义复核批次\BATCH-002-CH01-EXPANDED\mappings\B0101_章节映射.csv
B0101,0.6,A,V2,survey_euroamerican_market_colonial_gender_and_image_bias,本科综述简化、欧美重心、市场民主化语言、殖民与性别不足须进入审计,作者承认多视角不等于覆盖已充分,补区域原档、劳动者、女性、殖民主体、环境和图版核验,ACCEPTED_AS_EVIDENCE_AUDIT,D:\Design-history-知识库\教材章节知识模型转换\11_语义复核批次\BATCH-002-CH01-EXPANDED\mappings\B0101_章节映射.csv
B0101,1.1,A,V2,royal_manufactories_guilds_workshops_and_specialisation,王室制造厂、行会、小作坊、师徒与商人中介展示前工业知识和专业分工,法国案例不能代表全部前工业生产且质量判断偏精英对象,补家庭生产、地方行业、女性和非欧洲作坊史,ACCEPTED_WITH_LIMITS,D:\Design-history-知识库\教材章节知识模型转换\11_语义复核批次\BATCH-002-CH01-EXPANDED\mappings\B0101_章节映射.csv
B0101,1.2,A,V2,mechanisation_transport_interchangeability_and_market_scale,蒸汽、新工艺、交通、国家合同和互换零件共同改变生产与市场尺度,机器不是充分原因且美国体系起源叙述需较新研究校正,补设备、采购、资本、劳动、民用扩散和区域比较,ACCEPTED_WITH_MECHANISM_FOLLOWUP,D:\Design-history-知识库\教材章节知识模型转换\11_语义复核批次\BATCH-002-CH01-EXPANDED\mappings\B0101_章节映射.csv
B0101,1.3,A,V2,models_catalogues_moulds_specs_and_division_of_labour,模型、图录、模具、标准形状、规格与分工使构思、监督和制作逐渐分化,分离并非一次完成且不能把企业主或设计师写成唯一作者,补图样、工序、职位、工资、订单和冲突档案,ACCEPTED_WITH_OBJECT_FOLLOWUP,D:\Design-history-知识库\教材章节知识模型转换\11_语义复核批次\BATCH-002-CH01-EXPANDED\mappings\B0101_章节映射.csv
B0101,1.4,A,V2,porcelain_textile_iron_glass_and_material_systems,瓷器、纺织、铸铁、玻璃等材料工艺与市场共同限制和扩展形式,原料来源、殖民供应链、环境与劳动处理不均,补材料检测、贸易、生态、劳动和对象复原,ACCEPTED_WITH_MATERIAL_CHAIN_FOLLOWUP,D:\Design-history-知识库\教材章节知识模型转换\11_语义复核批次\BATCH-002-CH01-EXPANDED\mappings\B0101_章节映射.csv
B0101,1.5,A,V2,craftspeople_artists_manufacturers_merchants_and_consumers,工匠、艺术家、企业家、商人中介和消费者共同参与产品形成,名家与企业案例仍占优势且具体责任不能由通史确定,逐对象补设计、制作、管理、营销和使用责任链,ACCEPTED_WITH_AUTHORSHIP_FOLLOWUP,D:\Design-history-知识库\教材章节知识模型转换\11_语义复核批次\BATCH-002-CH01-EXPANDED\mappings\B0101_章节映射.csv
B0101,1.6,A,V2,design_craft_industrial_and_professional_distinctions,设计与艺术、工艺、制作、企业和职业角色的区分可作为概念史框架,导论定义是2010年的回顾性分析，不能倒投早期术语,补同期词典、职位、学校、协会、企业和争论文本,ACCEPTED_WITH_CONCEPT_HISTORY_FOLLOWUP,D:\Design-history-知识库\教材章节知识模型转换\11_语义复核批次\BATCH-002-CH01-EXPANDED\mappings\B0101_章节映射.csv
B0101,1.7,B,V2,france_britain_us_and_mixed_paths_comparison,法国王室／行会、英国企业市场和美国制造体系提供区域路径比较,三分对照过整齐且不能代表亚洲、殖民地和内部差异,与B0130、B0086、B0169、B0259、B0334及区域史对读,ACCEPTED_WITH_COUNTERSOURCE_REQUIRED,D:\Design-history-知识库\教材章节知识模型转换\11_语义复核批次\BATCH-002-CH01-EXPANDED\mappings\B0101_章节映射.csv
B0101,2.1,A,V2,great_exhibition_industry_empire_and_public_viewing,1851年博览会把商品、机器、帝国资源、国家竞争和公众观看汇聚为设计问题,通史不能独立证明观众接受、殖民对象来源和评审效应,补展览目录、评审、对象、媒体、观众和来源地档案,ACCEPTED_WITH_EXHIBITION_FOLLOWUP,D:\Design-history-知识库\教材章节知识模型转换\11_语义复核批次\BATCH-002-CH01-EXPANDED\mappings\B0101_章节映射.csv
B0101,2.2,A,V2,cole_reform_museum_school_and_state_governance,Cole体系、学校、博物馆、出版与国家政策把产品审美变成制度治理,政策与机构成立不证明教学、工业采用或质量改善,补官方政策、预算、课程、学生作品、企业与就业记录,ACCEPTED_WITH_INSTITUTIONAL_FOLLOWUP,D:\Design-history-知识库\教材章节知识模型转换\11_语义复核批次\BATCH-002-CH01-EXPANDED\mappings\B0101_章节映射.csv
B0101,2.3,A,V2,ruskin_morris_arts_crafts_and_market_contradiction,工艺美术劳动伦理与高价手工商品、企业市场之间存在可追踪张力,通史概括不能替代参与者文本、公司账簿和工人经验,与B0318、B0090、B0091及企业劳动档案互证,ACCEPTED_AS_SYNTHESIS,D:\Design-history-知识库\教材章节知识模型转换\11_语义复核批次\BATCH-002-CH01-EXPANDED\mappings\B0101_章节映射.csv
B0101,2.4,A,V2,catalogues_shops_advertising_and_active_consumers,目录、商店、广告、商品差异与消费者意义共同组织现代消费,供给与营销不能证明购买、认同或实际使用,补价格、销售、家庭清单、消费者叙述与使用痕迹,ACCEPTED_WITH_AUDIENCE_GAP,D:\Design-history-知识库\教材章节知识模型转换\11_语义复核批次\BATCH-002-CH01-EXPANDED\mappings\B0101_章节映射.csv
B0101,2.5,B,V2,aesthetic_art_nouveau_interiors_graphics_and_lifestyle,唯美主义、新艺术及跨媒介室内可用来讨论设计与生活方式的整体关系,风格综述和缺图状态不足以支持逐件视觉因果判断,补对象、图版、室内、委托、生产和使用材料,ACCEPTED_WITH_OBJECT_FOLLOWUP,D:\Design-history-知识库\教材章节知识模型转换\11_语义复核批次\BATCH-002-CH01-EXPANDED\mappings\B0101_章节映射.csv
B0101,2.6,B,V2,exhibition_empire_resources_and_colonial_order,博览会和纪念物把帝国资源、国家繁荣与视觉秩序联系起来,殖民生产者、征集强制、分类权力和观众回应不足,补殖民档案、来源社群、贸易、对象与观众材料,ACCEPTED_WITH_COLONIAL_FOLLOWUP,D:\Design-history-知识库\教材章节知识模型转换\11_语义复核批次\BATCH-002-CH01-EXPANDED\mappings\B0101_章节映射.csv
B0101,2.7,B,V2,trade_patterns_japonisme_and_local_selection,材料、图案、商品与观念跨境移动并在市场和地方实践中被选择重组,通史容易以欧洲接受端替代来源地行动者且相似不等于影响,补贸易、人员、委托、制作、评论与地方回应链,ACCEPTED_WITH_TRANSFER_FOLLOWUP,D:\Design-history-知识库\教材章节知识模型转换\11_语义复核批次\BATCH-002-CH01-EXPANDED\mappings\B0101_章节映射.csv
B0102,0.2,B,V2,survey_periodisation_and_revision_history,第三版结构修订：六部16章后各新增一篇Global Inspiration插章，第六部时间跨度延伸至2020年，第16章重写为「创新、责任与平衡」，可作为教学结构参照,证据边界为前言与目录（clean第165—186行）及P4整体分析报告的结构梳理,回查第三版目录与前言确认插章位置与Part VI时间跨度表述,ACCEPTED_AS_REVISED_CLAIM,D:\Design-history-知识库\教材章节知识模型转换\11_语义复核批次\BATCH-003-CH02-EXPANDED\mappings\B0102_章节映射.csv
B0102,0.3,A,V2,decentering_global_perspective_design_history,第三版以de-centering为方法论纲领：承认经典叙事欧洲中心、男性中心、白人中心，通过非西方案例与跨文化互依展示「民族设计」概念之脆弱，并引Huppatz「全球思考不需全球覆盖」为限度,证据边界为前言（clean第135—140行）与引言「A Wider Angle: De-centering Design」小节,回查引言De-centering小节原文确认Forty引语与Huppatz引语,ACCEPTED_AS_NEW_EDITION_CONTENT,D:\Design-history-知识库\教材章节知识模型转换\11_语义复核批次\BATCH-003-CH02-EXPANDED\mappings\B0102_章节映射.csv
B0102,0.5,C,V2,updated_scholarship_and_reference_sources,第三版修订依托2015年NEH暑期学院成果及Bloomsbury设计参考资源（BED、Design: Critical and Primary Sources、BDL），各章融入2010年后研究，材料来源较第二版更新,证据边界为前言第132—135、150—153行，属版本更新的事实性说明,回查前言确认研讨班名称、主题与参考资源清单原文,CONTEXT_ONLY,D:\Design-history-知识库\教材章节知识模型转换\11_语义复核批次\BATCH-003-CH02-EXPANDED\mappings\B0102_章节映射.csv
B0102,0.6,C,V2,white_privilege_gender_and_canon_critique,第三版前言明确讨论white privilege遮蔽有色人种贡献、扩展女性设计师与性别议题，并将设计史正典的建构性纳入话语自觉,证据边界为前言第146—149行与专项报告六「话语自觉（canon critique）」,回查前言确认white privilege与canon表述的原文措辞,ACCEPTED_AS_REVISED_CLAIM,D:\Design-history-知识库\教材章节知识模型转换\11_语义复核批次\BATCH-003-CH02-EXPANDED\mappings\B0102_章节映射.csv
B0102,1.5,C,V2,race_slavery_and_design_in_us_chapter3,第三版在第3章新增种族维度：制度性奴隶制与种族偏见限制设计品流通，David Drake签名奴隶陶罐、Jim Crow隔离、邮购目录对黑人消费者的「色盲」市场,证据边界为clean第1174—1181行，属第二版没有的实质性新增段落；David Drake个案可作匿名设计/被遮蔽作者案例,回查Ch3末「writing the history of modern design demands a consideration of race」段落原文,ACCEPTED_AS_NEW_EDITION_CONTENT,D:\Design-history-知识库\教材章节知识模型转换\11_语义复核批次\BATCH-003-CH02-EXPANDED\mappings\B0102_章节映射.csv
B0102,2.6,B,V2,islamic_west_asia_north_africa_decorative_arts_and_orientalism,GI II（第三版新增）：穆斯林西亚与北非的几何/书法装饰传统（arabesque、girih）被东方主义透镜消费，修正Owen Jones将伊斯兰装饰抽象为「普遍原则」的解读，并指博览会中伊斯兰展区被异国情调化,证据边界为clean第1587行起GI II正文与P4分章报告；插章为概述式引入，不能替代B0463等专史,回查GI II正文确认对Jones的批判与「摩尔式」风格表述,ACCEPTED_AS_NEW_EDITION_CONTENT,D:\Design-history-知识库\教材章节知识模型转换\11_语义复核批次\BATCH-003-CH02-EXPANDED\mappings\B0102_章节映射.csv
B0102,2.6,B,V2,central_west_africa_colonial_exploitation_and_design,GI III（第三版新增）：中非西非发达的物质文化（染色编织、仪式用品）与欧洲殖民掠夺并置，刚果象牙橡胶贸易、Vlisco面向非洲市场的蜡染布、先锋派形式挪用的权力不对称,证据边界为clean第3227—3242行GI III正文与P4分章报告；殖民掠夺史实须回P0档案,回查GI III正文确认Leopold二世刚果与Vlisco论述,ACCEPTED_AS_NEW_EDITION_CONTENT,D:\Design-history-知识库\教材章节知识模型转换\11_语义复核批次\BATCH-003-CH02-EXPANDED\mappings\B0102_章节映射.csv
B0102,2.7,B,V2,china_sinosphere_trade_and_technological_transfer,GI I（第三版新增）：18世纪欧洲设计繁荣依赖与中国的贸易与技术转移（瓷器、丝绸、茶叶、造纸印刷、分工工厂制），欧洲瓷厂经工业间谍破解高岭土配方，外销瓷构成早期文化混血,证据边界为clean第828—871行GI I正文与P4分章报告；属第二版未系统展开的新增内容,回查GI I全文确认Meissen 1708、d'Entrecolles信件、纹章瓷等细节,ACCEPTED_AS_NEW_EDITION_CONTENT,D:\Design-history-知识库\教材章节知识模型转换\11_语义复核批次\BATCH-003-CH02-EXPANDED\mappings\B0102_章节映射.csv
B0102,2.7,X,V2,japonisme_aesthetic_and_art_nouveau_unchanged_from_second_edition,唯美主义、日本主义与新艺术运动等第二版已覆盖且第三版未实质改写的内容（B0101的2.5/2.7主题）不独立计证；GI V日本聚焦战后，与19世纪日本主义主题不重复,证据边界为B0101卡2.5/2.7与clean第6章文本对照,回查第6章确认相对第二版无实质修订后再维持排除,EXCLUDED_AS_SHARED_WITH_SECOND_EDITION,D:\Design-history-知识库\教材章节知识模型转换\11_语义复核批次\BATCH-003-CH02-EXPANDED\mappings\B0102_章节映射.csv
B0102,7.7,C,V2,postwar_japan_design_policy_and_global_brands,GI V（第三版新增）：战后日本以设计立国——MITI政策、G-Mark（1957）、Sony TR-610与Walkman、蝴蝶凳、1964东京奥运海报、民艺运动与MUJI，构成「现代主义=西方」的挑战案例,证据边界为clean第6611行起GI V正文与P4分章报告；插章为概述，制度细节须回日本设计史专书,回查GI V正文确认Sony、G-Mark、民艺、MUJI等案例表述,ACCEPTED_AS_NEW_EDITION_CONTENT,D:\Design-history-知识库\教材章节知识模型转换\11_语义复核批次\BATCH-003-CH02-EXPANDED\mappings\B0102_章节映射.csv
B0102,8.6,C,V2,latin_america_modernism_and_indigenous_design,GI IV（第三版新增）：拉丁美洲另类现代主义（墨西哥Barragán、巴西Brasília与热带木材家具）与前哥伦布及原住民设计传统（Navajo纺织、Pueblo陶器）被国际现代主义叙事忽略,证据边界为clean第5215行起GI IV正文与P4分章报告；插章概述不能替代拉美专史,回查GI IV正文确认Barragán、Niemeyer、原住民案例的覆盖深度,ACCEPTED_AS_NEW_EDITION_CONTENT,D:\Design-history-知识库\教材章节知识模型转换\11_语义复核批次\BATCH-003-CH02-EXPANDED\mappings\B0102_章节映射.csv
B0102,12.3,C,V2,redesign_obsolescence_circular_economy_and_growth_critique,第16章「Redesign versus Obsolescence」讨论Fairphone、Patagonia反消费广告、Cradle to Cradle与循环经济，并以「Contemporary Design and Economic Growth」小节质疑GDP增长范式的设计伦理,证据边界为clean第7811—7816行GDP批判段与P4第16章报告；GDP批判是作者命题而非公认结论,回查Redesign小节与GDP批判段落原文确认案例表述,ACCEPTED_AS_NEW_EDITION_CONTENT,D:\Design-history-知识库\教材章节知识模型转换\11_语义复核批次\BATCH-003-CH02-EXPANDED\mappings\B0102_章节映射.csv
B0102,13.5,C,V2,revisiting_china_contemporary_design_soft_power,GI VI（第三版新增）：从毛时代宣传画到改革开放后世界工厂与品牌输出，2008奥运与2010上海世博会作为国家形象设计事件，以软实力框架分析中国设计，并提示供应链强制劳动与环境代价,证据边界为clean第8199—8250行GI VI正文与P4分章报告；「软实力」是作者框架命题，Uyghur强制劳动表述须回P0来源,回查GI VI正文确认「软实力」、鸟巢、中国馆、Uyghur强制劳动表述,ACCEPTED_AS_NEW_EDITION_CONTENT,D:\Design-history-知识库\教材章节知识模型转换\11_语义复核批次\BATCH-003-CH02-EXPANDED\mappings\B0102_章节映射.csv
B0102,15.5,B,V2,covid19_pandemic_as_design_event,第16章将COVID-19作为设计的历史事件：设计师参与防护装备、信息图表与疫苗监测，但「contributed but did not own change」，并揭示全球供应链脆弱与本地化生产需求,证据边界为clean第6702—6704、7798—7809行（Part VI引言与第16章COVID小节）；事件仍在展开，时效性强,回查第16章COVID小节原文确认Dyson呼吸机、CPAP改造等案例,ACCEPTED_AS_NEW_EDITION_CONTENT,D:\Design-history-知识库\教材章节知识模型转换\11_语义复核批次\BATCH-003-CH02-EXPANDED\mappings\B0102_章节映射.csv
B0102,16.1,C,V2,ai_smart_autonomous_products_and_service_design,第16章新增AI与自主产品小节（generative design、智能产品改变设计师角色）与服务设计小节（将Herbert Simon定义落地于健康、金融、政府服务），并重审「设计-制作」「设计-营销」之后的「设计-AI」再分配,证据边界为clean第7986—8004行及第16章小节标题；AI命题属作者2023年判断，须与14.5服务设计专史对读,"回查「Artificial Intelligence, Smart, and Autonomous Products」与「Service Design」小节原文",ACCEPTED_AS_NEW_EDITION_CONTENT,D:\Design-history-知识库\教材章节知识模型转换\11_语义复核批次\BATCH-003-CH02-EXPANDED\mappings\B0102_章节映射.csv
B0121,0.3,A,V2,relational_history_multicity_network,本书为“从英雄谱系到关系史”的直接范例：以人物穿越（Tzara/Arp/Picabia各跨5章）与期刊流通替代单线谱系；结构上反对“达达→超现实主义”线性叙事（对照Barr 1936、Rubin 1968、Ades 1978）,编辑结构≠论证结论：各章叙述仍以个体艺术家为核心；关系史主张须限定于本书框架层面,clean目录结构（六城标题行841/1842/2730/3416/4001/4745）,ACCEPTED_AS_CORE_SOURCE,D:\Design-history-知识库\教材章节知识模型转换\11_语义复核批次\BATCH-004-CH03-AVANTGARDE\mappings\B0121_章节映射.csv
B0121,0.4,A,V2,dada_objects_as_historical_sources,人工物作为史料的方法示范：蒙太奇作品、期刊、海报、展览装置成为重建达达历史的主要证据；Doherty将广告标签、产品标签、Klebestuben剪贴簿等非艺术材料赋予与作品同等分析权重；Merzbau以照片与文字留存,对象证据须区分制作意图与实际社会生命（如Stieglitz摄影“制造”了新的Fountain）；已毁对象（Merzbau、多数表演）只能经中介证据间接进入史料,clean行1902—1964、2979—2989、4248,ACCEPTED_AS_CORE_SOURCE,D:\Design-history-知识库\教材章节知识模型转换\11_语义复核批次\BATCH-004-CH03-AVANTGARDE\mappings\B0121_章节映射.csv
B0121,0.5,B,V2,evidence_type_mix_dada_sources,本书是证据类型混用的完整样本：宣言/日记、回忆录、期刊、报纸评论、照片档案、技术分析（God颜料分析）、审查档案；各章作者对记忆性史料明确标注“事后建构”,本书是证据使用的实例而非证据方法论专著；各章证据权重不一（Berlin重回忆录、Cologne重共时档案），跨章使用时须注明来源类型差异,clean行4370（1915报纸访谈注12）,ACCEPTED_AS_CORE_SOURCE,D:\Design-history-知识库\教材章节知识模型转换\11_语义复核批次\BATCH-004-CH03-AVANTGARDE\mappings\B0121_章节映射.csv
B0121,0.6,A,V2,dada_anti_archive_and_self_historicizing_paradox,证据偏差核心案例：达达反档案立场（偶发、反收藏）与史料留存悖论——“自我历史化冲动”自1916年Cabaret Voltaire期刊即开始，Huelsenbeck 1920年即出版两部运动史，战后回忆录再塑叙事；博物馆展示达达的讽刺性被导论坦承,自我历史化叙事本身是行动者话语（P0）：回忆录存在年代失真与相互矛盾；“史料留存悖论”须与达达的自我记录行为并置陈述，不可只取反档案一面,clean行709、1059、827,ACCEPTED_AS_CORE_SOURCE,D:\Design-history-知识库\教材章节知识模型转换\11_语义复核批次\BATCH-004-CH03-AVANTGARDE\mappings\B0121_章节映射.csv
B0121,0.7,B,V2,six_city_model_as_global_network_frame,六城模型提供跨国设计史的空间化框架：共时节点并列、跨大西洋维度（纽约—巴黎）、人物与期刊流通作为全球网络证据；对“中心—边陲”再中心化风险有自反性讨论（导论提及罗马尼亚/日本却未展开）,本书非全球史专著：“六城模型是通过排除来定义”的知识策略，原始主义未关联殖民主义批判；0.7节引用时须标注框架局限,clean行540,ACCEPTED_AS_CORE_SOURCE,D:\Design-history-知识库\教材章节知识模型转换\11_语义复核批次\BATCH-004-CH03-AVANTGARDE\mappings\B0121_章节映射.csv
B0121,3.1,A,V2,modern_shock_war_and_media_double_crisis,达达诞生于一战创伤与摄影画报、广播、电影、广告等现代媒介文化爆炸的双重危机交叉点；导论“现代震惊→达达战术→达达诊断学”框架；Benjamin弹道学比喻置于诊断学语境,该框架是主编导论的主张，非六章统一结论（各章对“震撼”的具体形式理解不同）；Benjamin分析为1936年事后理论，不能当作1916—20年当时接受证据,clean行546—657、619、623,ACCEPTED_AS_CORE_SOURCE,D:\Design-history-知识库\教材章节知识模型转换\11_语义复核批次\BATCH-004-CH03-AVANTGARDE\mappings\B0121_章节映射.csv
B0121,3.1,B,V2,war_maimed_body_machine_perception,战争伤残与机械感知的视觉案例：柏林假肢/战争残废与Hausmann Dadasoph假肢头、Grosz自画像阉割主题；纽约Picabia机械形态画与Man Ray蛋搅拌器/衣夹的机器-身体美学；科隆Ernst生物-机械杂合体,作品解读属作者形式分析+语境嵌入的诠释，观众感知证据薄弱（仅报纸评论等零散佐证）；“机械感知”多为作品图像学层面的推断而非实测接受,clean行2089—2097、4232—4257、3542、4851—4853,ACCEPTED_AS_CORE_SOURCE,D:\Design-history-知识库\教材章节知识模型转换\11_语义复核批次\BATCH-004-CH03-AVANTGARDE\mappings\B0121_章节映射.csv
B0121,3.2,B,V2,dada_vs_futurism_tactics_vs_style_war,导论以对立建构法区分达达（战术/反战/怀疑集体）与未来主义（风格/好战）及表现主义；声音诗谱系追溯至未来主义噪音诗（Bruitism）；两运动对战争立场构成直接对照,本书非未来主义专论，比较仅见于导论框架性段落与苏黎世章谱系追溯，未系统展开；不得据此断言未来主义本身内容,clean行605—607、947,ACCEPTED_AS_CORE_SOURCE,D:\Design-history-知识库\教材章节知识模型转换\11_语义复核批次\BATCH-004-CH03-AVANTGARDE\mappings\B0121_章节映射.csv
B0121,3.3,A,V2,dada_photomontage_as_war_media_practice,柏林摄影蒙太奇是从一战物质条件（审查、Liebesgaben关爱包裹、士兵纪念照、Klebestuben粘合室、代用品经济）中涌现的集体实践而非个人发明；Doherty并置Hausmann/Höch/Grosz/Heartfield/Herzfelde五种矛盾的发明叙事；Scholz《工业农民》为关键对象证据,五种起源叙事均为事后回忆（1958—1966年写作），属记忆性史料；“发明”主张是行动者话语（P0），可证意图不可证观众接受；蒙太奇的政治效果论断部分依赖作者图像学诠释,clean行1902—1964、1916—1931、1929,ACCEPTED_AS_CORE_SOURCE,D:\Design-history-知识库\教材章节知识模型转换\11_语义复核批次\BATCH-004-CH03-AVANTGARDE\mappings\B0121_章节映射.csv
B0121,3.3,A,V2,merz_as_material_equality_and_connection,施维特斯Merz原则：“所有材料权利平等”（婴儿车轮、铁丝网、棉线与颜料同权）、“und”（连接）作为方法论；Merzbild层叠结构、Ursonate、Merzbau构成跨媒介扩展；与柏林Club Dada的排斥冲突定义“政治达达vs艺术达达”张力,Merz宣言是艺术家自我陈述（P0），“权利平等”是制作意图而非作品效果证据；Hannover章大量依赖Schwitters自述；Merzbau已毁，仅存照片与文字,clean行2840—2842、2862—2863、2846—2848、2979—2989,ACCEPTED_AS_CORE_SOURCE,D:\Design-history-知识库\教材章节知识模型转换\11_语义复核批次\BATCH-004-CH03-AVANTGARDE\mappings\B0121_章节映射.csv
B0121,3.3,B,V2,readymade_as_selection_displacement_variant,纽约现成品（Fountain、Bottle Rack）作为“选择即创造”的蒙太奇逻辑变体：Duchamp审美冷漠与柏林“新材料”、Man Ray拾得物的明确区分；Stieglitz对Fountain的摄影改变对象接受；Rrose Sélavy为消费文化品牌戏仿,现成品与拼贴/蒙太奇的统一谱系是P4演化链整合，原书Taylor坚持纽约达达与欧洲达达“平行独立起源”；Fountain被拒事件部分依赖事后回忆与媒体转述,clean行4232—4250、4248、4543—4567、4342—4344,ACCEPTED_AS_CORE_SOURCE,D:\Design-history-知识库\教材章节知识模型转换\11_语义复核批次\BATCH-004-CH03-AVANTGARDE\mappings\B0121_章节映射.csv
B0121,3.4,C,V2,dada_russian_avantgarde_indirect_links,导论对比达达（怀疑集体）与俄国前卫（信仰集体）；El Lissitzky与Schwitters合作、Dreier通过Société Anonyme向美国传输欧洲达达构成跨前卫网络触点,本书无俄国构成主义/生产主义系统论述，以上仅为间接提及的网络连接事实；3.4节主证据须另寻来源,clean行540、2736、4299—4312,ACCEPTED_AS_CORE_SOURCE,D:\Design-history-知识库\教材章节知识模型转换\11_语义复核批次\BATCH-004-CH03-AVANTGARDE\mappings\B0121_章节映射.csv
B0121,3.6,A,V2,dada_periodical_typography_and_branding,达达期刊作为传播机制的版式设计：Tzara将Dada期刊小报化（Bulletin Dada/Dadaphone）、“Administration Mouvement Dada”公司式信纸品牌化；Anna Blume诗集封面、Merz 1 Holland Dada封面、Der Ventilator版面与笔名策略、排版诗（Gesetztes Bildgedicht）,展览图录以艺术史视角分析期刊传播功能，非设计史式版面分析；期刊内容在clean中有文本，版面视觉须回图版；Tzara品牌化兼有行动者自述成分,clean行1053—1117、2934—2949、3453—3509、4797—4867,ACCEPTED_AS_CORE_SOURCE,D:\Design-history-知识库\教材章节知识模型转换\11_语义复核批次\BATCH-004-CH03-AVANTGARDE\mappings\B0121_章节映射.csv
B0121,3.6,C,V2,dada_exhibition_space_design,达达展览空间作为设计对象：Dada-Vorfrühling男厕所通道（红水鱼缸、玩偶头、闹钟、斧头）、Salon Dada空间（悬挂雨伞烟斗领带、“Dada是世界最大骗局”广告词覆盖）、1920年博览会装置布局,展览描述依赖照片与事后叙述，多属行动者/媒体转述（P0边缘）；属展览设计史边缘案例，非本书主线；clean中空间证据为图像占位符,clean行3620—3656、4843—4865、623,ACCEPTED_AS_CORE_SOURCE,D:\Design-history-知识库\教材章节知识模型转换\11_语义复核批次\BATCH-004-CH03-AVANTGARDE\mappings\B0121_章节映射.csv
B0121,3.7,A,V2,transnational_dada_network_periodicals_travel,达达作为去中心化跨国网络：期刊（391、Dada 1–7、Littérature、Der Ventilator、Merz）构成知识流通通道；人物迁移（Tzara苏黎世→巴黎、Picabia纽约↔苏黎世、Ernst科隆→巴黎、Man Ray/Duchamp纽约→巴黎）；邮政网络（Mouvement Dada信纸列出各城分支）；六城并列反对单一中心,网络模型是导论主编框架+各章人物穿越的合成，原书未给网络理论定义；六城模型排除罗马尼亚/日本等边陲，引用时须注明其中心化残余,clean行540—541、各章人物迁移叙述,ACCEPTED_AS_CORE_SOURCE,D:\Design-history-知识库\教材章节知识模型转换\11_语义复核批次\BATCH-004-CH03-AVANTGARDE\mappings\B0121_章节映射.csv
B0130,0.3,A,V2,decline_paradigm_and_bottom_up_manufacturing_history,制造业史须分别检查家庭作坊行会工厂国内市场和出口而不能用工厂或行会单一指标判断衰落,作者的修正主义结论仍受领事档案和统计口径限制,回奥斯曼档案、地区数据及反方去工业化研究,ACCEPTED_WITH_COUNTERARGUMENT,D:\Design-history-知识库\教材章节知识模型转换\11_语义复核批次\BATCH-002-CH01-EXPANDED\mappings\B0130_章节映射.csv
B0130,0.6,B,V2,women_children_and_consular_archive_bias,女性儿童乡村家庭和非行会劳动是制造业结构性组成且易被城市与工厂档案遮蔽,领事报告仍以外部管理和商业视角记录劳动者,补女性主体材料、工资、家庭账簿与地方档案,ACCEPTED_AS_EVIDENCE_AUDIT,D:\Design-history-知识库\教材章节知识模型转换\11_语义复核批次\BATCH-002-CH01-EXPANDED\mappings\B0130_章节映射.csv
B0130,1.1,A,V2,household_workshop_and_putting_out_knowledge,家庭作坊外放制和城乡联系可长期承载纺织技能与市场生产,不能把存续自动解释为自由自主或技术不变,补工具、工序、学徒、家庭与劳动合同材料,ACCEPTED_WITH_LIMITS,D:\Design-history-知识库\教材章节知识模型转换\11_语义复核批次\BATCH-002-CH01-EXPANDED\mappings\B0130_章节映射.csv
B0130,1.2,A,V2,hand_machine_imported_yarn_and_scale,手纺进口机纱地方织造和机械工厂按地区与市场条件并存并改变生产尺度,本书不提供统一机器性能比较且部分数据估算不稳,补机器、动力、产量、成本和质量记录,ACCEPTED_WITH_COUNTERSOURCE_REQUIRED,D:\Design-history-知识库\教材章节知识模型转换\11_语义复核批次\BATCH-002-CH01-EXPANDED\mappings\B0130_章节映射.csv
B0130,1.3,B,V2,putting_out_and_gendered_division_of_labor,商人外放网络、家庭劳动和城市作坊重组工序与监督关系,不足以重建图样制模规格与设计指令权力,补图样、订单、监督、承包和工资档案,ACCEPTED_AS_SUPPORT,D:\Design-history-知识库\教材章节知识模型转换\11_语义复核批次\BATCH-002-CH01-EXPANDED\mappings\B0130_章节映射.csv
B0130,1.4,A,V2,cotton_yarn_dyes_and_material_substitution,原棉、进口纱、天然与合成染料及羊毛丝料的替代直接改变生产和产品类型,材料替代的具体形式效果仍需对象与技术分析,补纤维染料配方样品和供应链资料,ACCEPTED_WITH_OBJECT_FOLLOWUP,D:\Design-history-知识库\教材章节知识模型转换\11_语义复核批次\BATCH-002-CH01-EXPANDED\mappings\B0130_章节映射.csv
B0130,1.5,B,V2,distributed_actors_in_ottoman_manufacturing,家庭成员、商人、行会、工场、工厂主与国家共同组织制造,不能据此确定特定地毯或纺织品的作者与设计责任,逐对象补委托、样稿、生产和销售责任链,ACCEPTED_AS_SUPPORT,D:\Design-history-知识库\教材章节知识模型转换\11_语义复核批次\BATCH-002-CH01-EXPANDED\mappings\B0130_章节映射.csv
B0130,1.7,A,V2,ottoman_regional_mixed_production,奥斯曼各区域呈现家庭手工、外放制和机械生产的非同步混合路径,奥斯曼经验不能代表印度、中国或全部伊斯兰地区,与B0086、B0259、B0334及地方研究比较,ACCEPTED_WITH_COUNTERSOURCE_REQUIRED,D:\Design-history-知识库\教材章节知识模型转换\11_语义复核批次\BATCH-002-CH01-EXPANDED\mappings\B0130_章节映射.csv
B0130,2.4,B,V2,domestic_market_and_demand,国内市场和地区消费者需求可支撑制造业适应与产品调整,不是百货商店、广告、信用或普通消费者声音的专门史,补零售档案、价格、账本、广告和使用材料,ACCEPTED_AS_STRUCTURAL_SUPPORT,D:\Design-history-知识库\教材章节知识模型转换\11_语义复核批次\BATCH-002-CH01-EXPANDED\mappings\B0130_章节映射.csv
B0130,2.7,A,V2,imports_local_adaptation_and_regional_modernity,进口纱与染料、出口地毯需求和地方技能之间形成选择性重组而非简单替代,跨境适应可能以低工资和不平等贸易为条件,补样稿、买方规格、地方生产者与使用者材料,ACCEPTED_WITH_LABOR_LIMIT,D:\Design-history-知识库\教材章节知识模型转换\11_语义复核批次\BATCH-002-CH01-EXPANDED\mappings\B0130_章节映射.csv
B0132,1.1,A,V2,distributed_skill_workshop_and_putting_out,家庭工业作坊外包网络与工匠合作可同时承载创新和技能传递,英国1700至1820案例且具体工艺需对象证据,作坊账簿学徒记录工具对象与地方产业档案,ACCEPTED_WITH_LIMITS,D:\Design-history-知识库\教材章节知识模型转换\11_语义复核批次\BATCH-001-CH01-CH02\mappings\B0132_章节映射.csv
B0132,1.2,A,V2,technology_energy_and_scale_choice,技术与规模选择受能源资本技能选址法律和劳动关系共同塑造,社会选择不等于否认机器性能差异,技术测试成本账簿专利工厂记录与行业比较,ACCEPTED_WITH_LIMITS,D:\Design-history-知识库\教材章节知识模型转换\11_语义复核批次\BATCH-001-CH01-CH02\mappings\B0132_章节映射.csv
B0132,1.3,B,V2,labour_division_skill_and_control,技能定义性别分工和组织监督共同重组工序权力,不能覆盖图样制模规格和监督全部链条,补设计图纸技术手册企业档案和工人证言,ACCEPTED_AS_SUPPORT,D:\Design-history-知识库\教材章节知识模型转换\11_语义复核批次\BATCH-001-CH01-CH02\mappings\B0132_章节映射.csv
B0132,1.4,B,V2,material_energy_tool_system,水力蒸汽原料工具价格与技能生态共同构成材料生产系统,缺少教材选定对象的材料测试和供应链细节,补材料史矿业运输企业采购与实验记录,ACCEPTED_AS_SUPPORT,D:\Design-history-知识库\教材章节知识模型转换\11_语义复核批次\BATCH-001-CH01-CH02\mappings\B0132_章节映射.csv
B0132,1.5,B,V2,factory_management_and_distributed_design_work,工厂是监督工时和劳动强度的管理创新且构思与技能仍可分散,不足以单独证明匿名设计责任和署名制度,补企业组织图工资簿图样制模记录专利与署名材料,ACCEPTED_AS_SUPPORT,D:\Design-history-知识库\教材章节知识模型转换\11_语义复核批次\BATCH-001-CH01-CH02\mappings\B0132_章节映射.csv
B0132,1.6,C,V2,manufacture_and_skill_concept_context,制造工艺技能与工业化的概念边界可作为术语讨论背景,不是design术语史或职业制度专著,补词源设计期刊院校企业职位与行业组织记录,CONTEXT_ONLY,D:\Design-history-知识库\教材章节知识模型转换\11_语义复核批次\BATCH-001-CH01-CH02\mappings\B0132_章节映射.csv
B0132,1.7,A,V2,regional_and_hybrid_production,区域专业化去工业化与新旧技术组织并存可同时发生,英国经验不能直接外推全球,补欧洲亚洲殖民地与区域微观研究,ACCEPTED_WITH_COUNTERSOURCE_REQUIRED,D:\Design-history-知识库\教材章节知识模型转换\11_语义复核批次\BATCH-001-CH01-CH02\mappings\B0132_章节映射.csv
B0132,2.4,B,V2,consumption_manufacturing_prehistory,消费需求进口替代和女性化商品参与塑造制造业方向,不能直接证明19世纪百货商店制度且必须保留帝国奴隶制条件,补零售档案家庭账本商品对象殖民贸易与强制劳动研究,ACCEPTED_AS_PREHISTORY,D:\Design-history-知识库\教材章节知识模型转换\11_语义复核批次\BATCH-001-CH01-CH02\mappings\B0132_章节映射.csv
B0132,9.3,C,V2,gendered_work_long_duration_prehistory,技术和技能的性别化可为战后职业与物品分析提供长时段问题,时段不匹配且不能支持战后事实,补战后职业统计企业档案院校记录和物品使用研究,CONTEXT_ONLY,D:\Design-history-知识库\教材章节知识模型转换\11_语义复核批次\BATCH-001-CH01-CH02\mappings\B0132_章节映射.csv
B0133,0.3,A,V2,political_intellectual_biography_and_reconstruction,思想史可把文学、讲演、组织行动和历史条件相互校验，并公开说明重构过程,重构的体系不能归为行动者亲自完成的单一理论,逐命题注明莫里斯原文或Thompson解释,ACCEPTED_AS_METHOD,D:\Design-history-知识库\教材章节知识模型转换\11_语义复核批次\BATCH-003-CH02-EXPANDED\mappings\B0133_章节映射.csv
B0133,0.5,A,V2,works_letters_press_and_socialist_archives,作品、书信、讲演、报刊和组织档案可追踪概念在不同时期的变化,当前V2抽查未完成所有引文、档案和版次核定,回莫里斯原集、同期报刊、组织档案和实际页码,ACCEPTED_AS_SOURCE_METHOD,D:\Design-history-知识库\教材章节知识模型转换\11_语义复核批次\BATCH-003-CH02-EXPANDED\mappings\B0133_章节映射.csv
B0133,0.6,A,V2,author_commitment_morris_center_gender_worker_and_version_bias,作者政治承诺、莫里斯中心、家庭／女性／工人缺口和1955／1976层次须进入审计,作者自我反思不消除这些限制,补企业史、劳动史、女性与家庭材料及不同版本对照,ACCEPTED_AS_EVIDENCE_AUDIT,D:\Design-history-知识库\教材章节知识模型转换\11_语义复核批次\BATCH-003-CH02-EXPANDED\mappings\B0133_章节映射.csv
B0133,1.6,B,V2,art_architecture_decorative_art_and_worker_artist_concepts,莫里斯对建筑、装饰艺术、艺术家与工人的区分可用于19世纪设计概念史,政治思想传记不能独立说明行业职位和职业制度,补同期职位、企业、学校与行业组织材料,ACCEPTED_AS_CONCEPT_HISTORY_SUPPORT,D:\Design-history-知识库\教材章节知识模型转换\11_语义复核批次\BATCH-003-CH02-EXPANDED\mappings\B0133_章节映射.csv
B0133,2.3,A,V2,morris_labour_capitalism_socialism_and_utopian_desire,莫里斯把艺术—劳动问题指向利润生产、阶级关系、使用价值和欲望教育，构成工艺美术政治的核心解释,‘必要与欲望’是Thompson重构；莫里斯政治不能代表企业实际劳动关系,与莫里斯原文、B0070、工人材料和反对者文献对读,ACCEPTED_AS_CORE_INTERPRETATION,D:\Design-history-知识库\教材章节知识模型转换\11_语义复核批次\BATCH-003-CH02-EXPANDED\mappings\B0133_章节映射.csv
B0133,2.4,C,V2,use_profit_luxury_and_consumption_critique,使用、利润、奢侈与社会必要之间的关系可为消费批判提供思想背景,不含百货、广告、信用或消费者行为的充分材料,补零售制度、价格、广告、消费者与家庭使用材料,CONTEXT_ONLY,D:\Design-history-知识库\教材章节知识模型转换\11_语义复核批次\BATCH-003-CH02-EXPANDED\mappings\B0133_章节映射.csv
B0133,2.5,B,V2,architecture_as_total_art_and_life_framework,建筑作为关联装饰艺术、劳动与生活的总体框架可解释整体环境理想,思想框架不能替代具体室内、对象、作者和使用史,补图纸、对象、委托、工场、家庭和视觉核验,ACCEPTED_WITH_OBJECT_FOLLOWUP,D:\Design-history-知识库\教材章节知识模型转换\11_语义复核批次\BATCH-003-CH02-EXPANDED\mappings\B0133_章节映射.csv
B0133,2.6,C,V2,anti_imperial_politics_without_display_history,莫里斯的反帝国政治可提示工艺美术与帝国的内部矛盾,本书不能承担世界博览会分类、殖民物质流动或被殖民者经验,补展览、贸易、殖民档案和来源社会材料,CONTEXT_ONLY_NOT_COLONIAL_CORE,D:\Design-history-知识库\教材章节知识模型转换\11_语义复核批次\BATCH-003-CH02-EXPANDED\mappings\B0133_章节映射.csv
B0133,2.7,C,V2,ideas_translation_without_material_transfer_chain,莫里斯文本的国际传播可作为思想转译入口,不等于棉布、陶瓷、纹样或日本主义的物质迁移机制,补翻译、出版、旅行、贸易、对象和地方生产,CONTEXT_ONLY,D:\Design-history-知识库\教材章节知识模型转换\11_语义复核批次\BATCH-003-CH02-EXPANDED\mappings\B0133_章节映射.csv
B0133,11.5,C,V2,anti_capitalist_design_critique_prehistory,对资本主义劳动、商品和欲望的批判可作为战后设计批评的长时段前史,不能用19世纪思想直接证明战后反设计运动的组织、对象或接受,补战后行动者文本、团体、对象和政治语境,CONTEXT_ONLY_AS_PREHISTORY,D:\Design-history-知识库\教材章节知识模型转换\11_语义复核批次\BATCH-003-CH02-EXPANDED\mappings\B0133_章节映射.csv
B0133,15.5,C,V2,necessity_desire_and_utopian_imagination_genealogy,必要、欲望与乌托邦想象可作为当代转型设计讨论的一条思想谱系,不能把Thompson重构当作当代设计方法或文明尺度结论,补当代理论、实践、参与者和效果研究,CONTEXT_ONLY_AS_GENEALOGY,D:\Design-history-知识库\教材章节知识模型转换\11_语义复核批次\BATCH-003-CH02-EXPANDED\mappings\B0133_章节映射.csv
B0143,0.2,A,V2,modernity_fashion_theory,时尚是现代性不可分割的文化表达形式：现代性=城市社会的碰撞动力、变化渴求与强化感觉，时尚以其歇斯底里与夸张表达现代性；其本质是“现代主义式的反讽”,理论命题（作者核心框架）；个案为文学与历史例证,回查clean L240-241,ACCEPTED_AS_CORE_SOURCE,D:\Design-history-知识库\教材章节知识模型转换\11_语义复核批次\BATCH-007-CH06-EASTASIA\mappings\B0143_章节映射.csv
B0143,0.2,A,V2,ambiguity_double_face,时尚兼具艺术与商品、解放与压迫的双重面孔，是资本主义内在矛盾的象征性体现——曖昧性概念框架,理论命题，跨章论证,回查clean L240-255,ACCEPTED_AS_CORE_SOURCE,D:\Design-history-知识库\教材章节知识模型转换\11_语义复核批次\BATCH-007-CH06-EASTASIA\mappings\B0143_章节映射.csv
B0143,0.6,B,V2,gender_evidence_bias_reflection,时尚产业依赖世界性女性廉价劳动剥削；女性在消费史中长期以“被观看者”出现而劳动者与生产者身份被遮蔽,本书自身即女性主义立场文本，其性别叙事同样带有立场偏差，用作偏差分析时须双向审视,回查clean第280—298行,ACCEPTED_AS_SUPPORTING_SOURCE,D:\Design-history-知识库\教材章节知识模型转换\11_语义复核批次\BATCH-007-CH06-EASTASIA\mappings\B0143_章节映射.csv
B0143,2.4,B,V2,department_store_desire_machinery,百货商店通过陈列、橱窗与空间封闭性组织消费欲望，是19世纪中产阶级女性少数可合法独自出现的公共空间,以左拉小说与英法案例为主，属理论-文学综合证据，具体商店机制须与百货公司档案互证,回查clean第759行“铰链”命题,ACCEPTED_AS_SUPPORTING_SOURCE,D:\Design-history-知识库\教材章节知识模型转换\11_语义复核批次\BATCH-007-CH06-EASTASIA\mappings\B0143_章节映射.csv
B0143,3.1,C,V2,urban_mechanical_perception,现代都市以视觉优先性（“眼睛的活动压倒耳朵的活动”）与速度体验重构感知，“丑的美学”是这一感知结构的审美表达,本书聚焦时尚的都市感知而非战争/先锋派视觉实验，与3.1主题部分交叉,回查clean第240—241行,ACCEPTED_AS_CONTEXTUAL_SOURCE,D:\Design-history-知识库\教材章节知识模型转换\11_语义复核批次\BATCH-007-CH06-EASTASIA\mappings\B0143_章节映射.csv
B0143,5.2,B,V2,us_mass_consumption_fashion,美国大众消费体系中时尚通过百货商店、连锁零售、电影明星形象与杂志类型学组织欲望，消费成为身份表达手段,案例为理论引证而非系统美国消费史，须与教材5.2史料互证,回查clean第306行外的Ch07/Ch08内容,ACCEPTED_AS_SUPPORTING_SOURCE,D:\Design-history-知识库\教材章节知识模型转换\11_语义复核批次\BATCH-007-CH06-EASTASIA\mappings\B0143_章节映射.csv
B0143,6.4,B,V2,urban_fashion_modernity,时尚是现代都市生活的核心维度：百货商店创造“与外部世界完全分离的消费梦幻世界”，将购物建构为独立休闲与审美体验，是现代女性形象的塑造空间,提供消费文化机制理论而非上海在地史料；上海仅一处转引（clean第306行），须与上海百货公司一手史料互证,回查clean第306行；packet Ch07论点2,ACCEPTED_AS_SUPPORTING_SOURCE,D:\Design-history-知识库\教材章节知识模型转换\11_语义复核批次\BATCH-007-CH06-EASTASIA\mappings\B0143_章节映射.csv
B0143,9.1,C,V2,affluent_society_consumer_citizen_theory,消费不仅是生产结束后的被动环节，时尚消费将个体建构为身份表演者，消费公民身份通过着装类型学形成,战后丰裕社会史料非本书重心，理论机制可借鉴、个案不可直接借用,回查clean第278—282行,ACCEPTED_AS_CONTEXTUAL_SOURCE,D:\Design-history-知识库\教材章节知识模型转换\11_语义复核批次\BATCH-007-CH06-EASTASIA\mappings\B0143_章节映射.csv
B0143,9.2,C,V2,domestic_labor_family_ideology,19世纪资产阶级“家中的天使”意识形态将女性限定于家庭领域，“优雅如同家务劳动”揭示装饰性劳动与家庭劳动的同一性,家庭劳动/家电主题仅作为性别意识形态背景出现,packet Ch06论点2、论点4,ACCEPTED_AS_CONTEXTUAL_SOURCE,D:\Design-history-知识库\教材章节知识模型转换\11_语义复核批次\BATCH-007-CH06-EASTASIA\mappings\B0143_章节映射.csv
B0143,9.3,B,V2,gendered_occupation_objects,服装产业的分工与消费类型学按性别组织职业与物品：女性承担生产劳动却以“类型化”消费被建构为装饰性存在,性别分析框架可直接采用；职业史具体数据缺失，须补一手产业史料,回查clean第280—281、286—291行,ACCEPTED_AS_SUPPORTING_SOURCE,D:\Design-history-知识库\教材章节知识模型转换\11_语义复核批次\BATCH-007-CH06-EASTASIA\mappings\B0143_章节映射.csv
B0143,9.4,B,V2,youth_subculture_commercial_absorption,青年亚文化着装（泰迪男孩、摩登族、嬉皮士、朋克）构成非正式政治表达传统，并经历从异议到商业吸收的周期,英国案例为主，音乐/杂志维度仅触及，须与教材9.4其他媒介史料互补,回查clean第2320行朋克案例,ACCEPTED_AS_SUPPORTING_SOURCE,D:\Design-history-知识库\教材章节知识模型转换\11_语义复核批次\BATCH-007-CH06-EASTASIA\mappings\B0143_章节映射.csv
B0143,11.1,B,V2,postmodern_crisis_social_conditions,消费社会、青年反叛、媒体扩张与郊区化共同构成现代主义危机的社会条件，时尚在其中既是症状也是批判媒介,后现代讨论集中于Ch12且以时尚维度为主,回查clean第816—817行,ACCEPTED_AS_SUPPORTING_SOURCE,D:\Design-history-知识库\教材章节知识模型转换\11_语义复核批次\BATCH-007-CH06-EASTASIA\mappings\B0143_章节映射.csv
B0143,11.6,B,V2,punk_subculture_dress,朋克以廉价俗气面料与“丑的美学”对现代性与品味概念进行自觉评论，构成对主流时尚系统的低技术反抗,本书证据为着装维度（PVC、仿豹纹、别针），自出版/图形维度缺失,回查clean第2320行,ACCEPTED_AS_SUPPORTING_SOURCE,D:\Design-history-知识库\教材章节知识模型转换\11_语义复核批次\BATCH-007-CH06-EASTASIA\mappings\B0143_章节映射.csv
B0143,11.7,C,V2,postmodern_global_diffusion,后现代时尚在非西方地区的选择性采用（如上海探戈案例中的西方服饰符号）同时携带现代化诱惑与殖民威胁,仅一处转引性案例，不足以支撑全球传播的系统论证,回查clean第304—306行,ACCEPTED_AS_CONTEXTUAL_SOURCE,D:\Design-history-知识库\教材章节知识模型转换\11_语义复核批次\BATCH-007-CH06-EASTASIA\mappings\B0143_章节映射.csv
B0143,13.2,C,V2,brand_system_globalization,全球化条件下时尚品牌成为资本主义矛盾的新形式，品牌作为文化结缔组织连接精英文化与大众消费,Ch12（2003年新增）对品牌资本主义的讨论概要性，缺乏中国品牌具体分析,packet Ch12分章报告；clean第3143行,ACCEPTED_AS_CONTEXTUAL_SOURCE,D:\Design-history-知识库\教材章节知识模型转换\11_语义复核批次\BATCH-007-CH06-EASTASIA\mappings\B0143_章节映射.csv
B0145,0.4,B,V2,artifact_material_history,人工物史料：洗衣机（1922 Model 80→1939 Master）、熨斗（sad iron→Mrs. Potts→Steam-O-Matic→Lady Light）、打字机形态演变的图录式实物记录,实物为Cooper-Hewitt展览藏品，图录照片为史料中介；形态解读含Lupton分析,clean第355、385—427、672—697行,ACCEPTED_AS_CORE_SOURCE,D:\Design-history-知识库\教材章节知识模型转换\11_语义复核批次\BATCH-006-CH05-COMMERCIAL\mappings\B0145_章节映射.csv
B0145,0.6,B,V2,gendered_evidence_bias,证据偏差（性别）：商业表征中打字机等机器“常规由女性的手赋予生命”，女性劳动者形象主要保存在广告与营销档案（Warshaw/Ayer Collection）中,档案性质判断基于书中图像来源标注；为Lupton对再现体系的观察,clean第722、485行,ACCEPTED_AS_CORE_SOURCE,D:\Design-history-知识库\教材章节知识模型转换\11_语义复核批次\BATCH-006-CH05-COMMERCIAL\mappings\B0145_章节映射.csv
B0145,5.2,B,V2,female_consumer_as_purchasing_agent,已婚女性作为家庭首席购买代理人，是消费经济与工业设计的主要目标（Lippincott 1947“90%消费者为女性”）,Lippincott引文与广告证据可证供给端定位，不能证明女性实际购买决策,clean第175、195—199行,ACCEPTED_AS_CORE_SOURCE,D:\Design-history-知识库\教材章节知识模型转换\11_语义复核批次\BATCH-006-CH05-COMMERCIAL\mappings\B0145_章节映射.csv
B0145,5.4,A,V2,appliance_streamlining,洗衣机、熨斗、打字机等家电与办公机器的流线型设计史：Maytag谱系（1922 Model 80→1930s）、Underwood流线型（1930s）、形态序列的历时分析,形态序列依据厂商广告与产品照片（Warshaw Collection等），为组织者话语；解读含Lupton分析,clean第355、385—427、672—712行,ACCEPTED_AS_CORE_SOURCE,D:\Design-history-知识库\教材章节知识模型转换\11_语义复核批次\BATCH-006-CH05-COMMERCIAL\mappings\B0145_章节映射.csv
B0145,5.4,B,V2,telephone_design_history,电话工业设计史与性别营销：AT&T广告将女接线员塑造为人机情感界面；家庭电话从理性家务工具转向女性社交消费,广告图像可证再现策略；电话形态分析依据博物馆藏品照片，购买动机不可证,clean第468—489、515行,ACCEPTED_AS_CORE_SOURCE,D:\Design-history-知识库\教材章节知识模型转换\11_语义复核批次\BATCH-006-CH05-COMMERCIAL\mappings\B0145_章节映射.csv
B0145,5.6,A,V2,scientific_management_office,泰勒科学管理于1910s—20s应用于办公室：文书劳动拆分、Larkin Building桌椅限制移动以提效、时间-动作研究推销L形桌（Deskey/Globe-Wernicke）,科学管理文本（Galloway 1919等）与Deskey目录为组织者话语，可证设计意图与供给,clean第767—771行,ACCEPTED_AS_CORE_SOURCE,D:\Design-history-知识库\教材章节知识模型转换\11_语义复核批次\BATCH-006-CH05-COMMERCIAL\mappings\B0145_章节映射.csv
B0145,5.6,A,V2,housework_time_paradox,省力家电未减少非就业主妇家务时间：Vanek数据1920s每周52小时升至1960s中55小时；就业妻子26小时；Hochschild“第二班”,Vanek 1965—66全国调查为二手统计（Lupton转述）；广告“解放”话语与数据并置构成悖论，购买动机不可证,clean第327行,ACCEPTED_AS_CORE_SOURCE,D:\Design-history-知识库\教材章节知识模型转换\11_语义复核批次\BATCH-006-CH05-COMMERCIAL\mappings\B0145_章节映射.csv
B0145,9.1,B,V2,consumer_economy_rise,19世纪美国消费经济兴起：1880s起工厂制成品进入家庭；广告与现代工业设计（1920s末自广告业诞生）以女性为首要对象,宏观史叙述为二手综合；广告证据为组织者话语,clean第195—199行,ACCEPTED_AS_CORE_SOURCE,D:\Design-history-知识库\教材章节知识模型转换\11_语义复核批次\BATCH-006-CH05-COMMERCIAL\mappings\B0145_章节映射.csv
B0145,9.2,A,V2,appliance_efficiency_promise_labor,家电“省力/解放”承诺重新分配而非消除劳动：洗衣从商业洗衣房回退家庭、家务标准上升、女性个体消费者身份强化（Ebony 1967 Hoover广告）,Cowan/Schor归因与广告话语并置；“回退”论证为Lupton分析命题,clean第286—337行,ACCEPTED_AS_CORE_SOURCE,D:\Design-history-知识库\教材章节知识模型转换\11_语义复核批次\BATCH-006-CH05-COMMERCIAL\mappings\B0145_章节映射.csv
B0145,9.3,A,V2,clerical_work_feminization,文书工作1890—1920年从男性转向女性主导（打字/速记女性占比60%→90%）；打字机作为无性别历史新技术充当女性进入办公室的楔子；“pin money”意识形态,职业比例数据为二手统计（Rotella等）；“楔子”命题为Lupton解释,clean第626、634行,ACCEPTED_AS_CORE_SOURCE,D:\Design-history-知识库\教材章节知识模型转换\11_语义复核批次\BATCH-006-CH05-COMMERCIAL\mappings\B0145_章节映射.csv
B0145,9.3,A,V2,secretary_defined_by_gender_machines,秘书职业无绝对职责定义，默认由性别（女性）与其机器（打字机、电话）识别；女性作为男性思想与最终签名间的“技术管道”,Pringle《Secretaries Talk》转述与Royal广告图说；性别化定义为Lupton命题,clean第736、630、684行,ACCEPTED_AS_CORE_SOURCE,D:\Design-history-知识库\教材章节知识模型转换\11_语义复核批次\BATCH-006-CH05-COMMERCIAL\mappings\B0145_章节映射.csv
B0145,9.5,B,V2,corporate_identity_gender_encoding,企业形象承载性别编码：AT&T“微笑之声”；George Nelson Executive Office Group（Herman Miller）以统一系统消解工厂联想并区分职务等级；IBM企业设计,公司宣传材料与设计史叙述为组织者话语，可证企业供给形象,clean第515、778行,ACCEPTED_AS_CORE_SOURCE,D:\Design-history-知识库\教材章节知识模型转换\11_语义复核批次\BATCH-006-CH05-COMMERCIAL\mappings\B0145_章节映射.csv
B0145,12.6,A,V2,feminist_design_critique_stance,女性主义设计批评立场：作者自我命名“女性主义者”，以家务劳动、身体经验与性别知识位置重读设计史，将设计纳入“制造现代女性”的社会过程,立场声明与广告细读为Lupton命题，非中性事实,clean第185、327行,ACCEPTED_AS_CORE_SOURCE,D:\Design-history-知识库\教材章节知识模型转换\11_语义复核批次\BATCH-006-CH05-COMMERCIAL\mappings\B0145_章节映射.csv
B0145,12.6,A,V2,mechanical_bride_commodity_fetishism,“机械新娘”双重指涉与商品/性拜物教整合：广告与设计放大商品心理价值；把技术当作自主进化的有机体是一种“技术拜物教”,Marx/Freud/McLuhan理论移植，为Lupton分析框架（命题）,clean第223、240行,ACCEPTED_AS_CORE_SOURCE,D:\Design-history-知识库\教材章节知识模型转换\11_语义复核批次\BATCH-006-CH05-COMMERCIAL\mappings\B0145_章节映射.csv
B0149,0.3,B,V2,revisionist_institutional_history,制度史须比较规章与实践并检验行会保守论的条件,该文集自身具有修正主义议程且不能替代对称反例,补Ogilvie等反方研究和地方档案,ACCEPTED_WITH_COUNTERARGUMENT,D:\Design-history-知识库\教材章节知识模型转换\11_语义复核批次\BATCH-002-CH01-EXPANDED\mappings\B0149_章节映射.csv
B0149,0.6,B,V2,gender_geography_and_counterexample_gaps,行会档案会制度性压低女性非会员乡村工匠和非法劳动者的可见性,缺席不能证明这些群体没有技能或市场作用,补家庭训练女性劳动乡村生产与非会员诉讼材料,ACCEPTED_AS_EVIDENCE_AUDIT,D:\Design-history-知识库\教材章节知识模型转换\11_语义复核批次\BATCH-002-CH01-EXPANDED\mappings\B0149_章节映射.csv
B0149,1.1,A,V2,apprenticeship_tacit_knowledge_and_workshops,学徒制工场共同体与劳动力流动可传递难以文本化的默会知识,正式学徒制不是唯一渠道且合同长度不等于实际学习内容,补学徒合同工场账簿工具作品和家庭训练记录,ACCEPTED_WITH_LIMITS,D:\Design-history-知识库\教材章节知识模型转换\11_语义复核批次\BATCH-002-CH01-EXPANDED\mappings\B0149_章节映射.csv
B0149,1.3,B,V2,subcontracting_and_coordination_of_specialized_skills,行会框架内的转包可协调复杂分工信贷技能与生产风险,不足以直接证明图样制模规格和监督权如何分离,补订单图样模型工序审批与工资材料,ACCEPTED_AS_SUPPORT,D:\Design-history-知识库\教材章节知识模型转换\11_语义复核批次\BATCH-002-CH01-EXPANDED\mappings\B0149_章节映射.csv
B0149,1.5,B,V2,collective_incremental_innovation,增量创新可由工匠网络行会市场和国家共同组织而非只归功于发明家,前工业集体创新不能直接等同工厂匿名设计,补具体产品责任链和企业档案,ACCEPTED_AS_PREHISTORY,D:\Design-history-知识库\教材章节知识模型转换\11_语义复核批次\BATCH-002-CH01-EXPANDED\mappings\B0149_章节映射.csv
B0149,1.6,C,V2,prehistory_of_professional_specialization,行会中的大师学徒帮工和专门工种可提供职业分化的前史,不是design术语史或近代设计职业制度史,补词源设计学校职位行业组织和职业统计,CONTEXT_ONLY,D:\Design-history-知识库\教材章节知识模型转换\11_语义复核批次\BATCH-002-CH01-EXPANDED\mappings\B0149_章节映射.csv
B0149,1.7,A,V2,conditional_and_regional_institutional_variation,行会对创新的作用取决于内部权力国家关系竞争技能和资本条件并呈区域差异,案例集中中西欧且缺少无行会的对称反事实,补南北东欧亚洲和殖民地比较以及失败案例,ACCEPTED_WITH_COUNTERSOURCE_REQUIRED,D:\Design-history-知识库\教材章节知识模型转换\11_语义复核批次\BATCH-002-CH01-EXPANDED\mappings\B0149_章节映射.csv
B0149,2.2,B,V2,institutional_training_prehistory,学徒认证质量控制和行业治理构成国家设计学校之前的制度训练前史,不能证明十九世纪学校课程及其教学成效,补School of Design课程行政学生作业和就业记录,ACCEPTED_AS_PREHISTORY,D:\Design-history-知识库\教材章节知识模型转换\11_语义复核批次\BATCH-002-CH01-EXPANDED\mappings\B0149_章节映射.csv
B0149,2.7,C,V2,skilled_labor_mobility_context,跨城市工匠流动是技能与工艺扩散的重要渠道,劳动力移动不等于纹样商品或文化意义完成转译,补对象贸易委托复制使用和地方回应链,CONTEXT_ONLY,D:\Design-history-知识库\教材章节知识模型转换\11_语义复核批次\BATCH-002-CH01-EXPANDED\mappings\B0149_章节映射.csv
B0154,0.3,A,V2,object_lens_and_scale_control,以瓷器为透镜可从具体物质痕迹扩展到生产贸易与跨文化关系并检验尺度跃迁,器物传播不能自动证明文明兴衰或世界体系因果,区分对象事实、作者解释与宏观推论并补区域史,ACCEPTED_AS_METHOD,D:\Design-history-知识库\教材章节知识模型转换\11_语义复核批次\BATCH-002-CH01-EXPANDED\mappings\B0154_章节映射.csv
B0154,0.4,A,V2,porcelain_as_material_and_contextual_evidence,胎釉钴料器形纹样窑痕和残片可提供材料技术与流通线索,形式与材料不能脱离出土入藏委托与使用语境解读,补检测、考古层位、馆藏史、订单和使用记录,ACCEPTED_WITH_LIMITS,D:\Design-history-知识库\教材章节知识模型转换\11_语义复核批次\BATCH-002-CH01-EXPANDED\mappings\B0154_章节映射.csv
B0154,0.5,A,V2,artifact_archaeology_text_and_trade_triangulation,器物、沉船、考古、技术文本、书信与商业数据可形成瓷器史多链互证,不同年代地点和证据尺度不能仅凭叙事并置合并,逐项记录定位、来源类型、冲突和置信等级,ACCEPTED_AS_METHOD,D:\Design-history-知识库\教材章节知识模型转换\11_语义复核批次\BATCH-002-CH01-EXPANDED\mappings\B0154_章节映射.csv
B0154,0.6,B,V2,jesuit_court_collection_and_worker_visibility_bias,耶稣会、宫廷、商人和收藏材料能见度高而普通工人妇女与使用者声音稀薄,外来观察和精英收藏不能直接代表景德镇社会或全球消费者,补地方档案、工匠记录、工资、家庭、司法与来源社群材料,ACCEPTED_AS_EVIDENCE_AUDIT,D:\Design-history-知识库\教材章节知识模型转换\11_语义复核批次\BATCH-002-CH01-EXPANDED\mappings\B0154_章节映射.csv
B0154,0.7,A,V2,porcelain_connected_world_history,瓷器可连接中国、伊斯兰世界、东亚、欧洲和海洋贸易中的技术与文化转译,连接与模仿不是无权力差异的对称交流,建立原料委托制作贸易使用仿制和替代链,ACCEPTED_WITH_POWER_LIMIT,D:\Design-history-知识库\教材章节知识模型转换\11_语义复核批次\BATCH-002-CH01-EXPANDED\mappings\B0154_章节映射.csv
B0154,1.1,A,V2,jingdezhen_distributed_workshop_knowledge,景德镇瓷器由采料制胎绘饰施釉装窑烧成分级运输等专门工序协作完成,殷弘绪的分工描述是外部观察且不能代表各时期各窑,补地方志、窑址、工匠、工资、合同和工序复原,ACCEPTED_WITH_LIMITS,D:\Design-history-知识库\教材章节知识模型转换\11_语义复核批次\BATCH-002-CH01-EXPANDED\mappings\B0154_章节映射.csv
B0154,1.2,B,V2,kiln_energy_transport_and_mechanised_competition,窑炉燃料、运河海运、蒸汽动力和机械装饰改变陶瓷规模成本与稳定性,本书不是机器性能或能源计量专史且中欧比较可能目的论化,补窑炉数据、燃料、动力、运输、产量和成本记录,ACCEPTED_AS_SUPPORT,D:\Design-history-知识库\教材章节知识模型转换\11_语义复核批次\BATCH-002-CH01-EXPANDED\mappings\B0154_章节映射.csv
B0154,1.3,A,V2,division_of_labor_models_patterns_and_supervision,景德镇分工、外来器形模型、绘饰工序、梅森保密和Etruria管理显示构思制作与监督权不断重组,不能由分工直接推出现代设计职业或单一源头,补图样、模具、订单、工序签记、职位和管理档案,ACCEPTED_WITH_OBJECT_FOLLOWUP,D:\Design-history-知识库\教材章节知识模型转换\11_语义复核批次\BATCH-002-CH01-EXPANDED\mappings\B0154_章节映射.csv
B0154,1.4,A,V2,china_stone_kaolin_cobalt_glaze_and_fuel_system,瓷石高岭土钴釉料燃料窑炉和运输共同限定瓷器白度强度颜色器形与废品率,地质禀赋不自动造成技术领先且部分材料来源和数量待核,补矿物检测、窑址、配方、燃料环境与供应链记录,ACCEPTED_WITH_COUNTERSOURCE_REQUIRED,D:\Design-history-知识库\教材章节知识模型转换\11_语义复核批次\BATCH-002-CH01-EXPANDED\mappings\B0154_章节映射.csv
B0154,1.5,A,V2,anonymous_potters_merchants_and_enterprise_network,采料者陶工画工窑工商人公司宫廷技术人员和企业主共同塑造瓷器而常被个人发明叙事遮蔽,分布式生产不能据此确定特定器物作者和动机,逐对象补模型订单工场账簿签款工资销售与使用链,ACCEPTED_WITH_LIMITS,D:\Design-history-知识库\教材章节知识模型转换\11_语义复核批次\BATCH-002-CH01-EXPANDED\mappings\B0154_章节映射.csv
B0154,1.6,C,V2,industrial_arts_and_design_vocabulary_context,瓷器生产和市场话语可补art manufacture pattern design等概念的外围语境,本书不是工业艺术装饰艺术或设计职业词源史,补同期词典教育制度职位行业组织和设计改革文本,CONTEXT_ONLY,D:\Design-history-知识库\教材章节知识模型转换\11_语义复核批次\BATCH-002-CH01-EXPANDED\mappings\B0154_章节映射.csv
B0154,1.7,A,V2,jingdezhen_east_asia_islamic_and_european_mixed_paths,景德镇、东亚、伊斯兰陶业、德尔夫特、梅森与英国工厂呈现不同的手工宫廷市场和机械混合路径,大区域标签与西方胜利结局会压平内部差异和持续手工生产,补中国地区史、东南亚、本地劳动史与反方全球陶瓷史,ACCEPTED_WITH_COUNTERSOURCE_REQUIRED,D:\Design-history-知识库\教材章节知识模型转换\11_语义复核批次\BATCH-002-CH01-EXPANDED\mappings\B0154_章节映射.csv
B0154,2.4,B,V2,court_household_market_and_customised_consumption,宫廷收藏、餐桌习惯、热饮、定制订单和市场竞争改变器形装饰与产品组合,精英收藏和商人资料不能代表普通消费者或实际使用效果,补家庭清单、价格、破损修补、零售和使用者材料,ACCEPTED_WITH_AUDIENCE_GAP,D:\Design-history-知识库\教材章节知识模型转换\11_语义复核批次\BATCH-002-CH01-EXPANDED\mappings\B0154_章节映射.csv
B0154,2.6,B,V2,empire_collection_trade_and_hierarchical_naming,帝国贸易、宫廷收藏和‘中国风’分类能揭示异域物被命名展示和等级化的过程,作者的文明单位和同时代术语也需历史化不能中性复述,补征集史、展陈、来源社群、殖民档案和术语批判,ACCEPTED_AS_CRITICAL_CONTEXT,D:\Design-history-知识库\教材章节知识模型转换\11_语义复核批次\BATCH-002-CH01-EXPANDED\mappings\B0154_章节映射.csv
B0154,2.7,A,V2,porcelain_translation_imitation_and_reverse_flow,瓷器跨境流动包含外来模型、钴料贸易、器形适配、仿制失败、工匠迁移、替代和反向复制,形式相似不能单独证明直接影响且文化意义并不恒定,逐对象补模型样品订单贸易工匠和地方使用链,ACCEPTED_WITH_LIMITS,D:\Design-history-知识库\教材章节知识模型转换\11_语义复核批次\BATCH-002-CH01-EXPANDED\mappings\B0154_章节映射.csv
B0157,1.3,X,V2,version_alias_not_independent_evidence,无独立证据增量；劳动分工与生产指令命题由B0328承担,不得重复计为第二项核心文献,若采用美国版逐字引文则回B0157纸本核页,EXCLUDED_DUPLICATE_VERSION,D:\Design-history-知识库\教材章节知识模型转换\11_语义复核批次\BATCH-001-CH01-CH02\mappings\B0157_章节映射.csv
B0158,0.6,A,V2,evidence_hierarchy_method,Whitford对回忆录分级使用（Muche/Schreyer不可靠、Nina Kandinsky稍可靠），以STAW/BA档案为事实骨架、报刊为外部舆论,其史料批判方法本身可直接引用；重复组共享档案只计一份P0,packet整体分析报告L022—L027,ACCEPTED_AS_CORE_SOURCE,D:\Design-history-知识库\教材章节知识模型转换\11_语义复核批次\BATCH-005-CH04-BAUHAUS\mappings\B0158_章节映射.csv
B0158,0.6,B,V2,source_evaluation_bias,Whitford立场偏温和中间派，对迈耶激进面向评价保守；1984年首版未纳入后续研究进展,来源偏差声明，供引用时校正,packet整体分析报告L003局限(2)(3),ACCEPTED_AS_CORE_SOURCE,D:\Design-history-知识库\教材章节知识模型转换\11_语义复核批次\BATCH-005-CH04-BAUHAUS\mappings\B0158_章节映射.csv
B0158,4.2,A,V2,vorkurs_institutionalization,初步课程1919年秋试行、1920年起为全体必修的六个月试读阶段，由伊顿独掌，不及格不得进入工坊,STAW/BA档案+Whitford叙述框架；同档案在B0182、B0282、B0464、B0216组内只计一份P0,clean第217—221、486—504行,ACCEPTED_AS_CORE_SOURCE,D:\Design-history-知识库\教材章节知识模型转换\11_语义复核批次\BATCH-005-CH04-BAUHAUS\mappings\B0158_章节映射.csv
B0158,4.2,A,V2,vorkurs_paradigm_shift,初步课程经历从伊顿表现主义—神秘主义版本向莫霍利-纳吉理性—技术版本的范式转换,1923年人事接任属档案史实；“范式转换”定性属Whitford叙述框架,clean第1138行（Moholy接任）、第1191行（彻底改造课程）,ACCEPTED_AS_CORE_SOURCE,D:\Design-history-知识库\教材章节知识模型转换\11_语义复核批次\BATCH-005-CH04-BAUHAUS\mappings\B0158_章节映射.csv
B0158,4.2,B,V2,dual_master_system,魏玛期双轨教学制（形式大师+手工大师）是教学制度根本特征，“画家教手艺”既为创造力源泉亦为制度缺陷,制度设置属档案史实；矛盾评价属Whitford框架,clean第601行试读期,ACCEPTED_AS_CORE_SOURCE,D:\Design-history-知识库\教材章节知识模型转换\11_语义复核批次\BATCH-005-CH04-BAUHAUS\mappings\B0158_章节映射.csv
B0158,4.3,A,V2,art_technology_new_unity,1923年包豪斯大展与格罗皮乌斯“艺术与技术——新的统一”演讲标志从手工艺浪漫主义向工业设计的公开转向,演讲与展览系档案史实；“决定性转向”评价属Whitford框架,clean第1304行、第1306—1308行,ACCEPTED_AS_CORE_SOURCE,D:\Design-history-知识库\教材章节知识模型转换\11_语义复核批次\BATCH-005-CH04-BAUHAUS\mappings\B0158_章节映射.csv
B0158,4.3,A,V2,doesburg_catalyst,凡·杜斯堡1921—1923年在魏玛的批评与教学动摇了伊顿支配地位，是转向的外部催化剂,催化剂判断属Whitford叙述框架；杜斯堡活动本身可回查档案,clean第11章（Going Dutch）起始段第1056行起,ACCEPTED_AS_CORE_SOURCE,D:\Design-history-知识库\教材章节知识模型转换\11_语义复核批次\BATCH-005-CH04-BAUHAUS\mappings\B0158_章节映射.csv
B0158,4.4,A,V2,dessau_institutional_reform,迁德绍后废除双轨制、设青年大师、成立建筑系并注册包豪斯有限公司，配套丛书出版,公司注册、建筑系设立等属档案史实,clean第1240行；packet第14章分章报告,ACCEPTED_AS_CORE_SOURCE,D:\Design-history-知识库\教材章节知识模型转换\11_语义复核批次\BATCH-005-CH04-BAUHAUS\mappings\B0158_章节映射.csv
B0158,4.4,A,V2,workshop_industrial_production,德绍工坊转向工业设计原型与批量生产，金属、家具、纺织工坊产出功能化产品,Whitford叙述框架叠加档案产品与订单记录,clean第1308行；第14—15章,ACCEPTED_AS_CORE_SOURCE,D:\Design-history-知识库\教材章节知识模型转换\11_语义复核批次\BATCH-005-CH04-BAUHAUS\mappings\B0158_章节映射.csv
B0158,4.5,A,V2,meyer_social_function,迈耶任内引入社会学与马克思主义政治理论课程、工坊转向大众需求批量生产、建筑系主导，经济成功与政治灾难并行,课程改革与收入翻倍系档案史实；“灾难种子”判断属Whitford框架,clean第44行、第1725—1729行,ACCEPTED_AS_CORE_SOURCE,D:\Design-history-知识库\教材章节知识模型转换\11_语义复核批次\BATCH-005-CH04-BAUHAUS\mappings\B0158_章节映射.csv
B0158,4.5,B,V2,mies_depoliticization,密斯以去政治化、纪律化、削减工坊改造包豪斯，性质由社会实验转向专业建筑学院,禁止政治活动系档案史实；“性质改变”评价属Whitford框架,clean第1802—1808行,ACCEPTED_AS_CORE_SOURCE,D:\Design-history-知识库\教材章节知识模型转换\11_语义复核批次\BATCH-005-CH04-BAUHAUS\mappings\B0158_章节映射.csv
B0158,4.6,A,V2,young_masters_replication,拜耶、布劳耶、谢珀、施密特、施托尔策等青年大师构成包豪斯教育体系的自我再生产,人事任命属档案史实；“自我更新”评价属Whitford框架,clean第15章（Young Masters）,ACCEPTED_AS_CORE_SOURCE,D:\Design-history-知识库\教材章节知识模型转换\11_语义复核批次\BATCH-005-CH04-BAUHAUS\mappings\B0158_章节映射.csv
B0158,4.6,B,V2,basic_course_replication,初步课程作为可复制制度单元经阿尔伯斯等路径延续（乌尔姆设计学院1950年代继承其精神）,乌尔姆延续属Whitford叙述；跨机构影响链属P4语义路由,clean第2065行（HfG Ulm）,ACCEPTED_AS_CORE_SOURCE,D:\Design-history-知识库\教材章节知识模型转换\11_语义复核批次\BATCH-005-CH04-BAUHAUS\mappings\B0158_章节映射.csv
B0158,4.7,A,V2,migration_after_1933,1933年4月11日柏林查封后师生流散英美，包豪斯理念随之国际化，纳粹压制反讽性促进其全球传播,Whitford叙述框架（Judgments章）；个体流散事实可回查档案,clean第29—31行；第17—18章,ACCEPTED_AS_CORE_SOURCE,D:\Design-history-知识库\教材章节知识模型转换\11_语义复核批次\BATCH-005-CH04-BAUHAUS\mappings\B0158_章节映射.csv
B0158,4.7,B,V2,weimar_republic_parallel,包豪斯生命史与魏玛共和国同寿同命运，政治经济周期与学校阶段精确对应,Whitford核心论题属叙述框架，非独立档案命题,clean第32—35行,ACCEPTED_AS_CORE_SOURCE,D:\Design-history-知识库\教材章节知识模型转换\11_语义复核批次\BATCH-005-CH04-BAUHAUS\mappings\B0158_章节映射.csv
B0162,0.5,A,V2,poster_as_visual_evidence,原文明言“海报也是时代的记录”（record of the times），且革命海报“在塑造事件中扮演积极角色”——海报作为图像史料（图像证据）的定位有直接文本支持,“塑造事件”系作者修辞框架；记录内容（自由帽、三色标语）由图像自证,clean第32—41行,CONTEXT_ONLY,D:\Design-history-知识库\教材章节知识模型转换\11_语义复核批次\BATCH-006-CH05-COMMERCIAL\mappings\B0162_章节映射.csv
B0162,0.5,B,V2,poster_evidence_boundary,海报可证生产端意图与时代符号（自由帽、“自由平等博爱”、巴士底狱符号商品化），不能证明大众如何接受,“大众观念”叙述来自Gallo社会史框架，须标注为作者判断,clean第36—41、67行,CONTEXT_ONLY,D:\Design-history-知识库\教材章节知识模型转换\11_语义复核批次\BATCH-006-CH05-COMMERCIAL\mappings\B0162_章节映射.csv
B0162,0.5,C,V2,political_propaganda_poster_evidence,战争与极权时期海报（征兵、公债、纳粹/苏联宣传）可作为政治意识形态的图像史料,文本/图像自证其宣传内容；宣传效果为作者论断,clean第1721、1895、2342行,CONTEXT_ONLY,D:\Design-history-知识库\教材章节知识模型转换\11_语义复核批次\BATCH-006-CH05-COMMERCIAL\mappings\B0162_章节映射.csv
B0162,2.4,B,V2,department_store_retail_media,百货商店（Crespin & Dufayel、Au Moine Saint-Martin、1920年Galeries Lafayette）以巨幅海报成为现代零售的广告媒介枢纽，“销售工厂”重构城市商业空间,案例集中于巴黎（1880s—1920s），英/美百货商店证据在本来源缺失,clean第422—445行,CONTEXT_ONLY,D:\Design-history-知识库\教材章节知识模型转换\11_语义复核批次\BATCH-006-CH05-COMMERCIAL\mappings\B0162_章节映射.csv
B0162,2.4,C,V2,department_store_advertising_values,百货商店海报模特均为中产阶级装束、儿童为父母“小型复制品”——广告媒介衔接中传递中产阶级价值观与稳定性理想,“非自愿但有效地传播心态”系作者概括，无受众调查证据,clean第435—440、470行,CONTEXT_ONLY,D:\Design-history-知识库\教材章节知识模型转换\11_语义复核批次\BATCH-006-CH05-COMMERCIAL\mappings\B0162_章节映射.csv
B0162,2.4,C,V2,department_store_competition_small_business,百货商店凭借广告能力挤压小商铺（“小商铺无力开展大规模广告”），广告媒介强化零售业集中,仅法国语境，作者单句判断,clean第428—429行,CONTEXT_ONLY,D:\Design-history-知识库\教材章节知识模型转换\11_语义复核批次\BATCH-006-CH05-COMMERCIAL\mappings\B0162_章节映射.csv
B0162,5.2,C,V2,mass_consumption_advertising_expansion,19世纪末法国年广告支出近1亿法郎（其中报纸广告4000万）、1889年德国牧师收到13577份广告传单——广告成为大众消费体系的核心产业指标,统计数字引自作者，原始出处未单列；仅为法国/德国个案,clean第472—475行,CONTEXT_ONLY,D:\Design-history-知识库\教材章节知识模型转换\11_语义复核批次\BATCH-006-CH05-COMMERCIAL\mappings\B0162_章节映射.csv
B0162,5.2,B,V2,advertising_behavior_norm_formation,广告通过海报“给人们提供可模仿的标准”、直接面向儿童将其作为“潜在顾客”，参与塑造消费行为规范（含改变家庭权威结构）,行为影响判断基于观察性叙述，非实验/调查证据,clean第1102、2048—2059行,CONTEXT_ONLY,D:\Design-history-知识库\教材章节知识模型转换\11_语义复核批次\BATCH-006-CH05-COMMERCIAL\mappings\B0162_章节映射.csv
B0162,5.2,C,V2,counterculture_commercial_absorption,1960年代抗议海报与反文化被消费社会“资本化”（如Levi's摄影写实广告），异议被纳入商品体系——“海报成为时代的镜子”,第六章为作者1974年冷战视角的批判性分析，须批判性重读,clean第2465行,CONTEXT_ONLY,D:\Design-history-知识库\教材章节知识模型转换\11_语义复核批次\BATCH-006-CH05-COMMERCIAL\mappings\B0162_章节映射.csv
B0162,5.3,C,V2,economic_crisis_advertising_cycle,经济危机十年周期（1847/1857/1866/1873/1882/1890）与1873—1895长期萧条中广告支出激增、竞争白热化，海报成为危机时代“销售工程”的视觉引擎,因果链为分章报告归纳的作者推演；“销售工程”系中文转述，原文无此术语,packet第484—486行；clean第470—476行,CONTEXT_ONLY,D:\Design-history-知识库\教材章节知识模型转换\11_语义复核批次\BATCH-006-CH05-COMMERCIAL\mappings\B0162_章节映射.csv
B0162,5.3,B,V2,stability_ideal_in_crisis,“在不断变化的19世纪社会中，广告所肯定的理想是稳定性”——社会变动/危机语境下广告以稳定性为价值锚点,为作者概括性命题，佐证案例（守寡服装、儿童复制品）系图像分析,clean第470行,CONTEXT_ONLY,D:\Design-history-知识库\教材章节知识模型转换\11_语义复核批次\BATCH-006-CH05-COMMERCIAL\mappings\B0162_章节映射.csv
B0162,5.3,C,V2,advertising_mirror_dissemination,广告“既反映了一种心态，又非自愿但有效地传播了这种心态”——转型时期广告兼具社会镜像与传播功能,“非自愿传播”为隐喻性判断，无传播效果测量,clean第434—435行,CONTEXT_ONLY,D:\Design-history-知识库\教材章节知识模型转换\11_语义复核批次\BATCH-006-CH05-COMMERCIAL\mappings\B0162_章节映射.csv
B0168,0.2,B,V2,modernist_genealogy_and_periodization_case,‘从莫里斯到格罗皮乌斯’可作为需要批判的设计史分期范式,该谱系是1971年史学建构，不是自然发生的历史进程,补反目的论研究、区域断裂和未实现路径,ACCEPTED_AS_HISTORIOGRAPHY_CASE,D:\Design-history-知识库\教材章节知识模型转换\11_语义复核批次\BATCH-003-CH02-EXPANDED\mappings\B0168_章节映射.csv
B0168,0.3,A,V2,ideas_institutions_practice_and_transfer_method,思想、学校、组织、实践和跨国中介须共同解释运动形成与转译,谱系框架可能把后见之明写成前定方向,以同时期传播文件和反例约束,ACCEPTED_AS_METHOD_WITH_TELEOLOGY_AUDIT,D:\Design-history-知识库\教材章节知识模型转换\11_语义复核批次\BATCH-003-CH02-EXPANDED\mappings\B0168_章节映射.csv
B0168,0.5,B,V2,actor_texts_objects_and_institutional_sources,行动者文本、学校和组织材料可追踪理想的表述与传播,当前仅V2且未完成全书引文页码与图像核验,回原版、档案、课程、组织记录和对象,ACCEPTED_WITH_P0_FOLLOWUP,D:\Design-history-知识库\教材章节知识模型转换\11_语义复核批次\BATCH-003-CH02-EXPANDED\mappings\B0168_章节映射.csv
B0168,0.6,A,V2,teleology_national_gender_colonial_and_machine_bias,现代主义目的论、国别本质化、女性／殖民缺口与反机器简化须进入审计,批判偏差不能替代新的地区和劳动证据,补企业史、性别史、殖民史、区域史与技术史,ACCEPTED_AS_EVIDENCE_AUDIT,D:\Design-history-知识库\教材章节知识模型转换\11_语义复核批次\BATCH-003-CH02-EXPANDED\mappings\B0168_章节映射.csv
B0168,2.1,B,V2,great_exhibition_and_design_reform_context,博览会后的设计改革为工艺美术论争提供国家竞争与审美治理背景,不是1851年展览组织、对象或观众史的核心来源,与B0049、B0339、B0175及官方材料对读,ACCEPTED_AS_CONTEXT,D:\Design-history-知识库\教材章节知识模型转换\11_语义复核批次\BATCH-003-CH02-EXPANDED\mappings\B0168_章节映射.csv
B0168,2.2,A,V2,schools_working_mens_college_and_central_school,设计学校、Working Men's College与Central School连接思想、教学和工艺实践,学校存在或名师任职不证明教学成效与学生去向,补课程、作业、招生、师生、就业和官方档案,ACCEPTED_AS_INSTITUTIONAL_SOURCE,D:\Design-history-知识库\教材章节知识模型转换\11_语义复核批次\BATCH-003-CH02-EXPANDED\mappings\B0168_章节映射.csv
B0168,2.3,A,V2,pugin_ruskin_morris_ashbee_labour_ethics_genealogy,Pugin—Ruskin—Morris—Ashbee的劳动、社会与艺术命题构成运动内部既连续又分歧的谱系,不能把多位作者压缩成单一反工业立场,逐文本区分作者、年代、对象、机器观与政治条件,ACCEPTED_AS_CORE_SOURCE,D:\Design-history-知识库\教材章节知识模型转换\11_语义复核批次\BATCH-003-CH02-EXPANDED\mappings\B0168_章节映射.csv
B0168,2.4,B,V2,elite_market_and_democratic_ideal_contradiction,民主改革理想与昂贵、精英化产品市场之间存在结构张力,作者的总体判断不能替代企业价格、顾客与使用证据,与B0070、销售账簿、家庭清单和消费者材料对读,ACCEPTED_WITH_MARKET_FOLLOWUP,D:\Design-history-知识库\教材章节知识模型转换\11_语义复核批次\BATCH-003-CH02-EXPANDED\mappings\B0168_章节映射.csv
B0168,2.5,A,V2,architecture_interior_craft_and_total_environment,建筑、家具、室内与手工艺的统一构成工艺美术到整体环境设计的重要路径,风格和原则谱系不能确定具体对象作者、制作和使用,补对象、图纸、工场、委托、室内与使用材料,ACCEPTED_WITH_OBJECT_FOLLOWUP,D:\Design-history-知识库\教材章节知识模型转换\11_语义复核批次\BATCH-003-CH02-EXPANDED\mappings\B0168_章节映射.csv
B0168,2.7,A,V2,britain_germany_scandinavia_translation_route,出版、教育者、组织和改革讨论形成英国观念向德国及北欧转译的候选链,相似性、继承宣称或后世评价不等于直接因果影响,补翻译、书信、旅行、课程、组织会议和地方再生产,ACCEPTED_WITH_TRANSFER_FOLLOWUP,D:\Design-history-知识库\教材章节知识模型转换\11_语义复核批次\BATCH-003-CH02-EXPANDED\mappings\B0168_章节映射.csv
B0168,4.1,A,V2,arts_crafts_to_werkbund_translation_prehistory,工艺美术关于质量、机器、教育和社会改革的争论构成Werkbund形成的跨国前史,不能据此写成英国模式单向造成Werkbund,补Muthesius、Werkbund档案、德国企业和论争原文,ACCEPTED_AS_CORE_PREHISTORY,D:\Design-history-知识库\教材章节知识模型转换\11_语义复核批次\BATCH-003-CH02-EXPANDED\mappings\B0168_章节映射.csv
B0168,4.2,B,V2,central_school_and_bauhaus_genealogy_claim,Central School和工艺教育可作为包豪斯课程谱系的待证线索,该书的连续谱系带有后见之明，不能独立证明包豪斯制度来源,补包豪斯课程、师生、书信、旅行和直接引用,ACCEPTED_WITH_DIRECT_TRANSFER_GAP,D:\Design-history-知识库\教材章节知识模型转换\11_语义复核批次\BATCH-003-CH02-EXPANDED\mappings\B0168_章节映射.csv
B0168,4.6,B,V2,school_workshop_industry_transmission_comparison,学校—工场—产业关系可与呼捷玛斯及其他设计教育制度比较,英国和德国材料不能替代苏联学校的治理、课程和学生项目,补呼捷玛斯P0课程、招生、工作室、治理与作品档案,ACCEPTED_AS_COMPARATIVE_CONTEXT,D:\Design-history-知识库\教材章节知识模型转换\11_语义复核批次\BATCH-003-CH02-EXPANDED\mappings\B0168_章节映射.csv
B0168,4.7,A,V2,canonical_migration_selection_and_reframing,跨国传播是选择、改写和制度适配，不应简化为风格影响,作者自身仍有英国源头到大陆完成的目的论,补接收方行动者、翻译差异、拒绝与失败案例,ACCEPTED_WITH_HISTORIOGRAPHIC_LIMIT,D:\Design-history-知识库\教材章节知识模型转换\11_语义复核批次\BATCH-003-CH02-EXPANDED\mappings\B0168_章节映射.csv
B0168,7.6,C,V2,scandinavian_arts_crafts_genealogy,北欧工艺—工业关系可获得19世纪末至20世纪初的谱系入口,1971年概括过旧，不能承担战后北欧福利、工业或消费史,补北欧本地语言研究、企业、政策、劳动和战后对象,CONTEXT_ONLY,D:\Design-history-知识库\教材章节知识模型转换\11_语义复核批次\BATCH-003-CH02-EXPANDED\mappings\B0168_章节映射.csv
B0169,0.2,B,V2,long_duration_cotton_systems,棉花体系的中心转移提示现代设计史分期应追踪材料贸易生产和消费关系而不只按机器发明断代,离心向心及漫长分流是作者模型且1000至2000年的尺度会压平地区节奏,与B0259、B0334及区域工业史比较分期节点,ACCEPTED_WITH_COUNTERARGUMENT,D:\Design-history-知识库\教材章节知识模型转换\11_语义复核批次\BATCH-002-CH01-EXPANDED\mappings\B0169_章节映射.csv
B0169,0.3,A,V2,commodity_chain_global_history_method,以单一材料为透镜可把对象工序公司市场生态和强制劳动连接成可检验问题链,商品链不能取代地方制度史且不能由连接直接推出因果,公开每一环节的来源类型、地理范围和机制证据,ACCEPTED_AS_METHOD,D:\Design-history-知识库\教材章节知识模型转换\11_语义复核批次\BATCH-002-CH01-EXPANDED\mappings\B0169_章节映射.csv
B0169,0.4,A,V2,textiles_archives_statistics_and_images,织物样品、图像、贸易统计和公司信函可相互校正产品名称技术与市场判断,图像说明和商业分类不等于对象身份或消费者经验,补对象检验、馆藏史、公司原档与使用材料,ACCEPTED_WITH_LIMITS,D:\Design-history-知识库\教材章节知识模型转换\11_语义复核批次\BATCH-002-CH01-EXPANDED\mappings\B0169_章节映射.csv
B0169,0.5,A,V2,multisource_cotton_evidence_chain,公司档案、统计、器物、技术文本、政策和个人证词能够形成棉花史多链互证,宏观数据、行动者话语和物质证据的尺度不得混合,逐项标明事实、作者解释、当事人主张和当前推论,ACCEPTED_AS_METHOD,D:\Design-history-知识库\教材章节知识模型转换\11_语义复核批次\BATCH-002-CH01-EXPANDED\mappings\B0169_章节映射.csv
B0169,0.6,A,V2,company_archive_slave_labor_and_audience_bias,公司与殖民档案会放大商人管理视角并压低工匠、被奴役者、妇女和普通消费者声音,从档案缺席恢复主体仍须独立主体材料,补劳动者叙述、种植园账簿、家庭清单、司法和地方档案,ACCEPTED_AS_EVIDENCE_AUDIT,D:\Design-history-知识库\教材章节知识模型转换\11_语义复核批次\BATCH-002-CH01-EXPANDED\mappings\B0169_章节映射.csv
B0169,0.7,A,V2,cotton_as_connected_and_coercive_global_history,全球棉花史必须同时书写知识转移、商品流通、殖民权力与奴隶劳动,连接史不能把不平等交换美化为互惠交流,建立订货生产运输销售使用与强制制度链,ACCEPTED_WITH_POWER_LIMIT,D:\Design-history-知识库\教材章节知识模型转换\11_语义复核批次\BATCH-002-CH01-EXPANDED\mappings\B0169_章节映射.csv
B0169,1.1,A,V2,indian_workshops_finishing_and_distributed_skill,印度纺纱织造印染和后整理知识分布于家庭作坊中间商与专业工序而非单一作者,印度不同区域与工种不能视为统一制度且独立织工不等于没有约束,补作坊账簿、工具、工资、合同、训练与工匠材料,ACCEPTED_WITH_LIMITS,D:\Design-history-知识库\教材章节知识模型转换\11_语义复核批次\BATCH-002-CH01-EXPANDED\mappings\B0169_章节映射.csv
B0169,1.2,A,V2,mechanisation_quality_scale_and_supply,纺纱机器动力织机与原棉供给共同扩大产量并改变质量和产品范围,技术是必要但不充分条件且动力织机对细布的采用存在长时滞,补机器性能、动力、成本、质量、工厂和原料数据,ACCEPTED_WITH_MECHANISM_FOLLOWUP,D:\Design-history-知识库\教材章节知识模型转换\11_语义复核批次\BATCH-002-CH01-EXPANDED\mappings\B0169_章节映射.csv
B0169,1.3,A,V2,finishing_division_commissioning_and_design_rights,印染细分、公司规格、机械滚筒和短期设计保护改变了构思制作监督与复制关系,公司命令与法律文本不能自动证明工场实际执行或个人作者权,补样品、订单、刻版、工序、诉讼、工资和车间档案,ACCEPTED_WITH_OBJECT_FOLLOWUP,D:\Design-history-知识库\教材章节知识模型转换\11_语义复核批次\BATCH-002-CH01-EXPANDED\mappings\B0169_章节映射.csv
B0169,1.4,A,V2,cotton_fiber_dyes_land_and_plantation_system,棉纤维性能、染料、印花化学、土地与种植园供给共同限定工业棉品的形式和规模,生态潜力和土地反事实仍依赖估算且不得遮蔽奴隶制,补纤维检测、配方、农场与种植园数据、环境和劳动史,ACCEPTED_WITH_COUNTERSOURCE_REQUIRED,D:\Design-history-知识库\教材章节知识模型转换\11_语义复核批次\BATCH-002-CH01-EXPANDED\mappings\B0169_章节映射.csv
B0169,1.5,A,V2,distributed_product_and_process_innovation,印度工匠、亚美尼亚印花工、欧洲技师、公司、企业主与消费者共同改造棉布而常被发明家叙事遮蔽,分布式参与不能据此确定每件织物的责任和动机,逐对象补图样、样布、工场、订单、专利与销售责任链,ACCEPTED_WITH_LIMITS,D:\Design-history-知识库\教材章节知识模型转换\11_语义复核批次\BATCH-002-CH01-EXPANDED\mappings\B0169_章节映射.csv
B0169,1.7,A,V2,india_europe_ottoman_and_atlantic_mixed_trajectories,印度、奥斯曼、欧洲和大西洋棉花体系呈现手工机器贸易与强制劳动的非同步重组,两体系模型可能压平非洲、中国及地方内部差异,与B0086、B0130和更多地区研究交叉校正,ACCEPTED_WITH_COUNTERSOURCE_REQUIRED,D:\Design-history-知识库\教材章节知识模型转换\11_语义复核批次\BATCH-002-CH01-EXPANDED\mappings\B0169_章节映射.csv
B0169,2.4,A,V2,customisation_consumption_and_company_mediation,消费者对颜色底色尺寸和品种的选择通过公司样品与订货反向改变生产和工艺,公司判断是中介证据且一次销售失败不能代表全部消费者,补零售、价格、家庭清单、穿用、退货和消费者材料,ACCEPTED_WITH_AUDIENCE_GAP,D:\Design-history-知识库\教材章节知识模型转换\11_语义复核批次\BATCH-002-CH01-EXPANDED\mappings\B0169_章节映射.csv
B0169,2.6,A,V2,slavery_colonial_trade_and_classification,棉布展示与消费必须连同种植园奴隶制、殖民关税和市场分类书写,商业图像可能理想化种植园且分类词不应作为中性事实复述,补被奴役者材料、政策档案、图像生产语境和反方研究,ACCEPTED_AS_CRITICAL_CONTEXT,D:\Design-history-知识库\教材章节知识模型转换\11_语义复核批次\BATCH-002-CH01-EXPANDED\mappings\B0169_章节映射.csv
B0169,2.7,A,V2,learning_imitation_reworking_and_market_selection,跨境棉布流动包含学习失败、规格传递、工匠迁移、模仿、技术再造和消费者拒绝,不能简化为东方影响西方或直接技术复制,逐对象建立样品订货工匠工序销售和使用链,ACCEPTED_WITH_LIMITS,D:\Design-history-知识库\教材章节知识模型转换\11_语义复核批次\BATCH-002-CH01-EXPANDED\mappings\B0169_章节映射.csv
B0170,0.7,X,V2,version_alias_not_independent_evidence,无独立证据增量；全球设计史方法由B0005规范记录承担,不能作为第二项互证来源或增加参考文献数量,需要逐字引文时回B0005页标文本和纸本,EXCLUDED_DUPLICATE_VERSION,D:\Design-history-知识库\教材章节知识模型转换\11_语义复核批次\BATCH-001-CH01-CH02\mappings\B0170_章节映射.csv
B0175,0.3,A,V2,social_cultural_institutional_and_market_history,设计改革需把制度、劳动、市场、话语、空间和行动者能动性置于同一分析框架,英国个案不能自动外推为全球设计制度规律,与其他地区制度史、对象史和劳动史比较,ACCEPTED_AS_METHOD,D:\Design-history-知识库\教材章节知识模型转换\11_语义复核批次\BATCH-003-CH02-EXPANDED\mappings\B0175_章节映射.csv
B0175,0.5,A,V2,archives_catalogues_ledgers_press_literature_and_worker_voice,官方档案、目录、账簿、报刊、文学和工人材料须按证据功能对位使用,虚构与讽刺证明话语参与，不直接证明行为；账簿样本不完整,逐项标明作者、体裁、受众、日期、位置和沉默,ACCEPTED_AS_SOURCE_METHOD,D:\Design-history-知识库\教材章节知识模型转换\11_语义复核批次\BATCH-003-CH02-EXPANDED\mappings\B0175_章节映射.csv
B0175,0.6,A,V2,british_institution_worker_gender_empire_and_object_bias,英国制度中心、工人中介、性别不均、印度偏重和形式分析不足须进入审计,偏差审计不能替代缺失的地区与主体材料,补女性、家庭劳动、殖民地生产者、对象和地方研究,ACCEPTED_AS_EVIDENCE_AUDIT,D:\Design-history-知识库\教材章节知识模型转换\11_语义复核批次\BATCH-003-CH02-EXPANDED\mappings\B0175_章节映射.csv
B0175,1.3,A,V2,drawing_copyright_originality_replication_and_control,课程、图样、机械复制、版权和设计注册共同重组构思、复制与控制关系,版权论战中的原创／盗版是行动者修辞，不等于可直接判定每件产品归属,补设计注册、样本、工序、企业和司法档案,ACCEPTED_WITH_AUTHORSHIP_FOLLOWUP,D:\Design-history-知识库\教材章节知识模型转换\11_语义复核批次\BATCH-003-CH02-EXPANDED\mappings\B0175_章节映射.csv
B0175,1.5,A,V2,artisan_manufacturer_trader_consumer_and_state_actors,工匠、制造商、商人、消费者、教师和国家官员共同参与设计改革,行动者进入公共论战不说明其权力相等或代表全部群体,补工资、工场、成员、女性与地方行动者材料,ACCEPTED_AS_ACTOR_NETWORK,D:\Design-history-知识库\教材章节知识模型转换\11_语义复核批次\BATCH-003-CH02-EXPANDED\mappings\B0175_章节映射.csv
B0175,1.6,A,V2,industrial_artist_design_reform_skill_and_taste_concepts,industrial artist、design reform、property of skill与taste等同期用语显示设计概念和角色竞争,这些术语不能直接翻译为成熟的现代设计师职业,补同期词典、课程、职位、协会和企业用语,ACCEPTED_AS_CONCEPT_HISTORY,D:\Design-history-知识库\教材章节知识模型转换\11_语义复核批次\BATCH-003-CH02-EXPANDED\mappings\B0175_章节映射.csv
B0175,2.1,A,V2,great_exhibition_labour_print_culture_and_global_goods,1851年展览通过目录、周刊、图像与对象同时组织机械、手艺、劳动、帝国和公众观看,展览文本中的劳动可见性不等于工人处境改善或观众接受,补对象、制作、工人、发行、读者和观众材料,ACCEPTED_AS_CORE_SOURCE,D:\Design-history-知识库\教材章节知识模型转换\11_语义复核批次\BATCH-003-CH02-EXPANDED\mappings\B0175_章节映射.csv
B0175,2.2,A,V2,design_school_museum_consumer_pedagogy_and_spatial_governance,设计学校、版权、博物馆、巡展和分馆构成从生产者训练到消费者教育的制度链,政策与开放时间不能证明教学、品味或社会改良效果,补课程、学生、预算、工业采用、访客与地方机构档案,ACCEPTED_AS_CORE_SOURCE,D:\Design-history-知识库\教材章节知识模型转换\11_语义复核批次\BATCH-003-CH02-EXPANDED\mappings\B0175_章节映射.csv
B0175,2.3,B,V2,labour_skill_and_market_before_arts_crafts,技能产权、手艺理想、机器与工场争论构成拉斯金和莫里斯劳动批判的重要中期前史,本书不是Ruskin／Morris思想或工艺美术企业的核心研究,与B0383、B0318、B0070和B0133对读,ACCEPTED_AS_PREHISTORY,D:\Design-history-知识库\教材章节知识模型转换\11_语义复核批次\BATCH-003-CH02-EXPANDED\mappings\B0175_章节映射.csv
B0175,2.4,A,V2,consumer_will_taste_pedagogy_market_and_public_dispute,消费者意志、品味规则、负面样本、商业账簿和公共争论说明消费教育如何介入市场,不等同于百货商店、广告和信用的完整机制，也不能证明消费者被成功塑造,补商店、目录、广告、价格、信用、家庭清单和消费者材料,ACCEPTED_AS_CORE_MECHANISM_WITH_RETAIL_GAP,D:\Design-history-知识库\教材章节知识模型转换\11_语义复核批次\BATCH-003-CH02-EXPANDED\mappings\B0175_章节映射.csv
B0175,2.5,C,V2,ornamental_art_museum_and_taste_principles,装饰艺术博物馆、室内商品和品味规则可补充整体环境的制度前史,不系统处理唯美主义、新艺术或具体室内的设计生产与使用,补B0035、B0338、对象、室内和委托档案,CONTEXT_ONLY,D:\Design-history-知识库\教材章节知识模型转换\11_语义复核批次\BATCH-003-CH02-EXPANDED\mappings\B0175_章节映射.csv
B0175,2.6,A,V2,imperial_goods_indian_labour_and_museum_classification,帝国物品、印度劳动、展览目录和博物馆分类把审美标准与贸易、劳动和帝国权力联系起来,英国改革者对印度／中国的评价不是来源社会事实，其他殖民地覆盖不足,补来源地生产者、贸易、征集、对象、翻译和地方档案,ACCEPTED_AS_CORE_SOURCE_WITH_COLONIAL_LIMITS,D:\Design-history-知识库\教材章节知识模型转换\11_语义复核批次\BATCH-003-CH02-EXPANDED\mappings\B0175_章节映射.csv
B0175,2.7,A,V2,calico_copying_india_britain_trade_and_reproduction,棉布从印度产品到英国复制、机械量产、版权与再出口构成跨境选择和再生产链,不能把复制链写成单向欧洲吸收，也不能由英国档案替代印度生产者经验,补贸易、样本、印染工序、印度工匠、商人和消费地材料,ACCEPTED_AS_CORE_TRANSFER_CASE,D:\Design-history-知识库\教材章节知识模型转换\11_语义复核批次\BATCH-003-CH02-EXPANDED\mappings\B0175_章节映射.csv
B0175,5.5,C,V2,early_design_school_administration_and_industrial_artist,设计学校、工业艺术家和艺术行政可作为20世纪工业设计职业制度化的前史,19世纪角色不能直接等同于20世纪工业设计职业,补职业组织、企业职位、合同、教育和统计,CONTEXT_ONLY_AS_PREHISTORY,D:\Design-history-知识库\教材章节知识模型转换\11_语义复核批次\BATCH-003-CH02-EXPANDED\mappings\B0175_章节映射.csv
B0175,6.2,C,V2,china_at_exhibition_as_british_classificatory_discourse,关于中国产品和劳动的展览评论可用于审查英国如何分类晚清物品,这是外部凝视且常带浪费劳动判断，不能承担中国国货、生产或接受史,补晚清官档、商人、工匠、参展目录、报刊和回国传播,CONTEXT_ONLY_WITH_CHINA_P0_GAP,D:\Design-history-知识库\教材章节知识模型转换\11_语义复核批次\BATCH-003-CH02-EXPANDED\mappings\B0175_章节映射.csv
B0175,15.6,C,V2,contested_museum_imperial_archive_and_labour_agency,对展览复合体、帝国档案和劳动者能动性的修正可作为去殖民设计史的方法论资源,本书不是当代去殖民设计实践、返还或共同治理研究,补来源社群、博物馆治理、返还、共同策展和当代研究,CONTEXT_ONLY_AS_HISTORIOGRAPHY,D:\Design-history-知识库\教材章节知识模型转换\11_语义复核批次\BATCH-003-CH02-EXPANDED\mappings\B0175_章节映射.csv
B0181,0.2,C,V2,premodern_customization_and_modernity,前现代市场定制体系（16世纪前即跨数千英里定制生产）为“现代性=全球化起点”的线性叙事提供反例与对照,史实出自原著（Pires、Coppendale证据）；与现代性理论的对话为P4推演层，不能写成原著论点,回查clean第49—51、1895行,CONTEXT_ONLY,D:\Design-history-知识库\教材章节知识模型转换\11_语义复核批次\BATCH-003-CH02-EXPANDED\mappings\B0181_章节映射.csv
B0181,0.3,B,V2,relational_history_anonymous_artisans,以贸易网络、中间商与无名工匠为中心的关系史书写：“需求端—中转端—生产端”设计定制信息链取代英雄谱系，设计主体是市场机制而非个人,三节点信息链为P4专项报告NN.1归纳；原著直接证据是muster布样制度与Coppendale模糊指令获精准响应,回查clean第75—77、2568行,ACCEPTED_AS_KEY_SOURCE,D:\Design-history-知识库\教材章节知识模型转换\11_语义复核批次\BATCH-003-CH02-EXPANDED\mappings\B0181_章节映射.csv
B0181,0.4,B,V2,artifact_as_historical_evidence,纺织品实物成为史料的示范：碳测年建立9—19世纪物质证据链，Fustat残片与苏拉威西整幅布匹的跨国图案对应补足文字档案之不足,物证+档案+图像+碑铭交叉验证是作者方法；测年数据表见clean第4619行附录,回查clean第218—221、639—660、417、4619行,ACCEPTED_AS_KEY_SOURCE,D:\Design-history-知识库\教材章节知识模型转换\11_语义复核批次\BATCH-003-CH02-EXPANDED\mappings\B0181_章节映射.csv
B0181,0.5,B,V2,visual_archival_oral_evidence_types,多类证据的示范性使用：图像（阿旃陀/蒲甘/吴哥壁画、Reinoso油画、南蛮屏风、版画）、档案（VOC、中国正史、Geniza、历代宝案）、民族志口述与田野（1993—95）,各证据类型均有具体案例与插图编号；图像解读依赖风格比对，Reinoso油画与南蛮屏风的可靠性作者有专门论证,回查clean第78—99、2506、2679行,ACCEPTED_AS_KEY_SOURCE,D:\Design-history-知识库\教材章节知识模型转换\11_语义复核批次\BATCH-003-CH02-EXPANDED\mappings\B0181_章节映射.csv
B0181,0.6,B,V2,european_record_bias_and_absence,证据偏差的自我揭示：仅存欧洲记录、亚洲商船承运量更大（第51行）；印度本土几乎无此类收藏、现存多为殖民获取遗留（第59—60行）；织工染工等生产端劳动者在叙事中缺席,偏差声明是原著导言命题；生产端劳动社会史缺失为P4整体报告00.9的局限评估，非原著自述,回查clean第51、59—60、465行,ACCEPTED_AS_KEY_SOURCE,D:\Design-history-知识库\教材章节知识模型转换\11_语义复核批次\BATCH-003-CH02-EXPANDED\mappings\B0181_章节映射.csv
B0181,0.7,A,V2,trade_network_translation_model,印度棉布千年贸易是“流动与转译”模型的实证：同一商品经贸易网络在不同接受社会中被选择、误读、翻译与再生产，而非单向“影响”,Pires“Cambay双臂”整合体系与各市场差异化接收均为原著命题；六市场类型光谱为P4归纳，引用时需标注,回查clean第586—587、676、749、982—984行,ACCEPTED_AS_CORE_SOURCE,D:\Design-history-知识库\教材章节知识模型转换\11_语义复核批次\BATCH-003-CH02-EXPANDED\mappings\B0181_章节映射.csv
B0181,1.3,C,V2,pattern_sample_power,图样权力的前工业对应：muster布样制度、佣金与等级分类控制质量，“图样”成为定制体系的控制媒介；日本《更纱便览》兼为图案选择目录,muster制度为原著第一章结语内容；与教材1.3工业化图样制度是平行而非传承关系,回查clean第2792—2801行,CONTEXT_ONLY,D:\Design-history-知识库\教材章节知识模型转换\11_语义复核批次\BATCH-003-CH02-EXPANDED\mappings\B0181_章节映射.csv
B0181,1.4,B,V2,mordant_resist_material_system,前工业材料系统案例：媒染与防染技术体系、染料（靛蓝、chay、茜草、苏木）与棉供应链构成千年贸易的物质基础，“技术作为设计条件”,技术垄断与种姓知识壁垒是原著第一章命题；“技术决定论”式表述属分析层归纳，需与1.x工业化语境作对照说明,回查clean第36—40、315、343行,ACCEPTED_AS_KEY_SOURCE,D:\Design-history-知识库\教材章节知识模型转换\11_语义复核批次\BATCH-003-CH02-EXPANDED\mappings\B0181_章节映射.csv
B0181,1.5,B,V2,anonymous_design_market_customization,匿名设计：无署名工匠为远方市场批量定制（“暹罗风格”、印尼仪式布、日本sarasa），设计由市场与中间商驱动而非作者个人,市场定制证据跨Pires(1515)至19世纪；生产端个人身份信息稀缺本身即是匿名性证据,回查clean第1895、2080—2082、2480—2482行,ACCEPTED_AS_KEY_SOURCE,D:\Design-history-知识库\教材章节知识模型转换\11_语义复核批次\BATCH-003-CH02-EXPANDED\mappings\B0181_章节映射.csv
B0181,1.7,C,V2,regional_specialization_mixed_production,区域差异与混合生产的前工业对应：古吉拉特（patola/块印花布）、科罗曼德尔（kalamkari手绘）、孟加拉（细棉布）三大产区分工与17世纪重心南移,三大产区与市场定位为原著第一章内容；属前工业语境，与教材1.7工业化语境的关系需教师衔接,回查clean第315、465、2475行,CONTEXT_ONLY,D:\Design-history-知识库\教材章节知识模型转换\11_语义复核批次\BATCH-003-CH02-EXPANDED\mappings\B0181_章节映射.csv
B0181,2.6,C,V2,colonial_acquisition_and_classification,殖民获取与分类的案例：V&A及荷兰机构收藏是殖民收购政策的遗留，欧洲档案的织物命名体系（sarasa/sembagi等）不等于来源社会自我分类,原著明言收藏为“colonial acquisition policies”之遗产（第60行）；分类名称问题作者亦有讨论,回查clean第59—60、315行,CONTEXT_ONLY,D:\Design-history-知识库\教材章节知识模型转换\11_语义复核批次\BATCH-003-CH02-EXPANDED\mappings\B0181_章节映射.csv
B0181,2.7,A,V2,cotton_dyeing_pattern_crossborder,棉布、染织与纹样经贸易网络跨境迁移并在地方再生产：日本sarasa→和更纱、爪哇batik本土化、暹罗“暹罗风格”定制布，把单向“影响”改写为选择与翻译,贸易量、路线、对象、委托、制作与复制品证据链完整（VOC库存、公司信函、muster制度、图案手册），非仅风格相似,回查clean第52—77、2480—2482、2792—2803、1895行,ACCEPTED_AS_CORE_SOURCE,D:\Design-history-知识库\教材章节知识模型转换\11_语义复核批次\BATCH-003-CH02-EXPANDED\mappings\B0181_章节映射.csv
B0181,2.7,B,V2,japan_sarasa_localization_case,日本市场以“新奇”为购买驱动（Coppendale 1615），1781年《更纱便览》与和更纱型染复制展示图案的选择、误读与本地再生产，是“日本主义”前史,链条有委托记录、实物（名物裂/彦根藩藏）、本土复制物与图案手册四类证据；“日本主义”术语为教材议题，原著用词是sarasa消费,回查clean第2480—2482、2679—2691、2792—2803行,ACCEPTED_AS_KEY_SOURCE,D:\Design-history-知识库\教材章节知识模型转换\11_语义复核批次\BATCH-003-CH02-EXPANDED\mappings\B0181_章节映射.csv
B0181,12.2,C,V2,colonial_monopoly_exchange_injustice,殖民垄断与交换不公的历史证据：VOC武力垄断（Coen禁令1628、hongi远征、马加撒战争1667）重组而非终结贸易，可供伦理与去殖民议题作历史案例,垄断史实为原著第五章内容；当代伦理结论需另行论证，不可直接外推,回查clean第209、1484—1487行,CONTEXT_ONLY,D:\Design-history-知识库\教材章节知识模型转换\11_语义复核批次\BATCH-003-CH02-EXPANDED\mappings\B0181_章节映射.csv
B0182,0.4,A,V2,documentary_materiality,本书以档案汇编形态呈现史料：每件文献标注出处（LW/BD/PA）、首刊标记（First publication）与捐赠来源，并说明档案存放地,档案位置与首刊标注是元数据证据，证明文献的物质来源与编纂层级，不改变文献内容本身的效力,clean第6行、第5012行、第5024行、第4942行,ACCEPTED_AS_CORE_SOURCE,D:\Design-history-知识库\教材章节知识模型转换\11_语义复核批次\BATCH-005-CH04-BAUHAUS\mappings\B0182_章节映射.csv
B0182,4.2,A,V2,preliminary_course_archive,魏玛包豪斯以预备课程（Vorkurs）为必修入口、先于并独立于工坊教学；Kandinsky/Klee/Itten体系构成其理论谱系,档案证明课程制度设计（章程、课程表、注册统计）与行动者主张，不能自动证明教学成效或学生接受,clean第2237—2238行（章程第4条）、第3277—3278行（不可免除）、第454行、第302行,ACCEPTED_AS_CORE_SOURCE,D:\Design-history-知识库\教材章节知识模型转换\11_语义复核批次\BATCH-005-CH04-BAUHAUS\mappings\B0182_章节映射.csv
B0182,4.2,A,V2,manifesto_evidence,1919年宣言确立“回到手工艺”与综合艺术理想，其“社会主义大教堂”表述在1923年重印时引发政治攻击,宣言是意图文献而非实践记录；攻击事件本身由Wingler导引说明（编者层）,clean第52—54行（导引与销毁）、第101—107行（宣言正文）,ACCEPTED_AS_CORE_SOURCE,D:\Design-history-知识库\教材章节知识模型转换\11_语义复核批次\BATCH-005-CH04-BAUHAUS\mappings\B0182_章节映射.csv
B0182,4.2,B,V2,enrollment_statistics,截至报告期有526名学生自1919年10月注册、27名学徒正开始预备课程,注册统计出自内部报告，口径以原文为准，不可外推为培养成效,clean第864—865行,ACCEPTED_AS_SUPPLEMENTARY,D:\Design-history-知识库\教材章节知识模型转换\11_语义复核批次\BATCH-005-CH04-BAUHAUS\mappings\B0182_章节映射.csv
B0182,4.3,A,V2,exhibition_shift,1923年“艺术与技术——新的统一”口号与首届包豪斯展览标志制度转向；Haus am Horn作为实验住宅展示工坊协作,口号是行动者主张；展览与住宅的完成度与效果评价须以同期媒体及审计文献为界（审计明言簿记不足）,clean第540行、第192行、第132—138行（Am Horn）、第992行（审计）,ACCEPTED_AS_CORE_SOURCE,D:\Design-history-知识库\教材章节知识模型转换\11_语义复核批次\BATCH-005-CH04-BAUHAUS\mappings\B0182_章节映射.csv
B0182,4.3,A,V2,political_crisis_1924,1924年图林根州议会右翼党团以“小质询”攻击包豪斯，预算削减与大师合同终止导致1925年解散迁校,议会记录与公开信证明制度冲突与行动者立场；“文化布尔什维克主义”等指控是修辞而非事实陈述,clean第798—800行、第840行（Small Question）、第850行、第1165行（解散公开信）,ACCEPTED_AS_CORE_SOURCE,D:\Design-history-知识库\教材章节知识模型转换\11_语义复核批次\BATCH-005-CH04-BAUHAUS\mappings\B0182_章节映射.csv
B0182,4.4,A,V2,dessau_statute_1927,1927年德绍章程确立机构归属（德绍市）、课程序列（预备课程+工坊教学+形式教学）与入学要求（预备课程为不可或缺前提）,章程是制度规范文本，证明制度意图与结构设计，不证明执行情况,clean第2219—2296行（第2226、2237—2238、2243行）,ACCEPTED_AS_CORE_SOURCE,D:\Design-history-知识库\教材章节知识模型转换\11_语义复核批次\BATCH-005-CH04-BAUHAUS\mappings\B0182_章节映射.csv
B0182,4.4,A,V2,workshop_system,德绍工坊体系（金属、纺织等）以“培养创造性人才”为目标，工坊教学与形式教学构成主课程,工坊章程与招生文件证明制度目标；产品成效需以产品目录与销售档案为据,clean第1736—1743行（金属工坊）、第2238行,ACCEPTED_AS_CORE_SOURCE,D:\Design-history-知识库\教材章节知识模型转换\11_语义复核批次\BATCH-005-CH04-BAUHAUS\mappings\B0182_章节映射.csv
B0182,4.5,A,V2,meyer_functionalism,Meyer提出“建造=功能×经济”“一切艺术是构图因而不合目的”，将建筑定义为生物过程与社会事业,宣言文本证明行动者主张；其教学成效与校内接受度须另觅学生记录；Wingler导引对Meyer持负面评价（编者层）,clean第3378—3385行（《Building》及导引第3380行）,ACCEPTED_AS_CORE_SOURCE,D:\Design-history-知识库\教材章节知识模型转换\11_语义复核批次\BATCH-005-CH04-BAUHAUS\mappings\B0182_章节映射.csv
B0182,4.5,A,V2,school_politics_1930,1930年共产学生传单要求废除预备课程；Meyer自称解散学生共产党小组后仍因政治指控被解职,传单与Meyer自述均为行动者文献，可证明立场与事件进程；解职原因各说并存,clean第4235—4249行（传单）、第4023—4024行（Meyer自述）、第8975行（解职时间）,ACCEPTED_AS_CORE_SOURCE,D:\Design-history-知识库\教材章节知识模型转换\11_语义复核批次\BATCH-005-CH04-BAUHAUS\mappings\B0182_章节映射.csv
B0182,4.5,B,V2,libel_verdict,德绍地方法院判决Buchlein诽谤罪成立（§185，罚500帝国马克）,判决书是司法档案，仅证明该案事实，不构成对包豪斯声誉的一般性背书,clean第2505—2507行,ACCEPTED_AS_SUPPLEMENTARY,D:\Design-history-知识库\教材章节知识模型转换\11_语义复核批次\BATCH-005-CH04-BAUHAUS\mappings\B0182_章节映射.csv
B0182,4.6,A,V2,curriculum_institution,1929年招生文件显示建筑系9学期制：预备课程（不可免除）→工坊→建筑教学→建筑工作室，结业获包豪斯文凭，构成可复制的课程制度,课程表证明制度设计；“复制”成效（毕业生去向、后续院校采纳）需跨来源验证,clean第3262—3294行,ACCEPTED_AS_CORE_SOURCE,D:\Design-history-知识库\教材章节知识模型转换\11_语义复核批次\BATCH-005-CH04-BAUHAUS\mappings\B0182_章节映射.csv
B0182,4.6,B,V2,dissolution_contract,密斯与德绍市离职协议处理解散后的名称权利与合同终止合法性,合同文本证明制度收尾安排；双方对解散责任与合法性的主张并存,clean第4587行、第4090行（名称权利条款）,ACCEPTED_AS_SUPPLEMENTARY,D:\Design-history-知识库\教材章节知识模型转换\11_语义复核批次\BATCH-005-CH04-BAUHAUS\mappings\B0182_章节映射.csv
B0182,4.6,B,V2,berlin_epilogue,柏林包豪斯1932年秋以“独立教学与研究机构”恢复，1933年4月被搜查，7月20日密斯通知盖世太保解散,通知、警方记录与行政档案证明事件进程；“纳粹压力下自行解散”的定性混合行动者表述与编者叙述,clean第9730行、第9771行（搜查）、第4942行（解散通知）、第4973行（盖世太保回函）,ACCEPTED_AS_SUPPLEMENTARY,D:\Design-history-知识库\教材章节知识模型转换\11_语义复核批次\BATCH-005-CH04-BAUHAUS\mappings\B0182_章节映射.csv
B0182,4.7,A,V2,chicago_transfer,1937年芝加哥新包豪斯以Moholy-Nagy为总监、Gropius为顾问，首学期36名学生；后经School of Design延续为Institute of Design,新包豪斯文献（prospectus、校长签名页）证明制度创办与人事；延续性表述含Wingler 1969年正典化导引（编者层）,clean第5003行、第5068行、第5107行、第5022行,ACCEPTED_AS_CORE_SOURCE,D:\Design-history-知识库\教材章节知识模型转换\11_语义复核批次\BATCH-005-CH04-BAUHAUS\mappings\B0182_章节映射.csv
B0182,4.7,B,V2,canonization_framework,Wingler将芝加哥延续表述为“包豪斯智识遗产在美国复兴并结出果实”，并以三次更名的叙事组织文献,该表述是该档案集的1969年正典化框架，属编者层判断，须与档案事实分离标注,clean第5022—5024行（导引与档案存放说明）、第5032行,ACCEPTED_AS_SUPPLEMENTARY,D:\Design-history-知识库\教材章节知识模型转换\11_语义复核批次\BATCH-005-CH04-BAUHAUS\mappings\B0182_章节映射.csv
B0186,0.5,A,V2,actor_self_account_p0,本书为行动者自著职业文本，属P0证据：可直接证明Dreyfuss的职业主张、方法与自我定位,不能自动证明行业影响或产品成效；与B0206/B0066/B0205共享对象时只计一份P0,全文,ACCEPTED_AS_ACTOR_SOURCE,D:\Design-history-知识库\教材章节知识模型转换\11_语义复核批次\BATCH-006-CH05-COMMERCIAL\mappings\B0186_章节映射.csv
B0186,0.6,A,V2,self_justification_bias,自传性叙事含自我辩护成分：成功案例详述、失败轶事化处理,偏差属性本身即证据边界，引用时需标注,第4、15章分析报告,ACCEPTED_AS_ACTOR_SOURCE,D:\Design-history-知识库\教材章节知识模型转换\11_语义复核批次\BATCH-006-CH05-COMMERCIAL\mappings\B0186_章节映射.csv
B0186,0.6,B,V2,single_actor_perspective,单一行动者视角局限：美国中心主义、男性中心（Josephine置于家务/接线员角色）与时代审美预设,复核者对文本视角局限的判定,整体报告七.2—七.3；clean第272—284行,ACCEPTED_AS_ACTOR_SOURCE,D:\Design-history-知识库\教材章节知识模型转换\11_语义复核批次\BATCH-006-CH05-COMMERCIAL\mappings\B0186_章节映射.csv
B0186,5.4,B,V2,streamlining_critique,Dreyfuss以“由内而外”批评装饰性流线型（“流线型化不会移动的冰箱”），区分cleaninglining与streamlining,属行动者对行业流线型风潮的批评立场，非流线型运动的正面史料,第1章与第5章分析报告,ACCEPTED_AS_ACTOR_SOURCE,D:\Design-history-知识库\教材章节知识模型转换\11_语义复核批次\BATCH-006-CH05-COMMERCIAL\mappings\B0186_章节映射.csv
B0186,5.5,A,V2,profession_formation_1929,有声电影冲击百老汇（1927）→1929年于580 Fifth Avenue开设工业设计事务所，构成美国工业设计职业形成的行动者自述证据,自传叙事含自我辩护；“四巨头”地位与行业影响需外部史料佐证,clean第130行,ACCEPTED_AS_ACTOR_SOURCE,D:\Design-history-知识库\教材章节知识模型转换\11_语义复核批次\BATCH-006-CH05-COMMERCIAL\mappings\B0186_章节映射.csv
B0186,5.5,A,V2,inside_out_design_principle,“诚实的设计应由内而外，而非由外而内”，反对表面装饰化，界定职业方法论核心,属Dreyfuss职业主张（P0），不代表行业共识,clean第130、913、918行,ACCEPTED_AS_ACTOR_SOURCE,D:\Design-history-知识库\教材章节知识模型转换\11_语义复核批次\BATCH-006-CH05-COMMERCIAL\mappings\B0186_章节映射.csv
B0186,5.5,B,V2,silent_salesman_concept,“优良工业设计是无声推销员”，设计作为大萧条后差异化竞争手段的职业功能观,行动者对设计商业功能的自我表述,第1章分析报告,ACCEPTED_AS_ACTOR_SOURCE,D:\Design-history-知识库\教材章节知识模型转换\11_语义复核批次\BATCH-006-CH05-COMMERCIAL\mappings\B0186_章节映射.csv
B0186,5.5,B,V2,sid_founding_1944,1944年与Teague周末讨论发起、Loewy参与，成立工业设计师协会（SID）,Dreyfuss自称“帮助组织”，SID/IDSA正式缘起需对照组织史料,clean第2288—2294行,ACCEPTED_AS_ACTOR_SOURCE,D:\Design-history-知识库\教材章节知识模型转换\11_语义复核批次\BATCH-006-CH05-COMMERCIAL\mappings\B0186_章节映射.csv
B0186,5.6,A,V2,anthropometry_percentile_partners,Dreyfuss事务所以Joe/Josephine百分位人体测量图（“极端值而非平均值”，覆盖2.5—97.5百分位）将人体测量学系统引入工业设计方法,自述其事务所方法与实践，不能证明人体测量法在行业中的普及程度,clean第210—222、278—280行,ACCEPTED_AS_ACTOR_SOURCE,D:\Design-history-知识库\教材章节知识模型转换\11_语义复核批次\BATCH-006-CH05-COMMERCIAL\mappings\B0186_章节映射.csv
B0186,5.6,A,V2,machine_fit_person_principle,“最高效的机器是围绕人而建造的”，设计应使机器适配人而非将人塞进机器（human engineering）,属Dreyfuss的方法论主张（理念证据），不自动证明产品成效,clean第225—228、280行,ACCEPTED_AS_ACTOR_SOURCE,D:\Design-history-知识库\教材章节知识模型转换\11_语义复核批次\BATCH-006-CH05-COMMERCIAL\mappings\B0186_章节映射.csv
B0186,5.6,A,V2,five_senses_design_framework,视、听、触、嗅、色觉五感被纳入设计考量（视力表、分贝、色彩心理、气味扩散）,自述其事务所研究框架，样本与方法未披露,clean第223—224、288—304行,ACCEPTED_AS_ACTOR_SOURCE,D:\Design-history-知识库\教材章节知识模型转换\11_语义复核批次\BATCH-006-CH05-COMMERCIAL\mappings\B0186_章节映射.csv
B0186,5.6,B,V2,household_efficiency_cases,熨斗作为手臂延伸、打字机眩光、吸尘器手柄等家务与办公效率案例体现“家务与效率”主题,案例成效（如“如今已普及”）为自述，无独立验证,clean第230—237、292—294、1782行,ACCEPTED_AS_ACTOR_SOURCE,D:\Design-history-知识库\教材章节知识模型转换\11_语义复核批次\BATCH-006-CH05-COMMERCIAL\mappings\B0186_章节映射.csv
B0186,5.6,B,V2,anthropometric_data_catalog,手柄直径0.5—1.25英寸、脚刹35磅、左撇子6—9%等“设计常数库”数据,数据来源、样本规模与统计方法未透明，不可作为独立科学数据引用,clean第227行及第2章分析报告,ACCEPTED_AS_ACTOR_SOURCE,D:\Design-history-知识库\教材章节知识模型转换\11_语义复核批次\BATCH-006-CH05-COMMERCIAL\mappings\B0186_章节映射.csv
B0186,5.7,B,V2,profession_code_of_ethics,SID“严格的伦理准则”与高门槛会员制，构成商业设计伦理制度化的行动者证据,伦理成效为自述；“给职业尊严”属价值判断,clean第2295—2296行,ACCEPTED_AS_ACTOR_SOURCE,D:\Design-history-知识库\教材章节知识模型转换\11_语义复核批次\BATCH-006-CH05-COMMERCIAL\mappings\B0186_章节映射.csv
B0186,5.7,B,V2,commercial_design_critique,第9章批判汽车工业“蒸汽压路机式推广”、第14章公开收费模式，触及商业设计的伦理争议,批判立场与“透明化先例”为行动者观点,整体报告3.3、七.1及第9/14章分析报告,ACCEPTED_AS_ACTOR_SOURCE,D:\Design-history-知识库\教材章节知识模型转换\11_语义复核批次\BATCH-006-CH05-COMMERCIAL\mappings\B0186_章节映射.csv
B0186,5.7,C,V2,ethics_market_tension_unresolved,“当市场要求坏设计时设计师怎么办”的伦理困境未获系统性回答，对汽车工业的批判以自嘲收场,复核者基于文本的解读性判断，非原文陈述,整体报告七.1,ACCEPTED_AS_ACTOR_SOURCE,D:\Design-history-知识库\教材章节知识模型转换\11_语义复核批次\BATCH-006-CH05-COMMERCIAL\mappings\B0186_章节映射.csv
B0187,0.4,A,V2,typographic_artifact_as_historical_source,排版实物——书籍封面、海报、期刊版面、广告、钞票、手稿与印刷版对照——构成现代排版史证据链的一手史料,图版160余幅是本书核心论证要素；clean文本只有文字，视觉判断须回原书图版，不得以文字描述替代,全书图版（原书13—156页各章）,ACCEPTED_AS_CORE_SOURCE,D:\Design-history-知识库\教材章节知识模型转换\11_语义复核批次\BATCH-004-CH03-AVANTGARDE\mappings\B0187_章节映射.csv
B0187,0.5,B,V2,evidence_types_manifesto_plate,宣言文本、期刊、图版、手稿与亲历者口述构成多层证据类型，作者以一手实物与在世先驱回忆互补,口述证据链依赖作者致谢所列表单（拜耶、比尔、奇肖尔德、兹瓦特），属不可复核的一手渠道,clean第12行扉页引语；致谢内容,CONTEXT_ONLY,D:\Design-history-知识库\教材章节知识模型转换\11_语义复核批次\BATCH-004-CH03-AVANTGARDE\mappings\B0187_章节映射.csv
B0187,0.6,A,V2,evidence_bias_teleological_canon,“先驱”谱系框架含目的论与伟人史观偏差：英美与女性先驱缺位、政治维度淡化、“英雄时期”密度不均，须在教材使用时标注框架属性,叙事偏斜系作者立场与方法论选择所致；知识涌现分析揭示的“英雄叙事的拓扑必然性”为P4推演，仅作语义路由,clean第1023—1033行（奇肖尔德法典化批判与“皈依”叙事）,ACCEPTED_AS_CORE_SOURCE,D:\Design-history-知识库\教材章节知识模型转换\11_语义复核批次\BATCH-004-CH03-AVANTGARDE\mappings\B0187_章节映射.csv
B0187,0.6,B,V2,authors_value_judgment,作者对奇肖尔德“法典化”的批判（违背现代排版精神、损害活力与灵活性）属立场性判断，与其传播功绩（特刊引介利西茨基、加速行业采用）并存,批判与功绩并置于同一章；“法典化结构必然性”为P4涌现命题，须对照奇肖尔德专门研究,clean第267—270行,CONTEXT_ONLY,D:\Design-history-知识库\教材章节知识模型转换\11_语义复核批次\BATCH-004-CH03-AVANTGARDE\mappings\B0187_章节映射.csv
B0187,3.2,A,V2,futurist_free_word_typography,马里内蒂1909年宣言提出一页多栏、二十种字体、斜体表快速、粗体表尖叫，开创自由词语（parole in libertà）排印，索菲奇《Bif§zf+18》(1915)为早期实践,宣言为本书转引原文；多字体混排与自由方向的视觉证据在《Bif§zf+18》《Cabaret Voltaire》图版,clean第74—77行；图版页13—27,ACCEPTED_AS_CORE_SOURCE,D:\Design-history-知识库\教材章节知识模型转换\11_语义复核批次\BATCH-004-CH03-AVANTGARDE\mappings\B0187_章节映射.csv
B0187,3.2,B,V2,futurism_fascism_link,马里内蒂对墨索里尼的影响暗示未来主义与法西斯主义之间令人不安的关联,本书仅导论简述（未来主义视战争为“卫生的清洗”），政治史维度薄弱，须以B0027等政治史来源补证,clean第85行,CONTEXT_ONLY,D:\Design-history-知识库\教材章节知识模型转换\11_语义复核批次\BATCH-004-CH03-AVANTGARDE\mappings\B0187_章节映射.csv
B0187,3.3,A,V2,dada_photomontage_typography,达达以拼贴、蒙太奇与偶然性引入否定性创造；摄影蒙太奇从达达（豪斯曼、赫希）走向政治宣传（罗钦科、哈特菲尔德）与商业广告（兹瓦特、斯赫伊特马）,蒙太奇谱系为作者建构；蒙太奇作品的视觉特征须回图版核实,clean第248—255行；图版页28—51、57—59,ACCEPTED_AS_CORE_SOURCE,D:\Design-history-知识库\教材章节知识模型转换\11_语义复核批次\BATCH-004-CH03-AVANTGARDE\mappings\B0187_章节映射.csv
B0187,3.3,B,V2,merz_typography_theory,施维特斯《Merz》第11期（1924）十条命题：排版是文本“压力与拉力”的表达、空白为正值、一切材料皆排版价值、“别学任何人做过的方式”,命题为德语原文转引；《Merz》期刊（1923—1932，24期）与共享组期刊对象去重，只计一份P0,clean第1091—1100行；图版页43—46、90—95,ACCEPTED_AS_CORE_SOURCE,D:\Design-history-知识库\教材章节知识模型转换\11_语义复核批次\BATCH-004-CH03-AVANTGARDE\mappings\B0187_章节映射.csv
B0187,3.4,A,V2,constructivist_production_art,罗钦科1921年与25位艺术家宣布放弃纯艺术转向生产艺术；《Pro Eto》摄影蒙太奇、《Lef》《Novi Lef》封面与马雅可夫斯基合作标语体现构成主义排版与宣传的结合,25人宣言与《Pro Eto》技法为作者陈述；期刊图版为核心证据,clean第929行；图版页63—65、126—132,ACCEPTED_AS_CORE_SOURCE,D:\Design-history-知识库\教材章节知识模型转换\11_语义复核批次\BATCH-004-CH03-AVANTGARDE\mappings\B0187_章节映射.csv
B0187,3.4,B,V2,lissitzky_proun_transmission,利西茨基以普隆（“绘画与建筑之间的换乘站”）综合至上主义与构成主义元素，成为俄国前卫思想渗透西欧的主要通道,“主要通道”判断为Spencer命题；P4网络涌现命题仅作语义路由，不作史实断言,clean第130—134、330行；图版页66—78,ACCEPTED_AS_CORE_SOURCE,D:\Design-history-知识库\教材章节知识模型转换\11_语义复核批次\BATCH-004-CH03-AVANTGARDE\mappings\B0187_章节映射.csv
B0187,3.5,A,V2,de_stijl_typographic_geometry,风格派以矩形、原色（红蓝黄）与黑白灰构成非对称几何排版美学；《De Stijl》期刊版面是风格派原则的印刷体现；凡·杜斯堡元素主义（对角线）导致与蒙德里安决裂,《De Stijl》整页复制与Mécano页面为图版证据；元素主义之争以双方理由呈现,clean第119—122行；图版页37—42、79—84,ACCEPTED_AS_CORE_SOURCE,D:\Design-history-知识库\教材章节知识模型转换\11_语义复核批次\BATCH-004-CH03-AVANTGARDE\mappings\B0187_章节映射.csv
B0187,3.5,B,V2,dutch_commercial_modernism,兹瓦特（NKF）与斯赫伊特马（Berkel）将风格派与构成主义原则无妥协地应用于商业广告，摄影成为排印的平等伙伴而非装饰,商业应用路径以荷兰两案为据；“荷兰悖论/体制宽容度”为P4涌现命题，不作教材断言,clean第251—255行；图版页54—59、109—125,ACCEPTED_AS_CORE_SOURCE,D:\Design-history-知识库\教材章节知识模型转换\11_语义复核批次\BATCH-004-CH03-AVANTGARDE\mappings\B0187_章节映射.csv
B0187,3.6,A,V2,new_typography_advocacy,现代排印以非对称与对比为基础、传统居中排版被动而现代排版主动，印刷业现代化由“外来者”（画家、诗人、建筑师）完成——3.6“新字体”核心命题,“先驱”谱系与二元框架为Spencer 1969年建构，须标注为作者命题；图版是排版对象的关键证据，clean文本只有文字，视觉判断须回原书图版,clean第1023—1033行；图版页67—69、133—146,ACCEPTED_AS_CORE_SOURCE,D:\Design-history-知识库\教材章节知识模型转换\11_语义复核批次\BATCH-004-CH03-AVANTGARDE\mappings\B0187_章节映射.csv
B0192,0.3,B,V2,revisionist_anti_hero_technology_history,制造技术史须用企业档案和实物检验修正发明家起源神话,修正某位英雄不等于个人行动完全不重要,补专利、企业与公共机构多方档案,ACCEPTED_AS_METHOD,D:\Design-history-知识库\教材章节知识模型转换\11_语义复核批次\BATCH-001-CH01-CH02\mappings\B0192_章节映射.csv
B0192,0.4,A,V2,artifact_test_of_interchangeability,实物零件互换测试可检验企业宣传和文献中的标准化主张,样本、年代和保存史限制必须公开,核附录样本清单、测量方法和博物馆藏品,ACCEPTED_WITH_REPRODUCTION_REQUIRED,D:\Design-history-知识库\教材章节知识模型转换\11_语义复核批次\BATCH-001-CH01-CH02\mappings\B0192_章节映射.csv
B0192,1.1,B,V2,mobile_mechanics_and_distributed_knowledge,机械师流动、公共军工厂与机床企业共同传递制造知识,主要是美国金属和木工行业，不能等同所有前工业知识,补学徒、工会、工场和区域材料,ACCEPTED_AS_SUPPORT,D:\Design-history-知识库\教材章节知识模型转换\11_语义复核批次\BATCH-001-CH01-CH02\mappings\B0192_章节映射.csv
B0192,1.2,A,V2,interchangeability_flow_and_scale,互换零件、量规、机床、物流与连续装配共同改变生产尺度,互换性不必然降低成本，规模也可能造成刚性和过剩,补成本、产量、质量和工时序列,ACCEPTED_WITH_LIMITS,D:\Design-history-知识库\教材章节知识模型转换\11_语义复核批次\BATCH-001-CH01-CH02\mappings\B0192_章节映射.csv
B0192,1.3,A,V2,gauges_specs_and_process_control,量规、夹具、精确规格和协调工序把判断权从装配修配转移到系统设计与监督,本书较少直接讨论外观图样和设计师职位,补产品图纸、工程变更、职位和审批记录,ACCEPTED_AS_MECHANISM,D:\Design-history-知识库\教材章节知识模型转换\11_语义复核批次\BATCH-001-CH01-CH02\mappings\B0192_章节映射.csv
B0192,1.4,B,V2,machine_tool_material_process_system,金属与木材加工形式受机床、冲压、焊接、精度和材料流共同约束,原料供应和环境维度不是本书重点,补材料规范、采购、废料和测试记录,ACCEPTED_AS_SUPPORT,D:\Design-history-知识库\教材章节知识模型转换\11_语义复核批次\BATCH-001-CH01-CH02\mappings\B0192_章节映射.csv
B0192,1.5,A,V2,distributed_manufacturing_authorship,公共机构、机械师、工程师、企业管理者和销售体系共同形成制造系统,不能把技术系统无作者化，也不能忽略可证个人责任,逐项目核设计、工程、审批、制作和营销责任,ACCEPTED_WITH_LIMITS,D:\Design-history-知识库\教材章节知识模型转换\11_语义复核批次\BATCH-001-CH01-CH02\mappings\B0192_章节映射.csv
B0192,1.7,A,V2,american_and_european_methods_uneven_diffusion,所谓美国体制与欧洲方法长期并存，技术扩散受成本、组织和市场约束,英美比较不等于全球区域比较,补欧洲、亚洲和殖民地制造史,ACCEPTED_WITH_COUNTERSOURCE_REQUIRED,D:\Design-history-知识库\教材章节知识模型转换\11_语义复核批次\BATCH-001-CH01-CH02\mappings\B0192_章节映射.csv
B0192,2.1,C,V2,great_exhibition_technology_observation,1851年博览会促使英国观察者讨论美国制造技术,不是博览会公众观看、帝国展示或设计改革的完整证据,回展览目录、评审报告和观察者记录,CONTEXT_ONLY,D:\Design-history-知识库\教材章节知识模型转换\11_语义复核批次\BATCH-001-CH01-CH02\mappings\B0192_章节映射.csv
B0192,2.4,B,V2,marketing_production_and_market_segmentation,Singer等企业的广告、经销、服务和分期付款可先于生产技术优势塑造市场,GM年度车型主要属1920年代，不能倒置到19世纪百货语境,按时段补零售、广告、信用与销售数据,ACCEPTED_WITH_PERIOD_LIMIT,D:\Design-history-知识库\教材章节知识模型转换\11_语义复核批次\BATCH-001-CH01-CH02\mappings\B0192_章节映射.csv
B0199,0.4,A,V2,poster_image_picture_duality,海报作为史料具有双重性：作为“图片”（picture，可烧毁/悬挂的物质对象）与“图像”（image，可复制、挪用、存续的视觉内容），处于“证据的暮光地带”,Mitchell区分是分析工具而非史料本身；海报可证生产、流通、展示安排，不能单独证接受,clean 314,ACCEPTED_AS_CORE_SOURCE,D:\Design-history-知识库\教材章节知识模型转换\11_语义复核批次\BATCH-004-CH03-AVANTGARDE\mappings\B0199_章节映射.csv
B0199,0.4,A,V2,poster_archive_provenance,海报作为人工物被档案馆系统保存（胡佛研究所、帝国战争博物馆、国会图书馆、Schomburg中心等），其收藏与编目即史料化过程；帝国战争博物馆为最早系统收藏者,档案馆名单出自致谢与插图注记，“最早系统收藏”为作者陈述,clean 248（致谢）、276（收藏与在线发布）,ACCEPTED_AS_CORE_SOURCE,D:\Design-history-知识库\教材章节知识模型转换\11_语义复核批次\BATCH-004-CH03-AVANTGARDE\mappings\B0199_章节映射.csv
B0199,0.5,A,V2,contextual_reading_method,图像史料必须置于话语语境（书面宣传、公共演讲、报刊、明信片、私人信件、公共仪式）中解读；孤立图像学证据会误导；反对海报图像“自行言说”,方法论主张（Goebel表述、James全书承诺），非对单张海报的经验结论；各章做法示范了该方法的操作,clean 327、335（绪论）,ACCEPTED_AS_CORE_SOURCE,D:\Design-history-知识库\教材章节知识模型转换\11_语义复核批次\BATCH-004-CH03-AVANTGARDE\mappings\B0199_章节映射.csv
B0199,0.5,A,V2,government_archive_reconstruction,政府档案（英国PRC分发数据：近1200万份海报、3400万份传单；美国USFA档案、CPI记录）与图像档案交叉使用，可重建海报生产—分发—展示的完整链条,档案可证生产分发规模与组织流程；分发量不等于接受效果（本书明确此边界）,clean 2368（USFA女性网络）,ACCEPTED_AS_CORE_SOURCE,D:\Design-history-知识库\教材章节知识模型转换\11_语义复核批次\BATCH-004-CH03-AVANTGARDE\mappings\B0199_章节映射.csv
B0199,0.6,A,V2,propaganda_goal_vs_result,必须区分海报运动的目标与结果：海报是“爱国行为的建议论证”，不是观众已接受这些论证的证据；志愿招募下降与1916年征兵制即为反证,核心证据边界：组织者意图（可证）≠观众接受（不可单独由海报证）；此条在绪论与第10章正文双重出现,clean 339、2587（proposed arguments）,ACCEPTED_AS_CORE_SOURCE,D:\Design-history-知识库\教材章节知识模型转换\11_语义复核批次\BATCH-004-CH03-AVANTGARDE\mappings\B0199_章节映射.csv
B0199,0.6,A,V2,poster_distorting_mirror_evidence,海报像Marchand所谓“扭曲的镜子”（Zerrspeigel）：折射公众愿望而非现实、美化与省略战争暴力；恰因此成为“人们如何想象战争”的证据，而非战争实况的记录,虚构化歪曲不使海报失去史料价值，但须按“愿望影像”读；“海报没有展示战争的人力代价”（绪论）即其后果,clean 377（Zerrspeigel）,ACCEPTED_AS_CORE_SOURCE,D:\Design-history-知识库\教材章节知识模型转换\11_语义复核批次\BATCH-004-CH03-AVANTGARDE\mappings\B0199_章节映射.csv
B0199,0.6,A,V2,poster_audience_reception_limits,观众研究边界：USFA女性既是海报观众又是发行者、展示者、制作者（“双重生活”），是少见的接受侧证据；大多数海报的观众反应不可考，须承认证据缺口,USFA回信与报告可证女性参与实践；“3500多人参观”类数字来自组织者自报，属宣传档案而非独立测量,clean 2368（Home Demonstration Agents）,ACCEPTED_AS_CORE_SOURCE,D:\Design-history-知识库\教材章节知识模型转换\11_语义复核批次\BATCH-004-CH03-AVANTGARDE\mappings\B0199_章节映射.csv
B0199,2.4,B,V2,advertising_poster_prehistory,一战海报继承19世纪广告传统：石版（Senefelder）→彩色石印（Engelmann）→法国海报“黄金时代”（Chéret）→1890年代伦敦户外广告争议→广告业标准化与政府战时合作，海报作为“现代消费者的塑造者”的媒介前史,媒介史为作者综述（Weill/Rickards）；“行业借助战争确立合法性”引文出自广告业行业刊物自述,clean 278-280（绪论媒介史）,ACCEPTED_AS_SUPPORTING_SOURCE,D:\Design-history-知识库\教材章节知识模型转换\11_语义复核批次\BATCH-004-CH03-AVANTGARDE\mappings\B0199_章节映射.csv
B0199,3.1,A,V2,posters_as_home_front_mobilization,一战海报是全面战争动员平民、建构“后方”的关键媒介：公民通过观看海报学会把自己视为后方一员；海报“民族化、动员化、现代化”了平民人口,可证组织者的动员意图与视觉方案；“学会看到自己”是作者论证，观众接受程度不可单独由海报证明,clean 266-270（绪论）,ACCEPTED_AS_CORE_SOURCE,D:\Design-history-知识库\教材章节知识模型转换\11_语义复核批次\BATCH-004-CH03-AVANTGARDE\mappings\B0199_章节映射.csv
B0199,3.1,A,V2,total_war_poster_sign_instrument,大众化生产、全彩、大幅面战争海报同时是战争创新的“标志”与“工具”，构成现代大众传播与总体战的交汇点；海报被称为“海报战争”（the poster war）,政府、慈善与私人机构均视海报为关键传播环节；但效果性引文出自广告业自述（Poster Advertising Association刊物），须标注话语身份,clean 270、276、280（绪论）,ACCEPTED_AS_CORE_SOURCE,D:\Design-history-知识库\教材章节知识模型转换\11_语义复核批次\BATCH-004-CH03-AVANTGARDE\mappings\B0199_章节映射.csv
B0199,3.1,A,V2,enemy_image_distance_violence,敌人形象（“匈人”、大猩猩等）的跨国视觉建构是大众动员的核心策略；距离战场越远（澳/美）暴力渲染越强，文化破坏（鲁汶、兰斯）成为宣传主题,“暴力强度差异”是Gullace对图像模式的归纳；敌人形象材料为组织者话语，不可转述为事实；不证明图像对观众的实际影响,clean 700-702（第2章）,ACCEPTED_AS_CORE_SOURCE,D:\Design-history-知识库\教材章节知识模型转换\11_语义复核批次\BATCH-004-CH03-AVANTGARDE\mappings\B0199_章节映射.csv
B0199,3.1,A,V2,gendered_mobilization_rhetoric,海报以性别化修辞动员：美国女性形象五重类型（寓言女神/遇难少女/商品化/家庭消费者/穿制服女工）与英国男性气质“荣誉→羞耻胁迫”演变服务于招募与后方动员,五类型与“三类男人”是作者类型学解读；PRC招募目标属组织者意图，是否被接受需其他证据,clean 2423、2587（第9、10章）,ACCEPTED_AS_CORE_SOURCE,D:\Design-history-知识库\教材章节知识模型转换\11_语义复核批次\BATCH-004-CH03-AVANTGARDE\mappings\B0199_章节映射.csv
B0199,3.2,B,V2,futurist_war_poster_engagement,俄罗斯未来主义诗人马雅可夫斯基与先锋派艺术家（马列维奇、冈察洛娃、拉里奥诺夫）为“今日鲁波克”出版社创作爱国海报（1914年8月—1915年初），将怪诞现实主义与民间形式挪用服务于帝国战争宣传——未来主义“战争政治”的直接案例,本书非未来主义运动专论；可证先锋派参与战争宣传的事实与形式；“政治悖论”“被发明的传统”为Nedd的阐释框架,clean 2026、2080、2119（第8章）,ACCEPTED_AS_SUPPORTING_SOURCE,D:\Design-history-知识库\教材章节知识模型转换\11_语义复核批次\BATCH-004-CH03-AVANTGARDE\mappings\B0199_章节映射.csv
B0199,3.2,B,V2,avantgarde_invented_tradition,先锋派挪用民间艺术（鲁波克）界定“俄罗斯性”属Hobsbawm“被发明的传统”：宣称的“回归本源”实为现代建构（鲁波克系16世纪由德国商人引入）；从沙皇象征到“快活农民”的象征转移见证民族身份重构,马列维奇致马秋申书信显示先锋派对“人民”的精英想象，不可当作人民声音；“俄罗斯性”论述是作者分析,clean 2026（invented traditions）,ACCEPTED_AS_SUPPORTING_SOURCE,D:\Design-history-知识库\教材章节知识模型转换\11_语义复核批次\BATCH-004-CH03-AVANTGARDE\mappings\B0199_章节映射.csv
B0199,3.3,C,V2,vernacular_appropriation_text_image,战时海报对民间视觉形式（鲁波克、巴黎女学生儿童画）的挪用与图文协作（马雅可夫斯基文字+马列维奇图像）可作为达达/蒙太奇讨论的背景对照：民间/儿童形式如何被征用为战时视觉语言,本书无照片蒙太奇、无达达社团实践案例；仅形式挪用与图文组合的间接参照，不提供3.3核心证据,clean 2080（马雅可夫斯基文本与图像互动）,ACCEPTED_AS_CONTEXT_ONLY,D:\Design-history-知识库\教材章节知识模型转换\11_语义复核批次\BATCH-004-CH03-AVANTGARDE\mappings\B0199_章节映射.csv
B0199,3.4,C,V2,lubok_rostra_lineage,鲁波克海报形式在十月革命后被ROSTA窗海报承继（TASS于1940年代复兴），构成“民间形式→革命宣传”线索，与构成主义从绘画转向宣传的语境相邻,本书仅一笔带过ROSTA/TASS承继，无构成主义理论内容；只作线索性参照，不作3.4证据,第8章报告遗产部分（clean 2119邻近段落）,ACCEPTED_AS_CONTEXT_ONLY,D:\Design-history-知识库\教材章节知识模型转换\11_语义复核批次\BATCH-004-CH03-AVANTGARDE\mappings\B0199_章节映射.csv
B0204,1.3,C,V2,division_of_labour_context,设计批评被作者解释为对劳动分工的回应,缺少工厂图样规格监督与工作流程证据,工厂档案图纸技术手册工资簿与劳动者证言,CONTEXT_ONLY,D:\Design-history-知识库\教材章节知识模型转换\11_语义复核批次\BATCH-001-CH01-CH02\mappings\B0204_章节映射.csv
B0204,1.6,B,V2,arts_manufactures_and_term_competition,arts manufactures与展品分类显示装饰功能制造和美术的概念竞争,单一事件不能代表design术语完整职业化过程,委员会术语原件设计期刊职业组织与词源材料,ACCEPTED_AS_CASE,D:\Design-history-知识库\教材章节知识模型转换\11_语义复核批次\BATCH-001-CH01-CH02\mappings\B0204_章节映射.csv
B0204,1.7,C,V2,british_regional_context,地方动员与展品结构显示英国工业化的区域差异和手工机器并存,不能外推欧洲亚洲殖民地生产体系,补区域产业史和非英国生产者材料,CONTEXT_ONLY,D:\Design-history-知识库\教材章节知识模型转换\11_语义复核批次\BATCH-001-CH01-CH02\mappings\B0204_章节映射.csv
B0204,2.1,A,V2,core_monograph_and_event_mechanism,大展览的形成分类组织宣传和公众进入共同把工业产品转化为公共设计问题,关键日期展品票价和图像仍须逐项回查原文页码与原件,皇家委员会档案官方图录评审报告报刊与图版,ACCEPTED_WITH_LIMITS,D:\Design-history-知识库\教材章节知识模型转换\11_语义复核批次\BATCH-001-CH01-CH02\mappings\B0204_章节映射.csv
B0204,2.2,B,V2,industrial_education_and_institutional_origin,工业教育危机与Cole和Society of Arts构成博览会制度前史,不能独立覆盖南肯辛顿博物馆和后续学校制度,教育委员会报告学校档案博物馆制度史,ACCEPTED_AS_SUPPORT,D:\Design-history-知识库\教材章节知识模型转换\11_语义复核批次\BATCH-001-CH01-CH02\mappings\B0204_章节映射.csv
B0204,2.3,B,V2,design_criticism_and_labour_ethics,Wornum Pugin Ruskin与Nasmyth呈现质量数量手工机器和劳动分工争论,美学批评不等于工人实际经验且Morris不是全书主角,批评家原文工人记录生产档案与Morris专门研究,ACCEPTED_AS_SUPPORT,D:\Design-history-知识库\教材章节知识模型转换\11_语义复核批次\BATCH-001-CH01-CH02\mappings\B0204_章节映射.csv
B0204,2.6,A,V2,classification_empire_othering,分类命名和空间安排把殖民地材料纳入英国制造与民族秩序,主要是英国观看结构且殖民地自身声音不足,东印度公司档案殖民地展商记录当地报刊与物质对象,ACCEPTED_WITH_COUNTERSOURCE_REQUIRED,D:\Design-history-知识库\教材章节知识模型转换\11_语义复核批次\BATCH-001-CH01-CH02\mappings\B0204_章节映射.csv
B0205,0.6,C,V2,narrative_framework_marking,Meikle通史叙述框架须显式标注：“生产—消费”双轴、经济逻辑驱动、反本质主义（对Kouwenhoven的修正）均为解释立场，与档案引文分层使用,方法论自述,每条映射命题均须回查clean原文引文支撑,ACCEPTED_AS_CORE_SOURCE,D:\Design-history-知识库\教材章节知识模型转换\11_语义复核批次\BATCH-006-CH05-COMMERCIAL\mappings\B0205_章节映射.csv
B0205,0.6,D,V2,emergence_semantic_routing,包内知识涌现分析（五文件）为P4模型推演，仅作语义路由，不作为证据准入,P4推演产物,不参与命题证据链，仅用于发现候选关系,ACCEPTED_AS_CORE_SOURCE,D:\Design-history-知识库\教材章节知识模型转换\11_语义复核批次\BATCH-006-CH05-COMMERCIAL\mappings\B0205_章节映射.csv
B0205,1.2,C,V2,american_system_standardization,“美国体系”以机械化与标准化将奢侈品转化为大众可负担消费品（Whitney可互换零件、Terry/Jerome钟表），为商业现代性提供19世纪起源——衔接性背景映射,Meikle叙述框架（第一章），原书第一章为1790—1860时段,回查第一章原文，确认与教材1.2的对应强度,ACCEPTED_AS_CORE_SOURCE,D:\Design-history-知识库\教材章节知识模型转换\11_语义复核批次\BATCH-006-CH05-COMMERCIAL\mappings\B0205_章节映射.csv
B0205,5.2,B,V2,consumption_culture_transition,Lynd《Middletown》（1929）揭示“从谋生到购买生活”（from making a living to buying a living）的消费文化转型，为美国大众消费体系的1920年代前提,Meikle叙述，以Middletown为章节导言,回查第三章导言段落原文,ACCEPTED_AS_CORE_SOURCE,D:\Design-history-知识库\教材章节知识模型转换\11_语义复核批次\BATCH-006-CH05-COMMERCIAL\mappings\B0205_章节映射.csv
B0205,5.2,B,V2,art_deco_americanization,1925年巴黎博览会经Calkins等广告人转介进入美国，本地化为“skyscraper style”，完成从精英艺术到大众消费的过渡,档案引文：clean第975行Calkins观展评论；移民设计师贡献为叙述层,核对clean第975行及第三章Art Deco小节,ACCEPTED_AS_CORE_SOURCE,D:\Design-history-知识库\教材章节知识模型转换\11_语义复核批次\BATCH-006-CH05-COMMERCIAL\mappings\B0205_章节映射.csv
B0205,5.3,A,V2,underconsumption_thesis_1930,Calkins 1930年会议将经济崩溃归因“消费不足”而非“生产过剩”，提出“消费工程”与“人为过时”，把泰勒制从工厂延伸至消费者心理,档案引文（会议演讲、Arens著作）可独立核查；经济归因属Meikle叙述框架的史学呈现,clean第1100行,ACCEPTED_AS_CORE_SOURCE,D:\Design-history-知识库\教材章节知识模型转换\11_语义复核批次\BATCH-006-CH05-COMMERCIAL\mappings\B0205_章节映射.csv
B0205,5.3,A,V2,styling_as_sales_engineering,“styling是设计用于刺激需求的经济功能”：百货商店stylist（多为年轻女性）从选品转向产品再设计；Sinel/Loewy/Van Doren三人的销售导向言论,档案引文（Jordan Marsh高管、三人言论）可证当事人话语；stylist女性化与5.5职业衔接,clean第1104、1132行,ACCEPTED_AS_CORE_SOURCE,D:\Design-history-知识库\教材章节知识模型转换\11_语义复核批次\BATCH-006-CH05-COMMERCIAL\mappings\B0205_章节映射.csv
B0205,5.4,A,V2,streamlining_three_metaphors,流线型三层隐喻：空气动力学功能→商业销售隐喻（“更快更有利地穿过销售阻力渠道”）→大萧条社会隐喻（社会进程须顺畅无摩擦）,档案引文（clean第1146行转引设计推广者言论及注释28）,核对clean第1146行引文与注释28原始出处,ACCEPTED_AS_CORE_SOURCE,D:\Design-history-知识库\教材章节知识模型转换\11_语义复核批次\BATCH-006-CH05-COMMERCIAL\mappings\B0205_章节映射.csv
B0205,5.4,B,V2,streamlining_medium_migration,流线型从飞机、汽车、火车迁移至收音机、吸尘器、洗衣机等静止物件及店面、餐厅等环境——媒介迁移的完整链条,档案+叙述：clean第1138行列举迁移范围，“以不可抗拒的隐喻力量横扫其他现代性表达”,核对clean第1138行案例清单与教材5.4对应,ACCEPTED_AS_CORE_SOURCE,D:\Design-history-知识库\教材章节知识模型转换\11_语义复核批次\BATCH-006-CH05-COMMERCIAL\mappings\B0205_章节映射.csv
B0205,5.4,B,V2,streamlining_failure_case,Chrysler Airflow（1934）因设计过度激进而销售失望，反证流线型的社会接受边界；GM/Ford随即将其降格为造型手段（“为视觉阻力而非风阻力设计”）,档案+叙述：clean第1193—1197行，含Klemin评语与Zephyr例证,核对Airflow销量数据的原始来源,ACCEPTED_AS_CORE_SOURCE,D:\Design-history-知识库\教材章节知识模型转换\11_语义复核批次\BATCH-006-CH05-COMMERCIAL\mappings\B0205_章节映射.csv
B0205,5.5,A,V2,industrial_designer_origins,第一代工业设计师（Geddes、Teague、Loewy）多从广告插画与舞台设计跨界而来，由广告高管（Resor）牵线进入制造业——职业形成于广告业而非工业内部,档案+叙述：clean第1090行人物履历，Fortune杂志1934年报道佐证职业化进程,与B0206共享该对象，P0只计一份,ACCEPTED_AS_CORE_SOURCE,D:\Design-history-知识库\教材章节知识模型转换\11_语义复核批次\BATCH-006-CH05-COMMERCIAL\mappings\B0205_章节映射.csv
B0205,5.5,B,V2,department_store_stylist,1930年代百货商店“stylist”（多为年轻女性、常为大学毕业生）从选品转向直接参与产品再设计，构成职业设计师的过渡形态,档案引文：clean第1104行Jordan Marsh与Kaufmann高管言论,核对clean第1104行引文及stylist与5.5的关系,ACCEPTED_AS_CORE_SOURCE,D:\Design-history-知识库\教材章节知识模型转换\11_语义复核批次\BATCH-006-CH05-COMMERCIAL\mappings\B0205_章节映射.csv
B0205,5.6,B,V2,domestic_efficiency_movement,新家政学将泰勒制引入家庭（Christine Frederick、Mary Pattison“domestic engineering”），Hoosier厨房橱柜为“传统外观掩盖的功能效率”典型——科学管理进入厨房,Meikle叙述，非档案直接引文,回查第三章“新家政学与消除浪费”小节原文,ACCEPTED_AS_CORE_SOURCE,D:\Design-history-知识库\教材章节知识模型转换\11_语义复核批次\BATCH-006-CH05-COMMERCIAL\mappings\B0205_章节映射.csv
B0205,5.7,B,V2,elite_vs_commercial_split_1934,1934年MoMA“Machine Art”展（Johnson）与Rockefeller Center“Industrial Arts Exposition”的对立确立精英现代主义与商业设计的公开分裂格局，战后演化为“Good Design”vs populuxe,Meikle叙述框架，辅以clean第1528—1534行战后延续证据,回查1934年双展史料,ACCEPTED_AS_CORE_SOURCE,D:\Design-history-知识库\教材章节知识模型转换\11_语义复核批次\BATCH-006-CH05-COMMERCIAL\mappings\B0205_章节映射.csv
B0205,5.7,B,V2,designer_sales_ethics,设计师伦理立场谱系：Sinel蔑视大众（“Coney Island-minded”）、Loewy以“美丽的销售曲线”为美学观、Van Doren“设计的目标是销售——获利”,档案引文：clean第1132行三人言论,核对clean第1132行三人言论原文及各自出处,ACCEPTED_AS_CORE_SOURCE,D:\Design-history-知识库\教材章节知识模型转换\11_语义复核批次\BATCH-006-CH05-COMMERCIAL\mappings\B0205_章节映射.csv
B0206,0.6,A,V2,evidence_hierarchy_bias,材料分层（企业档案、设计师自述、媒体文本、口头历史交叉验证）与四重偏差自我暴露（图像中心、纽约中心、男性中心、精英中心）,第二版序言元反思为作者自我声明，构成证据偏差的权威说明,packet第二版序言及整体报告八、九节,ACCEPTED_AS_CORE_SOURCE,D:\Design-history-知识库\教材章节知识模型转换\11_语义复核批次\BATCH-006-CH05-COMMERCIAL\mappings\B0206_章节映射.csv
B0206,5.2,B,V2,consumer_society_formation,1920年代消费社会形成：市场饱和、外观竞争与Calkins预言构成工业设计诞生的经济土壤,第一章语境铺设，非系统消费经济史,packet第一章分析报告,ACCEPTED_AS_CORE_SOURCE,D:\Design-history-知识库\教材章节知识模型转换\11_语义复核批次\BATCH-006-CH05-COMMERCIAL\mappings\B0206_章节映射.csv
B0206,5.3,A,V2,consumer_engineering_concept,消费工程学（Sheldon & Arens 1932）将Taylor生产工程学类比移植到消费端，以消除分销摩擦、制造可预测消费为目标，是“销售工程”的核心理论文本,第四章细读；属当时行业宣言文本而非学术评估，引用须标注当事人立场,clean第1451—1476行,ACCEPTED_AS_CORE_SOURCE,D:\Design-history-知识库\教材章节知识模型转换\11_语义复核批次\BATCH-006-CH05-COMMERCIAL\mappings\B0206_章节映射.csv
B0206,5.3,A,V2,depression_economic_drive,大萧条（1929—1932）下“过度生产vs消费不足”之争使消费不足论成商业共识，工业设计被包装为经济复苏手段,宏观数字为二手概括，需对照经济史统计,clean第1445—1449行,ACCEPTED_AS_CORE_SOURCE,D:\Design-history-知识库\教材章节知识模型转换\11_语义复核批次\BATCH-006-CH05-COMMERCIAL\mappings\B0206_章节映射.csv
B0206,5.3,A,V2,artificial_obsolescence,"Calkins“使用品vs消耗品”分类与Sheldon/Arens“progressive waste, creative waste”语义翻转：耐用品人为淘汰被重构为效率核心",当事人主张原文引用；Meikle持批判性分析立场,clean第1450、1471—1475行,ACCEPTED_AS_CORE_SOURCE,D:\Design-history-知识库\教材章节知识模型转换\11_语义复核批次\BATCH-006-CH05-COMMERCIAL\mappings\B0206_章节映射.csv
B0206,5.3,A,V2,behaviorism_in_marketing,Watson行为主义在J. Walter Thompson的商业应用将消费者还原为刺激-反应对象（“mice and monkeys”），与消费工程学合流,企业广告代理背景+当事人文本；Watson个人经历细节以Meikle注释为准,clean第1467—1471行,ACCEPTED_AS_CORE_SOURCE,D:\Design-history-知识库\教材章节知识模型转换\11_语义复核批次\BATCH-006-CH05-COMMERCIAL\mappings\B0206_章节映射.csv
B0206,5.3,B,V2,designer_as_salesman,萧条期设计师自我推销：Geddes公关式方法（产品如舞台演员）、Teague邮件营销、Loewy/Dreyfuss早期挣扎,传记性叙事，须与匿名从业者材料并置,packet第四章,ACCEPTED_AS_CORE_SOURCE,D:\Design-history-知识库\教材章节知识模型转换\11_语义复核批次\BATCH-006-CH05-COMMERCIAL\mappings\B0206_章节映射.csv
B0206,5.4,A,V2,streamline_depression_psychology,流线型是美国大萧条特有的心理产物：速度、平滑、控制的视觉语言为公众提供安全感，而非欧洲国际风格的进口,Meikle标准解释，领域共识但仍是史学建构，须标注为解释性命题,clean第2687—2693行,ACCEPTED_AS_CORE_SOURCE,D:\Design-history-知识库\教材章节知识模型转换\11_语义复核批次\BATCH-006-CH05-COMMERCIAL\mappings\B0206_章节映射.csv
B0206,5.4,A,V2,streamline_click_moment,"1934年M-10,000与Burlington Zephyr在芝加哥世博会亮相引发“something clicked”瞬间，流线型从工程事实转为大众商品",Business Week 1940年回顾为当时媒体文本，属媒体证据,clean第2692—2693行,ACCEPTED_AS_CORE_SOURCE,D:\Design-history-知识库\教材章节知识模型转换\11_语义复核批次\BATCH-006-CH05-COMMERCIAL\mappings\B0206_章节映射.csv
B0206,5.4,A,V2,streamline_style_drift,流线型从空气动力学漂移为纯风格化：Loewy自认Princess Anne渡轮（1936）外壳不为减阻只为吸引眼球——功能伪装被撕开,设计师自述（Loewy）与Meikle分析并置；为“功能vs风格”争论关键证据,packet第八章收束节,ACCEPTED_AS_CORE_SOURCE,D:\Design-history-知识库\教材章节知识模型转换\11_语义复核批次\BATCH-006-CH05-COMMERCIAL\mappings\B0206_章节映射.csv
B0206,5.4,B,V2,streamline_media_transfer,流线型作为“无限可扩展”形式语言从火车迁移至巴士（Greyhound）、家电（Dreyfuss Hoover 150）、卷笔刀（Loewy）、建筑（PSFS/McGraw-Hill）,案例目录式证据，部分依赖插图证据,packet第八章扩散清单,ACCEPTED_AS_CORE_SOURCE,D:\Design-history-知识库\教材章节知识模型转换\11_语义复核批次\BATCH-006-CH05-COMMERCIAL\mappings\B0206_章节映射.csv
B0206,5.4,B,V2,functional_vs_style_debate,第七章功能主义语义崩溃与第八章风格化转折构成“功能vs风格”史学争论的一侧立场,Meikle单方论证，须与B0066等对立观点并置,clean第1825附近,ACCEPTED_AS_CORE_SOURCE,D:\Design-history-知识库\教材章节知识模型转换\11_语义复核批次\BATCH-006-CH05-COMMERCIAL\mappings\B0206_章节映射.csv
B0206,5.5,A,V2,four_giants_profession,Teague（古典保守）、Geddes（戏剧性）、Dreyfuss（伦理克制）、Loewy（商业主义）以舞台、广告、工程背景进入设计，确立职业身份,传记叙事，须与匿名从业者并置避免精英中心偏差,packet第三章；clean第1239—1241行,ACCEPTED_AS_CORE_SOURCE,D:\Design-history-知识库\教材章节知识模型转换\11_语义复核批次\BATCH-006-CH05-COMMERCIAL\mappings\B0206_章节映射.csv
B0206,5.5,B,V2,design_office_industrialization,设计办公室“工业化”：Taylor式科学管理与团队分工的“设计工厂”形态及其悖论,以Meikle二手分析为主,packet第五章分析报告,ACCEPTED_AS_CORE_SOURCE,D:\Design-history-知识库\教材章节知识模型转换\11_语义复核批次\BATCH-006-CH05-COMMERCIAL\mappings\B0206_章节映射.csv
B0206,5.5,B,V2,design_profession_ethics,四巨头的职业伦理光谱：Dreyfuss伦理克制vs Loewy商业主义，构成职业伦理的早期形态,设计师自述与Meikle诠释并置,packet第三章人物谱系,ACCEPTED_AS_CORE_SOURCE,D:\Design-history-知识库\教材章节知识模型转换\11_语义复核批次\BATCH-006-CH05-COMMERCIAL\mappings\B0206_章节映射.csv
B0206,5.7,B,V2,design_ethics_controversy,消费工程学操纵逻辑（消费者成“机器齿轮”、Mussolini/Lenin隐喻）暴露商业设计伦理争议及“人为废弃”同谋问题,当事人极端修辞原文引用，Meikle批判性分析；属伦理争议史证据,clean第1471、1476行,ACCEPTED_AS_CORE_SOURCE,D:\Design-history-知识库\教材章节知识模型转换\11_语义复核批次\BATCH-006-CH05-COMMERCIAL\mappings\B0206_章节映射.csv
B0209,0.1,C,V2,consumer_spec_as_design_constraint,消费者的挑剔（布幅、黄铜丝线径、念珠尺寸颜色）构成对器物形态的隐性约束，显示非设计专业人士如何参与器物规格塑造,规格证据来自商人信函与旅行记述而非设计档案，属间接证据,回查clean第967—971行黄铜丝规格段落,CONTEXT_ONLY,D:\Design-history-知识库\教材章节知识模型转换\11_语义复核批次\BATCH-003-CH02-EXPANDED\mappings\B0209_章节映射.csv
B0209,0.2,B,V2,alternative_modernity_and_coevalness,现代性定义具排除性，桑给巴尔的物质变迁与欧洲同时代且同样激进，构成“另类现代性”（denial of coevalness）案例,“另类现代性”是作者对物质证据的命题性重构，须标注为作者框架,回查clean第1226行与第1438—1442行钟表驯化,ACCEPTED_AS_SUPPORTING_SOURCE,D:\Design-history-知识库\教材章节知识模型转换\11_语义复核批次\BATCH-003-CH02-EXPANDED\mappings\B0209_章节映射.csv
B0209,0.3,A,V2,relational_history_from_margins,以非洲消费者与被奴役者的日常选择重构相互依存的关系史，示范“自边缘观全球”的谱系学方法，反对英雄谱系与离散文化空间预设,行动者自述稀缺，能动性复原依赖对外国观察者记录的逆读,回查clean第96—104行导论挑战离散空间预设,ACCEPTED_AS_CORE_SOURCE,D:\Design-history-知识库\教材章节知识模型转换\11_语义复核批次\BATCH-003-CH02-EXPANDED\mappings\B0209_章节映射.csv
B0209,0.4,B,V2,artifacts_as_historical_evidence,kanga、钟表、黄铜丝臂饰、家具等人工物可作为史料，以“物的传记”追踪全球流通与本地重赋意义,物质遗存有限，多数器物描述来自文字与图像档案,回查clean第1438—1442行与第10—34行插图清单,ACCEPTED_AS_SUPPORTING_SOURCE,D:\Design-history-知识库\教材章节知识模型转换\11_语义复核批次\BATCH-003-CH02-EXPANDED\mappings\B0209_章节映射.csv
B0209,0.5,B,V2,images_as_taxonomic_construction,19世纪照片与版画（Jacob Wainwright人类学照片、奴隶市场插图）既是物质文化证据也是分类学建构，须在构图与生产条件中阅读,“图像的建构性”是作者对视觉材料的解读框架，非图像自明属性,回查clean第10—34行插图清单与第1924—1993行分类学分析,ACCEPTED_AS_SUPPORTING_SOURCE,D:\Design-history-知识库\教材章节知识模型转换\11_语义复核批次\BATCH-003-CH02-EXPANDED\mappings\B0209_章节映射.csv
B0209,0.6,A,V2,archival_absences_of_colonial_consumers,殖民地普通使用者（消费者、被奴役者）从欧洲档案中消失的机制：物质—种族分类学遮蔽、“空白石板”话语、西方凝视替代本地声音,对“遮蔽机制”的说明是作者命题，档案本身不能直接证明东非人的自我理解,回查clean第1549行blank slate与第1993—2016行semi-civilized,ACCEPTED_AS_CORE_SOURCE,D:\Design-history-知识库\教材章节知识模型转换\11_语义复核批次\BATCH-003-CH02-EXPANDED\mappings\B0209_章节映射.csv
B0209,0.7,B,V2,circulation_translation_asymmetric_entanglement,以“流动与转译”（商品跨文化重赋意义）和“纠缠与不对称”（不平等结构中边缘能动性）批判单向扩散模型，佐证三种模型的对照,“转译/互惠”论证依赖意义解读，属作者命题；扩散批判见结论,回查clean第2216—2222行全球化谱系树,ACCEPTED_AS_SUPPORTING_SOURCE,D:\Design-history-知识库\教材章节知识模型转换\11_语义复核批次\BATCH-003-CH02-EXPANDED\mappings\B0209_章节映射.csv
B0209,1.4,C,V2,global_material_systems_cotton_brass,棉布（merekani/kaniki/kisutu）与黄铜丝构成跨印度洋—大西洋材料系统，东非需求影响材料规格、再加工与包装,材料规格证据主要来自商人通信与海关记录，消费端证据间接,回查clean第943—984行需求链与第967—971行黄铜丝,CONTEXT_ONLY,D:\Design-history-知识库\教材章节知识模型转换\11_语义复核批次\BATCH-003-CH02-EXPANDED\mappings\B0209_章节映射.csv
B0209,1.5,C,V2,anonymous_consumers_shaping_products,无名消费者群体通过口味、拒购与退货塑造产品形态，可与工业化中“匿名设计”议题对照（消费驱动的产品适配）,“口味即权力”的因果主张依赖贸易结构分析，属作者命题,回查clean第202—207行与第954—965行拒购/退货案例,CONTEXT_ONLY,D:\Design-history-知识库\教材章节知识模型转换\11_语义复核批次\BATCH-003-CH02-EXPANDED\mappings\B0209_章节映射.csv
B0209,2.1,X,V2,exhibition_culture_indirect_reference,本书不讨论博览会制度本身，仅Barghash钟楼参照水晶宫风格等间接关联，不承担1851博览会教学,排除——无博览会制度论述,回查clean第1431行、第1460行水晶宫类比,EXCLUDE_AS_OUT_OF_SCOPE,D:\Design-history-知识库\教材章节知识模型转换\11_语义复核批次\BATCH-003-CH02-EXPANDED\mappings\B0209_章节映射.csv
B0209,2.2,X,V2,museums_schools_state_governance,博物馆、设计学校与国家治理不在本书范围（致谢提及Fort Jesus博物馆仅档案使用）,排除——无相关制度论述,回查clean第76行致谢提及Fort Jesus Museum,EXCLUDE_AS_OUT_OF_SCOPE,D:\Design-history-知识库\教材章节知识模型转换\11_语义复核批次\BATCH-003-CH02-EXPANDED\mappings\B0209_章节映射.csv
B0209,2.4,B,V2,social_logics_of_desire_and_credit,消费欲望可由社会关系、道德话语与信贷网络组织（蒙巴萨案例），与百货商店陈列/广告/信用组织欲望的机制构成非西方对照,诗歌与公共话语证明欲望的公开表达与约束，但不能证明个体购买动机或家庭使用结果,回查clean第510—513行与第552—577行欲望语汇,ACCEPTED_AS_SUPPORTING_SOURCE,D:\Design-history-知识库\教材章节知识模型转换\11_语义复核批次\BATCH-003-CH02-EXPANDED\mappings\B0209_章节映射.csv
B0209,2.6,C,V2,colonial_taxonomy_outside_fairgrounds,殖民分类亦经由旅行记述、报刊与照片生产（turbaned Arab等物质—种族类型），为殖民干预提供话语基础，补充博览会场馆之外的分类载体,分类文本来自英语世界分析家，非非洲自我分类,回查clean第225行与第2148行分类学与殖民正当性,CONTEXT_ONLY,D:\Design-history-知识库\教材章节知识模型转换\11_语义复核批次\BATCH-003-CH02-EXPANDED\mappings\B0209_章节映射.csv
B0209,2.7,A,V2,trade_networks_local_modernities,19世纪东非消费者在贸易网络中以选择、误读、翻译与再生产改写单向“影响”模型，构成“跨境迁移与地方现代性”的非洲核心案例,驯化意义的解读部分是作者命题性重构，实证基础为进口数据、商人信函与图像,回查clean第214—227行、第1438—1442行、第2213—2215行,ACCEPTED_AS_CORE_SOURCE,D:\Design-history-知识库\教材章节知识模型转换\11_语义复核批次\BATCH-003-CH02-EXPANDED\mappings\B0209_章节映射.csv
B0209,6.1,X,V2,east_asian_translation_mismatch,东亚转译章节区域不符——本书为东非案例，虽有转译概念共性，不作为东亚章节来源,排除——区域不符,回查全书区域为东非沿海（clean第943行等）,EXCLUDE_AS_REGION_MISMATCH,D:\Design-history-知识库\教材章节知识模型转换\11_语义复核批次\BATCH-003-CH02-EXPANDED\mappings\B0209_章节映射.csv
B0209,8.1,X,V2,cold_war_design_mismatch,冷战/社会主义设计章节时段与主题均不符（本书为19世纪前殖民至殖民转折），仅结论讨论殖民主义改变全球关系条件，不承担冷战教学,排除——时段与主题不符,回查clean第2228行殖民时代贸易优势,EXCLUDE_AS_PERIOD_MISMATCH,D:\Design-history-知识库\教材章节知识模型转换\11_语义复核批次\BATCH-003-CH02-EXPANDED\mappings\B0209_章节映射.csv
B0216,0.2,C,V2,modernity_individual_formation,以“完整整合的创造人格”为目标、主客观辩证统一（客观法则增强而非抹杀个性）的教育观，体现现代性中个体解放与客观规律的张力,为伊顿本人教育哲学表述；与现代性叙事框架的关联属解释性,clean L137、L1106-1112,ACCEPTED_AS_ACTOR_SOURCE,D:\Design-history-知识库\教材章节知识模型转换\11_语义复核批次\BATCH-005-CH04-BAUHAUS\mappings\B0216_章节映射.csv
B0216,0.2,C,V2,eastern_resource_modernity,老子语录（L251-254）与“心手合一”（L948）等东方资源被引入西方设计教育纲领，构成现代性叙述中的跨文化维度,引文属实；其作为“现代性资源”的定位为解释性推断（P4路由）,clean L251-254、L948,ACCEPTED_AS_ACTOR_SOURCE,D:\Design-history-知识库\教材章节知识模型转换\11_语义复核批次\BATCH-005-CH04-BAUHAUS\mappings\B0216_章节映射.csv
B0216,0.5,A,V2,primary_actor_teaching_text,本书为行动者自著教学文本（P0）：一手自述教学主张与课堂实践，附学生作品、Klee/Schlemmer书信等实物与同时代材料,P0证据力限于主张与教学安排；教学成效与学生接受不能自动成立,clean L1-L1128全书行号体系,ACCEPTED_AS_ACTOR_SOURCE,D:\Design-history-知识库\教材章节知识模型转换\11_语义复核批次\BATCH-005-CH04-BAUHAUS\mappings\B0216_章节映射.csv
B0216,0.5,B,V2,retrospective_self_account,1963年首版为离校约40年后的回顾性自述，含自我辩护成分（“普遍主义年代”之辩、对1923包豪斯书籍的抱怨）,回顾性偏差需以同时代档案（如包豪斯校史记录）校正,clean L169-172、L244-245,ACCEPTED_AS_ACTOR_SOURCE,D:\Design-history-知识库\教材章节知识模型转换\11_语义复核批次\BATCH-005-CH04-BAUHAUS\mappings\B0216_章节映射.csv
B0216,0.6,B,V2,selection_bias_student_work,200余幅学生作品图注由作者自选并逐一评注，样本选择与解读均受作者立场影响，存在选择性呈现,图注不能视为中立的教学成效证据,clean L544-665、L262-267,ACCEPTED_AS_ACTOR_SOURCE,D:\Design-history-知识库\教材章节知识模型转换\11_语义复核批次\BATCH-005-CH04-BAUHAUS\mappings\B0216_章节映射.csv
B0216,0.6,B,V2,duplicate_group_p0_single,与B0182、B0282、B0454共享包豪斯教学档案；同一档案只计一份P0，本来源命题不与同组来源重复计数,重复组规则由知识库档案归属决定，需与同组来源比对后确认唯一P0,clean L1-L1128（与同组来源交叉比对）,ACCEPTED_AS_ACTOR_SOURCE,D:\Design-history-知识库\教材章节知识模型转换\11_语义复核批次\BATCH-005-CH04-BAUHAUS\mappings\B0216_章节映射.csv
B0216,4.2,A,V2,vorkurs_founder,伊顿于1919年秋在魏玛包豪斯创设基础课程（Vorkurs）：提议试行一学期、命名Basic Course并亲自负责，Gropius完全放手,行动者自述其主张与教学安排；课程实际运作细节（学生规模、课时）缺独立记录,clean L106-110,ACCEPTED_AS_ACTOR_SOURCE,D:\Design-history-知识库\教材章节知识模型转换\11_语义复核批次\BATCH-005-CH04-BAUHAUS\mappings\B0216_章节映射.csv
B0216,4.2,A,V2,vorkurs_three_tasks,基础课程三大任务：解放创造力与艺术天赋、帮助学生选择职业、传授创造性构图原理,三任务是行动者纲领，反映其教学主张而非制度规定文本,clean L111-119,ACCEPTED_AS_ACTOR_SOURCE,D:\Design-history-知识库\教材章节知识模型转换\11_语义复核批次\BATCH-005-CH04-BAUHAUS\mappings\B0216_章节映射.csv
B0216,4.2,A,V2,contrast_theory_core,对比理论是基础课程教学总纲，明暗/色彩/材质/形式手段均按对比效应讲授，两极之间的过渡带孕育生命与美,为行动者教学法主张；教学成效无独立验证,clean L210-220；L86,ACCEPTED_AS_ACTOR_SOURCE,D:\Design-history-知识库\教材章节知识模型转换\11_语义复核批次\BATCH-005-CH04-BAUHAUS\mappings\B0216_章节映射.csv
B0216,4.2,A,V2,experience_perception_practice,教学铁律为“经验—感知—实践能力”三阶段：先观察体验、再智识理解、后动手实现,方法主张；Klee 1921.1.16信为同时代第三方课堂实录，可作部分佐证,clean L191-194、L195-209,ACCEPTED_AS_ACTOR_SOURCE,D:\Design-history-知识库\教材章节知识模型转换\11_语义复核批次\BATCH-005-CH04-BAUHAUS\mappings\B0216_章节映射.csv
B0216,4.2,B,V2,materials_texture_sensory,材质与纹理训练以触觉等感官理解为基础（“知道词语不够”），含清单、闭眼触摸、纹理蒙太奇与记忆再现,学生作业图注为实物证据，但选样与评注均由作者自选自注,clean L503-505、L510-519、L533-535、L544-665,ACCEPTED_AS_ACTOR_SOURCE,D:\Design-history-知识库\教材章节知识模型转换\11_语义复核批次\BATCH-005-CH04-BAUHAUS\mappings\B0216_章节映射.csv
B0216,4.2,B,V2,body_morning_exercises,晨间放松-呼吸-专注身体练习是基础课程日常环节，被视为表现力训练前提,练习遭同事嘲笑（L167-168），教学有效性仅行动者自述，无成效证据,clean L173-189、L167-168,ACCEPTED_AS_ACTOR_SOURCE,D:\Design-history-知识库\教材章节知识模型转换\11_语义复核批次\BATCH-005-CH04-BAUHAUS\mappings\B0216_章节映射.csv
B0216,4.3,B,V2,itten_departure_1923,1923年一次分析课后Gropius表示无法再向政府负责伊顿教学法，伊顿随即主动辞职离校,伊顿单方回忆、含自我辩护；Gropius方记录缺失，离校完整背景超出本书,clean L230-231,ACCEPTED_AS_ACTOR_SOURCE,D:\Design-history-知识库\教材章节知识模型转换\11_语义复核批次\BATCH-005-CH04-BAUHAUS\mappings\B0216_章节映射.csv
B0216,4.3,C,V2,tension_art_technology,伊顿主张先解放创造再引入技术/商业考量（L132-134），与“艺术与技术统一”路线构成隐性张力，是1923转向的思想背景之一,张力判断为解释性推断；伊顿对Gropius路线的批评是隐性的、未点名,clean L132-134、L162,ACCEPTED_AS_ACTOR_SOURCE,D:\Design-history-知识库\教材章节知识模型转换\11_语义复核批次\BATCH-005-CH04-BAUHAUS\mappings\B0216_章节映射.csv
B0216,4.6,B,V2,vorkurs_diffusion,基础课程方法随伊顿本人延伸至维也纳、柏林、克雷费尔德、苏黎世共六所机构，并以200余幅学生作品构成教学证据库,扩散路径为行动者自述；“可复制”须以L249-250自限声明为前提,clean L243、L262-267、L249-250,ACCEPTED_AS_ACTOR_SOURCE,D:\Design-history-知识库\教材章节知识模型转换\11_语义复核批次\BATCH-005-CH04-BAUHAUS\mappings\B0216_章节映射.csv
B0216,4.6,C,V2,replicable_method_toolkit,对比理论、身体练习、主观形式类型学构成可迁移的方法工具箱，可供后世设计教育复制,可复制性是否被后世证实需独立证据；本书仅是方法描述而非成效记录,clean L111-119、L1093-1097,ACCEPTED_AS_ACTOR_SOURCE,D:\Design-history-知识库\教材章节知识模型转换\11_语义复核批次\BATCH-005-CH04-BAUHAUS\mappings\B0216_章节映射.csv
B0219,0.4,B,V2,cartoon_images_as_artifacts,漫画传单、杂志封面、壁画等漫画图像作为人工物史料，可证战时宣传图像的供给、题材与再现惯例,图像不能证明受众接受与理解（作者自评传单“难以快速领会”属推断）,核对clean L995–1003、packet第四章31幅传单分析,ACCEPTED_AS_CORE_SOURCE,D:\Design-history-知识库\教材章节知识模型转换\11_语义复核批次\BATCH-007-CH06-EASTASIA\mappings\B0219_章节映射.csv
B0219,0.6,A,V2,oral_history_evidence_bias,作者显性自认叙述倾向共产党/大陆视角、口述史“有陷阱不能讲述全部故事”，受访者以大陆从业者为主,偏差已由作者声明并试图以批判性评估与并置异见弥补；国民党视角与港台独立发展仍缺失,核对clean L102–L103附近及第四章分析报告口述段,ACCEPTED_AS_CORE_SOURCE,D:\Design-history-知识库\教材章节知识模型转换\11_语义复核批次\BATCH-007-CH06-EASTASIA\mappings\B0219_章节映射.csv
B0219,6.1,B,V2,prehistory_cartoon_visual_media,宋代《梅花喜神谱》为最早插图超越文字的印刷书；明清年画、石刻、小说绣像中的讽刺与图像叙事传统,早期史依赖二手文献（Clunas、Flath、Bo），“漫画前史”认定本身有争议（Bader 1941反对）,核对clean L136、L156、L162、L166,ACCEPTED_AS_CORE_SOURCE,D:\Design-history-知识库\教材章节知识模型转换\11_语义复核批次\BATCH-007-CH06-EASTASIA\mappings\B0219_章节映射.csv
B0219,6.2,C,V2,qing_antiimperialist_cartoons,清末报刊漫画参与反帝与抵制外货宣传：义和团时期反帝海报漫画、1910s抵制日货传单,仅零星涉及，非本书主题，证据单薄,核对clean L325,ACCEPTED_AS_CORE_SOURCE,D:\Design-history-知识库\教材章节知识模型转换\11_语义复核批次\BATCH-007-CH06-EASTASIA\mappings\B0219_章节映射.csv
B0219,6.3,A,V2,print_capital_visual_public_sphere,石印等现代印刷技术推动清末民初漫画杂志、画报、党派报纸勃兴，上海形成漫画视觉公共领域,印刷史细节为二手综述（Rea、Laing、Bevan），本书非原创档案研究,核对clean L206、L216、L547,ACCEPTED_AS_CORE_SOURCE,D:\Design-history-知识库\教材章节知识模型转换\11_语义复核批次\BATCH-007-CH06-EASTASIA\mappings\B0219_章节映射.csv
B0219,6.4,B,V2,shanghai_urban_consumption_culture,上海漫画杂志（上海漫画1928–1930等）依托邵洵美等出版赞助人、都市读者市场与石印海报形式发展,消费市场细节来自二手文献（Laing 2010、Bevan 2016），本书未做广告与销售数据分析,核对clean L547,ACCEPTED_AS_CORE_SOURCE,D:\Design-history-知识库\教材章节知识模型转换\11_语义复核批次\BATCH-007-CH06-EASTASIA\mappings\B0219_章节映射.csv
B0219,6.5,C,V2,east_asian_intermediary_japan,1920s–30s日本视觉元素与留日漫画家（丰子恺等）构成东亚中介环节，影响上海漫画与宣传画,日本影响论述零散，未系统论证中介机制与教育制度关联,核对clean L643、L715,ACCEPTED_AS_CORE_SOURCE,D:\Design-history-知识库\教材章节知识模型转换\11_语义复核批次\BATCH-007-CH06-EASTASIA\mappings\B0219_章节映射.csv
B0219,6.6,B,V2,national_form_modern_form_debate,延安文艺路线与民族形式：米谷《小二黑结婚》以水墨线描避开西方明暗法，符合毛泽东延安讲话主张,案例单一，论证强度中等；民族形式之争非本书主题展开,核对clean L738,ACCEPTED_AS_CORE_SOURCE,D:\Design-history-知识库\教材章节知识模型转换\11_语义复核批次\BATCH-007-CH06-EASTASIA\mappings\B0219_章节映射.csv
B0219,6.7,A,V2,wartime_propaganda_production,1930s–1949年中国漫画被全面“武器化”：救亡漫画宣传队、传单、报纸杂志、壁画、木刻、幻灯构成战时宣传生产体系,漫画图像的供给与再现可证；宣传效果（如传单对日军士气）多为转引二手证据，不能证明接受,核对clean L774–1004宣传队与传单段、L1220抗战主题总结,ACCEPTED_AS_CORE_SOURCE,D:\Design-history-知识库\教材章节知识模型转换\11_语义复核批次\BATCH-007-CH06-EASTASIA\mappings\B0219_章节映射.csv
B0219,6.7,A,V2,cartoon_leaflet_content_analysis,31幅反日漫画传单的内容分析：主题（日本暴行、帝国主义、汉奸）、战果清单、格式特征（单面单张、色块、单幅为主、绘制粗陋）,样本以八路军/新四军来源为主（clean L995），国民党传单样本极少；图像学描述不等于传播效果,核对clean L995–1003,ACCEPTED_AS_CORE_SOURCE,D:\Design-history-知识库\教材章节知识模型转换\11_语义复核批次\BATCH-007-CH06-EASTASIA\mappings\B0219_章节映射.csv
B0219,6.7,B,V2,cartoonist_oral_testimony_wartime,救亡漫画宣传队五名队员（特伟、张仃、廖冰兄、韩尚义、麦非）的口述史记录战时漫画生产的组织与迁徙路线（沪→宁→汉→长→桂→渝）,口述为回溯性记忆，存在版本分歧（宣传队解散原因麦非版vs特伟版），需交叉核对,核对packet第三章分析报告L812–L866,ACCEPTED_AS_CORE_SOURCE,D:\Design-history-知识库\教材章节知识模型转换\11_语义复核批次\BATCH-007-CH06-EASTASIA\mappings\B0219_章节映射.csv
B0219,6.7,B,V2,kmt_ccp_propaganda_comparison,国共两党战时漫画宣传策略对比：共产党系统组织化、国民党宣传“涣散低效”,对比评价部分依赖国民党批评性二手文献，与作者自认的共产党视角偏向叠加,核对clean L888、L987,ACCEPTED_AS_CORE_SOURCE,D:\Design-history-知识库\教材章节知识模型转换\11_语义复核批次\BATCH-007-CH06-EASTASIA\mappings\B0219_章节映射.csv
B0222,0.2,B,V2,russian_modernity_claim,Shevchenko自然已不存在、已被转为地基与沥青与Goncharova离开西方走向东方是俄国现代性经验（技术文明替代自然、东西方轴心）的行动者表述,行动者感知不等于社会事实，须与其他史料互证,回查L1096-1177、L1287-1347,ACCEPTED_AS_ACTOR_SOURCE,D:\Design-history-知识库\教材章节知识模型转换\11_语义复核批次\BATCH-004-CH03-AVANTGARDE\mappings\B0222_章节映射.csv
B0222,0.3,B,V2,relational_history_debates,宣言-反宣言并置（Tatlin vs. Gabo；Bogdanov vs. KomFUT/Altman；AKhRR vs. OST/October）构成关系史叙事的史料基础,并置是编者组织行为；争论双方文本可互证分歧存在，但各自均为单方主张,回查L3079-3141与L4445-4677,ACCEPTED_AS_CORE_SOURCE,D:\Design-history-知识库\教材章节知识模型转换\11_语义复核批次\BATCH-004-CH03-AVANTGARDE\mappings\B0222_章节映射.csv
B0222,0.5,A,V2,actor_texts_as_primary_sources,全书48篇行动者文本（宣言、讲稿、政策文件、展览目录声明）是行动者文本作为史料的典型样本：编者标注原始出处（bibl.编号体系）与文本物理来源,行动者文本证明主张而非效果与接受，此为使用规则而非内容结论,回查前言L14-72,ACCEPTED_AS_CORE_SOURCE,D:\Design-history-知识库\教材章节知识模型转换\11_语义复核批次\BATCH-004-CH03-AVANTGARDE\mappings\B0222_章节映射.csv
B0222,0.6,B,V2,translation_selection_bias,译文为二手层（俄译英）、多篇标[Extracts]节选、1970年代冷战学术语境——三重证据偏差须在引用时标注,编者对Realistic Manifesto影响的评述即编者层价值判断示例,回查前言翻译策略与考据注释,ACCEPTED_AS_ACTOR_SOURCE,D:\Design-history-知识库\教材章节知识模型转换\11_语义复核批次\BATCH-004-CH03-AVANTGARDE\mappings\B0222_章节映射.csv
B0222,3.1,B,V2,machine_and_city_perception,Chernikhov《The Construction of Architectural and Machine Forms》（十一条构成法则）与Lef环抱城市、参与全球建设口号提供机器形式与都市感知的俄国行动者表述,证明其形式语法主张；机器感知的社会史效应需其他证据,回查L4358-4410构成法则,ACCEPTED_AS_ACTOR_SOURCE,D:\Design-history-知识库\教材章节知识模型转换\11_语义复核批次\BATCH-004-CH03-AVANTGARDE\mappings\B0222_章节映射.csv
B0222,3.2,B,V2,russian_futurism_politicized,Altman《Futurism and Proletarian Art》、KomFUT纲领、Lef宣言展示俄国未来主义在革命语境中的政治化路线（形式革命等于社会革命）,行动者文本证明其主张；俄国未来主义与意大利未来主义的关系须另行对照，本书未收意大利文本,回查L2917、L3501-3504,ACCEPTED_AS_ACTOR_SOURCE,D:\Design-history-知识库\教材章节知识模型转换\11_语义复核批次\BATCH-004-CH03-AVANTGARDE\mappings\B0222_章节映射.csv
B0222,3.3,D,V2,dada_montage_marginal,本书无达达宣言文本；蒙太奇仅以图注与注释形式边缘出现（如Rodchenko为Mayakovsky《Pro eto》设计的摄影蒙太奇）,证据不足，不得据本书断言俄国达达或蒙太奇理论,回查L4249图注,EXCLUDE_AS_INSUFFICIENT_EVIDENCE,D:\Design-history-知识库\教材章节知识模型转换\11_语义复核批次\BATCH-004-CH03-AVANTGARDE\mappings\B0222_章节映射.csv
B0222,3.4,A,V2,constructivism_production_art_actor_texts,Brik《From Pictures to Textile Prints》论证架上绘画与资本主义文化形态同朽、印花布成为创作中心，是生产主义在设计领域延伸的行动者文本,证明Brik主张，不能证明纺织品设计在工厂的实际采用或大众接受,回查L4144-4239,ACCEPTED_AS_CORE_SOURCE,D:\Design-history-知识库\教材章节知识模型转换\11_语义复核批次\BATCH-004-CH03-AVANTGARDE\mappings\B0222_章节映射.csv
B0222,3.4,A,V2,constructivism_internal_split,Gabo/Pevsner《Realistic Manifesto》反对艺术功利化、坚持艺术独立价值，与Tatlin文本并置呈现构成主义内部物质路线与精神路线的根本分歧,两篇均为行动者主张；编者评述（该宣言对俄国构成主义影响小、对西方意义大）为编者层判断,回查L3575-3668正文中关于节奏与生命的表述,ACCEPTED_AS_ACTOR_SOURCE,D:\Design-history-知识库\教材章节知识模型转换\11_语义复核批次\BATCH-004-CH03-AVANTGARDE\mappings\B0222_章节映射.csv
B0222,3.5,D,V2,de_stijl_absence,风格派（De Stijl）在本书无收录文本，全书无实质关联,无内容，排除,——,EXCLUDE_AS_OUT_OF_SCOPE,D:\Design-history-知识库\教材章节知识模型转换\11_语义复核批次\BATCH-004-CH03-AVANTGARDE\mappings\B0222_章节映射.csv
B0222,3.6,A,V2,new_photography_snapshot,"Rodchenko《Against the Synthetic Portrait, For the Snapshot》以Photograph and be photographed!论证快照摄影取代合成肖像，是新摄影论的行动者文本",证明艺术家主张与论战姿态，不能证明新摄影的公众接受度,回查L4260-4326正文批判段,ACCEPTED_AS_CORE_SOURCE,D:\Design-history-知识库\教材章节知识模型转换\11_语义复核批次\BATCH-004-CH03-AVANTGARDE\mappings\B0222_章节映射.csv
B0222,3.6,B,V2,proun_spatial_design,Lissitzky《Suprematism in World Reconstruction》的Proun作为二维至三维形式的中间点，关联空间构成与展览设计语境；文本为至上主义世界重建宣言,证明Lissitzky主张；Proun实际展览设计效果需其他资料佐证,回查L2785-2816正文,ACCEPTED_AS_ACTOR_SOURCE,D:\Design-history-知识库\教材章节知识模型转换\11_语义复核批次\BATCH-004-CH03-AVANTGARDE\mappings\B0222_章节映射.csv
B0222,3.7,B,V2,transnational_network_evidence,Inkhuk与柏林的联系、Lissitzky 1922年在柏林编辑Veshch/Gegenstand/Objet三语期刊、Lef的Red Art International号召、Gabo 1922年赴柏林构成跨国先锋网络的行动者-编者证据,网络描述多为编者导论与简介层叙述；国际号召是主张而非网络实态,回查L298、L2789-2790,ACCEPTED_AS_ACTOR_SOURCE,D:\Design-history-知识库\教材章节知识模型转换\11_语义复核批次\BATCH-004-CH03-AVANTGARDE\mappings\B0222_章节映射.csv
B0222,4.4,B,V2,vkhutemas_education_context,Shterenberg《Our Task》（Svomas校长）、Lissitzky与Malevich维捷布斯克教学、Gabo/Pevsner任教Svomas/Vkhutemas为呼捷玛斯教学体制提供行动者侧证,本书无专门论述设计教育的文本，均为背景性提及，不作4.4核心证据,回查L3232-3286、L2198、L3573,ACCEPTED_AS_ACTOR_SOURCE,D:\Design-history-知识库\教材章节知识模型转换\11_语义复核批次\BATCH-004-CH03-AVANTGARDE\mappings\B0222_章节映射.csv
B0225,0.3,A,V2,integrated_design_history_method,设计史须把形式同生产组织、材料制度、市场和实际使用结合，而不能只排名名作,作者仍在形式主义与个体创造力框架内工作且案例老化,与劳动史、企业档案、非西方区域史和使用史互证,ACCEPTED_AS_METHOD,D:\Design-history-知识库\教材章节知识模型转换\11_语义复核批次\BATCH-002-CH01-EXPANDED\mappings\B0225_章节映射.csv
B0225,0.6,A,V2,museum_formalism_and_context_bias,脱离生产和使用语境的博物馆陈列会把对象建构成自主形式并遮蔽匿名协作,批判方法本身并未充分恢复女性殖民与被奴役劳动者,补来源、劳动、使用、征集和沉默主体材料,ACCEPTED_AS_EVIDENCE_AUDIT,D:\Design-history-知识库\教材章节知识模型转换\11_语义复核批次\BATCH-002-CH01-EXPANDED\mappings\B0225_章节映射.csv
B0225,1.1,A,V2,patterns_workshops_and_commercial_craft,图案书、大工场、皇家制造厂和商业化手工生产已使构思、模型与制作发生分工,不能把所有前工业生产都写成单人工匠或同一欧洲模式,补行会、家庭、作坊、地方材料和非欧洲比较,ACCEPTED_WITH_LIMITS,D:\Design-history-知识库\教材章节知识模型转换\11_语义复核批次\BATCH-002-CH01-EXPANDED\mappings\B0225_章节映射.csv
B0225,1.2,A,V2,machines_interchangeability_transport_and_scale,动力、机床、可互换零件、铁路和装配线改变生产尺度与对象组织,武器制度前史仅作文字分析且机器并非充分原因,补设备、性能、国家采购、劳动与民用扩散档案,ACCEPTED_WITH_MECHANISM_FOLLOWUP,D:\Design-history-知识库\教材章节知识模型转换\11_语义复核批次\BATCH-002-CH01-EXPANDED\mappings\B0225_章节映射.csv
B0225,1.3,A,V2,patterns_models_specs_and_control,图案书、原型、模具、规格、工序分解和监督把形式控制从执行工人转移到多类岗位,分离不是瞬时完成也不等于设计师已成为唯一作者,补图样、模具、工序签记、职位、工资和争议档案,ACCEPTED_WITH_OBJECT_FOLLOWUP,D:\Design-history-知识库\教材章节知识模型转换\11_语义复核批次\BATCH-002-CH01-EXPANDED\mappings\B0225_章节映射.csv
B0225,1.4,B,V2,materials_process_and_form_constraints,陶瓷、金属、木材、玻璃与新交通材料的性能和加工方式限制形式并允许新组合,材料链和殖民来源处理不足且部分视觉判断待图版核验,补材料检测、供应链、环境与对象复原,ACCEPTED_AS_SUPPORT,D:\Design-history-知识库\教材章节知识模型转换\11_语义复核批次\BATCH-002-CH01-EXPANDED\mappings\B0225_章节映射.csv
B0225,1.5,A,V2,anonymous_designers_workers_and_enterprise,Boulton与Wedgwood案例显示企业主、外部艺术家、制图员、模型师、工匠和销售网络共同参与,资料仍偏企业主且不能为每件对象确定责任,逐对象补设计、制作、管理、销售和使用责任链,ACCEPTED_WITH_LIMITS,D:\Design-history-知识库\教材章节知识模型转换\11_语义复核批次\BATCH-002-CH01-EXPANDED\mappings\B0225_章节映射.csv
B0225,1.6,A,V2,industrial_design_definition_and_professional_emergence,工业设计概念可追踪构思、视觉形式、机械复制和专业岗位逐步组合的过程,1980年的操作性定义不是跨时期中性词义,补同期词典、industrial art、decorative art、职位、学校和行业组织,ACCEPTED_WITH_CONCEPT_HISTORY_FOLLOWUP,D:\Design-history-知识库\教材章节知识模型转换\11_语义复核批次\BATCH-002-CH01-EXPANDED\mappings\B0225_章节映射.csv
B0225,1.7,A,V2,diversification_and_mixed_production,工业化表现为手工、外包、工场、工厂和机器生产持续分化与共存,欧美通史不足以代表亚洲殖民地和全球区域路径,与B0086、B0130、B0169及区域史比较,ACCEPTED_WITH_COUNTERSOURCE_REQUIRED,D:\Design-history-知识库\教材章节知识模型转换\11_语义复核批次\BATCH-002-CH01-EXPANDED\mappings\B0225_章节映射.csv
B0225,2.1,B,V2,great_exhibition_and_manufacturing_comparison,1851年博览会使跨国制造比较和设计质量问题进入公共讨论,本书不是博览会观众、殖民陈列或展览制度专史,补展览目录、评审、对象、参观者和殖民来源材料,ACCEPTED_AS_SUPPORT,D:\Design-history-知识库\教材章节知识模型转换\11_语义复核批次\BATCH-002-CH01-EXPANDED\mappings\B0225_章节映射.csv
B0225,2.2,B,V2,design_reform_magazine_school_and_state,Cole、设计改革出版物、学校和国家机构把工业产品审美转为治理问题,政策主张不能证明课程执行或产品质量改善,补行政、课程、学生作业、企业采用与就业记录,ACCEPTED_AS_SUPPORT,D:\Design-history-知识库\教材章节知识模型转换\11_语义复核批次\BATCH-002-CH01-EXPANDED\mappings\B0225_章节映射.csv
B0225,2.4,A,V2,catalogues_mass_markets_and_aesthetic_choice,目录、邮购、产品变体和市场细分使外观成为组织大众消费的重要变量,目录供给不能自动证明消费者偏好或实际使用,补价格、订单、退货、家庭清单和消费者材料,ACCEPTED_WITH_AUDIENCE_GAP,D:\Design-history-知识库\教材章节知识模型转换\11_语义复核批次\BATCH-002-CH01-EXPANDED\mappings\B0225_章节映射.csv
B0225,2.7,B,V2,patterns_migration_and_crossnational_manufacturing,图案、工匠、技术与制造模式跨境移动并被不同制度和市场重组,通史叙述不足以证明具体对象的直接影响关系,逐对象补接触、委托、制作、销售和地方回应链,ACCEPTED_AS_SUPPORT,D:\Design-history-知识库\教材章节知识模型转换\11_语义复核批次\BATCH-002-CH01-EXPANDED\mappings\B0225_章节映射.csv
B0228,0.4,B,V2,destroyed_works_photo_reconstruction,本书以约270幅图版与图纸重建已毁浮雕与未建成纪念碑（仅存模型照片），图文互证构成「人工物如何成为史料」的方法示范,重建属作者方法；Ogonek现场照片、0.10图录、普宁小册子封面为可证档案,回查clean L1949、L2738—2739、L1968—1969,ACCEPTED_AS_CONTEXT_SOURCE,D:\Design-history-知识库\教材章节知识模型转换\11_语义复核批次\BATCH-004-CH03-AVANTGARDE\mappings\B0228_章节映射.csv
B0228,0.6,B,V2,anecdotal_evidence_boundary,毕加索工作室访问（reportedly）、马列维奇题字、塔特林晚年自述等被审慎限定使用，示范证据偏差的标注处理,回忆录属二手证据；米尔纳以「according to/reportedly」标注但未系统批判其偏差,回查clean L1552—1553、L3416,ACCEPTED_AS_CONTEXT_SOURCE,D:\Design-history-知识库\教材章节知识模型转换\11_语义复核批次\BATCH-004-CH03-AVANTGARDE\mappings\B0228_章节映射.csv
B0228,3.1,B,V2,ww1_cultural_isolation_lens,一战（1914—1922）中断俄西交流，文化孤立作为「透镜」聚焦本土创新（'acted as a lens intensifying artistic innovation'）,交流中断史实可证；「透镜效应」为米尔纳分析隐喻,回查clean L1894、L1691附近,ACCEPTED_AS_CONTEXT_SOURCE,D:\Design-history-知识库\教材章节知识模型转换\11_语义复核批次\BATCH-004-CH03-AVANTGARDE\mappings\B0228_章节映射.csv
B0228,3.3,C,V2,dada_marginal_relevance,本书几乎不论达达；仅国际传播语境（Veshch/Broom、柏林网络）与达达圈存在时空重叠,达达不在本书范围，无实质命题支撑,回查clean L2719—2721（传播段落）,CONTEXT_ONLY,D:\Design-history-知识库\教材章节知识模型转换\11_语义复核批次\BATCH-004-CH03-AVANTGARDE\mappings\B0228_章节映射.csv
B0228,3.4,A,V2,core_actor_tatlin_constructivism,塔特林是俄国构成主义核心行动者：从反浮雕（painterly relief/corner relief）到第三国际塔到Letatlin，构成主义实践的源头人物,反浮雕与塔多已毁/未建成，图像重建属作者方法；生平与机构任职（1919年自由画室负责人）为档案事实,回查clean L1548—1549、L2719—2735、L3154—3156,ACCEPTED_AS_CORE_SOURCE,D:\Design-history-知识库\教材章节知识模型转换\11_语义复核批次\BATCH-004-CH03-AVANTGARDE\mappings\B0228_章节映射.csv
B0228,3.4,A,V2,faktura_construction_methodology,材料→faktura→构造是塔特林方法论的统一逻辑，也是构成主义理论的核心概念（'material and faktura lead to construction'）,faktura术语源自布尔留克、马尔科夫等同时代人，米尔纳将其理论化为具历史维度的文化概念，属分析框架,回查clean L828—833、L1548—1549、L1777,ACCEPTED_AS_CORE_SOURCE,D:\Design-history-知识库\教材章节知识模型转换\11_语义复核批次\BATCH-004-CH03-AVANTGARDE\mappings\B0228_章节映射.csv
B0228,3.4,A,V2,third_international_monument,塔特林之塔（1919—1920）是构成主义进入公共领域的转捩点与标志形象：乌托邦的物质化模型、旋转大厅时间机器,委托来源、团队、展出时间出自普宁1920年小册子（档案性）；旋转周期/宇宙论对应含米尔纳阐释成分,回查clean L2719—2735、L2936—2946,ACCEPTED_AS_CORE_SOURCE,D:\Design-history-知识库\教材章节知识模型转换\11_语义复核批次\BATCH-004-CH03-AVANTGARDE\mappings\B0228_章节映射.csv
B0228,3.4,A,V2,constructivism_multi_tendency,构成主义非单一运动：塔特林材料构成主义、罗德琴科/布里克生产主义、Inkhuk实验室构成主义、加博分支在1919—1925年分化竞争,Inkhuk会议记录与Arvatov报道为档案证据；「四种构成主义」框架为米尔纳综合,回查clean L3273—3303、L3416—3417,ACCEPTED_AS_CORE_SOURCE,D:\Design-history-知识库\教材章节知识模型转换\11_语义复核批次\BATCH-004-CH03-AVANTGARDE\mappings\B0228_章节映射.csv
B0228,3.4,B,V2,production_art_and_institutions,塔特林的生产艺术转向（工人服装、炉具、Zangezi舞台）与Letatlin有机构成，显示生产主义路线内部张力,工厂轶事为Arvatov转述（回忆性质）；Letatlin「有机构成主义」解读为米尔纳评价,回查clean L3416—3420、L3758—3764,ACCEPTED_AS_CONTEXT_SOURCE,D:\Design-history-知识库\教材章节知识模型转换\11_语义复核批次\BATCH-004-CH03-AVANTGARDE\mappings\B0228_章节映射.csv
B0228,3.4,B,V2,tatlin_malevich_divergence,0.10展览（1915年12月）中角落浮雕与黑色方块同场对峙，构成主义与至上主义从共同起点分道,展览事实可证（图录、Ogonek现场照片）；「came to blows」细节来自回忆材料,回查clean L1932—1933、L1951—1955,ACCEPTED_AS_CONTEXT_SOURCE,D:\Design-history-知识库\教材章节知识模型转换\11_语义复核批次\BATCH-004-CH03-AVANTGARDE\mappings\B0228_章节映射.csv
B0228,3.6,C,V2,exhibition_stage_design,塔特林0.10/The Store布展、1925年巴黎国际装饰艺术展（第三版塔模型获金奖）、Zangezi与《事务》舞台设计属展览/舞台设计实践,1925年巴黎展为档案可证；舞台设计分析含作者解读；与「新摄影、新字体」主题关联弱,回查clean L2732、L3501（Zangezi照片）、L3499,CONTEXT_ONLY,D:\Design-history-知识库\教材章节知识模型转换\11_语义复核批次\BATCH-004-CH03-AVANTGARDE\mappings\B0228_章节映射.csv
B0228,3.7,A,V2,transnational_network_tower_dissemination,塔特林之塔经普宁小册子、乌曼斯基《俄国新艺术》、柏林Veshch/Broom、卡沙克著作传播，成为构成主义的国际标志形象,传播渠道为档案可证；「标志形象」判断含作者评价成分,回查clean L2719—2721、L2736—2737,ACCEPTED_AS_CORE_SOURCE,D:\Design-history-知识库\教材章节知识模型转换\11_语义复核批次\BATCH-004-CH03-AVANTGARDE\mappings\B0228_章节映射.csv
B0228,3.7,B,V2,berlin_paris_russian_network,1913年塔特林西欧之旅：柏林Der Sturm、巴黎La Ruche俄裔圈，俄国先锋「在场」先于朝圣,网络描述部分依赖回忆录；毕加索工作室访问以「reportedly」限定,回查clean L1552—1553及其上下文,ACCEPTED_AS_CONTEXT_SOURCE,D:\Design-history-知识库\教材章节知识模型转换\11_语义复核批次\BATCH-004-CH03-AVANTGARDE\mappings\B0228_章节映射.csv
B0228,4.6,B,V2,svomas_vkhutemas_lineage,自由画室（Svomas）于1920年11月29日演化为Vkhutemas，罗德琴科主持基础课；塔特林1919年任莫斯科自由画室负责人、后入Vkhutein，构成呼捷玛斯机构谱系的一环,本书以机构背景提及Vkhutemas而非论述主体；机构谱系事实可证,回查clean L2669、L3154、L3302—3303、L3702,ACCEPTED_AS_CONTEXT_SOURCE,D:\Design-history-知识库\教材章节知识模型转换\11_语义复核批次\BATCH-004-CH03-AVANTGARDE\mappings\B0228_章节映射.csv
B0247,0.4,A,V2,artifact_visual_archive,250幅插图（55幅彩色）及家具、金属、玻璃、陶瓷、时装、纺织、平面艺术的产品门类叙述构成人工物史料档案,插图为图录性质，图注信息以原书为准；产品归属存在无法确定归属的情况,clean第570行；各章产品图注,ACCEPTED_AS_CORE_SOURCE,D:\Design-history-知识库\教材章节知识模型转换\11_语义复核批次\BATCH-005-CH04-BAUHAUS\mappings\B0247_章节映射.csv
B0247,0.4,A,V2,rosemark_trademark_evidence,Rosemark（玫瑰标记）1903年注册为工坊第一个商标，“WW”标志与设计师/工匠姓名缩写并置，是工坊企业化与品牌运作的人工物证据,商标制度证明品牌意识，不证明市场成功或产品质量,clean第2506行,ACCEPTED_AS_CORE_SOURCE,D:\Design-history-知识库\教材章节知识模型转换\11_语义复核批次\BATCH-005-CH04-BAUHAUS\mappings\B0247_章节映射.csv
B0247,0.6,A,V2,archive_oral_history_layering,企业档案史实（财务、诉讼、重组日期）与作者叙述框架、当事人后代口述（Primavesi之女“只想让艺术家做想做的事”）必须分层使用,口述回忆带利害立场（如Primavesi亲属雇用问题），档案事实优先,clean第794行,ACCEPTED_AS_CORE_SOURCE,D:\Design-history-知识库\教材章节知识模型转换\11_语义复核批次\BATCH-005-CH04-BAUHAUS\mappings\B0247_章节映射.csv
B0247,0.6,A,V2,production_vs_success_guard,工坊设立与产品生产不自动证明市场成功或审美改善——1906年诉讼、1909年止赎、1913年150万克朗负债、1926年破产构成反向证据链,本书经济史叙述即为此校准器，引用成功叙事时必须并置财务危机史实,clean第749—752行、第763—764行,ACCEPTED_AS_CORE_SOURCE,D:\Design-history-知识库\教材章节知识模型转换\11_语义复核批次\BATCH-005-CH04-BAUHAUS\mappings\B0247_章节映射.csv
B0247,0.6,B,V2,counterfactual_interpretive_claim,Kallir修正主义论点——一战是“切断发展进程的剧烈转折”而非自然终点，若战前条件持续工坊可能转向工业生产——属反事实推演,反事实判断是作者解释框架，非史实；作为史学观点引用时须标明出处层级,clean第二章“THE FALL”部分,ACCEPTED_AS_CORE_SOURCE,D:\Design-history-知识库\教材章节知识模型转换\11_语义复核批次\BATCH-005-CH04-BAUHAUS\mappings\B0247_章节映射.csv
B0247,2.5,A,V2,jugendstil_vienna_inversion,维也纳语境对新艺术的独特颠倒——“维也纳人赋予拟人或植物形态以装饰特征”而非相反——解释其从新艺术迅速转向严峻几何,此为Kallir阐释性论点，作为风格史命题引用时标注作者判断,clean第273行,ACCEPTED_AS_CORE_SOURCE,D:\Design-history-知识库\教材章节知识模型转换\11_语义复核批次\BATCH-005-CH04-BAUHAUS\mappings\B0247_章节映射.csv
B0247,2.5,A,V2,gesamtkunstwerk_domestication,Gesamtkunstwerk从瓦格纳舞台转译为家庭空间（Bahr“房间像管弦乐队”）是维也纳工坊设计哲学核心，也是从唯美主义到新艺术语境的关键命题,概念阐释为主；Bahr引文在源文件中仅出现一次，不得称“反复引用”,clean第455行附近；第一章,ACCEPTED_AS_CORE_SOURCE,D:\Design-history-知识库\教材章节知识模型转换\11_语义复核批次\BATCH-005-CH04-BAUHAUS\mappings\B0247_章节映射.csv
B0247,2.5,A,V2,secession_workshop_institutional_link,分离派三大制度支柱（展览、博物馆、Ver Sacrum）与1897年分裂为工坊提供组织前提，工坊是分离派工艺取向者的制度延续,分离派与工坊的人员/机构承继明确，但两组织为不同法人实体，不混同为同一来源,clean第273行,ACCEPTED_AS_CORE_SOURCE,D:\Design-history-知识库\教材章节知识模型转换\11_语义复核批次\BATCH-005-CH04-BAUHAUS\mappings\B0247_章节映射.csv
B0247,4.1,A,V2,enterprise_workshop_antecedent,维也纳工坊是“企业型工坊”前史样本：三位创始人组合（设计师+设计师+金主）、1904年柏林公开亮相、1914年公司化重组,Kallir明确工坊非自给自足商业企业，企业“成功”命题须与财务危机史实并置,clean第542—543行、第552—553行、第764行,ACCEPTED_AS_CORE_SOURCE,D:\Design-history-知识库\教材章节知识模型转换\11_语义复核批次\BATCH-005-CH04-BAUHAUS\mappings\B0247_章节映射.csv
B0247,4.1,B,V2,milchkuh_sponsorship_economy,“Milchkuh”（奶牛）私人赞助制度是工坊经济基础，一战摧毁此基础（帝国解体、工业基地丧失、恶性通胀）导致其衰落,赞助-衰落因果链为Kallir的强解释框架，经济数据量化不足，因果强度应降级表述,clean第748行、第763—766行,ACCEPTED_AS_CORE_SOURCE,D:\Design-history-知识库\教材章节知识模型转换\11_语义复核批次\BATCH-005-CH04-BAUHAUS\mappings\B0247_章节映射.csv
B0247,4.4,A,V2,workshop_system_comparison_antecedent,维也纳工坊的工场组织（多工种车间、颜色编码管理、Morris/Ruskin纲领）是德绍工坊制度比较的“前史”参照,工坊制度与包豪斯工坊制度是平行比较而非传承证据，本书不含包豪斯直接关联，比较命题由教材层建立,clean第559—563行、第552—558行,ACCEPTED_AS_CORE_SOURCE,D:\Design-history-知识库\教材章节知识模型转换\11_语义复核批次\BATCH-005-CH04-BAUHAUS\mappings\B0247_章节映射.csv
B0247,4.4,A,V2,education_workshop_link,工艺美术学校（Kunstgewerbeschule）的教育网络是工坊人员供给的制度基础，Moser/Hoffmann首班毕业生组成Wiener Kunst im Hause雏形,“80%工坊雇员出自该校”百分比数据未在本次抽查中于原文核实，仅确认教育-工坊链条本身,clean第547行；grep“80%”核实比例,ACCEPTED_AS_CORE_SOURCE,D:\Design-history-知识库\教材章节知识模型转换\11_语义复核批次\BATCH-005-CH04-BAUHAUS\mappings\B0247_章节映射.csv
B0247,4.4,A,V2,founder_split_dynamics,1907年Moser退出（财务、创作、个人身份三重原因）改变工坊管理结构，标志创始双人组时代终结,借款金额易被简化：申请10万克朗、实付5万克朗；Moser离职信为直接引语可作证据,clean第757—760行,ACCEPTED_AS_CORE_SOURCE,D:\Design-history-知识库\教材章节知识模型转换\11_语义复核批次\BATCH-005-CH04-BAUHAUS\mappings\B0247_章节映射.csv
B0247,4.4,A,V2,decline_liquidation_chronology,1913年150万克朗债务停摆、1914年清算重组为GmbH、1926年Primavesi之死、1932年终局清算构成工坊制度衰落的时间链,1926—1932年细节主要来自分析报告与年表，本次抽查覆盖至1915年,clean第763—766行；clean第3146行（1926年）、第3170行（1932年）,ACCEPTED_AS_CORE_SOURCE,D:\Design-history-知识库\教材章节知识模型转换\11_语义复核批次\BATCH-005-CH04-BAUHAUS\mappings\B0247_章节映射.csv
B0247,4.7,B,V2,international_branch_expansion,1920年代工坊向Zürich、New York、Berlin开设国际分支并参加国际博览会，是战后区域转译与迁徙的尝试,分支经营成效未量化，Häusler改革失败说明转译不成功,clean第二章“THE FALL”部分,ACCEPTED_AS_CORE_SOURCE,D:\Design-history-知识库\教材章节知识模型转换\11_语义复核批次\BATCH-005-CH04-BAUHAUS\mappings\B0247_章节映射.csv
B0247,4.7,C,V2,late_20c_canon_reception,1980年代中期后现代复兴中Gwathmey Siegel等美国建筑师引用工坊几何母题，Kallir指出其将产品从Gesamtkunstwerk语境剥离的悖论,属接受史内容，主要来自引言/序言分析报告，为本书边缘议题,引言与序言分析报告对应原文,ACCEPTED_AS_CORE_SOURCE,D:\Design-history-知识库\教材章节知识模型转换\11_语义复核批次\BATCH-005-CH04-BAUHAUS\mappings\B0247_章节映射.csv
B0259,0.2,A,V2,nonsynchronous_modernization_and_comparison,全球分期不能把工业化设为各地区同时追求的单一终点,相似性和1750节点是争议性历史判断,补后续大分流争论与区域数据,ACCEPTED_WITH_COUNTERARGUMENT,D:\Design-history-知识库\教材章节知识模型转换\11_语义复核批次\BATCH-002-CH01-EXPANDED\mappings\B0259_章节映射.csv
B0259,0.3,A,V2,reciprocal_core_region_comparison,互惠比较要求同时解释欧洲与亚洲为何偏离彼此而不预设欧洲正常路径,核心区选择本身仍可能制造代表性偏差,公开比较单位、指标、数据和反例,ACCEPTED_AS_METHOD,D:\Design-history-知识库\教材章节知识模型转换\11_语义复核批次\BATCH-002-CH01-EXPANDED\mappings\B0259_章节映射.csv
B0259,0.6,B,V2,aggregate_data_and_core_region_selection_bias,国家平均与核心区选择会产生相反叙事，统计口径和材料缺口须公开,不能用方法批评自动证明任一相似性结论,补区域微观数据和国家能力研究,ACCEPTED_AS_EVIDENCE_AUDIT,D:\Design-history-知识库\教材章节知识模型转换\11_语义复核批次\BATCH-002-CH01-EXPANDED\mappings\B0259_章节映射.csv
B0259,0.7,A,V2,reciprocal_and_encompassing_global_history,全球史须结合对称区域比较与跨区域资源关系,关系史不能消除殖民暴力或地方差异,与商品史、殖民档案和区域史互证,ACCEPTED_WITH_LIMITS,D:\Design-history-知识库\教材章节知识模型转换\11_语义复核批次\BATCH-002-CH01-EXPANDED\mappings\B0259_章节映射.csv
B0259,1.1,B,V2,shared_protoindustrial_growth,欧亚多个核心区在前工业市场化和原工业生产上存在可比发展,不证明技术、劳动制度或生活水平完全相同,补工序、家庭、工资和区域产业研究,ACCEPTED_AS_COMPARATIVE_CONTEXT,D:\Design-history-知识库\教材章节知识模型转换\11_语义复核批次\BATCH-002-CH01-EXPANDED\mappings\B0259_章节映射.csv
B0259,1.2,A,V2,coal_land_constraint_and_global_resources,煤炭和新大陆资源使英国突破土地能源约束但作用依赖交通市场与全球制度,不能把资源存在写成自动因果,补矿业、运输、价格、机器与国家政策材料,ACCEPTED_WITH_MECHANISM_FOLLOWUP,D:\Design-history-知识库\教材章节知识模型转换\11_语义复核批次\BATCH-002-CH01-EXPANDED\mappings\B0259_章节映射.csv
B0259,1.4,A,V2,ecological_material_system,制造材料和能源必须连同土地森林粮食棉花和海外资源供给分析,鬼田数字及生态可比性仍有争议,补环境史、供应链和量化复核,ACCEPTED_WITH_COUNTERSOURCE_REQUIRED,D:\Design-history-知识库\教材章节知识模型转换\11_语义复核批次\BATCH-002-CH01-EXPANDED\mappings\B0259_章节映射.csv
B0259,1.7,A,V2,regional_divergence_and_contingency,劳动密集与能源密集路径并非文明本质而受区域资源、人口和全球关联塑造,宏观模型不能抹平区域内部不平等,补区域微观史和不同工业化路径,ACCEPTED_WITH_LIMITS,D:\Design-history-知识库\教材章节知识模型转换\11_语义复核批次\BATCH-002-CH01-EXPANDED\mappings\B0259_章节映射.csv
B0259,2.4,B,V2,consumption_similarity_and_global_goods,欧洲消费差异也受美洲白银、亚洲需求和种植园商品网络塑造,不是百货商店或具体消费者接受史,补零售、家庭账本和商品对象材料,ACCEPTED_AS_STRUCTURAL_CONTEXT,D:\Design-history-知识库\教材章节知识模型转换\11_语义复核批次\BATCH-002-CH01-EXPANDED\mappings\B0259_章节映射.csv
B0259,2.7,B,V2,new_world_resources_and_coercive_exchange,跨境物质流动建立在殖民制度、奴隶劳动和不对称交换之上,较少处理纹样、误读和地方再生产,与B0040、B0086、B0304及对象史互证,ACCEPTED_AS_STRUCTURAL_SUPPORT,D:\Design-history-知识库\教材章节知识模型转换\11_语义复核批次\BATCH-002-CH01-EXPANDED\mappings\B0259_章节映射.csv
B0269,0.2,A,V2,visual_education_program,以视觉教育培养“运动中的视觉”新感知：从被动消费到主动参与、感官互通与感知扩展,行动者教学纲领：证明其教育主张与理念；不能证明成效或学生接受,回查clean第1075—1148行，第1147—1148行被动淹没vs主动参与,ACCEPTED_AS_ACTOR_SOURCE,D:\Design-history-知识库\教材章节知识模型转换\11_语义复核批次\BATCH-004-CH03-AVANTGARDE\mappings\B0269_章节映射.csv
B0269,0.4,C,V2,artifacts_as_evidence_demo,以1729/1945报纸头版并置作为感知变迁的视觉史料，示范印刷品人工物的史料用法,行动者示范史料使用，非史学方法论专著；其史料观可作例证不可作史学定论,回查clean第1—101行（并置全文与图注）,CONTEXT_ONLY,D:\Design-history-知识库\教材章节知识模型转换\11_语义复核批次\BATCH-004-CH03-AVANTGARDE\mappings\B0269_章节映射.csv
B0269,0.5,C,V2,actor_text_evidence_type,本书作为行动者自著文本（P0）证据类型的实例：主张类命题可用、成效类命题不可用,类型学案例；引用时须区分纲领陈述与事实陈述,回查clean第1—1185行自述口吻、第1937—1956行出版广告,CONTEXT_ONLY,D:\Design-history-知识库\教材章节知识模型转换\11_语义复核批次\BATCH-004-CH03-AVANTGARDE\mappings\B0269_章节映射.csv
B0269,0.6,C,V2,retrospective_bias_case,回顾性综合与自我辩护/教学宣传成分（含书末The New Vision广告、ID教学自述）,作为行动者文本偏差的典型教学案例；引用时需交叉核证,回查clean第1937—1956行、第1076—1093行,CONTEXT_ONLY,D:\Design-history-知识库\教材章节知识模型转换\11_语义复核批次\BATCH-004-CH03-AVANTGARDE\mappings\B0269_章节映射.csv
B0269,3.4,B,V2,constructivism_international_transmission,李西茨基功能性排版（Dlia Golosa标志索引）作为构成主义排版国际传播实例,证明行动者莫霍利-纳吉如何接受并向美国读者引介构成主义排版理念；非构成主义运动史专论,回查clean第72—74行、第91行,ACCEPTED_AS_ACTOR_SOURCE,D:\Design-history-知识库\教材章节知识模型转换\11_语义复核批次\BATCH-004-CH03-AVANTGARDE\mappings\B0269_章节映射.csv
B0269,3.4,C,V2,soviet_avantgarde_narrative,苏联先锋派从受宠到被镇压的回顾叙事（proletcult、Kharkov 1931），马雅可夫斯基agitverse引文,回顾性政治叙事，属国际传播背景语境；对生产主义无专门论述,回查clean第752—767行、第728—741行,CONTEXT_ONLY,D:\Design-history-知识库\教材章节知识模型转换\11_语义复核批次\BATCH-004-CH03-AVANTGARDE\mappings\B0269_章节映射.csv
B0269,3.6,A,V2,typography_advocacy,莫霍利-纳吉主张以“新排版”组织信息同时性、回归排版基础，并历数从表意诗到照相制版拼贴的排版革命,行动者纲领：证明其排版主张与历史叙事；不能证明新字体教学成效或学生接受,回查clean第69—84行排版史链条，第75行“return to the fundamentals of the new typography”,ACCEPTED_AS_ACTOR_SOURCE,D:\Design-history-知识库\教材章节知识模型转换\11_语义复核批次\BATCH-004-CH03-AVANTGARDE\mappings\B0269_章节映射.csv
B0269,3.6,B,V2,photography_new_vision,莫霍利-纳吉将摄影/照相制版/照片拼贴纳入“新视觉”纲领，并以香水摄影、光电管论证摄影扩展感知,P0主张：证明作者视摄影为新视觉语言组成；clean无摄影专章正文，物影照片仅索引页码条目,回查clean第79—80行、第114—117行；索引第1683行photogram条目,ACCEPTED_AS_ACTOR_SOURCE,D:\Design-history-知识库\教材章节知识模型转换\11_语义复核批次\BATCH-004-CH03-AVANTGARDE\mappings\B0269_章节映射.csv
B0269,3.6,D,V2,photogram_specific,物影照片（photogram）与光调节器专论（原书p.187-203）,本clean文本无正文可回查，仅索引页码条目；与B0291/B0277/B0007共享该对象，P0只计一份,clean第1683行（photogram 187-197）、第1328行（light modulator 202-203）均为索引行,EXCLUDE_AS_UNCORROBORATED_IN_CLEAN,D:\Design-history-知识库\教材章节知识模型转换\11_语义复核批次\BATCH-004-CH03-AVANTGARDE\mappings\B0269_章节映射.csv
B0269,3.6,C,V2,exhibition_design,展览作为文化整合与传播手段（国际文化工作集会规划展览、索引exhibition条目）,仅乌托邦机构职能之一与索引页码条目，无展览设计方法专论,回查clean第1179行；索引第1362行exhibition条目,CONTEXT_ONLY,D:\Design-history-知识库\教材章节知识模型转换\11_语义复核批次\BATCH-004-CH03-AVANTGARDE\mappings\B0269_章节映射.csv
B0269,3.7,B,V2,transnational_network_account,达达/超现实主义的国际网络（伏尔泰酒馆多国合作、transition等刊物、跨国名单）,行动者参与者的回顾自述：证明网络存在与参与者自我认知；个别史实细节需外部核证,回查clean第134—148行、第583行,ACCEPTED_AS_ACTOR_SOURCE,D:\Design-history-知识库\教材章节知识模型转换\11_语义复核批次\BATCH-004-CH03-AVANTGARDE\mappings\B0269_章节映射.csv
B0269,3.7,C,V2,world_culture_proposal,“国际文化工作集会”跨国文化整合设想（规划展览、出版、会议）,乌托邦提案非史实，仅作行动者国际主义理念证据,回查clean第1165—1184行,CONTEXT_ONLY,D:\Design-history-知识库\教材章节知识模型转换\11_语义复核批次\BATCH-004-CH03-AVANTGARDE\mappings\B0269_章节映射.csv
B0269,4.2,B,V2,bauhaus_teacher_advocacy,包豪斯“理论与实践融合”教育理念的总结及其向美国的传播（作者作为包豪斯教员的立场）,行动者自述：证明莫霍利-纳吉的包豪斯理念主张；不能证明包豪斯实际教学成效,回查clean第1938行（广告述包豪斯教育）、第1076—1098行（ID教学自述）,ACCEPTED_AS_ACTOR_SOURCE,D:\Design-history-知识库\教材章节知识模型转换\11_语义复核批次\BATCH-004-CH03-AVANTGARDE\mappings\B0269_章节映射.csv
B0269,4.3,B,V2,bauhaus_method_transatlantic,包豪斯方法在芝加哥设计学院的移植（基本设计、工作坊、group poetry与学生作品）,行动者自述其教学实践与主张；成效为学生作品自证（宣传性）,回查clean第1076—1098行、第1100—1111行（学生集体诗）,ACCEPTED_AS_ACTOR_SOURCE,D:\Design-history-知识库\教材章节知识模型转换\11_语义复核批次\BATCH-004-CH03-AVANTGARDE\mappings\B0269_章节映射.csv
B0269,4.6,B,V2,design_education_curriculum,设计教育纲领：基本设计作为各专业共同基础、工作坊/实验室实践、从消费者到生产者,行动者教学—理论文本：证明其课程理念；成效证据弱,回查clean第1076—1148行,ACCEPTED_AS_ACTOR_SOURCE,D:\Design-history-知识库\教材章节知识模型转换\11_语义复核批次\BATCH-004-CH03-AVANTGARDE\mappings\B0269_章节映射.csv
B0276,0.4,B,V2,plate_system_as_visual_artifact_archive,图版系统约76条作品按艺术家字母序排列（非按主义、非按时间），含国籍缩写、选择性年份、†死亡标记与博物馆标签式极简标注，与三语定义文本构成互证——示范“人工物如何成为史料”的视觉档案编排结构,clean底本中图版为文字列表与占位，图像证据须回原书核对；图版选择含编者偏向（俄德并列、巴黎弱化、毕加索标西班牙籍）；作品年份部分缺失,clean第2—24、283行,ACCEPTED_AS_CORE_SOURCE,D:\Design-history-知识库\教材章节知识模型转换\11_语义复核批次\BATCH-004-CH03-AVANTGARDE\mappings\B0276_章节映射.csv
B0276,0.5,B,V2,contemporary_ism_manual_as_evidence_type,本书作为“同代文献”证据类型的完整样本：宣言体自我定义＋原始文献书目＋图版档案＋1990学术后记四层材料并存——可借此说明同代文献“能证明编纂者意图与1924—25年话语状态、不能证明观众接受”的证据能力边界,本书是证据使用实例而非证据方法论专著；条目无文献出处标注，书目与正文的对应关系需人工重建；1990后记属学术框架层，与1925正文证据等级不同,clean第26—42、44—282、284—316行,ACCEPTED_AS_CORE_SOURCE,D:\Design-history-知识库\教材章节知识模型转换\11_语义复核批次\BATCH-004-CH03-AVANTGARDE\mappings\B0276_章节映射.csv
B0276,0.6,B,V2,editorial_bias_and_absences,证据偏差案例：匿名讽刺定义（表现主义“德意志牛排”、形而上画派“三条牛尾”）、定义权分配（毕加索/康定斯基未被选为定义者）、俄国图版过度表征、未收超现实主义（1924年同时性）、1990后记改变接受框架——“保存偏差、正典偏差与缺席者”的实例,具体措辞与收录名单可在clean核验；但“讽刺梯度的统计显著性、俄德15:15的过度表征”等偏差的系统化识别部分依赖P4网络分析，引用时须以clean文本为准,clean第56—57、99—101、2—24、284—316行,ACCEPTED_AS_CORE_SOURCE,D:\Design-history-知识库\教材章节知识模型转换\11_语义复核批次\BATCH-004-CH03-AVANTGARDE\mappings\B0276_章节映射.csv
B0276,3.1,C,V2,war_death_marks_and_urban_dynamism,战争与都市的语境材料：†死亡标记（薄丘尼1916战死、马尔克1916战死）、未来主义条目的暴力修辞（“demoliert”废除）、图版Severini“Boulevard”都市节奏——3.1“战争、都市与机械感知”的边缘关联,弱关联：本书无战争/机械感知的系统论述，†标记与图版仅作背景；不得据此断言3.1节内容,clean第2、15、51、7、18、283行,CONTEXT_ONLY,D:\Design-history-知识库\教材章节知识模型转换\11_语义复核批次\BATCH-004-CH03-AVANTGARDE\mappings\B0276_章节映射.csv
B0276,3.2,B,V2,futurism_boccioni_self_definition,未来主义条目由薄丘尼定义：“废除静止与静态/通过内-外对置记录新空间观念/姿态不再是固定瞬间而是动态感觉本身的永恒化”，图版含Balla Velocita、Severini Boulevard——未来主义动力美学的同代自我表述,本书非未来主义专论，条目仅两段、无宣言语境；马里内蒂未直接署名，战争政治维度未展开；与B0027共享对象，P0只计一份，3.2节主证据另寻,clean第50—54、69—72（法语）、86—90（英语）、7行,ACCEPTED_AS_ACTOR_SOURCE,D:\Design-history-知识库\教材章节知识模型转换\11_语义复核批次\BATCH-004-CH03-AVANTGARDE\mappings\B0276_章节映射.csv
B0276,3.3,A,V2,dada_self_definition_by_arp,达达条目由编纂者阿尔普本人定义：“突袭美的艺术/艺术是魔幻排便/给维纳斯灌肠/让拉奥孔退场/将肯定与否定推至荒谬/为了达到无所谓而破坏”——达达反艺术立场与“破坏→无所谓”目的论的行动者自我陈述,与B0121、B0007共享达达对象与阿尔普文本，同一对象只计一份P0；条目无多城多阶段语境（苏黎世/柏林/巴黎未区分）；“无所谓”是阿尔普个人表述，不得代表全部达达,clean第163—168、182—186（法语）、200—205（英语）,ACCEPTED_AS_ACTOR_SOURCE,D:\Design-history-知识库\教材章节知识模型转换\11_语义复核批次\BATCH-004-CH03-AVANTGARDE\mappings\B0276_章节映射.csv
B0276,3.4,A,V2,lissitzky_editor_proun_constructivism_self_classification,李西茨基（3.4节核心人物之一）作为编者把普龙列为“主义”并署名自定“从绘画到建筑的换乘站”；构成主义条目以“技术棱镜、直接工作在铁木玻璃、数学与艺术边界不可确定”概括，图版含塔特林反浮雕1917、罗德琴科线条构成1920、OBMOCHU展览——构成主义“从绘画实验转向生产、宣传与日常用品”的同代自我分类记录,普龙条目是李西茨基署名自我陈述（P0）；构成主义条目匿名，属编者概括而非艺术家原话；条目无历史语境，未呈现生产主义与加博路线分歧；与B0277共享构成主义对象，同一对象只计一份P0，3.4节主证据另寻,clean第220—222、229—233、13、18、23、283行,ACCEPTED_AS_ACTOR_SOURCE,D:\Design-history-知识库\教材章节知识模型转换\11_语义复核批次\BATCH-004-CH03-AVANTGARDE\mappings\B0276_章节映射.csv
B0276,3.5,B,V2,ism_taxonomy_and_neoplasticism_standard_phrase,本书即“主义”分类学本身（Arp参与编纂，三语并置15种主义）；新造型主义条目由蒙德里安定义“水平-垂直分割矩形获得宁静、宇宙与个体的二元平衡”，图版含蒙德里安Komposition、凡·杜斯堡Kontra-Komposition、休萨尔/里特维尔德Raumgestaltung——风格派“抽象形式进入空间与设计”的同代表述,分类学是编者的分类行为，非客观分期；条目仅一句定义，风格派内容单薄；Arp本人属达达圈，编纂行为不等于风格派内部立场；3.5节主证据（De Stijl文献等）另寻,clean第175—176、213—214、11、16、19行,ACCEPTED_AS_ACTOR_SOURCE,D:\Design-history-知识库\教材章节知识模型转换\11_语义复核批次\BATCH-004-CH03-AVANTGARDE\mappings\B0276_章节映射.csv
B0276,3.6,C,V2,lissitzky_book_typography_and_grid,本书版式本身是李西茨基构成主义排印实例：封面“DIEKUNSTISMEN”无空格连排、1924—1914递减年份竖排、三语三栏网格——“新字体与版面设计”的可选案例,clean中版式为文字还原，视觉证据须回原书；本书非3.6节主线；仅作补充案例,clean第1行,CONTEXT_ONLY,D:\Design-history-知识库\教材章节知识模型转换\11_语义复核批次\BATCH-004-CH03-AVANTGARDE\mappings\B0276_章节映射.csv
B0276,3.7,A,V2,trilingual_publishing_plate_network,三语并行出版与三国发行、图版收录13国艺术家（俄国与德国各约15位并列）、编者跨国身份（李西茨基俄→德、阿尔普瑞士/法）、后记记录的跨运动合作（李西茨基与施维特斯合编《MERZ》第8/9期）——“刊物、翻译、迁徙与协作形成非中心化传播”的同代实物证据,图版构成是编者选择的结果而非网络全景；本书呈现的是“主义分类学”的网络而非达达六城网络，与B0121 3.7互补不重复；巴黎中心在图版中弱化反映编纂立场,clean第1、2—24、284—316行,ACCEPTED_AS_ACTOR_SOURCE,D:\Design-history-知识库\教材章节知识模型转换\11_语义复核批次\BATCH-004-CH03-AVANTGARDE\mappings\B0276_章节映射.csv
B0277,0.3,C,V2,archival_relational_history,洛德以INkhUK会议记录、VKhUTEMAS档案（TsGALI fond 681）、IZO行政记录与集体辩论组织叙事，并以“非功利主义构成”术语重建概念史，可作从英雄谱系向档案—关系书写的早期范例,本书仍是运动中心叙事（塔特林为枢纽），人物传记速写附录保留英雄谱系痕迹；“关系史”是后出范式，不得反推为本书自觉实践,回查clean第186行、626行,CONTEXT_ONLY,D:\Design-history-知识库\教材章节知识模型转换\11_语义复核批次\BATCH-004-CH03-AVANTGARDE\mappings\B0277_章节映射.csv
B0277,0.4,B,V2,artifact_photographic_archaeology,已失传三维构成仅存照片、塔特林档案1953年被丢弃、构成主义者自身对作品的不在意——展示人工物作为史料的保存条件、“摄影考古学”与档案互证方法,多数构成作品已毁，洛德以照片重建形式分析是其方法而非无损证据；档案缺口（INkhUK未完全开放）被作者坦诚标注,回查clean第186行、835行,ACCEPTED_AS_SUPPORTING_SOURCE,D:\Design-history-知识库\教材章节知识模型转换\11_语义复核批次\BATCH-004-CH03-AVANTGARDE\mappings\B0277_章节映射.csv
B0277,0.6,B,V2,evidence_absences_women_workers,证据偏差与缺席者：塔特林/INkhUK档案缺口、女性构成主义者（波波娃、斯捷潘诺娃、罗扎诺娃）贡献的可见性、工人作为构成主义受众缺乏第一手记录、“有机构成主义”被西方接受史整体忽视,女性“最完整应用”评价框架是否遮蔽性别分工是P4问题型发现（信度低），非原著陈述；工人接受无直接证据，不得推断；“有机构成主义被忽视”是洛德命题,回查clean第186行、616行、1248行,ACCEPTED_AS_SUPPORTING_SOURCE,D:\Design-history-知识库\教材章节知识模型转换\11_语义复核批次\BATCH-004-CH03-AVANTGARDE\mappings\B0277_章节映射.csv
B0277,0.7,C,V2,reception_filter_as_global_model_case,第八章“信息过滤”模型（哪些内容能跨边界传播取决于策展、语言、期刊与教学改编的选择）可作为全球设计史传播模型的局部案例素材,本书是俄国中心专史而非全球史；接受史仅覆盖欧美；传播模型是洛德为解释西方误解而建构，非一般传播理论,回查clean第2794行、2760行,CONTEXT_ONLY,D:\Design-history-知识库\教材章节知识模型转换\11_语义复核批次\BATCH-004-CH03-AVANTGARDE\mappings\B0277_章节映射.csv
B0277,3.1,B,V2,revolution_state_machine_experience,十月革命后先锋派深度参与国家文化机器（IZO行政、革命节日街头装饰、纪念碑宣传计划、宣传海报），构成构成主义的社会政治语境；街头装饰被评“不充分”的经验促使对纯艺术的重新评估,“行政—宣传—意识形态”三层经验是洛德因果模型；IZO统计出自其档案研究；街头装饰失败→反艺术是洛德推断,回查clean第626行、810行、895行,ACCEPTED_AS_SUPPORTING_SOURCE,D:\Design-history-知识库\教材章节知识模型转换\11_语义复核批次\BATCH-004-CH03-AVANTGARDE\mappings\B0277_章节映射.csv
B0277,3.3,C,V2,dada_photomontage_distinction,柏林达达（哈特菲尔德）与俄国构成主义摄影蒙太奇的平行与区分：构成主义者强调图像元素按“构成”逻辑组织，区别于达达拼贴的偶然与批判性,本书仅在第六章顺带对比达达，达达非本书主题；莫霍利-纳吉《新视觉》作为国际语境中介被引用，不得展开为达达专论,回查clean第2267行、2344行,CONTEXT_ONLY,D:\Design-history-知识库\教材章节知识模型转换\11_语义复核批次\BATCH-004-CH03-AVANTGARDE\mappings\B0277_章节映射.csv
B0277,3.4,A,V2,constructivism_as_social_construction,俄国构成主义不是艺术风格，而是与材料打交道、以社会政治变革为旨归的工作方法；“非功利主义构成”（1913—1921）与“构成主义”（1921后）的术语分期；INkhUK“构成—构图”辩论与第一构成主义工作组（1921.3.18）确立的功利主义纲领,“社会建构本质”论是洛德1983年的论战性命题；“构成主义”一词1922年1月才首次印行，此前作品系事后回指；塔拉布金/阿尔瓦托夫“本质上仍是艺术家”的批评是历史行动者主张，不自动成立,回查clean第126行、140行、1015—1021行、1248行、1314行,ACCEPTED_AS_CORE_SOURCE,D:\Design-history-知识库\教材章节知识模型转换\11_语义复核批次\BATCH-004-CH03-AVANTGARDE\mappings\B0277_章节映射.csv
B0277,3.4,A,V2,constructivist_object_design_practice,构成主义设计方法在六个领域的实践与边界：波波娃/斯捷潘诺娃纺织与生产服装、塔特林多功能外套与节能炉、罗琴科“工人俱乐部”家具、克卢齐斯宣传台、波波娃《宽宏大量的乌龟》舞台、报刊亭方案；几何形式从功能推导蜕变为“风格化”的内部悖论,“风格化”分析是洛德命题；多数设计未进入批量生产是其实证结论（过渡时期现实条件）；“最完整应用”评价限于纺织案例，不得泛化为构成主义全貌,回查clean第1859—1870行、2111行、2239行,ACCEPTED_AS_CORE_SOURCE,D:\Design-history-知识库\教材章节知识模型转换\11_语义复核批次\BATCH-004-CH03-AVANTGARDE\mappings\B0277_章节映射.csv
B0277,3.4,B,V2,organic_constructivism_alternative,洛德提出被忽视的“有机构成主义”维度：塔特林Letatlin（1929—32）、米图里奇波浪器以自然有机形式与“替代技术”为模型，挑战“构成主义=机器美学”等式,“有机构成主义”是洛德提出的分析范畴，其作为历史行动者自我理解的程度是开放问题；Letatlin未完成功能飞行，其价值是设计案例而非技术成就,回查clean第2635—2653行、2756行,ACCEPTED_AS_SUPPORTING_SOURCE,D:\Design-history-知识库\教材章节知识模型转换\11_语义复核批次\BATCH-004-CH03-AVANTGARDE\mappings\B0277_章节映射.csv
B0277,3.6,B,V2,photomontage_photography_exhibition_design,摄影蒙太奇（克卢齐斯政治招贴、罗琴科摄影、利西茨基Pressa展照相壁画）与《苏联建设》《新LEF》的排版/展览设计实践，展示观看技术与公共传播的重组,洛德将摄影蒙太奇阐释为构成主义“技术审美”内部逻辑的展开（反外部镇压叙事），是论战性命题；3.6“新字体”非本书术语，利西茨基排版与Pressa展可作案例而非全书主题,回查clean第170行、2344行、2357行、2372行,ACCEPTED_AS_SUPPORTING_SOURCE,D:\Design-history-知识库\教材章节知识模型转换\11_语义复核批次\BATCH-004-CH03-AVANTGARDE\mappings\B0277_章节映射.csv
B0277,3.7,B,V2,transnational_network_reception_filter,1922年柏林第一届俄国艺术展、利西茨基/爱伦堡《物品》期刊、杜斯堡魏玛“构成主义者国际”构成跨国先锋网络；西方接受经策展、翻译、期刊、教学改编的“信息过滤”而窄化为纯艺术叙事,“信息过滤”是洛德接受史分析框架；第八章限于欧美接受（不含东欧、中国、拉美）；利西茨基携纲领赴柏林等传播细节据其档案与期刊重构,回查clean第126行、2760行、2794行,ACCEPTED_AS_SUPPORTING_SOURCE,D:\Design-history-知识库\教材章节知识模型转换\11_语义复核批次\BATCH-004-CH03-AVANTGARDE\mappings\B0277_章节映射.csv
B0277,4.2,C,V2,vkhutemas_bauhaus_parallel_basic_course,VKhUTEMAS基础课程与包豪斯基础课程的平行关系，及莫霍利-纳吉《新视觉》将俄国构成主义“实验室工作”重释为现代视觉训练方法的转译,本书焦点是VKhUTEMAS而非包豪斯内部教学；包豪斯细节仅经莫霍利-纳吉媒介呈现，不得当作包豪斯一手材料,回查clean第1328行、2794行,CONTEXT_ONLY,D:\Design-history-知识库\教材章节知识模型转换\11_语义复核批次\BATCH-004-CH03-AVANTGARDE\mappings\B0277_章节映射.csv
B0277,4.6,B,V2,school_experiment_selective_reproduction,VKhUTEMAS作为构成主义从理论到制度的转化场域：1920年成立令“为工业培养高级艺术家”、基础课程与四个“集中”、德梅特法克教学实验、1925年巴黎展奖牌与1926年后基础课程缩减（两年→一年→一学期）、1930年解散——示范“学校实验→可复制制度”中的选择性保存,呼捷玛斯课程与组织设立不自动证明教学成效或工业采用；洛德明示教学纲领与实际车间条件存在差距；1926年“艺术内容削减以利技术内容”是制度记录而非效果评价,回查clean第1328行、1352行、1374行、1378行,ACCEPTED_AS_SUPPORTING_SOURCE,D:\Design-history-知识库\教材章节知识模型转换\11_语义复核批次\BATCH-004-CH03-AVANTGARDE\mappings\B0277_章节映射.csv
B0277,4.7,C,V2,westward_translation_of_constructivism,利西茨基、莫霍利-纳吉等将俄国构成主义概念转译至德国与包豪斯语境的“迁徙—转译”案例（1922年柏林展、物品期刊、Die Kunstismen）,本书接受史限于西欧北美，未涉及中国等东亚地区转译；格雷《伟大的实验》（1962）、里基《构成主义》（1967）作为正典建构是洛德论战对象，其评价须标注立场,回查clean第2794行、2760行,CONTEXT_ONLY,D:\Design-history-知识库\教材章节知识模型转换\11_语义复核批次\BATCH-004-CH03-AVANTGARDE\mappings\B0277_章节映射.csv
B0282,0.6,B,V2,archival_evidence_tiering,档案史实与Droste解释框架分层使用；本书与B0182、B0158、B0464、B0216共享包豪斯档案，同一档案只计一份P0,单源档案事实不因多书引用而累积P0,packet重复组说明,ACCEPTED_AS_CORE_SOURCE,D:\Design-history-知识库\教材章节知识模型转换\11_语义复核批次\BATCH-005-CH04-BAUHAUS\mappings\B0282_章节映射.csv
B0282,0.6,C,V2,teaching_outcome_not_inferable,课程/工坊/产量数据仅可证制度事实，教学成效（学生能力塑造、理念实现度）不可自动推定,本书学生经验叙述本身边缘化，更不宜据此推定教学成效,packet L017.1,ACCEPTED_WITH_CAVEAT,D:\Design-history-知识库\教材章节知识模型转换\11_语义复核批次\BATCH-005-CH04-BAUHAUS\mappings\B0282_章节映射.csv
B0282,4.2,A,V2,manifesto_1919,1919包豪斯宣言确立“一切创造活动的终极目标是建造”与拆除艺术工匠之墙的理想，附教学计划与入学要求,宣言文本为可证档案史实；其理念实现程度须以制度史佐证，不可直接推定,clean第78—91行,ACCEPTED_AS_CORE_SOURCE,D:\Design-history-知识库\教材章节知识模型转换\11_语义复核批次\BATCH-005-CH04-BAUHAUS\mappings\B0282_章节映射.csv
B0282,4.2,A,V2,vorkurs_dual_master_system,双师制（形式大师+工艺大师）与初步课程（Vorkurs）为包豪斯基础教学制度，系不断试错改革的产物而非预先设计的完美方案,制度结构可证；教学成效不可自动推定,clean第1573、1663行,ACCEPTED_AS_CORE_SOURCE,D:\Design-history-知识库\教材章节知识模型转换\11_语义复核批次\BATCH-005-CH04-BAUHAUS\mappings\B0282_章节映射.csv
B0282,4.2,B,V2,women_textile_workshop_gender,纺织工坊几乎全为女性而建筑部门几乎全为男性，女性处境被记录但未获深入性别政治分析,社会构成事实可证；性别政治解释需另寻文献（如Baumhoff）,packet L010、L017.2,ACCEPTED_WITH_CAVEAT,D:\Design-history-知识库\教材章节知识模型转换\11_语义复核批次\BATCH-005-CH04-BAUHAUS\mappings\B0282_章节映射.csv
B0282,4.3,A,V2,turn_1923_art_technology,1923年口号由“艺术与手工艺统一”转为“艺术与技术统一”，Technik替换Handwerk标志从行会式生产到工业原型设计的范式转移,口号文本为可证史实；“范式转移”属Droste解释框架,clean第578行,ACCEPTED_AS_CORE_SOURCE,D:\Design-history-知识库\教材章节知识模型转换\11_语义复核批次\BATCH-005-CH04-BAUHAUS\mappings\B0282_章节映射.csv
B0282,4.3,A,V2,exhibition_1923_political_pressure,1923年展览系1922.6政府贷款附带条件催生，格罗皮乌斯认为日期过早但被迫屈服；号角屋为仓促上马的示范项目,贷款条件与展期为可证制度事实；“被迫早产”评价属解释,packet 04章L005—L006,ACCEPTED_AS_CORE_SOURCE,D:\Design-history-知识库\教材章节知识模型转换\11_语义复核批次\BATCH-005-CH04-BAUHAUS\mappings\B0282_章节映射.csv
B0282,4.3,A,V2,moholy_nagy_replaces_itten,1923莫霍利-纳吉接替伊顿主持初步课程，构成主义-理性主义-技术取向取代表现主义-神秘主义-手工艺取向,人事更替为可证事实；“转向最明确信号”评价属解释,packet 04章L007,ACCEPTED_AS_CORE_SOURCE,D:\Design-history-知识库\教材章节知识模型转换\11_语义复核批次\BATCH-005-CH04-BAUHAUS\mappings\B0282_章节映射.csv
B0282,4.4,A,V2,dessau_reorganization_curriculum,迁德绍后课程体系重组：初步课程由Albers与Moholy合授并保持全年制；康定斯基形式理论为第二学期以上必修,课程表为可证制度文献,clean第1573、1663行,ACCEPTED_AS_CORE_SOURCE,D:\Design-history-知识库\教材章节知识模型转换\11_语义复核批次\BATCH-005-CH04-BAUHAUS\mappings\B0282_章节映射.csv
B0282,4.4,A,V2,bauhaus_ltd_founding,迁德绍后方成立Bauhaus Ltd（有限责任公司）作为销售与授权经营主体，包豪斯由教育机构兼为经济主体,公司设立为可证制度史实,clean第1284行,ACCEPTED_AS_CORE_SOURCE,D:\Design-history-知识库\教材章节知识模型转换\11_语义复核批次\BATCH-005-CH04-BAUHAUS\mappings\B0282_章节映射.csv
B0282,4.4,A,V2,workshop_production_industry,德绍工坊生产与工业界授权合作：Polytex纺织、Rasch壁纸、耶拿玻璃等授权合同构成产品市场化路径,授权合同为档案制度事实；产品市场成效不可推定,clean第2384行（授权协议延续）,ACCEPTED_AS_CORE_SOURCE,D:\Design-history-知识库\教材章节知识模型转换\11_语义复核批次\BATCH-005-CH04-BAUHAUS\mappings\B0282_章节映射.csv
B0282,4.5,A,V2,meyer_directorship_social_function,迈耶任期（1928—1930）由“工业设计学院”转向社会功能主义：引入社会学经济学心理学课程、“人民需求而非奢侈需求”、整合室内装修工坊,课程改革与口号为可证；解职因果Droste保留模糊，不得断言,clean第1804、1843、1946、2203行,ACCEPTED_AS_CORE_SOURCE,D:\Design-history-知识库\教材章节知识模型转换\11_语义复核批次\BATCH-005-CH04-BAUHAUS\mappings\B0282_章节映射.csv
B0282,4.5,A,V2,mies_depoliticization_1930,密斯1930继任后去政治化：清党开除激进学生、1930.9.9大师委员会决议关闭学院重开、限定包豪斯目的为手工艺技术与艺术训练,1930.9.9决议与课程表为档案史实；“美学至上”评价属解释,clean第2284—2296、2356行,ACCEPTED_AS_CORE_SOURCE,D:\Design-history-知识库\教材章节知识模型转换\11_语义复核批次\BATCH-005-CH04-BAUHAUS\mappings\B0282_章节映射.csv
B0282,4.5,A,V2,bauhaus_closing_1932_1933,1932.9纳粹坚持下德绍包豪斯关闭（社民党弃权、仅共产党代表赞成），1933年柏林包豪斯被搜查并最终关闭,市政投票与关闭命令为可证史实,clean第2253—2254、2671行,ACCEPTED_AS_CORE_SOURCE,D:\Design-history-知识库\教材章节知识模型转换\11_语义复核批次\BATCH-005-CH04-BAUHAUS\mappings\B0282_章节映射.csv
B0282,4.6,A,V2,bauhaus_books_publications,包豪斯书籍与期刊（1925年起德绍出版）作为理念自我复制与对外传播的制度载体，多数卷册由大师自撰,出版物目录为可证制度事实；传播成效不可推定,clean第1532—1535行,ACCEPTED_AS_CORE_SOURCE,D:\Design-history-知识库\教材章节知识模型转换\11_语义复核批次\BATCH-005-CH04-BAUHAUS\mappings\B0282_章节映射.csv
B0282,4.7,A,V2,weimar_to_dessau_migration,1925年魏玛→德绍迁徙：1924.12.26新闻稿解除图林根州合同、德绍社民党政府提供实质邀请（市长Hesse）、1925.4.1正式开学并启用临时校舍,迁徙动因与时间节点为可证制度史实,clean第1261、1313—1330、1679行,ACCEPTED_AS_CORE_SOURCE,D:\Design-history-知识库\教材章节知识模型转换\11_语义复核批次\BATCH-005-CH04-BAUHAUS\mappings\B0282_章节映射.csv
B0291,0.2,B,V2,utopia_as_design_engine,乌托邦作为设计动力：三位行动者以艺术实践追求乌托邦理想，并与政治-经济现实持续协商,设计乌托邦主张是Margolin分析框架而非史实描述，引用须标注为命题；“协商”谱系（Bürger、Poggioli、Fitzpatrick）见专项报告,clean第1592—1597行；clean第1262—1263行,ACCEPTED_AS_SUPPORTING_SOURCE,D:\Design-history-知识库\教材章节知识模型转换\11_语义复核批次\BATCH-004-CH03-AVANTGARDE\mappings\B0291_章节映射.csv
B0291,0.2,B,V2,modernity_regime_tension,现代性与体制张力：苏联社会主义、魏玛资本主义、美国商业体制三种语境下前卫理想的差异化命运,体制对照为本书核心论证结构；个体能动性评估含作者判断，系统性暴力约束可能被低估,clean第865—871行；clean第1286行,ACCEPTED_AS_SUPPORTING_SOURCE,D:\Design-history-知识库\教材章节知识模型转换\11_语义复核批次\BATCH-004-CH03-AVANTGARDE\mappings\B0291_章节映射.csv
B0291,0.3,C,V2,comparative_framework_actors,关系史：三位行动者的比较框架（人物比较是作者建构的Margolin命题，非史料本身呈现的关系）,三人共享宣言、期刊与机构档案，与B0277、B0222、B0269重叠；同一行动者文本只计一份P0,clean第809行；clean第1262—1263行,CONTEXT_ONLY,D:\Design-history-知识库\教材章节知识模型转换\11_语义复核批次\BATCH-004-CH03-AVANTGARDE\mappings\B0291_章节映射.csv
B0291,0.6,C,V2,evidence_bias_secondary_sources,证据偏差：依赖Khan-Magomedov传记、Lissitzky-Küppers回忆录等二手文献；对设计师肃反认知的推断（must have come）无直接证据,引用第6章心理-政治推断时须标注推测性质；clean第1048行作者自认罗德琴科知晓程度未答,clean第1048行,CONTEXT_ONLY,D:\Design-history-知识库\教材章节知识模型转换\11_语义复核批次\BATCH-004-CH03-AVANTGARDE\mappings\B0291_章节映射.csv
B0291,3.1,C,V2,machine_perception_urban_modernity,战争、都市与机械感知：新摄影与机械观看在魏玛都市现代性中的嵌入（一战与革命背景在原书前两章，不在本包语料）,本书对该主题为背景性论述，机械感知经由新摄影话语间接呈现；直接证据有限,clean第670行；clean第747行,CONTEXT_ONLY,D:\Design-history-知识库\教材章节知识模型转换\11_语义复核批次\BATCH-004-CH03-AVANTGARDE\mappings\B0291_章节映射.csv
B0291,3.4,A,V2,production_art_artist_constructor,生产艺术与艺术家-构造者：罗德琴科在VKhUTEMAS/Metfak将设计定义为目的+技术+材料的政治过程，材料与构造方式承载共产主义价值,教学制度与设计项目为史实；“艺术家-构造者”作为概念重构属Margolin命题；Brik、Arvatov、Stepanova原文可回B0222、B0277交叉印证,clean第23—24行；clean第189行,ACCEPTED_AS_CORE_SOURCE,D:\Design-history-知识库\教材章节知识模型转换\11_语义复核批次\BATCH-004-CH03-AVANTGARDE\mappings\B0291_章节映射.csv
B0291,3.4,A,V2,workers_club_1925,1925年巴黎世博会罗德琴科工人俱乐部：以简洁、硬质、红黑白灰的集体主义空间对抗Ruhlmann等资产阶级内饰，作为无产阶级生活方式模型,展品与Kogan序言为史实；视觉-政治对立解读为Margolin论证；与B0277（Lodder）材料重叠,clean第101—113行,ACCEPTED_AS_CORE_SOURCE,D:\Design-history-知识库\教材章节知识模型转换\11_语义复核批次\BATCH-004-CH03-AVANTGARDE\mappings\B0291_章节映射.csv
B0291,3.4,B,V2,vkhutemas_metfak_curriculum,VKhUTEMAS/Metfak教学：Stroganov应用艺术学校遗产的改造、多功能家具与Bykov模块化售货亭、理想用户预设,制度沿革可靠；教学成效评估（理想用户无市场）含Margolin判断；呼捷玛斯本体回B0277、B0222,clean第12—18行；clean第42—47行,ACCEPTED_AS_SUPPORTING_SOURCE,D:\Design-history-知识库\教材章节知识模型转换\11_语义复核批次\BATCH-004-CH03-AVANTGARDE\mappings\B0291_章节映射.csv
B0291,3.4,B,V2,rodchenko_advertising_typography,罗德琴科平面与广告设计（Lef/Novyi Lef封面、Kino-fot、Mosselprom与Rezinotrest广告、马雅可夫斯基书籍）：产品呈现为行动工具,“行动修辞学”（rhetoric of action）为Margolin建构概念；作品、客户为史实,clean第335行；clean第192行,ACCEPTED_AS_SUPPORTING_SOURCE,D:\Design-history-知识库\教材章节知识模型转换\11_语义复核批次\BATCH-004-CH03-AVANTGARDE\mappings\B0291_章节映射.csv
B0291,3.6,A,V2,fifo_new_photography_exhibition,1929年斯图加特FiFo展与新摄影运动：莫霍利-纳吉任顾问并组织“摄影发展走向何方”引子展，Stotz策展、Tschichold参与选片,展览史实可靠；“技术优先于题材”为核心论点；与B0269可互证莫霍利理论,clean第747—764行；clean第770行,ACCEPTED_AS_CORE_SOURCE,D:\Design-history-知识库\教材章节知识模型转换\11_语义复核批次\BATCH-004-CH03-AVANTGARDE\mappings\B0291_章节映射.csv
B0291,3.6,B,V2,politics_of_form_rodchenko_moholy,形式的政治：唯物论罗德琴科vs.唯心论莫霍利-纳吉的摄影观差异，被两国“形式主义”标签系统性误读,唯物/唯心对照为Margolin建构的比较命题（非史实陈述）；Fedorov-Davydov序与Roh前言为一手文献,clean第809行；clean第792—794行,ACCEPTED_AS_SUPPORTING_SOURCE,D:\Design-history-知识库\教材章节知识模型转换\11_语义复核批次\BATCH-004-CH03-AVANTGARDE\mappings\B0291_章节映射.csv
B0291,3.6,B,V2,typofoto_new_typography,新字体排印与typofoto：莫霍利-纳吉《绘画、摄影、电影》、Tschichold新排版推广、FiFo中书籍设计应用,本书对“新字体”为背景性论述，主体回B0222、B0269；FiFo中Heartfield封面被纳入技术范畴而非政治解读为Margolin论点,clean第762行；clean第775行,ACCEPTED_AS_SUPPORTING_SOURCE,D:\Design-history-知识库\教材章节知识模型转换\11_语义复核批次\BATCH-004-CH03-AVANTGARDE\mappings\B0291_章节映射.csv
B0291,3.7,A,V2,transnational_avantgarde_network,跨国先锋网络：利西茨基柏林时期（Veshch、G杂志、Düsseldorf大会）、苏联-德国双向流通、莫霍利经伦敦至芝加哥的机构移植,人物流动与刊物为史实；“协商”作为统一解释框架为Margolin命题；与B0222、B0276重叠,clean第1596—1601行；clean第836行,ACCEPTED_AS_CORE_SOURCE,D:\Design-history-知识库\教材章节知识模型转换\11_语义复核批次\BATCH-004-CH03-AVANTGARDE\mappings\B0291_章节映射.csv
B0291,3.7,B,V2,bauhaus_model_transfer_chicago,包豪斯模式跨国移植：莫霍利-纳吉1937年新包豪斯、School of Design、Institute of Design，与Paepcke、Bayer、Gropius、洛克菲勒基金会的博弈,美国阶段基于档案（Paepcke募捐信、Stevens报告、商业期刊报道）可靠；“设计不是职业而是态度”为莫霍利原话,clean第1557行；clean第1587—1589行,ACCEPTED_AS_SUPPORTING_SOURCE,D:\Design-history-知识库\教材章节知识模型转换\11_语义复核批次\BATCH-004-CH03-AVANTGARDE\mappings\B0291_章节映射.csv
B0291,4.2,C,V2,bauhaus_contrast_reference,包豪斯：Breuer钢管椅作为罗德琴科木质家具的平行参照、Gropius对莫霍利的支持、新包豪斯作为移植产物,本书包豪斯内容为对照与移植语境而非系统史述；魏玛包豪斯本体回B0222、B0269,clean第384行；clean第1286行,CONTEXT_ONLY,D:\Design-history-知识库\教材章节知识模型转换\11_语义复核批次\BATCH-004-CH03-AVANTGARDE\mappings\B0291_章节映射.csv
B0291,4.6,B,V2,vkhutemas_vkhtein_institution,呼捷玛斯（VKhUTEMAS/VKhUTEIN）：罗德琴科任Metfak副系主任、Dermetfak教学、1930年关闭；与包豪斯的平行关系,制度史实与B0277、B0222交叉印证；“艺术家-构造者”教学成效评估为Margolin重构，未量产不等于失败是其重估命题,clean第10—11行；clean第353—357行,ACCEPTED_AS_SUPPORTING_SOURCE,D:\Design-history-知识库\教材章节知识模型转换\11_语义复核批次\BATCH-004-CH03-AVANTGARDE\mappings\B0291_章节映射.csv
B0303,0.2,B,V2,modernity_as_style_and_facade,（作者命题）十九世纪末民族主义与进步是“立面”问题：形式不是内容的容器而是现代时代中构成身份的“唯一可用本质”；边缘国家的现代性是不断试错（ensayo）而无法“赶上”的移动目标,该命题是作者理论框架（facades本体论），须标注为作者命题而非史实；“墨西哥从未赶上现代性”不可作为历史断言,回查clean第99行（facades命题原文）与第43行（“nation was style itself”）,ACCEPTED_AS_SUPPORTING_SOURCE,D:\Design-history-知识库\教材章节知识模型转换\11_语义复核批次\BATCH-003-CH02-EXPANDED\mappings\B0303_章节映射.csv
B0303,0.2,B,V2,progress_anxiety_and_display_of_modernity,Porfirio精英把“展示进步”当作改变国际形象的手段：以“应许之地”宣传吸引北欧移民与外资，铁路、统计、卫生成为“进步可视化”的展品,宣传材料（García Cubas、Zayas Enríquez）可证展示目标；宣传是否实际吸引投资移民无直接证据，不得外推效果,回查clean第83行（“promised land”、“largest and most expensive display”）,ACCEPTED_AS_SUPPORTING_SOURCE,D:\Design-history-知识库\教材章节知识模型转换\11_语义复核批次\BATCH-003-CH02-EXPANDED\mappings\B0303_章节映射.csv
B0303,0.3,B,V2,relational_history_of_elite_networks,国家形象建构被还原为“进步巫师”群体（官僚、科学家、艺术家）的组织实践：庇护关系、合同竞争与专业分工而非单一英雄意志；Díaz作为“最终仲裁者”介入建筑方案之争,Contreras私人档案与政府合同支持组织史细节；“巫师”隐喻是作者命名,回查clean第103—105行（wizards of progress概念出处）；核对附录1名录,ACCEPTED_AS_SUPPORTING_SOURCE,D:\Design-history-知识库\教材章节知识模型转换\11_语义复核批次\BATCH-003-CH02-EXPANDED\mappings\B0303_章节映射.csv
B0303,0.4,C,V2,artifact_as_historical_source,阿兹特克宫作为人工物史料：立面十二神王的拣选（省略Moctezuma、Huitzilopochtli）与Camaxtli的强行纳入，使建筑成为官方历史编纂学的物质化文本，示范“人工物如何成为史料”的读法,立面人物与《México a través de los siglos》插图的对应关系有文本互证；“历史编纂学物质化”是作者解读,回查clean第57、65行（十二神王、Camaxtli不一致、Cuauhtémoc定位）,CONTEXT_ONLY,D:\Design-history-知识库\教材章节知识模型转换\11_语义复核批次\BATCH-003-CH02-EXPANDED\mappings\B0303_章节映射.csv
B0303,0.5,C,V2,visual_and_archival_evidence_in_practice,本书示范漫画（“我们在巴黎的立面”）、照片（Brehme/Kahlo/Modotti/Álvarez Bravo）、统计表与建筑蓝图作为国家形象史料的交叉使用，与0.5节“图像、档案、口述与数字痕迹”的方法议题对应,史料类型学是作者实践而非理论阐述；原书无方法论专章,回查clean第19行（图像与档案并置）与第219行（漫画逐元素解读）,CONTEXT_ONLY,D:\Design-history-知识库\教材章节知识模型转换\11_语义复核批次\BATCH-003-CH02-EXPANDED\mappings\B0303_章节映射.csv
B0303,0.6,B,V2,elite_production_vs_mass_reception_gap,国家形象史料以生产者与批评者话语为主：作者自认只研究形象“制造”，大众的接受、拒绝与改造几乎缺席；讽刺媒体（El Hijo del Ahuizote、Bulnes）提供同时代解构但同样是城市精英文本,作者在尾声明确声明此局限；被展示者（工人、印第安人、妇女）记录缺席本身即证据偏差的例证,回查clean第355—367行（Epilogue“The Limits of the Approach”）,ACCEPTED_AS_SUPPORTING_SOURCE,D:\Design-history-知识库\教材章节知识模型转换\11_语义复核批次\BATCH-003-CH02-EXPANDED\mappings\B0303_章节映射.csv
B0303,0.6,B,V2,irony_as_internal_critique,（作者命题）对官方形象的讽刺是“现代性内部的批评”：批评者揭露形象建构与腐败，却不拒绝现代性理想本身；“被包含者认不出自己”的断裂反而驱动下一轮试错,漫画与讽刺文本分析是作者解读；讽刺媒体的读者接受无直接证据，不能从漫画内容推出民众态度,回查clean第219行（“greatest irony of all”与“keep-trying”循环）,ACCEPTED_AS_SUPPORTING_SOURCE,D:\Design-history-知识库\教材章节知识模型转换\11_语义复核批次\BATCH-003-CH02-EXPANDED\mappings\B0303_章节映射.csv
B0303,0.7,B,V2,asymmetric_flow_translation_and_reproduction,全球流动不是单向“影响”：墨西哥案例示范边缘国家在不平等权力关系中的选择、误读、翻译与再生产——法国时尚（1889激进→1900保守）被墨西哥有意识地跟随并本土化，形成“紧跟时尚”的现代性策略,“紧跟法国时尚”的连续性由多届展馆档案支持；“有意识地跟随”的动机判断是作者解释,回查clean第41—43行（1900新古典转向）与第391行（法国作为“现代性立法者”的Michelet/Reclus引文）,ACCEPTED_AS_SUPPORTING_SOURCE,D:\Design-history-知识库\教材章节知识模型转换\11_语义复核批次\BATCH-003-CH02-EXPANDED\mappings\B0303_章节映射.csv
B0303,1.7,C,V2,regional_variation_in_exhibition_strategies,拉美各国在世博会的自我呈现策略分化：阿根廷的全盘法国化、厄瓜多尔的“法国人造异国情调”、玻利维亚的西班牙复兴风格与墨西哥的自主折中实验并存，显示“后发地区”内部的区域差异,博览会目录与报告支持各国建筑方案事实；策略动机解读是作者比较框架,回查clean第41行（各国馆方案对比）,CONTEXT_ONLY,D:\Design-history-知识库\教材章节知识模型转换\11_语义复核批次\BATCH-003-CH02-EXPANDED\mappings\B0303_章节映射.csv
B0303,2.6,A,V2,world_fairs_classification_and_hierarchization,世界博览会通过分类体系将展品与参展国置于文明等级序列；墨西哥的阿兹特克宫“被纳入分类但不参与分类”，其自我呈现必须先在主办国分类框架内定位,分类目录与官方报告支持分类学运作；“被纳入但不参与分类”是作者判断，且不能从分类位置直接推出观众实际接受,回查clean第99行与第149—171行（导论四维度）；核对Picard报告的分类组/类划分,ACCEPTED_AS_CORE_SOURCE,D:\Design-history-知识库\教材章节知识模型转换\11_语义复核批次\BATCH-003-CH02-EXPANDED\mappings\B0303_章节映射.csv
B0303,2.6,A,V2,exhibiting_nation_as_agent_of_own_exoticism,半殖民地/边缘国家主动经营异国情调以获取国际可见性：墨西哥以阿兹特克宫、Velasco风景画与活人展示将自己呈现为“独特而现代”，异域展示同时面向国际辨识与国内认同,组织档案与官方宣传证明参展意图；“主动经营”是作者解释，不得据此推断欧洲观众的实际解读（作者亦承认被视作异国情调）,回查clean第21行（立面颂扬vs室内低劣化）与第41行（墨西哥vs阿根廷、厄瓜多尔策略对比）,ACCEPTED_AS_CORE_SOURCE,D:\Design-history-知识库\教材章节知识模型转换\11_语义复核批次\BATCH-003-CH02-EXPANDED\mappings\B0303_章节映射.csv
B0303,2.6,B,V2,race_science_as_classificatory_language,种族人类学是博览会上国家等级的“科学”语言：法国体质人类学（Broca学会、颅骨测量）设定标准，墨西哥以“缝隙定位”与自动民族志自我辩护（García Cubas的19/43/38分类、Batres反混血退化论）,展示材料与科学文本可证分类数据与论证；“缝隙”概念与“说服精英自身”的动机判断是作者分析框架,回查clean第29、33行；核对García Cubas分类数据出处,ACCEPTED_AS_SUPPORTING_SOURCE,D:\Design-history-知识库\教材章节知识模型转换\11_语义复核批次\BATCH-003-CH02-EXPANDED\mappings\B0303_章节映射.csv
B0303,2.6,B,V2,living_exhibits_and_human_zoos,边缘国家同样卷入活人展示：1895亚特兰大“墨西哥村”拖欠工资与拒付回程票，1904圣路易斯“阿兹特克人及其工业”在娱乐区展演“活的工匠”,博览会目录、照片与组织记录支持事实；“经济剥削”评价基于组织方记录，参与者感受无直接记录,回查clean第19行（圣路易斯图注与人类学展示语境）,ACCEPTED_AS_SUPPORTING_SOURCE,D:\Design-history-知识库\教材章节知识模型转换\11_语义复核批次\BATCH-003-CH02-EXPANDED\mappings\B0303_章节映射.csv
B0303,2.7,A,V2,selective_appropriation_over_influence,墨西哥精英对法国范式的接受是选择性挪用与创造性偏离而非被动模仿：Peñafiel/Contreras在法国分类学框架内重组前哥伦布母题，Riva Palacio借达尔文牙齿理论论证印第安人“进化优势”属误读式挪用,科学文本（Batres颅骨测量、Riva Palacio历史著作）可证挪用操作；“创造性”评价与“缝隙”概念是作者分析框架；风格相似不等于影响,回查clean第29、33行（interstice与Batres）；核对León牙齿误判的证伪细节,ACCEPTED_AS_CORE_SOURCE,D:\Design-history-知识库\教材章节知识模型转换\11_语义复核批次\BATCH-003-CH02-EXPANDED\mappings\B0303_章节映射.csv
B0303,2.7,B,V2,latin_american_competition_for_visibility,墨西哥在世博会的对手首先是拉美邻国：Ireneo Paz认为真正的竞争者是巴西与阿根廷而非美国；各国策略分化（阿根廷雇法国建筑师、厄瓜多尔委托法国人类学家造“印加神庙”、墨西哥用本国法式训练专家自主实验）,Paz报刊文章是同时代评论者话语，可证竞争意识；“谁更文明”的标准由欧洲制定是作者框架,回查clean第41行与第524行（美国为“已实现的应许之地”vs墨西哥“有前途的国家”）,ACCEPTED_AS_SUPPORTING_SOURCE,D:\Design-history-知识库\教材章节知识模型转换\11_语义复核批次\BATCH-003-CH02-EXPANDED\mappings\B0303_章节映射.csv
B0303,12.1,C,V2,ethics_of_living_display_as_prehistory,活人展示（墨西哥村、人类学面具/颅骨陈列）构成当代“展示伦理”议题的历史前例：人的身体被分类、陈列与展演，且边缘国家自身也参与其中,历史事实有档案支撑；与当代设计伦理议题的关联是复核者的映射判断，原著未作此类引申,回查clean第19行；慎用——原著未讨论伦理范畴,CONTEXT_ONLY,D:\Design-history-知识库\教材章节知识模型转换\11_语义复核批次\BATCH-003-CH02-EXPANDED\mappings\B0303_章节映射.csv
B0304,0.4,B,V2,objects_inventories_and_trade_records,对象、遗产清单、价格、广告和贸易记录可互校产品的社会生命,拥有记录不等于使用方式，广告不等于实际接受,补实物磨损、家庭叙事、销售和使用材料,ACCEPTED_AS_METHOD,D:\Design-history-知识库\教材章节知识模型转换\11_语义复核批次\BATCH-001-CH01-CH02\mappings\B0304_章节映射.csv
B0304,0.6,B,V2,inventory_class_and_colonial_silences,遗产清单与商业档案偏向有产者和商人，会压低劳动者与殖民地消费者的可见性,不能由缺席推断其没有消费或没有能动性,补工资、贫困救济、考古、殖民地和主体材料,ACCEPTED_AS_EVIDENCE_AUDIT,D:\Design-history-知识库\教材章节知识模型转换\11_语义复核批次\BATCH-001-CH01-CH02\mappings\B0304_章节映射.csv
B0304,1.1,B,V2,regional_specialization_and_craft_knowledge,陶瓷、玻璃和金属品依赖区域专业化、作坊技能与商业网络,主要是英国新奢侈产业，不能概括所有前工业造物,补作坊账簿、工具、学徒和地方研究,ACCEPTED_AS_SUPPORT,D:\Design-history-知识库\教材章节知识模型转换\11_语义复核批次\BATCH-001-CH01-CH02\mappings\B0304_章节映射.csv
B0304,1.2,B,V2,new_materials_mechanisms_and_scale,材料替代、机械装饰和扩大生产共同形成可及的新商品,规模与价格判断需按行业核量化资料,补专利、成本、产量和材料测试,ACCEPTED_AS_SUPPORT,D:\Design-history-知识库\教材章节知识模型转换\11_语义复核批次\BATCH-001-CH01-CH02\mappings\B0304_章节映射.csv
B0304,1.3,B,V2,patterns_models_and_imitation,模式簿、样品、专利和模仿实践把形式知识转化为可重复生产指令,不足以说明每一行业图样权力与工人控制关系,补企业图样、订单、审批和劳动档案,ACCEPTED_AS_SUPPORT,D:\Design-history-知识库\教材章节知识模型转换\11_语义复核批次\BATCH-001-CH01-CH02\mappings\B0304_章节映射.csv
B0304,1.4,A,V2,global_material_and_product_systems,瓷器、印花布、玻璃和金属品的形式来自跨境材料、工艺和市场的组合,对棉纺和生态供应链处理不及专门研究,与B0040及材料技术史互证,ACCEPTED_WITH_COUNTERSOURCE_REQUIRED,D:\Design-history-知识库\教材章节知识模型转换\11_语义复核批次\BATCH-001-CH01-CH02\mappings\B0304_章节映射.csv
B0304,1.5,B,V2,collective_product_revolution,发明者、制造商、商人、零售者、广告者和购买者共同推动产品变化,这种角色清单不能替代具体产品的责任链,逐产品核委托、制作、营销和使用记录,ACCEPTED_AS_SUPPORT,D:\Design-history-知识库\教材章节知识模型转换\11_语义复核批次\BATCH-001-CH01-CH02\mappings\B0304_章节映射.csv
B0304,1.7,A,V2,asian_production_and_british_recombination,亚洲差异化生产与英国材料替代、模仿和再组合构成不对称而混合的工业化路径,不能写成亚洲仅提供灵感、英国独自完成创新,补亚洲生产者、贸易中介和殖民制度材料,ACCEPTED_WITH_COUNTERSOURCE_REQUIRED,D:\Design-history-知识库\教材章节知识模型转换\11_语义复核批次\BATCH-001-CH01-CH02\mappings\B0304_章节映射.csv
B0304,2.4,A,V2,product_revolution_shopping_and_consumers,具体商品、零售、广告和中间阶层购买共同构成18世纪消费—制造前史,不是19世纪百货商店制度的直接证明，普通劳动者覆盖不足,补19世纪商店档案、信用、橱窗和消费者材料,ACCEPTED_AS_PREHISTORY,D:\Design-history-知识库\教材章节知识模型转换\11_语义复核批次\BATCH-001-CH01-CH02\mappings\B0304_章节映射.csv
B0304,2.6,B,V2,empire_markets_and_national_branding,殖民市场、贸易保护和国家品质话语参与塑造英国商品身份,商品国家化不能掩盖亚洲知识、殖民强制和地方消费者选择,补航海法、海关、殖民报刊和地方回应,ACCEPTED_AS_STRUCTURAL_SUPPORT,D:\Design-history-知识库\教材章节知识模型转换\11_语义复核批次\BATCH-001-CH01-CH02\mappings\B0304_章节映射.csv
B0304,2.7,A,V2,imitation_translation_and_new_products,跨境模仿可通过材料替代、工艺重组和市场适配生成新产品类别,‘模仿即发明’是分析命题，不等于无条件正当化挪用,补来源对象、生产者、专利争议和地方使用,ACCEPTED_WITH_ETHICAL_LIMIT,D:\Design-history-知识库\教材章节知识模型转换\11_语义复核批次\BATCH-001-CH01-CH02\mappings\B0304_章节映射.csv
B0305,0.2,A,V2,consumer_revolution_historiographic_thesis,‘消费革命’是改变设计史生产中心叙事的经典史学命题，也必须连同后续批评教授,不能把1982年的‘第一’和断裂论当作无争议定论,补Berg、de Vries、Brewer／Porter及跨区域研究,ACCEPTED_AS_HISTORIOGRAPHIC_CORE,D:\Design-history-知识库\教材章节知识模型转换\11_语义复核批次\BATCH-003-CH02-EXPANDED\mappings\B0305_章节映射.csv
B0305,0.3,A,V2,demand_supply_commercialization_and_material_culture_method,生产、需求、企业策略、政治制度、社会心态和物质证据可被置于共同解释框架,三位作者对商业化的具体机制并未完全统一,分作者、分章节、分机制使用并补反事实,ACCEPTED_AS_METHOD_WITH_INTERNAL_DIFFERENCE,D:\Design-history-知识库\教材章节知识模型转换\11_语义复核批次\BATCH-003-CH02-EXPANDED\mappings\B0305_章节映射.csv
B0305,0.5,A,V2,letters_ads_trade_cards_inventories_objects_and_press,企业书信、广告、贸易卡、遗产清单、实物与报刊可互校消费供给和商业意图,商业意图与广告存在不能直接证明消费者心理和行为,补销售、顾客、家庭账目、使用、拒绝与地方材料,ACCEPTED_AS_SOURCE_METHOD,D:\Design-history-知识库\教材章节知识模型转换\11_语义复核批次\BATCH-003-CH02-EXPANDED\mappings\B0305_章节映射.csv
B0305,0.6,A,V2,england_first_emulation_causality_class_gender_and_colonial_bias,英格兰例外主义、模仿窄化、强因果、阶级损益、性别与殖民缺口须进入审计,后续批评和本书内部反例均需实证定位,补比较消费史、殖民史、劳动史、性别史和消费者材料,ACCEPTED_AS_EVIDENCE_AUDIT,D:\Design-history-知识库\教材章节知识模型转换\11_语义复核批次\BATCH-003-CH02-EXPANDED\mappings\B0305_章节映射.csv
B0305,1.3,A,V2,wedgwood_design_production_marketing_and_control,Wedgwood的设计、生产、展厅、样本、定价和销售控制说明构思与制作分离必须连到企业和市场,营销史不能替代工厂内部逐件作者、工序和工人经验,补设计簿、模具、工场、工资、工人和对象材料,ACCEPTED_AS_CORE_ENTERPRISE_CASE,D:\Design-history-知识库\教材章节知识模型转换\11_语义复核批次\BATCH-003-CH02-EXPANDED\mappings\B0305_章节映射.csv
B0305,1.4,B,V2,ceramic_material_technology_and_product_differentiation,creamware、jasper等材料技术与产品等级、价格和市场分层相互作用,本书重点在商业化，不是陶瓷技术或材料供应链专史,补配方、窑炉、原料、技术档案和对象检测,ACCEPTED_WITH_TECHNICAL_FOLLOWUP,D:\Design-history-知识库\教材章节知识模型转换\11_语义复核批次\BATCH-003-CH02-EXPANDED\mappings\B0305_章节映射.csv
B0305,1.5,A,V2,entrepreneur_partner_artist_worker_retailer_and_consumer_network,企业家、合伙人、艺术家、工人、零售者、赞助人和消费者共同形成商品网络,行动者被企业档案不均衡照亮，普通工人和消费者声音较弱,补对象级责任、工资、订单、顾客和家庭材料,ACCEPTED_AS_ACTOR_NETWORK,D:\Design-history-知识库\教材章节知识模型转换\11_语义复核批次\BATCH-003-CH02-EXPANDED\mappings\B0305_章节映射.csv
B0305,1.6,A,V2,manufacturer_marketer_taste_legislator_and_retail_roles,manufacturer、商人、品味立法者、广告者和零售者等角色显示工业艺术的职业功能分化,不等于现代职业设计师已经形成,补同期称谓、合同、行业组织与教育材料,ACCEPTED_AS_ROLE_HISTORY,D:\Design-history-知识库\教材章节知识模型转换\11_语义复核批次\BATCH-003-CH02-EXPANDED\mappings\B0305_章节映射.csv
B0305,1.7,B,V2,english_consumer_revolution_as_contested_regional_path,英格兰消费—生产互动可作为区域工业化路径之一,不能外推为欧洲或全球唯一／最早道路,补荷兰、法国、亚洲、殖民地和区域内部比较,ACCEPTED_AS_CONTESTED_REGIONAL_CASE,D:\Design-history-知识库\教材章节知识模型转换\11_语义复核批次\BATCH-003-CH02-EXPANDED\mappings\B0305_章节映射.csv
B0305,2.3,C,V2,luxury_debate_and_moral_economy_context,奢侈、体面、必要与消费伦理争论可作为Ruskin／Morris反消费批评的18世纪前史,不直接研究工艺美术劳动伦理,与B0383、B0133及19世纪改革文本对读,CONTEXT_ONLY_AS_PREHISTORY,D:\Design-history-知识库\教材章节知识模型转换\11_语义复核批次\BATCH-003-CH02-EXPANDED\mappings\B0305_章节映射.csv
B0305,2.4,B,V2,shops_showrooms_display_ads_credit_and_consumer_prehistory,展厅、陈列、广告、价格、信用和代理构成19世纪百货商店之前的消费中介机制,时段主要为18世纪且无成熟百货制度，不能直接承担本节全部核心叙事,补19世纪商店、百货档案、顾客、信用和使用史,ACCEPTED_AS_MAJOR_PREHISTORY,D:\Design-history-知识库\教材章节知识模型转换\11_语义复核批次\BATCH-003-CH02-EXPANDED\mappings\B0305_章节映射.csv
B0305,2.6,C,V2,global_goods_without_colonial_power_analysis,茶、棉布、陶瓷等可提示消费社会依赖跨境商品,全书不能承担殖民分类、奴隶制或来源社会生产史,补殖民贸易、奴隶制、原料、生产者与来源地档案,CONTEXT_ONLY_WITH_COLONIAL_GAP,D:\Design-history-知识库\教材章节知识模型转换\11_语义复核批次\BATCH-003-CH02-EXPANDED\mappings\B0305_章节映射.csv
B0305,2.7,C,V2,calico_porcelain_trade_and_market_transfer_context,棉布、瓷器、时尚版画和贸易网络可作为跨境物质流动入口,英格兰消费端材料不能证明地方生产者能动性或完整迁移链,补贸易、关税、样本、工艺、来源地和再生产,CONTEXT_ONLY_WITH_TRANSFER_FOLLOWUP,D:\Design-history-知识库\教材章节知识模型转换\11_语义复核批次\BATCH-003-CH02-EXPANDED\mappings\B0305_章节映射.csv
B0305,5.3,C,V2,advertising_display_and_branding_prehistory,广告、陈列、品牌与市场细分可作为20世纪大众传媒商业设计的长时段前史,18世纪材料不能证明20世纪媒体制度和受众效果,补20世纪企业、媒介、设计师、发行和受众材料,CONTEXT_ONLY_AS_PREHISTORY,D:\Design-history-知识库\教材章节知识模型转换\11_语义复核批次\BATCH-003-CH02-EXPANDED\mappings\B0305_章节映射.csv
B0318,0.3,B,V2,actor_theory_linking_art_labour_and_use,莫里斯把艺术、劳动愉悦、制作与使用连成一个参与者理论框架,这是规范性行动者理论而非已验证的普遍机制,与劳动史、企业史、对象史和接受史对读,ACCEPTED_AS_HISTORICAL_ACTOR_THEORY,D:\Design-history-知识库\教材章节知识模型转换\11_语义复核批次\BATCH-002-CH01-EXPANDED\mappings\B0318_章节映射.csv
B0318,0.5,A,V2,lecture_testimony_citation_and_mediated_evidence,讲演中的自述、引书、历史例证和动员语言必须区分其证据身份,第一人称工艺经验仍不能证明所有工人或地区状况,逐条标明自述、转述、历史判断和规范主张,ACCEPTED_AS_SOURCE_METHOD,D:\Design-history-知识库\教材章节知识模型转换\11_语义复核批次\BATCH-002-CH01-EXPANDED\mappings\B0318_章节映射.csv
B0318,0.6,A,V2,romantic_medieval_gender_colonial_and_binary_bias,中世纪浪漫化、男性工匠默认、英国视角和二元劳动分类构成系统性偏差,偏差识别不能代替被忽略主体的材料,补行会档案、女性家庭劳动、殖民生产者和机器工人材料,ACCEPTED_AS_EVIDENCE_AUDIT,D:\Design-history-知识库\教材章节知识模型转换\11_语义复核批次\BATCH-002-CH01-EXPANDED\mappings\B0318_章节映射.csv
B0318,1.1,B,V2,craft_rules_practice_and_tacit_knowledge,工艺规则被莫里斯描述为长期实践形成并在师徒与工场中验证的知识,作者经验不能代表所有行业且‘人性根基’不可直接证实,补工序、工具、训练、工资和作坊记录,ACCEPTED_AS_ACTOR_TESTIMONY,D:\Design-history-知识库\教材章节知识模型转换\11_语义复核批次\BATCH-002-CH01-EXPANDED\mappings\B0318_章节映射.csv
B0318,1.3,B,V2,division_of_labour_as_practitioner_problem,莫里斯把分工与专业隔离视为构思、制作和工艺协作受损的问题,这是参与者诊断且没有量化企业分工或因果效果,与Guild、工厂、职位和工序档案互证,ACCEPTED_AS_HISTORICAL_ACTOR_THEORY,D:\Design-history-知识库\教材章节知识模型转换\11_语义复核批次\BATCH-002-CH01-EXPANDED\mappings\B0318_章节映射.csv
B0318,1.5,B,V2,maker_user_and_common_worker_authorship,人民的艺术命题把普通制造者和使用者纳入作者制与价值判断,不能由口号证明实际共同作者权或责任分配,补署名、图样、工序、合同和使用材料,ACCEPTED_WITH_AUTHORSHIP_FOLLOWUP,D:\Design-history-知识库\教材章节知识模型转换\11_语义复核批次\BATCH-002-CH01-EXPANDED\mappings\B0318_章节映射.csv
B0318,1.6,A,V2,lesser_decorative_popular_art_concept_history,lesser arts、decorative arts、popular art与Architecture的扩展用法可构成19世纪概念史材料,这些用法属于莫里斯立场而非当时唯一或现代通行定义,与同期词典、学校、组织、批评家和职业文本比较,ACCEPTED_AS_PRIMARY_CONCEPT_SOURCE,D:\Design-history-知识库\教材章节知识模型转换\11_语义复核批次\BATCH-002-CH01-EXPANDED\mappings\B0318_章节映射.csv
B0318,1.7,C,V2,india_commerce_and_eastern_art_as_british_actor_claim,印度案例可显示英国改革者如何把殖民商业、低价与工艺衰落联系起来,材料经Birdwood与展览中介且‘东方艺术死亡’不可作区域事实,回Birdwood、政府档、印度生产贸易和地方主体材料,CONTEXT_ONLY_WITH_COLONIAL_AUDIT,D:\Design-history-知识库\教材章节知识模型转换\11_语义复核批次\BATCH-002-CH01-EXPANDED\mappings\B0318_章节映射.csv
B0318,2.3,A,V2,arts_crafts_labour_ethics_primary_text,劳动愉悦、艺术民主、反奢侈和人民艺术构成工艺美术劳动伦理的一手主张,主张的传播、执行、价格与社会成效须另证,与企业账簿、工人材料、商品价格和接受史互证,ACCEPTED_AS_PRIMARY_ACTOR_TEXT,D:\Design-history-知识库\教材章节知识模型转换\11_语义复核批次\BATCH-002-CH01-EXPANDED\mappings\B0318_章节映射.csv
B0318,2.4,B,V2,anti_luxury_use_beauty_and_consumption_norms,黄金法则和反奢侈论显示改革者如何规范家庭物品与消费选择,规范文本不能证明家庭实际购买、阶级可及性或消费者接受,补目录、价格、家庭清单、销售和使用记录,ACCEPTED_AS_CONSUMPTION_DISCOURSE,D:\Design-history-知识库\教材章节知识模型转换\11_语义复核批次\BATCH-002-CH01-EXPANDED\mappings\B0318_章节映射.csv
B0318,2.5,B,V2,total_environment_craft_and_daily_life,住宅、花园、墙面、地面、家具和建筑被组织为整体生活环境,具体形式和实际空间效果需回对象图版与现场且审美判断属作者,补对象、室内、委托、制作和使用证据,ACCEPTED_WITH_OBJECT_FOLLOWUP,D:\Design-history-知识库\教材章节知识模型转换\11_语义复核批次\BATCH-002-CH01-EXPANDED\mappings\B0318_章节映射.csv
B0328,0.3,A,V2,design_political_economy_method,设计史须把形式同生产、利润、劳动和社会观念置于同一解释链,Forty的结构主义和马克思主义解释不是唯一范式,补消费者、工人、区域与对象反证,ACCEPTED_WITH_LIMITS,D:\Design-history-知识库\教材章节知识模型转换\11_语义复核批次\BATCH-001-CH01-CH02\mappings\B0328_章节映射.csv
B0328,0.4,B,V2,objects_as_materialized_social_claims,人工物可用于分析生产者试图物化的社会分类和观念,物的形式不能独自证明设计意图或受众效果,补委托、广告、使用、维修和接受材料,ACCEPTED_AS_METHOD,D:\Design-history-知识库\教材章节知识模型转换\11_语义复核批次\BATCH-001-CH01-CH02\mappings\B0328_章节映射.csv
B0328,0.6,B,V2,designer_canon_and_missing_consumers,设计师中心叙事会遮蔽企业、工人和市场中介，Forty自身也缺少充分消费者材料,缺席不是某种具体经验的正面证据,补工人、消费者、女性及非欧美材料,ACCEPTED_AS_CRITIQUE,D:\Design-history-知识库\教材章节知识模型转换\11_语义复核批次\BATCH-001-CH01-CH02\mappings\B0328_章节映射.csv
B0328,1.2,B,V2,anti_technological_determinism,机器的形式后果取决于劳动、资本、市场和组织条件，而非机器单独作用,不能反向写成技术性能不重要,补具体机器性能、成本和工艺比较,ACCEPTED_WITH_LIMITS,D:\Design-history-知识库\教材章节知识模型转换\11_语义复核批次\BATCH-001-CH01-CH02\mappings\B0328_章节映射.csv
B0328,1.3,A,V2,design_as_production_instruction,劳动分工使图样和生产指令成为协调分离工序的独立活动,Wedgwood等案例不能代表所有行业的同一时间表,补行业图样、模型、规格、工序和工资档案,ACCEPTED_WITH_COUNTERSOURCE_REQUIRED,D:\Design-history-知识库\教材章节知识模型转换\11_语义复核批次\BATCH-001-CH01-CH02\mappings\B0328_章节映射.csv
B0328,1.4,B,V2,wedgwood_material_and_organization,陶瓷形式由材料、既有工艺、模型和工厂组织共同约束,本书不是陶瓷材料科学或供应链专著,补泥料、釉料、窑炉、样品和订单资料,ACCEPTED_AS_SUPPORT,D:\Design-history-知识库\教材章节知识模型转换\11_语义复核批次\BATCH-001-CH01-CH02\mappings\B0328_章节映射.csv
B0328,1.5,A,V2,anonymous_design_and_entrepreneurial_power,制造品由制模者、工匠、企业主和销售体系协作形成，生产决策权不能归给单一设计师,不能据此抹除具体设计者的可证责任,逐企业核图样签名、委托、审批和生产记录,ACCEPTED_WITH_LIMITS,D:\Design-history-知识库\教材章节知识模型转换\11_语义复核批次\BATCH-001-CH01-CH02\mappings\B0328_章节映射.csv
B0328,1.6,A,V2,design_concept_and_professional_specialization,design作为外观与生产指令的双重活动在劳动分工、版权、教育和改革话语中制度化,英国术语与制度不能直接外推全球,补词源、学校、行业组织和职业统计,ACCEPTED_WITH_COUNTERSOURCE_REQUIRED,D:\Design-history-知识库\教材章节知识模型转换\11_语义复核批次\BATCH-001-CH01-CH02\mappings\B0328_章节映射.csv
B0328,2.1,B,V2,great_exhibition_design_reform_context,1851年博览会参与把机器、工艺和产品质量组织成公共设计争论,该书不是博览会完整组织史，Cole意图和展品评价须回专门研究,与B0204及官方报告互证,ACCEPTED_AS_SUPPORT,D:\Design-history-知识库\教材章节知识模型转换\11_语义复核批次\BATCH-001-CH01-CH02\mappings\B0328_章节映射.csv
B0328,2.2,B,V2,schools_committees_and_copyright,议会委员会、设计学校、版权和展览共同促成设计的国家化治理,引述多为二手组织，政策成效与工人经验不能由改革者话语推出,回委员会报告、学校课程与行政档案,ACCEPTED_AS_SUPPORT,D:\Design-history-知识库\教材章节知识模型转换\11_语义复核批次\BATCH-001-CH01-CH02\mappings\B0328_章节映射.csv
B0328,2.4,B,V2,catalogues_variety_and_social_differentiation,目录、品类差异和市场细分显示制造商如何想象消费者并组织选择,不能证明实际购买者按同一性别阶级意义理解产品,补销售、家庭账本、消费者书信和使用材料,ACCEPTED_WITH_AUDIENCE_GAP,D:\Design-history-知识库\教材章节知识模型转换\11_语义复核批次\BATCH-001-CH01-CH02\mappings\B0328_章节映射.csv
B0328,2.6,C,V2,oriental_goods_in_reform_discourse,英国改革话语把印度和所谓东方手工物置于机器产品的对照体系,Forty并未提供殖民地参与者的完整立场，历史称谓须批判性转述,补殖民展品档案、来源社群和地方媒体,CONTEXT_ONLY,D:\Design-history-知识库\教材章节知识模型转换\11_语义复核批次\BATCH-001-CH01-CH02\mappings\B0328_章节映射.csv
B0332,0.4,B,V2,visual_examples_abstracted_from_context,图版可研究19世纪如何把器物和建筑细部转换为可比较的平面史料,图版不是原对象的中性复制，语境、尺度、材料和用途被削弱,回原对象、采集记录、图版制作与馆藏,ACCEPTED_AS_METHOD_CASE,D:\Design-history-知识库\教材章节知识模型转换\11_语义复核批次\BATCH-001-CH01-CH02\mappings\B0332_章节映射.csv
B0332,0.5,B,V2,publication_and_visual_evidence_chain,序言、图版、来源标注、协作者与石印流程构成复合证据链,clean文本不能替代彩色图版与首版实物核验,回1856首版、V&A预备稿和出版档案,ACCEPTED_WITH_IMAGE_GAP,D:\Design-history-知识库\教材章节知识模型转换\11_语义复核批次\BATCH-001-CH01-CH02\mappings\B0332_章节映射.csv
B0332,0.6,B,V2,victorian_classification_bias,该书可作为研究维多利亚设计知识如何等级化非欧洲传统的一手材料,不能把Jones的类别和评价转述为被研究文化的自我认识,补来源社群、殖民采集史和当代区域研究,ACCEPTED_AS_CRITICAL_PRIMARY_SOURCE,D:\Design-history-知识库\教材章节知识模型转换\11_语义复核批次\BATCH-001-CH01-CH02\mappings\B0332_章节映射.csv
B0332,0.7,B,V2,early_crosscultural_formal_comparison,跨文化并置展示了早期全球装饰比较的知识技术,形式相似不能证明接触、传播或共同起源,补年代、接触、贸易和地方谱系证据,ACCEPTED_WITH_CAUSAL_LIMIT,D:\Design-history-知识库\教材章节知识模型转换\11_语义复核批次\BATCH-001-CH01-CH02\mappings\B0332_章节映射.csv
B0332,1.6,A,V2,industrial_and_decorative_arts_actor_concepts,37条命题直接呈现装饰艺术、制造、原则与教育的行动者概念,它是规范文本，不是19世纪实践已实现的统计描述,同学校课程、制造记录和批评接受互证,ACCEPTED_AS_ACTOR_VIEW,D:\Design-history-知识库\教材章节知识模型转换\11_语义复核批次\BATCH-001-CH01-CH02\mappings\B0332_章节映射.csv
B0332,2.1,B,V2,post_exhibition_design_reform_text,该书属于1851年博览会后设计改革与Sydenham Crystal Palace知识工程,不能独立重建1851博览会现场、公众或全部展品,与B0204、官方目录和Cole档案互证,ACCEPTED_AS_POSTHISTORY,D:\Design-history-知识库\教材章节知识模型转换\11_语义复核批次\BATCH-001-CH01-CH02\mappings\B0332_章节映射.csv
B0332,2.2,A,V2,design_education_and_general_principles,原则、范例与彩色复制被组织成面向艺术家、制造者和公众的设计教育体系,第37条是改革诉求，不能证明教育成效,补School of Design课程、学生作业、行政和使用记录,ACCEPTED_WITH_OUTCOME_GAP,D:\Design-history-知识库\教材章节知识模型转换\11_语义复核批次\BATCH-001-CH01-CH02\mappings\B0332_章节映射.csv
B0332,2.6,A,V2,colonial_ornament_classification,跨文化图版和章节命名可直接分析世界装饰如何被选择、命名、排序和等级化,只证明英国知识制度的分类实践，不代表对象来源社会,补征集、展览、翻译、当地生产者与回应材料,ACCEPTED_AS_CRITICAL_PRIMARY_SOURCE,D:\Design-history-知识库\教材章节知识模型转换\11_语义复核批次\BATCH-001-CH01-CH02\mappings\B0332_章节映射.csv
B0332,2.7,B,V2,principles_from_past_and_design_reuse,第36条显示改革者主张提取过去原则而非复制结果，构成跨文化再生产的规范模型,不能把这种模型等同互惠转译或正当占有,补具体设计的来源、改造、署名和争议链,ACCEPTED_WITH_ETHICAL_LIMIT,D:\Design-history-知识库\教材章节知识模型转换\11_语义复核批次\BATCH-001-CH01-CH02\mappings\B0332_章节映射.csv
B0334,0.2,A,V2,anti_anachronism_and_plural_paths,不能从十九世纪工业化结果倒推早期各地区都以工业化为目标,多元路径主张仍需说明比较节点和历史行动者目标,补同期概念、政策与行动者材料,ACCEPTED_AS_METHOD,D:\Design-history-知识库\教材章节知识模型转换\11_语义复核批次\BATCH-002-CH01-EXPANDED\mappings\B0334_章节映射.csv
B0334,0.3,A,V2,contextual_pressure_response_comparison,历史解释应比较各地区面对的具体压力、需求与政策回应,压力模型不是充分解释且损失厌恶外推有风险,同技术供给、教育制度和反方研究比较,ACCEPTED_WITH_COUNTERARGUMENT,D:\Design-history-知识库\教材章节知识模型转换\11_语义复核批次\BATCH-002-CH01-EXPANDED\mappings\B0334_章节映射.csv
B0334,0.6,B,V2,orientalist_and_geographic_evidence_bias,东方主义与英国中心史料会把亚洲能力缺失预设为解释,作者自身对印度内部和中国材料也不均衡,补地区档案、中文研究与殖民知识生产史,ACCEPTED_AS_EVIDENCE_AUDIT,D:\Design-history-知识库\教材章节知识模型转换\11_语义复核批次\BATCH-002-CH01-EXPANDED\mappings\B0334_章节映射.csv
B0334,0.7,A,V2,multiscalar_global_comparison,全球史可在英国印度、欧洲内部、欧亚与帝国尺度间检验不同机制,尺度切换不能掩盖材料不对称和地区异质性,公开比较单位、来源与外推边界,ACCEPTED_WITH_LIMITS,D:\Design-history-知识库\教材章节知识模型转换\11_语义复核批次\BATCH-002-CH01-EXPANDED\mappings\B0334_章节映射.csv
B0334,1.1,B,V2,indian_textile_skill_and_scientific_capacity,印度棉纺与科技能力构成欧洲工业化之前的高度组织化知识背景,不是所有印度地区和行业的统一事实,补区域工艺、作坊、教育和生产者材料,ACCEPTED_AS_COMPARATIVE_SUPPORT,D:\Design-history-知识库\教材章节知识模型转换\11_语义复核批次\BATCH-002-CH01-EXPANDED\mappings\B0334_章节映射.csv
B0334,1.2,A,V2,cotton_coal_state_and_scale,棉布竞争、煤炭采用和国家政策共同塑造英国技术与生产尺度变化,不能把三因素写成单一或已终结的因果解释,补专利、工厂、煤运、成本与政策记录,ACCEPTED_WITH_COUNTERSOURCE_REQUIRED,D:\Design-history-知识库\教材章节知识模型转换\11_语义复核批次\BATCH-002-CH01-EXPANDED\mappings\B0334_章节映射.csv
B0334,1.3,C,V2,skills_and_technical_response_context,技术回应涉及技能积累与生产重组可作为图样权力的外围背景,本书不足以证明图样制模规格和监督如何分离,补设计与工程图纸、职位和工序档案,CONTEXT_ONLY,D:\Design-history-知识库\教材章节知识模型转换\11_语义复核批次\BATCH-002-CH01-EXPANDED\mappings\B0334_章节映射.csv
B0334,1.4,A,V2,cotton_coal_ecology_and_state_material_system,棉花、煤、木材与全球商品竞争构成由国家中介的材料能源系统,资源禀赋与政策作用权重仍有争议,与B0259、B0040及材料环境史互证,ACCEPTED_WITH_COUNTERARGUMENT,D:\Design-history-知识库\教材章节知识模型转换\11_语义复核批次\BATCH-002-CH01-EXPANDED\mappings\B0334_章节映射.csv
B0334,1.7,A,V2,plural_development_and_colonial_constraint,英国、印度、中国、日本和奥斯曼对不同压力采取不同路径且殖民统治会限制技术移植,不能将印度或亚洲处理为同质整体,补地区比较和殖民地企业档案,ACCEPTED_WITH_COUNTERSOURCE_REQUIRED,D:\Design-history-知识库\教材章节知识模型转换\11_语义复核批次\BATCH-002-CH01-EXPANDED\mappings\B0334_章节映射.csv
B0334,2.4,B,V2,global_cotton_competition_and_demand,印度棉布的全球消费与竞争会改变欧洲市场、政策和生产激励,不是商店陈列、信用或消费者经验的直接研究,补订单、零售、广告和穿用材料,ACCEPTED_AS_STRUCTURAL_SUPPORT,D:\Design-history-知识库\教材章节知识模型转换\11_语义复核批次\BATCH-002-CH01-EXPANDED\mappings\B0334_章节映射.csv
B0334,2.7,A,V2,indian_cottons_and_european_response,欧洲对印度棉布的禁止、模仿和技术回应体现跨境竞争中的选择与再生产,技术变化不能只归因于竞争且挪用与殖民权力须保留,补图样、样品、政策、生产者和地方使用链,ACCEPTED_WITH_CAUSAL_LIMIT,D:\Design-history-知识库\教材章节知识模型转换\11_语义复核批次\BATCH-002-CH01-EXPANDED\mappings\B0334_章节映射.csv
B0338,0.2,A,V2,art_nouveau_modernity_periodization_and_multiple_endings,新艺术的现代性、1893—1914分期与衰落可作为可争论的史学模型,‘第一个’、三阶段和1910—11终结均为作者综合，不能自然化为全球时间,与区域年表、同期命名、生产／展览延续和反例互证,ACCEPTED_AS_HISTORIOGRAPHIC_CORE,D:\Design-history-知识库\教材章节知识模型转换\11_语义复核批次\BATCH-003-CH02-EXPANDED\mappings\B0338_章节映射.csv
B0338,0.3,A,V2,meaning_material_city_and_institution_matrix,意义资源、材料工艺、城市地方化与传播制度须联合解释风格,现代性统一概念不能消除各章差异或多作者立场,保持作者署名并逐案例建立机制链,ACCEPTED_AS_METHOD,D:\Design-history-知识库\教材章节知识模型转换\11_语义复核批次\BATCH-003-CH02-EXPANDED\mappings\B0338_章节映射.csv
B0338,0.4,A,V2,objects_as_material_visual_and_exhibition_evidence,对象材质、工艺、构造、图版与展览著录共同支持形式—制作分析,本地OCR不能替代图版，展品状态也不等于原使用情境,返回实物、高清图、尺寸、修复、来源与使用记录,ACCEPTED_AS_OBJECT_METHOD_WITH_VISUAL_FOLLOWUP,D:\Design-history-知识库\教材章节知识模型转换\11_语义复核批次\BATCH-003-CH02-EXPANDED\mappings\B0338_章节映射.csv
B0338,0.5,A,V2,catalogue_periodicals_manifestos_archives_and_bibliography,展览清单、期刊、宣言、企业／馆藏记录和书目可组成多层史料入口,论文间材料密度不同，原文引述与数字仍须逐项核定,核定页码、版本、档案号、展品号和引文上下文,ACCEPTED_AS_SOURCE_NAVIGATION,D:\Design-history-知识库\教材章节知识模型转换\11_语义复核批次\BATCH-003-CH02-EXPANDED\mappings\B0338_章节映射.csv
B0338,0.6,A,V2,curatorial_masterpiece_city_gender_colonial_and_survival_bias,展览选物、名家、城市、欧美、性别与殖民来源偏差须显式审计,专章触及女性／东方不等于生产者和殖民权力缺口已补足,补普通物、劳动、女性生产者、殖民网络和来源社会材料,ACCEPTED_AS_EVIDENCE_AUDIT,D:\Design-history-知识库\教材章节知识模型转换\11_语义复核批次\BATCH-003-CH02-EXPANDED\mappings\B0338_章节映射.csv
B0338,0.7,A,V2,multi_center_local_adaptation_with_asymmetric_networks,国际传播由多中心、商业中介、城市制度与地方资源共同改写,仍以欧美城市为主，不能据此声称全球覆盖或对等交流,补东亚、殖民地、拉美、非洲及不对称流通研究,ACCEPTED_AS_GLOBAL_RELATIONAL_METHOD,D:\Design-history-知识库\教材章节知识模型转换\11_语义复核批次\BATCH-003-CH02-EXPANDED\mappings\B0338_章节映射.csv
B0338,1.4,A,V2,paper_wood_textile_ceramic_glass_metal_jewellery_material_systems,八类材料章显示技术、工艺、企业与形式创新互相制约,‘材料能动性’是解释语言，技术首创和性能需专史／实物核验,补专利、配方、工序、企业、劳动、供应链和对象检测,ACCEPTED_AS_CORE_MATERIAL_SOURCE,D:\Design-history-知识库\教材章节知识模型转换\11_语义复核批次\BATCH-003-CH02-EXPANDED\mappings\B0338_章节映射.csv
B0338,1.5,B,V2,designers_firms_workshops_publishers_and_makers,跨材料设计师、企业、作坊、出版者和工匠构成分布式作者关系,名家与具名企业偏重，匿名劳动和内部权力未系统展开,补工资、岗位、工序、合同、印记和工人材料,ACCEPTED_AS_ACTOR_SUPPORT,D:\Design-history-知识库\教材章节知识模型转换\11_语义复核批次\BATCH-003-CH02-EXPANDED\mappings\B0338_章节映射.csv
B0338,1.6,A,V2,art_nouveau_naming_ensemblier_and_design_categories,Art Nouveau命名、ensemblier与装饰艺术平权显示设计身份和门类重组,店名传播为风格名不等于全体行动者接受统一自称,补各地同期称谓、协会、职位、教育和行业文件,ACCEPTED_AS_CONCEPT_HISTORY_CORE,D:\Design-history-知识库\教材章节知识模型转换\11_语义复核批次\BATCH-003-CH02-EXPANDED\mappings\B0338_章节映射.csv
B0338,2.1,B,V2,international_exhibition_sequence_after_1851,1889—1911博览会序列可比较展览如何组织商品、国家竞争和风格传播,不直接解释1851起源，观众数字及影响需核定且多为欧美视角,与1851官方档案、B0339及各届目录／统计对读,ACCEPTED_AS_LATER_EXHIBITION_COMPARISON,D:\Design-history-知识库\教材章节知识模型转换\11_语义复核批次\BATCH-003-CH02-EXPANDED\mappings\B0338_章节映射.csv
B0338,2.2,B,V2,museums_schools_state_agencies_and_design_quality,博物馆、学校、国家展览和政府机构参与商品质量与现代性治理,跨章概述不能替代各机构的课程、治理、预算和成效材料,补机构档案、课程、采购、评审、财政和学生／企业记录,ACCEPTED_AS_INSTITUTIONAL_SUPPORT,D:\Design-history-知识库\教材章节知识模型转换\11_语义复核批次\BATCH-003-CH02-EXPANDED\mappings\B0338_章节映射.csv
B0338,2.4,A,V2,bing_liberty_department_stores_publicity_and_consumption_machine,Bing、Liberty、百货空间、期刊和展览构成新艺术的展示—营销—销售机器,消费数量不证明相同理解，商业普及也不等于社会理想实现,补价格、销售、顾客、信用、使用、仿制和拒绝,ACCEPTED_AS_CORE_COMMERCIAL_MEDIATION_SOURCE,D:\Design-history-知识库\教材章节知识模型转换\11_语义复核批次\BATCH-003-CH02-EXPANDED\mappings\B0338_章节映射.csv
B0338,2.5,A,V2,art_nouveau_meaning_material_city_and_total_environment,新艺术须作为多种意义、材料、城市制度和总体环境的组合而非单一曲线,全书的现代性统一框架与名作选取须保留史学／策展边界,逐对象补制作、委托、使用、地方称谓和反例,ACCEPTED_AS_CORE_SOURCE,D:\Design-history-知识库\教材章节知识模型转换\11_语义复核批次\BATCH-003-CH02-EXPANDED\mappings\B0338_章节映射.csv
B0338,2.6,B,V2,world_fairs_imperial_taxonomy_and_colonial_display_context,博览会被作者概括为商业实用、帝国夸示与分类执念的传播装置,殖民空间在书中多为背景，不能承担被殖民者经验或分类后果,补殖民展览档案、来源社群、征集、劳工和观众材料,ACCEPTED_AS_EXHIBITION_CONTEXT_NOT_COLONIAL_CORE,D:\Design-history-知识库\教材章节知识模型转换\11_语义复核批次\BATCH-003-CH02-EXPANDED\mappings\B0338_章节映射.csv
B0338,2.7,A,V2,japan_islam_trade_collecting_exhibitions_publications_and_local_representation,日本与伊斯兰艺术经贸易、收藏、博览会、期刊和设计再现进入地方新艺术实践,东方章节仍由西方接收端组织，吸收／抽象不能替代来源社会能动性,补出口者、工匠、外交／贸易、殖民权力、译介和地方对象,ACCEPTED_AS_CORE_TRANSFER_SOURCE_WITH_COLONIAL_AUDIT,D:\Design-history-知识库\教材章节知识模型转换\11_语义复核批次\BATCH-003-CH02-EXPANDED\mappings\B0338_章节映射.csv
B0338,3.6,A,V2,paper_periodicals_posters_typography_and_international_visual_network,纸张、期刊、海报、插图和印刷技术构成跨城市视觉传播网络,视觉创新与受众效果不能由图版或发行存在直接推出,补印刷工序、发行、编辑、广告、读者与实际图版,ACCEPTED_AS_GRAPHIC_MEDIA_CORE,D:\Design-history-知识库\教材章节知识模型转换\11_语义复核批次\BATCH-003-CH02-EXPANDED\mappings\B0338_章节映射.csv
B0338,4.1,B,V2,art_nouveau_to_werkbund_aeg_and_standardization_prehistory,地方改革、企业、标准化与艺术工业联盟构成Werkbund／AEG的制度前史,新艺术图录不提供联盟治理、合同、生产和标准争论全链,补Werkbund、AEG、Muthesius、企业与政府P0,ACCEPTED_AS_INSTITUTIONAL_PREHISTORY,D:\Design-history-知识库\教材章节知识模型转换\11_语义复核批次\BATCH-003-CH02-EXPANDED\mappings\B0338_章节映射.csv
B0338,5.1,B,V2,art_nouveau_decline_and_art_deco_transition_problem,1910年前后新艺术的商品化、退出与多条后继路径可作为装饰艺术前史问题,风格缺席不等于生产停止，不能建立新艺术自动进化为Art Deco的单线,补1910—25展览、企业、对象、术语与区域研究,ACCEPTED_AS_TRANSITION_CONTEXT,D:\Design-history-知识库\教材章节知识模型转换\11_语义复核批次\BATCH-003-CH02-EXPANDED\mappings\B0338_章节映射.csv
B0338,12.6,B,V2,gendered_representation_new_woman_and_missing_female_producers,新女性、身体、厌女图像和雌雄同体表征显示性别在新艺术意义生产中的作用,表征分析不能代表女性经验；女性设计生产者和劳动制度不足,补女性行动者、工坊、职业、工资、接受与多样主体材料,ACCEPTED_AS_GENDER_REPRESENTATION_SOURCE_WITH_ACTOR_GAP,D:\Design-history-知识库\教材章节知识模型转换\11_语义复核批次\BATCH-003-CH02-EXPANDED\mappings\B0338_章节映射.csv
B0339,0.3,A,V2,institution_display_finance_and_ideology_framework,展览应同时分析组织、资金、空间、对象、受众条件与意识形态解释,该框架仍以主办国和展览发出端为中心,补观众、劳动者、来源地与非西方组织者材料,ACCEPTED_AS_METHOD,D:\Design-history-知识库\教材章节知识模型转换\11_语义复核批次\BATCH-003-CH02-EXPANDED\mappings\B0339_章节映射.csv
B0339,0.5,A,V2,catalogue_report_finance_press_and_absence_reading,目录、官方报告、财务、报刊、建筑和统计可互证并通过缺席指认检验官方叙事,官方文本中的类别不等于被展示者自我认同，统计OCR待核,回原版页码、目录分类、数据表和相关档案,ACCEPTED_AS_SOURCE_METHOD,D:\Design-history-知识库\教材章节知识模型转换\11_语义复核批次\BATCH-003-CH02-EXPANDED\mappings\B0339_章节映射.csv
B0339,0.6,A,V2,three_country_audience_agency_and_period_bias,三国中心、观众接受断点、殖民主体能动性缺失和1914分期均需进入审计,作者自陈或报告识别缺口不等于补足,补区域研究、观众记录、来源社群与较新博览会史,ACCEPTED_AS_EVIDENCE_AUDIT,D:\Design-history-知识库\教材章节知识模型转换\11_语义复核批次\BATCH-003-CH02-EXPANDED\mappings\B0339_章节映射.csv
B0339,2.1,A,V2,great_exhibition_evolution_funding_ticket_and_public_viewing,1851年展览由既有展览制度、国际竞争、资金组织、门票分层和展示分类共同形成,不能写成单一发明，也不能由观看条件推出观众认同,补皇家委员会、对象、评审、现场、观众和地方委员会档案,ACCEPTED_AS_CORE_SOURCE,D:\Design-history-知识库\教材章节知识模型转换\11_语义复核批次\BATCH-003-CH02-EXPANDED\mappings\B0339_章节映射.csv
B0339,2.2,B,V2,cole_royal_commission_and_exhibition_governance,Cole、Albert、皇家委员会、地方委员会和私人筹款展示文化治理的组织层次,该书不系统处理设计学校课程与教学效果,与B0049、B0175及官方教育档案互证,ACCEPTED_AS_INSTITUTIONAL_SUPPORT,D:\Design-history-知识库\教材章节知识模型转换\11_语义复核批次\BATCH-003-CH02-EXPANDED\mappings\B0339_章节映射.csv
B0339,2.4,B,V2,tickets_entertainment_and_mass_consumption_conditions,门票、指南、娱乐设施和媒体合作共同组织大众进入博览会的消费条件,票价和到场数字不能证明欲望、认同或具体使用,补访客日记、消费记录、销售、媒体读者和阶级比较,ACCEPTED_WITH_AUDIENCE_GAP,D:\Design-history-知识库\教材章节知识模型转换\11_语义复核批次\BATCH-003-CH02-EXPANDED\mappings\B0339_章节映射.csv
B0339,2.5,B,V2,exhibition_architecture_style_and_ideological_choice,水晶宫原型、历史主义、现代主义与Art Deco可作为展览媒介中风格政治的长时段线索,该书不承担家庭室内、新艺术对象的逐件形式和使用史,补建筑图纸、对象、委托、设计者和现场观看材料,ACCEPTED_AS_EXHIBITION_CONTEXT,D:\Design-history-知识库\教材章节知识模型转换\11_语义复核批次\BATCH-003-CH02-EXPANDED\mappings\B0339_章节映射.csv
B0339,2.6,A,V2,colonial_classification_human_display_and_visibility,殖民物产的去语境化分类、人类展示和核心／边缘空间共同制造帝国知识秩序,作者的批判解释不能替代被展示者声音、来源地档案与观众接受,补殖民档案、招募合同、被展示者记录、来源社群和观众材料,ACCEPTED_AS_CORE_SOURCE_WITH_ETHICAL_LIMITS,D:\Design-history-知识库\教材章节知识模型转换\11_语义复核批次\BATCH-003-CH02-EXPANDED\mappings\B0339_章节映射.csv
B0339,2.7,B,V2,exhibition_transfer_selection_and_reverse_appropriation_gap,国际展览提供对象、风格与国家形象跨境选择和再生产的制度场域,同场、可见或形式相似不等于影响；非西方反向挪用处理不足,补贸易、人员、委托、制作、评论与地方主体材料,ACCEPTED_WITH_TRANSFER_FOLLOWUP,D:\Design-history-知识库\教材章节知识模型转换\11_语义复核批次\BATCH-003-CH02-EXPANDED\mappings\B0339_章节映射.csv
B0339,3.6,B,V2,interwar_exhibition_architecture_and_visual_regime,一战后博览会的建筑、国家馆和展示编排可说明展览设计如何承载政治竞争,全书不是新摄影或新字体专史，视觉对象尚未逐图核验,补展览平面、照片、平面材料、设计档案和观众路径,ACCEPTED_AS_EXHIBITION_SUPPORT,D:\Design-history-知识库\教材章节知识模型转换\11_语义复核批次\BATCH-003-CH02-EXPANDED\mappings\B0339_章节映射.csv
B0339,5.1,A,V2,1925_paris_exposition_and_art_deco_production,1925年巴黎博览会是装饰艺术命名、国家竞争、展馆和消费风格交汇的核心事件,不能把博览会单独写成Art Deco的唯一来源或全球同步起点,补1925官方目录、展馆、对象、设计者、生产与国际接受,ACCEPTED_AS_CORE_CONTEXT,D:\Design-history-知识库\教材章节知识模型转换\11_语义复核批次\BATCH-003-CH02-EXPANDED\mappings\B0339_章节映射.csv
B0339,5.7,B,V2,style_nationalism_consumption_and_exclusion_ethics,风格选择、国家宣传、大众消费与边缘排除之间的关系可构成商业设计伦理争议,历史展览批判不能直接回答当代职业伦理,与企业、职业组织、消费者和对象级材料对读,ACCEPTED_AS_HISTORICAL_ETHICS_CONTEXT,D:\Design-history-知识库\教材章节知识模型转换\11_语义复核批次\BATCH-003-CH02-EXPANDED\mappings\B0339_章节映射.csv
B0339,6.2,C,V2,china_and_japan_at_world_fairs_as_external_view,中国、日本等参展线索可用于发现晚清东亚博览会研究问题,书中材料零散且主要从西方展览框架观察，不能承担中国国货意识史,补清末官档、参展目录、报刊、商人、工匠和回国传播,CONTEXT_ONLY_WITH_CHINA_P0_GAP,D:\Design-history-知识库\教材章节知识模型转换\11_语义复核批次\BATCH-003-CH02-EXPANDED\mappings\B0339_章节映射.csv
B0339,8.1,C,V2,interwar_national_pavilions_before_cold_war,1937年前后的国家馆对峙可作为战后冷战展览竞争的前史,止于1939年，不能证明冷战制度、观众或生活方式传播,补战后政府、展览、媒体、对象和观众材料,CONTEXT_ONLY_AS_PREHISTORY,D:\Design-history-知识库\教材章节知识模型转换\11_语义复核批次\BATCH-003-CH02-EXPANDED\mappings\B0339_章节映射.csv
B0339,15.6,C,V2,colonial_display_as_historiography_of_knowledge_position,对分类、可见性与帝国展示的批判可作为去殖民设计史的史学前提,1988年博览会史不是当代去殖民设计理论或实践证据,补来源社群、返还、共同策展和去殖民设计研究,CONTEXT_ONLY_AS_HISTORIOGRAPHY,D:\Design-history-知识库\教材章节知识模型转换\11_语义复核批次\BATCH-003-CH02-EXPANDED\mappings\B0339_章节映射.csv
B0342,0.4,A,V2,schroeder_house_artifact,施罗德宅（1924-25）：里特维尔德首座完整建筑，施罗德夫人为共同设计者而非单纯客户，1923底始设计、1924末入住、1985年夫人去世后修复,档案（Rietveld-Schröder档案）+当事人访谈（Overy 1988、Troy 1983）；与B0276共享施罗德宅对象，只计一份P0,clean L605-624、L639-646,ACCEPTED_AS_CORE_SOURCE,D:\Design-history-知识库\教材章节知识模型转换\11_语义复核批次\BATCH-005-CH04-BAUHAUS\mappings\B0342_章节映射.csv
B0342,0.4,A,V2,schroeder_not_concrete,施罗德宅并非混凝土建造：里特维尔德原想用混凝土板（当时新技术）而未实现,档案实证修正成说,clean L646,ACCEPTED_AS_CORE_SOURCE,D:\Design-history-知识库\教材章节知识模型转换\11_语义复核批次\BATCH-005-CH04-BAUHAUS\mappings\B0342_章节映射.csv
B0342,0.4,B,V2,red_blue_chair_artifact,红蓝椅（1918原型）：并非绝对全新发明，Wright、Berlage、Klaarhamer有先例；1930s起以两版本量产，1971年Cassina获授权,档案（Rietveld-Schröder档案价目表）+评论史对照（Giedion vs后起评论者）；与B0048共享红蓝椅对象，只计一份P0,clean L190-196、L211-214、L217,ACCEPTED_AS_CORE_SOURCE,D:\Design-history-知识库\教材章节知识模型转换\11_语义复核批次\BATCH-005-CH04-BAUHAUS\mappings\B0342_章节映射.csv
B0342,0.6,A,V2,oud_correction,Oud从未任鹿特丹市建筑师——通行说法错误之纠正,档案修正成说（Oud档案）,clean L701,ACCEPTED_AS_CORE_SOURCE,D:\Design-history-知识库\教材章节知识模型转换\11_语义复核批次\BATCH-005-CH04-BAUHAUS\mappings\B0342_章节映射.csv
B0342,0.6,A,V2,aubette_correction,Aubette并非纳粹毁坏——早在1930年已被大改,档案修正成说,clean L1333,ACCEPTED_AS_CORE_SOURCE,D:\Design-history-知识库\教材章节知识模型转换\11_语义复核批次\BATCH-005-CH04-BAUHAUS\mappings\B0342_章节映射.csv
B0342,0.6,A,V2,reproduction_elided_production,复制即生产：风格派生产自始高度依赖复制（杂志插图、展览、修复、重建、商品化、历史写作），「reproduction is elided into production」,Overy理论框架（末章），行动者文本与作者理论化表述分层,clean L1440-1467,ACCEPTED_AS_CORE_SOURCE,D:\Design-history-知识库\教材章节知识模型转换\11_语义复核批次\BATCH-005-CH04-BAUHAUS\mappings\B0342_章节映射.csv
B0342,2.5,B,V2,prehistory_contrast,风格派前史对照：立体主义、未来主义、通神学、Ruskin/Morris工艺美术背景、Wright建筑先例（范特霍夫、威尔斯、奥德）,Overy叙事框架+二手研究（Blotkamp、Troy）,clean L12-15、L18、L326,ACCEPTED_AS_CORE_SOURCE,D:\Design-history-知识库\教材章节知识模型转换\11_语义复核批次\BATCH-005-CH04-BAUHAUS\mappings\B0342_章节映射.csv
B0342,2.5,C,V2,mondrian_prehistory,蒙德里安1912移居巴黎学立体主义，通神学（Schoenmaekers《造型数学原理》）为几何化精神根源，战后滞留荷兰发展「Pier and Ocean」系列,Overy叙事框架（Ch01）,clean L12-25,ACCEPTED_AS_CORE_SOURCE,D:\Design-history-知识库\教材章节知识模型转换\11_语义复核批次\BATCH-005-CH04-BAUHAUS\mappings\B0342_章节映射.csv
B0342,3.5,A,V2,symbiotic_origin,风格派1917—1919年由蒙德里安、范德莱克、胡萨尔、杜斯堡四画家共生发展而成，非蒙德里安一人之功；1917年10月创刊为起点,Overy叙事框架（Ch01 L4-11）+书信互证；与B0048共享蒙德里安对象，只计一份P0,clean L8、L10,ACCEPTED_AS_CORE_SOURCE,D:\Design-history-知识库\教材章节知识模型转换\11_语义复核批次\BATCH-005-CH04-BAUHAUS\mappings\B0342_章节映射.csv
B0342,3.5,B,V2,diagonal_conflict_elementarism,对角线之争：蒙德里安正交平衡（水平=大地、垂直=人类）vs杜斯堡反构图/元素主义（对角线=运动、机械生命），1925年决裂；元素主义=动态非还原论抽象,Overy叙事框架+行动者文本（De Stijl 1926-27元素主义文章）；与B0363可能共享元素主义对象，只计一份P0,clean L141、L1025、L1034-1035,ACCEPTED_AS_CORE_SOURCE,D:\Design-history-知识库\教材章节知识模型转换\11_语义复核批次\BATCH-005-CH04-BAUHAUS\mappings\B0342_章节映射.csv
B0342,3.5,B,V2,unity_in_diversity,「多样中的统一」（unity in diversity）源自Berlage楔石概念，贯穿绘画构图、家具结构、建筑立面与住宅社区，为合作美学思想基础,Overy叙事框架；原文回查事项须落实,clean L341、L730两行未在grep结果中出现，须另行核对,ACCEPTED_AS_CORE_SOURCE,D:\Design-history-知识库\教材章节知识模型转换\11_语义复核批次\BATCH-005-CH04-BAUHAUS\mappings\B0342_章节映射.csv
B0342,3.5,A,V2,machine_aesthetic,杜斯堡1921年创用「机器美学」概念（Bouwkundig Weekblad三文），1923-4年后自我修正转向空间-时间/第四维度,Overy转述杜斯堡文章（行动者文本之转引）；「似乎首创」为Overy推断，须回查Bouwkundig Weekblad原文核实,clean L991、L1020、L1030-1031,ACCEPTED_AS_CORE_SOURCE,D:\Design-history-知识库\教材章节知识模型转换\11_语义复核批次\BATCH-005-CH04-BAUHAUS\mappings\B0342_章节映射.csv
B0342,3.5,A,V2,red_blue_chair_schroeder,里特维尔德红蓝椅（约1918）与施罗德宅（1924，与施罗德夫人合作）为风格派三维/空间实现；红蓝椅有Wright/Berlage/Klaarhamer先例，修正「绝对全新」成说,Overy综合叙述+引Frampton/Giedion；与B0048/B0276/B0363共享红蓝椅、施罗德宅对象（同一对象只计一份P0）,clean L182、L190-191、L211、L266-276,ACCEPTED_AS_CORE_SOURCE,D:\Design-history-知识库\教材章节知识模型转换\11_语义复核批次\BATCH-005-CH04-BAUHAUS\mappings\B0342_章节映射.csv
B0342,4.7,A,V2,de_stijl_international_transmission,风格派经杂志、展览、包豪斯、俄国先锋派、法国（Rosenberg展/Aubette）跨国传播，成为现代主义正典建构的一环；「De Stijl was never really a group」,Overy综合叙述；De Stijl杂志传播记录为行动者文本,clean L1062、L1096-1129、L1213、L1437-1453,ACCEPTED_AS_CORE_SOURCE,D:\Design-history-知识库\教材章节知识模型转换\11_语义复核批次\BATCH-005-CH04-BAUHAUS\mappings\B0342_章节映射.csv
B0342,4.7,A,V2,reproduction_as_production,「复制即生产」：风格派身份与经典地位由杂志、展览、修复、商品化与历史写作持续建构（接受史/再生产史命题）,Overy末章元理论命题，引用时须标注为其观点,clean L1441、L1453-1454、L1467,ACCEPTED_AS_CORE_SOURCE,D:\Design-history-知识库\教材章节知识模型转换\11_语义复核批次\BATCH-005-CH04-BAUHAUS\mappings\B0342_章节映射.csv
B0342,4.7,B,V2,american_canonization,美国经典化机制：Dreier 1926购《Composition in White and Black》并更名《Clarification》、Barr 1936称杜斯堡如文艺复兴人物、MOMA 1952-3展Johnson论证,Overy叙事框架（Ch10）,clean L1415-1427,ACCEPTED_AS_CORE_SOURCE,D:\Design-history-知识库\教材章节知识模型转换\11_语义复核批次\BATCH-005-CH04-BAUHAUS\mappings\B0342_章节映射.csv
B0342,4.7,B,V2,historiography_canon,历史写作建构正典：Jaffé 1956首部专论（至1980s档案开放为标准之作）、Banham 1960《Theory and Design in the First Machine Age》给风格派中心位置,Overy叙事框架（Ch10）,clean L1428-1439,ACCEPTED_AS_CORE_SOURCE,D:\Design-history-知识库\教材章节知识模型转换\11_语义复核批次\BATCH-005-CH04-BAUHAUS\mappings\B0342_章节映射.csv
B0345,0.2,B,V2,modernity_concept_dualism,现代性=工业化城市化消费化的社会文化条件（1900-1939），以消费为首要体验途径；Sparke“现代主义vs商业现代性”二分框架须标注为分析性框架,二分框架为语义复核层标注，原文无该术语；Part1/Part2时段划分是本书结构事实,回查Ch1/Ch4对照段落以确认二分在原文的呈现方式,ACCEPTED_AS_CORE_SOURCE,D:\Design-history-知识库\教材章节知识模型转换\11_语义复核批次\BATCH-006-CH05-COMMERCIAL\mappings\B0345_章节映射.csv
B0345,0.3,B,V2,design_history_deheroization,关系史转向：设计史应“去英雄化”，从天才设计师转向消费与日常物质文化；设计是生产-消费-身份的中介环节,学科史综述（Pevsner/Giedion/Banham谱系），属方法论声明,回查Introduction对1980年代设计史转向的论述原文,ACCEPTED_AS_CORE_SOURCE,D:\Design-history-知识库\教材章节知识模型转换\11_语义复核批次\BATCH-006-CH05-COMMERCIAL\mappings\B0345_章节映射.csv
B0345,5.2,A,V2,consumption_as_modernity_engine,消费是现代性的发动机：Veblen炫耀性消费→百货商店/邮购/广告/包装制度→中产女性消费者与品味扩张,理论以Veblen为纲、制度案例依赖Miller《Bon Marche》、Strasser等消费史二手文献,回查百货商店/广告制度的一手档案来源,ACCEPTED_AS_CORE_SOURCE,D:\Design-history-知识库\教材章节知识模型转换\11_语义复核批次\BATCH-006-CH05-COMMERCIAL\mappings\B0345_章节映射.csv
B0345,5.2,B,V2,american_consumer_system,美国大众消费体系：JWT等广告公司引入心理学、好莱坞输出美国生活方式影像、汽车大众化、消费信贷,通史综合，美英法制度对照为二手综述,回查JWT心理广告史料与Gartman《Auto Opium》论证,ACCEPTED_AS_CORE_SOURCE,D:\Design-history-知识库\教材章节知识模型转换\11_语义复核批次\BATCH-006-CH05-COMMERCIAL\mappings\B0345_章节映射.csv
B0345,5.2,B,V2,streamlining_commercial_modernity,流线型是商业现代性风格：1930年代普及（塑料模具工艺）、从汽车造型扩展到家电办公机具直至建筑；与Ch4现代主义霸权构成二分,“商业现代性”为分析性标注，原文以streamlining/modernistic呈现；流线型起源与商业挪用之辨需回查,回查流线型从航空/汽车向家电扩散的档案案例（Meikle）,ACCEPTED_AS_CORE_SOURCE,D:\Design-history-知识库\教材章节知识模型转换\11_语义复核批次\BATCH-006-CH05-COMMERCIAL\mappings\B0345_章节映射.csv
B0345,5.2,B,V2,americanization_of_europe,战后“美国化”：营销导向设计、咨询设计职业与流线型风格一同跨越大西洋，影响欧洲物质文化；与斯堪的纳维亚/意大利/日本的地方抵抗构成拉锯,美国化叙事为通史综合（引Masson & Thorburn），地方抵抗案例较简,回查De Grazia美国化研究与本卡5.2的对应,ACCEPTED_AS_CORE_SOURCE,D:\Design-history-知识库\教材章节知识模型转换\11_语义复核批次\BATCH-006-CH05-COMMERCIAL\mappings\B0345_章节映射.csv
B0345,5.3,B,V2,styling_and_planned_obsolescence,造型（styling）是“美国对艺术问题的回答”：GM Harley Earl企业造型部与年款换型/计划性过时把设计纳入销售工程,Earl/GM案例为二手转述；计划性过时的因果权重是通史争议点,回查GM造型部史（Earl档案）与计划性过时批评文献,ACCEPTED_AS_CORE_SOURCE,D:\Design-history-知识库\教材章节知识模型转换\11_语义复核批次\BATCH-006-CH05-COMMERCIAL\mappings\B0345_章节映射.csv
B0345,5.3,B,V2,advertising_desire_engineering,广告从信息传递转向欲望制造：市场研究与消费者心理学（JWT）、包装品牌化使“产品变为品牌”；Bel Geddes按市场细分设计Philco四种收音机,广告转型论据自Marchand《Advertising the American Dream》、Ewen等二手文献,回查Philco案例原始出处（Bel Geddes档案）,ACCEPTED_AS_CORE_SOURCE,D:\Design-history-知识库\教材章节知识模型转换\11_语义复核批次\BATCH-006-CH05-COMMERCIAL\mappings\B0345_章节映射.csv
B0345,5.5,A,V2,consultant_designer_profession,两次大战之间“consultant designer for industry”概念成熟：设计师职责是“creating sales”，需技术+文化+公众意识三重资质；美国咨询设计师多数时间投入redesign项目,职业定义与时间锚点为原文引文（clean第582、586、604行）；“多数时间投入redesign”为修正性证据,回查Ch3.2（clean L582-607）,ACCEPTED_AS_CORE_SOURCE,D:\Design-history-知识库\教材章节知识模型转换\11_语义复核批次\BATCH-006-CH05-COMMERCIAL\mappings\B0345_章节映射.csv
B0345,5.5,A,V2,designer_culture_emergence,设计师文化（设计师名字为对象/形象/环境附加价值）随第一代美国咨询设计师诞生，后经明星化、设计思维演进,Ch3/Ch8双章互证，属通史框架性命题,回查Ch8设计师文化成熟段与Foster《Design and Crime》批判的对应,ACCEPTED_AS_CORE_SOURCE,D:\Design-history-知识库\教材章节知识模型转换\11_语义复核批次\BATCH-006-CH05-COMMERCIAL\mappings\B0345_章节映射.csv
B0345,5.5,A,V2,international_diffusion,美国咨询设计模式战后向英（Keith Murray、CoID）、瑞典（Kåge、Sason）、意大利、日本扩散，各国设计促进机构介入,各国案例为通史综述，细节深度不一（英瑞较实、日较略）,回查各国设计促进机构成立史实,ACCEPTED_AS_CORE_SOURCE,D:\Design-history-知识库\教材章节知识模型转换\11_语义复核批次\BATCH-006-CH05-COMMERCIAL\mappings\B0345_章节映射.csv
B0345,5.5,A,V2,gender_correction,女性设计师（Gray、Perriand、Reich、Cooper）被正史遮蔽，本书以Anscombe《A Woman's Touch》等补写——职业史的性别修正命题,补写依赖女性设计史二手文献（Anscombe、Kirkham、Callen）,回查Kirkham主编《Women Designers in the USA》相关章节,ACCEPTED_AS_CORE_SOURCE,D:\Design-history-知识库\教材章节知识模型转换\11_语义复核批次\BATCH-006-CH05-COMMERCIAL\mappings\B0345_章节映射.csv
B0345,5.7,B,V2,design_ethics_turn,商业设计的伦理争议：从Papanek《Design for the Real World》到可持续、包容性、社会创新，21世纪设计被重新定义为“社会-环境责任”,第三版新增的最强价值命题；伦理转向为作者立场性论述，非档案事实,回查Papanek原文与Design Council可持续案例（2012网络档案）,ACCEPTED_AS_CORE_SOURCE,D:\Design-history-知识库\教材章节知识模型转换\11_语义复核批次\BATCH-006-CH05-COMMERCIAL\mappings\B0345_章节映射.csv
B0345,5.7,B,V2,celebrity_designer_critique,对设计师明星化与消费主义合谋持保留：引Foster《Design and Crime》批判，承认塑料等新材料“解放与浪费”并存,批判性综述，属通史解释框架而非档案证据,回查Foster《Design and Crime》论点与本书Ch8.2对应段落,ACCEPTED_AS_CORE_SOURCE,D:\Design-history-知识库\教材章节知识模型转换\11_语义复核批次\BATCH-006-CH05-COMMERCIAL\mappings\B0345_章节映射.csv
B0346,0.2,B,V2,modernity_as_italian_bid,“意大利设计是意大利争取现代性斗争之镜像”：本书以现代性为全书解释框架，“被确认的设计”、传统—现代双重矛盾、法西斯同时拥抱传统与现代均为现代性叙事,本书是意大利案例的现代性叙事而非现代性概念理论；其“传统/现代”二元处理含作者立场，须与理论文献配合使用,回查clean第45—47行、第370—371行（战间期对现代时代的深层矛盾态度）,ACCEPTED_AS_SUPPORTING_SOURCE,D:\Design-history-知识库\教材章节知识模型转换\11_语义复核批次\BATCH-004-CH03-AVANTGARDE\mappings\B0346_章节映射.csv
B0346,0.3,B,V2,relational_history_political_economy,本书示范关系史方法：政治—经济—文化三层并进，“低工资政策→出口竞争力→设计美学”因果链，国际参照系（美、德、日、北欧）贯穿，把设计嵌入产业与政治史,方法示范有效，但“低工资→设计美学”因果链是作者论证构造，具选择性；消费端缺席是关系史的重要盲区，引用时须保留这一批判视角,回查clean第729—734行（低工资与出口）、第82行（生产—消费脱节）、第1170—1175行（经济奇迹与大众消费）,ACCEPTED_AS_SUPPORTING_SOURCE,D:\Design-history-知识库\教材章节知识模型转换\11_语义复核批次\BATCH-004-CH03-AVANTGARDE\mappings\B0346_章节映射.csv
B0346,0.6,C,V2,evidence_bias_secondary_synthesis,本书可作为证据偏差教学案例：通史依赖当代期刊评论与公司档案，“proto-design”是1983年回顾性分类（作者自承历史方法问题）；“大师史”叙事使匿名生产者与女设计师结构性缺席,本书非档案一手史；用于0.6时须与原始档案、宣言文本对照，其叙述层与档案事实层须分离,回查clean第372—373行、第1584—1593行（匿名生产者的结构性承认但无个体证据）,CONTEXT_ONLY,D:\Design-history-知识库\教材章节知识模型转换\11_语义复核批次\BATCH-004-CH03-AVANTGARDE\mappings\B0346_章节映射.csv
B0346,1.6,B,V2,concept_competition_rationalism_novecento,1930年代Rationalism与Novecento竞争“法西斯风格”地位：理性主义因国际主义与风格激进败北，新古典Novecento胜出；概念竞争结果由政治偏好（Mussolini）裁决而非美学优胜,本书明确呈现为争夺官方风格的概念竞争；“理性主义日后被追认为战后设计训练场”是事后追溯，非当时共识，引用时须标注,回查clean第596—605行（两者竞争与胜出、理性主义作为战后训练场）,ACCEPTED_AS_SUPPORTING_SOURCE,D:\Design-history-知识库\教材章节知识模型转换\11_语义复核批次\BATCH-004-CH03-AVANTGARDE\mappings\B0346_章节映射.csv
B0346,2.5,B,V2,stile_liberty_italian_art_nouveau,意大利新艺术（Stile Liberty）：1902年都灵国际展标志意大利进入国际新艺术语境，巴洛克—花卉特征，Carlo Bugatti受非洲文化影响的家具、Raimondo D'Aranco与ebanisti高级细木工传统,本书对Stile Liberty的论述较短，主要服务于“传统—现代双轨”论证；Bugatti家具与1902展有图版实物证据,回查clean第200—205行、第285—286行（Stile Liberty定名）、第238—250行（Bugatti与ebanisti）,ACCEPTED_AS_SUPPORTING_SOURCE,D:\Design-history-知识库\教材章节知识模型转换\11_语义复核批次\BATCH-004-CH03-AVANTGARDE\mappings\B0346_章节映射.csv
B0346,3.1,C,V2,war_urban_mechanical_perception_background,一战“工业动员”使意大利进入国家补贴的“production at any cost”体制（Fiat从6000人增至30000人）；机械时代感知以速度美学与机器崇拜为标志，机械化城市构想（Sant'Elia的未来之城）为其空间表达,本书以工业史与政治史角度处理战争与都市，非感知史专论，“机械感知”术语未出现；仅可作为3.1的背景性转述来源,回查clean第398—401行（一战工业动员与国家补贴）、第351—364行（速度美学与未来城市构想）,CONTEXT_ONLY,D:\Design-history-知识库\教材章节知识模型转换\11_语义复核批次\BATCH-004-CH03-AVANTGARDE\mappings\B0346_章节映射.csv
B0346,3.2,A,V2,futurism_italian_avantgarde_context,意大利未来主义是机械时代的美学先声：速度、图像碎片化、线条动感与机械时代生活激情构成其创作基础；其设计面向（Sant'Elia/Chiattone的未来城市建筑构想、Balla的服装设计）停留在高雅文化层面，未进入日常生产；其极端个人主义与“浪漫民族主义”直接通向法西斯，1920年代后成员与法西斯政治立场关联,本书对未来主义设计仅约12行正文加图注，属通史综述而非未来主义专论；“通向法西斯”是作者史家判断，须以未来主义宣言原文（B0027类一手来源）互补；本书未引用宣言正文,回查clean第351—369行：FUTURISM专节标题、速度美学、Sant'Elia/Chiattone 1914年构想、Balla 1914年服装、法西斯关联表述,ACCEPTED_AS_CORE_SOURCE,D:\Design-history-知识库\教材章节知识模型转换\11_语义复核批次\BATCH-004-CH03-AVANTGARDE\mappings\B0346_章节映射.csv
B0346,3.3,X,V2,dada_montage_not_covered,本书未涉及达达与蒙太奇；反设计语境中对Duchamp现成品的援引属1960年代Castiglioni照明设计讨论，与一战达达无传播证据,无内容支撑3.3；如需达达—意大利关联须另寻来源，本书明确排除,回查clean第1316、1324行；全书实体索引无Dada条目,EXCLUDE_AS_NOT_COVERED,D:\Design-history-知识库\教材章节知识模型转换\11_语义复核批次\BATCH-004-CH03-AVANTGARDE\mappings\B0346_章节映射.csv
B0346,3.4,X,V2,constructivism_productionism_not_covered,本书仅在第九届三年展展示设计图注中提及Max Huber的结构“受构成主义者影响”，无俄国构成主义与生产主义的实质论述,单一图注提及不构成覆盖，排除,回查clean第863行（图注）,EXCLUDE_AS_NOT_COVERED,D:\Design-history-知识库\教材章节知识模型转换\11_语义复核批次\BATCH-004-CH03-AVANTGARDE\mappings\B0346_章节映射.csv
B0346,3.5,X,V2,de_stijl_universal_order_not_covered,本书未提及风格派（De Stijl）、蒙德里安或凡·杜斯堡，无普遍秩序论述,无内容，排除,回查：全书实体总索引与各章实体清单均无De Stijl条目,EXCLUDE_AS_NOT_COVERED,D:\Design-history-知识库\教材章节知识模型转换\11_语义复核批次\BATCH-004-CH03-AVANTGARDE\mappings\B0346_章节映射.csv
B0346,3.6,C,V2,olivetti_visual_programme_exhibition_design,奥利维蒂的图形现代化（包豪斯训练的Schawinsky以摄影+排印革新图像、Pintori海报、Nizzoli平面出身）与三年展展览设计（Persico/Palanti/Nizzoli 1936年“Victory Salon”）是意大利语境下新视觉语言的对应物,本书是公司史与展览史叙述，非“新摄影、新字体”运动的国际论述；若3.6需意大利对照案例可降级引用，不宜作为核心来源,回查clean第462—464行（奥利维蒂图形革命）、第377—378行（Victory Salon图注）、第102—105行（Nizzoli的Campari广告与其平面出身）,CONTEXT_ONLY,D:\Design-history-知识库\教材章节知识模型转换\11_语义复核批次\BATCH-004-CH03-AVANTGARDE\mappings\B0346_章节映射.csv
B0346,3.7,B,V2,transnational_avantgarde_networks_italy,意大利先锋的跨国网络有实证接触链：包豪斯训练的Alexander Schawinsky受雇奥利维蒂、乌尔姆理论（Maldonado）与意大利设计批评对话、Memphis 1981年吸纳Hollein/Graves/Isozaki/Mariscal等国际建筑师为成员、国际设计师为意大利品牌工作,雇佣与成员制属接触/委托证据，可支撑传播链；乌尔姆影响是理论对话而非直接委托，须与雇佣证据区分；“同场展出”类证据不可直接推断影响,回查clean第462—464行（Schawinsky受雇）、第1439行（乌尔姆参照）、第2095—2097行（Memphis国际成员）、第2160—2162行（国际双向交流）,ACCEPTED_AS_SUPPORTING_SOURCE,D:\Design-history-知识库\教材章节知识模型转换\11_语义复核批次\BATCH-004-CH03-AVANTGARDE\mappings\B0346_章节映射.csv
B0346,4.7,C,V2,canon_translation_italian_case,现代运动正典在意大利的区域转译：Gruppo Sette 1926年宣言既呼应欧洲现代主义又主张与古典传统连续；包豪斯训练的设计师进入奥利维蒂；战后Cassina 1965年复刻Le Corbusier、Gavina复刻Breuer包豪斯椅，经典通过意大利产业被商品化转译,本书的转译证据在雇佣与产品复刻层面，非制度转译机制；若4.7需要包豪斯—意大利的制度链，本书仅提供片段,回查clean第512—540行（Gruppo Sette宣言与双重定位）、第1282—1303行（Le Corbusier与Breuer复刻）,CONTEXT_ONLY,D:\Design-history-知识库\教材章节知识模型转换\11_语义复核批次\BATCH-004-CH03-AVANTGARDE\mappings\B0346_章节映射.csv
B0346,5.4,B,V2,streamlining_italian_adaptation,流线型的跨国迁移与意大利改造：Fiat 1500（1935）仿Chrysler Airflow、Pininfarina为Lancia Aprilia设计翼形车身、Breda机车采用克制版流线型；战后意大利人把美国流线型简化、去装饰化,作者明确指出意大利对美式流线型的改造而非照搬，符合“风格相似不等于影响”的边界；流线型叙述分散于多章无专节，须跨段拼接,回查clean第422—426行、第692—695行（Breda机车与流线型图注）、第819—820行（意大利式改造）,ACCEPTED_AS_SUPPORTING_SOURCE,D:\Design-history-知识库\教材章节知识模型转换\11_语义复核批次\BATCH-004-CH03-AVANTGARDE\mappings\B0346_章节映射.csv
B0346,5.5,B,V2,industrial_design_profession_italy,工业设计职业的意大利形成路径：“industrial design”与“consultant designer”概念自美国输入后被建筑师传统改造为较少商业化的实践；战后建筑师因建筑项目匮乏转行产品设计；ADI（1956）与Compasso d'Oro（1954）构成职业制度,本书提供与美国职业史相对的意大利对照案例；设计师叙述偏“大师史”，匿名从业者缺席,回查clean第86—96行、第825行（概念输入与改造）、第1133行（Compasso d'Oro）、第1472—1473行（ADI与金圆规）,ACCEPTED_AS_SUPPORTING_SOURCE,D:\Design-history-知识库\教材章节知识模型转换\11_语义复核批次\BATCH-004-CH03-AVANTGARDE\mappings\B0346_章节映射.csv
B0348,0.3,A,V2,production_business_object_and_reception_method,书籍设计史可把理念、工序、企业、劳动、市场与接受连成可核机制链,单一名人—机构个案不能代表全部工艺美术生产,与其他企业、普通印刷厂和劳动史比较,ACCEPTED_AS_METHOD,D:\Design-history-知识库\教材章节知识模型转换\11_语义复核批次\BATCH-003-CH02-EXPANDED\mappings\B0348_章节映射.csv
B0348,0.5,A,V2,diary_letters_ledger_proofs_press_and_objects,日记、通信、账簿、校样、试页、报刊和实物可互校行动者记忆与生产事实,资料保存受Cockerell角色和藏所收集史影响,回档案号、纸本页码、账簿结构、实物和图版,ACCEPTED_AS_SOURCE_METHOD,D:\Design-history-知识库\教材章节知识模型转换\11_语义复核批次\BATCH-003-CH02-EXPANDED\mappings\B0348_章节映射.csv
B0348,0.6,A,V2,morris_cockerell_worker_gender_archive_and_anglophone_bias,名人中心、档案保存者偏差、工人／女性缺口和英语世界重心须进入审计,材料丰富不等于主体覆盖完整,补工人、女性、外包者、顾客与非英语接受材料,ACCEPTED_AS_EVIDENCE_AUDIT,D:\Design-history-知识库\教材章节知识模型转换\11_语义复核批次\BATCH-003-CH02-EXPANDED\mappings\B0348_章节映射.csv
B0348,1.3,A,V2,type_design_reproduction_workflow_and_control,字体设计、冲模、机器铸字、电铸、摄影转刻和版面规范说明构思—复制—控制的多阶段分工,Morris全要素控制不等于亲手执行全部工序,逐对象补制作者、图样、账单、工序与署名,ACCEPTED_AS_CORE_PRODUCTION_SOURCE,D:\Design-history-知识库\教材章节知识模型转换\11_语义复核批次\BATCH-003-CH02-EXPANDED\mappings\B0348_章节映射.csv
B0348,1.4,A,V2,paper_ink_type_press_and_material_constraints,手工纸、墨、字体尺度、手压机与复制技术共同限定书页形式、成本和产量,材料选择的审美解释仍需实物和技术核验,补纸张水印、墨色、尺寸、设备、印数和保存状态,ACCEPTED_WITH_OBJECT_VERIFICATION,D:\Design-history-知识库\教材章节知识模型转换\11_语义复核批次\BATCH-003-CH02-EXPANDED\mappings\B0348_章节映射.csv
B0348,1.5,A,V2,book_as_collective_authorship_and_hidden_labour,Morris、Walker、Prince、Batchelor、Burne-Jones、转刻者、印工、编辑和校对共同形成书籍作者网络,档案可见度不等于贡献大小，女性与印工声音较弱,补工人自述、工资、任务、署名和性别材料,ACCEPTED_AS_CORE_AUTHORSHIP_SOURCE,D:\Design-history-知识库\教材章节知识模型转换\11_语义复核批次\BATCH-003-CH02-EXPANDED\mappings\B0348_章节映射.csv
B0348,1.6,A,V2,book_designer_printer_editor_manager_and_craft_roles,书设计师、印刷者、编辑、秘书、刻工和企业管理等角色的区分可进入职业概念史,‘发明书设计师’是作者解释，Moxon等前史已构成反例,补同期称谓、职位、合同和更长印刷职业史,ACCEPTED_WITH_PRIORITY_CLAIM_AUDIT,D:\Design-history-知识库\教材章节知识模型转换\11_语义复核批次\BATCH-003-CH02-EXPANDED\mappings\B0348_章节映射.csv
B0348,2.3,A,V2,ideal_book_socialism_division_of_labour_and_collectors,理想书、社会主义、工人待遇、严格控制、昂贵商品和收藏市场共同构成劳动伦理的实践矛盾,管理者证词和保守账目不能证明工人获得解放,与Ruskin、B0070、B0133、工人及消费者材料对读,ACCEPTED_AS_CORE_SOURCE,D:\Design-history-知识库\教材章节知识模型转换\11_语义复核批次\BATCH-003-CH02-EXPANDED\mappings\B0348_章节映射.csv
B0348,2.4,A,V2,pricing_discount_speculation_piracy_and_collecting_market,价格、版本、折扣、投机、盗版与跨洋复制说明设计价值如何被市场组织,市场价格不能等同于审美接受或使用意义,补顾客、阅读、流通、图书馆和二手市场记录,ACCEPTED_AS_CORE_MARKET_CASE,D:\Design-history-知识库\教材章节知识模型转换\11_语义复核批次\BATCH-003-CH02-EXPANDED\mappings\B0348_章节映射.csv
B0348,2.5,A,V2,typography_ornament_illustration_and_unified_page,字体、页边距、装饰、插图与文本的整体编排构成工艺美术的书籍环境,著名Chaucer重页不是全部Kelmscott书的代表，当前未逐图核验,补不同开本、普通页面、实物、图像和阅读使用,ACCEPTED_WITH_VISUAL_FOLLOWUP,D:\Design-history-知识库\教材章节知识模型转换\11_语义复核批次\BATCH-003-CH02-EXPANDED\mappings\B0348_章节映射.csv
B0348,2.7,A,V2,printing_exhibitions_piracy_and_transatlantic_reproduction,展览、代理、报刊、摄影复制、仿制字体与地方出版社形成可追踪的跨境再生产链,复制、仿制与市场知名度不等于思想或社会理想被接受,按人物、技术、企业、对象和评论分层核验,ACCEPTED_WITH_TRANSFER_FOLLOWUP,D:\Design-history-知识库\教材章节知识模型转换\11_语义复核批次\BATCH-003-CH02-EXPANDED\mappings\B0348_章节映射.csv
B0348,3.6,B,V2,private_press_to_twentieth_century_typographic_debate,Kelmscott经Doves、Vale、商业印刷与功能主义批评进入20世纪字体和版式论争,不是新摄影、新字体或先锋排版的核心专史,补相关设计者原文、对象、学校、企业和传播材料,ACCEPTED_AS_PREHISTORY,D:\Design-history-知识库\教材章节知识模型转换\11_语义复核批次\BATCH-003-CH02-EXPANDED\mappings\B0348_章节映射.csv
B0348,5.5,B,V2,book_designer_and_commercial_print_professionalization,全要素协调与商业印刷接受可作为平面／书籍设计职业化的具体前史,私人出版社不能替代20世纪职业组织、教育和企业职位史,补协会、课程、合同、职位、工资和商业印刷档案,ACCEPTED_AS_PROFESSIONALIZATION_PREHISTORY,D:\Design-history-知识库\教材章节知识模型转换\11_语义复核批次\BATCH-003-CH02-EXPANDED\mappings\B0348_章节映射.csv
B0363,0.2,B,V2,modernity_concept_historicized,以“第一/第二机器时代”二分及“机器美学/象征性语言”分析，示范“现代性”如何在1960年被历史化表述，可作为现代性概念教学的经典案例,分期与“跑赢技术”论属Banham 1960年史学建构，引用须标注框架而非当作中性定义,回查L110-133、L3670-3672（加速变化）、L3696-3700,ACCEPTED_AS_SUPPORTING_SOURCE,D:\Design-history-知识库\教材章节知识模型转换\11_语义复核批次\BATCH-004-CH03-AVANTGARDE\mappings\B0363_章节映射.csv
B0363,0.3,A,V2,hero_lineage_to_relational_history,本书是对Pevsner英雄谱系的直接修正——“链条在格罗皮乌斯处断掉”、机器时代美学由“别处别人”创制，并以跨国关系网络替代单一先驱链，是“从英雄谱系到关系史”的范例文本,作者仍以“人物—著作—作品”组织叙事，关系史化程度有限；其对Giedion的批判同样是立场性建构,回查L147-150、L3438-3461（Giedion方法论批判）、L3667,ACCEPTED_AS_CORE_SOURCE,D:\Design-history-知识库\教材章节知识模型转换\11_语义复核批次\BATCH-004-CH03-AVANTGARDE\mappings\B0363_章节映射.csv
B0363,0.4,B,V2,artifact_as_historical_evidence,人工物（Fagus、Barcelona Pavilion、Villa Savoye）被当作检验理论主张的证据而非风格标本，示范“人工物如何成为史料”，含照片选择对证据效力的影响,以建筑作品与家具为主，日用工业品史料有限（Dymaxion为少数例外）,回查L859-863（Fagus祛魅）、L3586-3636（两建筑检验）、L3655-3666（Dymaxion）,ACCEPTED_AS_SUPPORTING_SOURCE,D:\Design-history-知识库\教材章节知识模型转换\11_语义复核批次\BATCH-004-CH03-AVANTGARDE\mappings\B0363_章节映射.csv
B0363,0.5,B,V2,image_archive_oral_digital_traces,图像证据偏差（“敌对性照片选择”改变建筑现代性观感）、档案考据（Messaggio/Manifesto归属）、回忆录与访谈为0.5的史料类型提供案例,无数字痕迹维度；口述仅作辅证，作者对回忆录可信度保留态度,回查L859-860、L1516-1534、L1210、L1742-1745、L2180-2188,ACCEPTED_AS_SUPPORTING_SOURCE,D:\Design-history-知识库\教材章节知识模型转换\11_语义复核批次\BATCH-004-CH03-AVANTGARDE\mappings\B0363_章节映射.csv
B0363,0.6,B,V2,evidence_bias_and_absentees,本书自陈视野限于中上阶级、未来主义反女权与家庭电气化女性点到即止，本身即“证据偏差与缺席者”的案例文本；照片选择与归属考据展示偏差机制,作者未系统处理缺席者问题，精英视角是其史学限度的暴露而非自觉方法,回查L127-133、L859-860、L1516-1534,ACCEPTED_AS_SUPPORTING_SOURCE,D:\Design-history-知识库\教材章节知识模型转换\11_语义复核批次\BATCH-004-CH03-AVANTGARDE\mappings\B0363_章节映射.csv
B0363,1.6,C,V2,design_concept_competition_background,Muthesius的“质量/形式/类型”话语（Werkbund）与1925年巴黎装饰艺术展提供“设计”概念竞争与“装饰艺术”定位的背景材料,本书未系统比较“工业艺术/装饰艺术/设计”三概念，装饰艺术仅作现代主义对照出场,回查L762、L813-816（Muthesius）、L2466-2478（1925展）,CONTEXT_ONLY,D:\Design-history-知识库\教材章节知识模型转换\11_语义复核批次\BATCH-004-CH03-AVANTGARDE\mappings\B0363_章节映射.csv
B0363,3.1,A,V2,machine_age_mechanical_perception,机械化都市与速度经验（电力入户、汽车驾驶、米兰工业化骤变）构成前卫艺术—设计的新感性，未来主义战争净化论为其政治底色（均以Banham的“第一/第二机器时代”框架表述）,以机械感知与都市经验为主体，战争维度仅见于宣言表态，本书非战争史研究；“第一机器时代”分期是Banham 1960年命题,回查导言L110-133的两时代界定与米兰“旧运河—新电车”对照,ACCEPTED_AS_CORE_SOURCE,D:\Design-history-知识库\教材章节知识模型转换\11_语义复核批次\BATCH-004-CH03-AVANTGARDE\mappings\B0363_章节映射.csv
B0363,3.2,A,V2,futurism_manifesto_motion_politics,未来主义以宣言形式把“速度—机器—都市”铸成新文化价值，并从文学姿态扩展为绘画/雕塑/建筑理论（奠基宣言→技术宣言→Sant'Elia建筑宣言），其战争政治与反传统姿态构成教材3.2的核心史料,宣言文本（P0）证明行动者主张，不证明作品效果与公众接受；Sant'Elia建筑多未建成，国际声望“几乎全靠Marinetti推销”,回查Ch8-10逐句解读与Messaggio/Manifesto作者归属差分,ACCEPTED_AS_CORE_SOURCE,D:\Design-history-知识库\教材章节知识模型转换\11_语义复核批次\BATCH-004-CH03-AVANTGARDE\mappings\B0363_章节映射.csv
B0363,3.3,C,V2,dada_montage_edge_evidence,达达在本书仅以边缘角色出场：de Stijl的Bonset/Camini假名成员、Duchamp现成品逻辑、Barcelona Pavilion的Dada式不谐，可作达达与抽象运动交集的补充证据,蒙太奇（摄影蒙太奇）在本书基本缺席，达达无专章，不能作为达达运动主体史料,回查L2115-2117、L2373-2375、L3608-3609,CONTEXT_ONLY,D:\Design-history-知识库\教材章节知识模型转换\11_语义复核批次\BATCH-004-CH03-AVANTGARDE\mappings\B0363_章节映射.csv
B0363,3.4,C,V2,russian_constructivism_international_reception,构成主义以Lissitsky的Proun、构成主义国际（1922杜塞尔多夫大会）与Melnikov展馆等“国际传播”形态进入本书叙述，可作3.4的接受史补充,均为西欧接受视角，俄国本土构成主义—生产主义（Lef、罗琴科、呼捷玛斯）不在本书范围,回查L2118、L2201-2215（Proun）、L2222-2228（大会）、L2471-2478（Melnikov馆）,CONTEXT_ONLY,D:\Design-history-知识库\教材章节知识模型转换\11_语义复核批次\BATCH-004-CH03-AVANTGARDE\mappings\B0363_章节映射.csv
B0363,3.5,A,V2,de_stijl_universal_order,风格派把抽象绘画哲学转写为建筑—设计理论：“机器=精神纪律”的机器美学、Elementarism元素空间观、Mondriaan新造型主义与Rietveld椅/施罗德宅，构成教材3.5的核心史料,本书聚焦理论文本与少量建筑家具，成员关系与后期史以Jaffé等二手文献与访谈为据,回查Ch12与Ch14：机器美学L1781-1784、Elementarism L2139-2154,ACCEPTED_AS_CORE_SOURCE,D:\Design-history-知识库\教材章节知识模型转换\11_语义复核批次\BATCH-004-CH03-AVANTGARDE\mappings\B0363_章节映射.csv
B0363,3.6,C,V2,exhibition_standardization_visual_education,展览事件（1925巴黎装饰艺术展、1927 Weissenhof、1929巴塞罗那馆）、DIN-Format标准化与Moholy视觉—摄影教育提供3.6的零散材料,新摄影、新字体非本书主题；展览仅作事件出场，无展览设计本身的系统分析,回查L2466-2478（1925展）、L854-855（DIN）、L3463-3563（Moholy视觉教育）,CONTEXT_ONLY,D:\Design-history-知识库\教材章节知识模型转换\11_语义复核批次\BATCH-004-CH03-AVANTGARDE\mappings\B0363_章节映射.csv
B0363,3.7,A,V2,transnational_avantgarde_network,1900—1930欧洲前卫构成跨国网络：Wright经Berlage/Ashbee进入荷兰、未来主义文件经Marinetti传入de Stijl、van Doesburg巡回与杜塞尔多夫大会、Lissitsky传教士角色，是教材3.7的机制性史料,网络以人物中介与印刷媒介（de Stijl、L'Esprit Nouveau、G）为线索，非完整的机构与资金网络史,回查L1663-1718（Wright接受）、L1553与L1808-1810（Marinetti文件）、L2108-2228（巡回与大会）,ACCEPTED_AS_CORE_SOURCE,D:\Design-history-知识库\教材章节知识模型转换\11_语义复核批次\BATCH-004-CH03-AVANTGARDE\mappings\B0363_章节映射.csv
B0363,4.1,A,V2,werkbund_enterprise_system,德意志制造联盟成立（1907）、Behrens受聘AEG、Muthesius类型论（Wo stehen wir?）与工厂美学（Fagus、AEG涡轮机厂房）是教材“改革联盟与企业系统”的直接史料,以Muthesius文本与建筑作品为主；联盟内部争论（van de Velde 1914“类型或个性”）有记录，但企业经济机制未展开,回查Ch5-6（L716-958）、Wo stehen wir?（L766-832）、DIN-Format（L854-855）,ACCEPTED_AS_CORE_SOURCE,D:\Design-history-知识库\教材章节知识模型转换\11_语义复核批次\BATCH-004-CH03-AVANTGARDE\mappings\B0363_章节映射.csv
B0363,4.2,B,V2,weimar_bauhaus_preliminary_course,魏玛包豪斯（1919-1923）：两校合并、1919宣言、Itten初步课程（Vorkurs）与“做中学”，作为“魏玛包豪斯与基础课程”的关键机制材料,Banham视角批判（早期包豪斯“机器缺席”令人惊讶），教学细读以Gropius《Idee und Aufbau》文本为主,回查L3164-3304、L3205-3216（Vorkurs）,ACCEPTED_AS_SUPPORTING_SOURCE,D:\Design-history-知识库\教材章节知识模型转换\11_语义复核批次\BATCH-004-CH03-AVANTGARDE\mappings\B0363_章节映射.csv
B0363,4.3,B,V2,bauhaus_1923_institutional_turn,1923年制度转向：Itten离校、Moholy加入、Art and Technology展与Am Horn宅、“机器为现代设计媒介”转向，直接对应“1923年的制度转向”,作者指出转向中Formlehre内容实为学院式（Blanc式），引用转向叙事须连同其批判一并呈现,回查L3219-3269（Idee und Aufbau）、L3284-3306（转型与迁德绍）,ACCEPTED_AS_SUPPORTING_SOURCE,D:\Design-history-知识库\教材章节知识模型转换\11_语义复核批次\BATCH-004-CH03-AVANTGARDE\mappings\B0363_章节映射.csv
B0383,0.3,B,V2,material_observation_moral_criticism_actor_method,现场、构造、装饰和历史文献如何被19世纪批评者组织为文明判断，可作史学案例,规范性道德推演不能升级为现代经验方法,与现代建筑史、劳动史、宗教史和物质分析对读,ACCEPTED_AS_ACTOR_METHOD_CASE,D:\Design-history-知识库\教材章节知识模型转换\11_语义复核批次\BATCH-003-CH02-EXPANDED\mappings\B0383_章节映射.csv
B0383,0.5,A,V2,primary_actor_text_measurement_and_argument,Ruskin原文可证明其本人如何表述建筑、劳动、工艺和消费责任,本地只含两卷且OCR／图版不完整，当前仍为V2,核定纸本版次、卷页、图版、上下文和第三卷范围,ACCEPTED_AS_P0_ACTOR_TEXT_WITH_VERSION_LIMIT,D:\Design-history-知识库\教材章节知识模型转换\11_语义复核批次\BATCH-003-CH02-EXPANDED\mappings\B0383_章节映射.csv
B0383,0.6,A,V2,religious_teleology_racialized_geography_worker_and_ocr_bias,宗教目的论、民族／地理本质化、工人证据缺口和数字本残损须进入审计,指出偏见不等于否定其历史影响，也不等于接受其结论,补同时代反对意见、劳动档案、地区研究与完整版本,ACCEPTED_AS_EVIDENCE_AUDIT,D:\Design-history-知识库\教材章节知识模型转换\11_语义复核批次\BATCH-003-CH02-EXPANDED\mappings\B0383_章节映射.csv
B0383,1.3,A,V2,division_of_labour_judgement_and_execution,‘被分割的是人而非劳动’说明同期批评者如何理解构思、判断与重复执行的分离,不能据此证明所有工厂或中世纪工场的真实劳动关系,补工厂账目、工资、工时、技术、工人和行业材料,ACCEPTED_AS_CORE_ACTOR_ARGUMENT,D:\Design-history-知识库\教材章节知识模型转换\11_语义复核批次\BATCH-003-CH02-EXPANDED\mappings\B0383_章节映射.csv
B0383,1.4,B,V2,stone_structure_ornament_material_and_distance,石材、构造、荷载、装饰取材与观看距离显示材料系统如何约束形式判断,图版缺失且测量未复核，不能直接采用具体视觉或数字结论,补扫描图版、建筑实测、修复记录和现代技术史,ACCEPTED_WITH_VISUAL_TECHNICAL_GAP,D:\Design-history-知识库\教材章节知识模型转换\11_语义复核批次\BATCH-003-CH02-EXPANDED\mappings\B0383_章节映射.csv
B0383,1.5,B,V2,anonymous_workman_and_architect_control,工人的判断、变化与不完美被用来反对建筑师对制作的完全控制,这是Ruskin的伦理解释，不是匿名工人的自述或作者权事实,补工匠姓名、合同、工资、工场规制和制作痕迹,ACCEPTED_AS_ACTOR_CRITIQUE,D:\Design-history-知识库\教材章节知识模型转换\11_语义复核批次\BATCH-003-CH02-EXPANDED\mappings\B0383_章节映射.csv
B0383,1.6,B,V2,architecture_decorative_art_workman_and_design_terms,architecture、ornament、design、workman等同期用法可补设计概念的19世纪语境,不能直接对应现代设计师职业分类,补同期词典、学校、企业和行业称谓,ACCEPTED_AS_CONCEPT_HISTORY_SUPPORT,D:\Design-history-知识库\教材章节知识模型转换\11_语义复核批次\BATCH-003-CH02-EXPANDED\mappings\B0383_章节映射.csv
B0383,2.3,A,V2,nature_of_gothic_labour_freedom_and_consumer_duty,工人自由、不完美、劳动分工和消费者责任构成Ruskin劳动伦理的核心行动者文本,哥特形式不证明工人实际自由，宗教优越论不进入教材事实陈述,与Morris、企业史、劳动档案、批评者和对象材料对读,ACCEPTED_AS_CORE_P0_ACTOR_SOURCE,D:\Design-history-知识库\教材章节知识模型转换\11_语义复核批次\BATCH-003-CH02-EXPANDED\mappings\B0383_章节映射.csv
B0383,2.5,B,V2,architecture_ornament_nature_and_total_environment,构造、装饰、自然形式和建筑整体的关系构成工艺美术总体环境的重要思想前史,不等于唯美主义、新艺术或具体室内的生产与使用史,补对象、室内、委托、工场、图像和用户材料,ACCEPTED_AS_INTELLECTUAL_PREHISTORY,D:\Design-history-知识库\教材章节知识模型转换\11_语义复核批次\BATCH-003-CH02-EXPANDED\mappings\B0383_章节映射.csv
B0383,2.7,X,V2,racialized_style_genealogy_without_transfer_chain,不使用其希腊／阿拉伯／拜占庭／哥特‘血统’叙述证明跨境影响或地方现代性,地理—宗教本质化且缺贸易、人员、翻译、制作与接收方证据,改用跨区域建筑史、贸易、工匠迁移和地方档案,EXCLUDE_AS_TRANSFER_CORE_SOURCE,D:\Design-history-知识库\教材章节知识模型转换\11_语义复核批次\BATCH-003-CH02-EXPANDED\mappings\B0383_章节映射.csv
B0383,15.4,C,V2,workman_judgement_as_distant_participation_genealogy,工人判断空间可作为参与式设计与劳动民主讨论的远距离思想谱系,19世纪规范论不能替代当代参与机制、权力与效果证据,补当代理论、项目、参与者和效果评估,CONTEXT_ONLY_AS_GENEALOGY,D:\Design-history-知识库\教材章节知识模型转换\11_语义复核批次\BATCH-003-CH02-EXPANDED\mappings\B0383_章节映射.csv
B0409,0.6,A,V2,evidence_bias_icc_statistics,证据偏差：美欧统计数据丰瘠对照；ICC以“客观与分析式攻击”用数字制造“市场”表面；欧洲统计偏见——法国重农倾向统计谷物价格与出口、德国为保护Mittelstand统计零售商、豁免资产阶级而深挖工人家庭预算,数据来源单一（ICC与官方统计）；作者自承欧洲数据稀薄，部分份额数字系估算,clean L27-28；L34-35,ACCEPTED_AS_CORE_SOURCE,D:\Design-history-知识库\教材章节知识模型转换\11_语义复核批次\BATCH-006-CH05-COMMERCIAL\mappings\B0409_章节映射.csv
B0409,0.6,A,V2,anthology_framework_bias,文集层面：美欧比较与“选择性接受—变形”框架为编者建构，多作者各章立场不一；clean仅含de Grazia单章，不得将文集主旨等同于单章结论,单章报告与整体报告并存，须以“文件标题即证据边界”处理,packet：Ch01说明（L548）；整体报告L161,ACCEPTED_AS_SUPPLEMENTARY_SOURCE,D:\Design-history-知识库\教材章节知识模型转换\11_语义复核批次\BATCH-006-CH05-COMMERCIAL\mappings\B0409_章节映射.csv
B0409,2.4,B,V2,department_store_comparison,百货商店作为美国分配革命支柱之一；一元价格店“与百货店无本质区别、为何无同样抵制”的反诘,仅两处点到百货商店，非分析主体；属衔接性证据,clean L44；L129,ACCEPTED_AS_SUPPLEMENTARY_SOURCE,D:\Design-history-知识库\教材章节知识模型转换\11_语义复核批次\BATCH-006-CH05-COMMERCIAL\mappings\B0409_章节映射.csv
B0409,5.2,A,V2,us_fordist_distribution_circuit,美国福特主义分配回路（大众生产—大众分配—大众消费一体化，重造从企业设计生产管理到店铺陈列的整个商业机制）为美国大众消费体系提供制度性解释,美国侧描述服务于美欧比较框架而非美国本土叙事；作者自陈“福特主义”术语有时代错置之嫌；分期付款与企业实验室未展开,clean L42-47,ACCEPTED_AS_CORE_SOURCE,D:\Design-history-知识库\教材章节知识模型转换\11_语义复核批次\BATCH-006-CH05-COMMERCIAL\mappings\B0409_章节映射.csv
B0409,5.2,A,V2,advertising_marketing_professionalization,美国全国性广告重新定义市场（市场＝可被营销信息触达的潜在无限消费者）并催生营销管理科学,广告论述属“美国化”背景侧，无广告创意/设计内容；依赖统计式营销“科学”话语,clean L45；L56；L58,ACCEPTED_AS_CORE_SOURCE,D:\Design-history-知识库\教材章节知识模型转换\11_语义复核批次\BATCH-006-CH05-COMMERCIAL\mappings\B0409_章节映射.csv
B0409,5.2,B,V2,chain_retail_one_price_store,连锁店与一元价格店（按价格档陈列、明码标价、高周转低毛利）及美欧监管差异（Woolworth 759家欧洲子公司为个案）,欧洲视角的连锁零售之争，属“被管理的美国化”叙事；美国本土连锁史非本文对象,clean L129-130；L173,ACCEPTED_AS_CORE_SOURCE,D:\Design-history-知识库\教材章节知识模型转换\11_语义复核批次\BATCH-006-CH05-COMMERCIAL\mappings\B0409_章节映射.csv
B0409,5.3,C,V2,marketing_science_sales_engineering,1930s危机中“分配成本占总成本比例上升”的关切与营销、广告专业化呼应设计/营销被赋予刺激需求经济功能的语境,文中无“销售工程”术语；营销科学论述属美国侧背景，与设计职业关联间接,clean L45；L56,ACCEPTED_AS_SUPPLEMENTARY_SOURCE,D:\Design-history-知识库\教材章节知识模型转换\11_语义复核批次\BATCH-006-CH05-COMMERCIAL\mappings\B0409_章节映射.csv
B0409,9.1,B,V2,consumer_sovereignty_vs_citizenship,消费者主权（美国：高收入＋竞争实现形式选择自由）与消费公民权（欧洲：社会参与、再分配与政治组织权利）的概念史对照,概念史基于美欧改革者话语，非制度实证；欧洲“消费公民权”为理想型概括,clean L149-151,ACCEPTED_AS_CORE_SOURCE,D:\Design-history-知识库\教材章节知识模型转换\11_语义复核批次\BATCH-006-CH05-COMMERCIAL\mappings\B0409_章节映射.csv
B0409,9.1,B,V2,mass_consumption_diffusion,1950s-60s大众消费加速的社会转型：人口增长、城市化、新家庭、收入上升、信用可及、新性别角色；“单一阶级市场”迹象,欧洲侧扩散证据；耐用消费品仅泛指，未按品类展开,clean L184；L204,ACCEPTED_AS_SUPPLEMENTARY_SOURCE,D:\Design-history-知识库\教材章节知识模型转换\11_语义复核批次\BATCH-006-CH05-COMMERCIAL\mappings\B0409_章节映射.csv
B0409,9.1,B,V2,one_class_market_durables,1960s末耐用消费品扩散跨越阶级与地区的“单一阶级市场”迹象,作者自陈“购物曲线上扬”乐观判断未注出处,clean L204-205,ACCEPTED_AS_SUPPLEMENTARY_SOURCE,D:\Design-history-知识库\教材章节知识模型转换\11_语义复核批次\BATCH-006-CH05-COMMERCIAL\mappings\B0409_章节映射.csv
B0409,9.2,D,V2,household_credit_gender_roles,文中女性仅以主妇/侍女/女主人配角出现，家庭账本与零用钱购物未展开，与厨房家电/家庭劳动主题仅边缘相关,性别维度薄弱，作者未作专门分析，仅作边界性提及,clean L86-87；L146,ACCEPTED_AS_SUPPLEMENTARY_SOURCE,D:\Design-history-知识库\教材章节知识模型转换\11_语义复核批次\BATCH-006-CH05-COMMERCIAL\mappings\B0409_章节映射.csv
B0409,9.3,D,V2,gender_consumption_roles,小零售商顾客每日购物、常赊账、几乎不看广告暗示性别化的日常购买分工,仅背景性提及，无性别分析，不作为9.3主证据,clean L79,ACCEPTED_AS_SUPPLEMENTARY_SOURCE,D:\Design-history-知识库\教材章节知识模型转换\11_语义复核批次\BATCH-006-CH05-COMMERCIAL\mappings\B0409_章节映射.csv
B0410,0.2,C,V2,role_modernity_france,以家具—趣味—政治权力关系界定法国现代性：宫廷/资产阶级/大众风格体制分期,分期为作者解释框架,核对L312,ACCEPTED_AS_CORE_SOURCE,D:\Design-history-知识库\教材章节知识模型转换\11_语义复核批次\BATCH-006-CH05-COMMERCIAL\mappings\B0410_章节映射.csv
B0410,0.3,B,V2,role_relation_history,家具为人工物史料，以生产—分配—消费相互依存系统重构设计史，反对风格编年与英雄谱系,限于巴黎个案，非全球关系史,核对L236–353导言与方法论,ACCEPTED_AS_CORE_SOURCE,D:\Design-history-知识库\教材章节知识模型转换\11_语义复核批次\BATCH-006-CH05-COMMERCIAL\mappings\B0410_章节映射.csv
B0410,0.4,B,V2,role_artifact_evidence,家具实物与图像（68幅插图）、企业账簿与广告、购买—继承—废弃全生命周期记录作为人工物史料,图像证据依赖档案与图注中介,核对clean L2057、L2121,ACCEPTED_AS_CORE_SOURCE,D:\Design-history-知识库\教材章节知识模型转换\11_语义复核批次\BATCH-006-CH05-COMMERCIAL\mappings\B0410_章节映射.csv
B0410,0.6,B,V2,role_evidence_bias,对工人报告真实性保持质疑；工人阶级趣味多经资产阶级再现文本中介，揭示的是恐惧与幻想而非真实消费；女性工人工资证据,工人与女性真实消费证据薄弱,核对clean L1707,ACCEPTED_AS_CORE_SOURCE,D:\Design-history-知识库\教材章节知识模型转换\11_语义复核批次\BATCH-006-CH05-COMMERCIAL\mappings\B0410_章节映射.csv
B0410,2.4,A,V2,role_retail_innovation,百货商店以多元化切断生产与消费关联；Bon Marché 1850s售床、1880s成套家具；巴黎百货街区格局,以家具零售为主线，百货商店仅部分章节,核对clean L2057—2158,ACCEPTED_AS_CORE_SOURCE,D:\Design-history-知识库\教材章节知识模型转换\11_语义复核批次\BATCH-006-CH05-COMMERCIAL\mappings\B0410_章节映射.csv
B0410,2.4,B,V2,role_credit_consumption,Grands Magasins Dufayel为巴黎最大信用百货店，abonnement分期上门收款,信用制细节依赖广告图与档案,核对clean L2158,ACCEPTED_AS_CORE_SOURCE,D:\Design-history-知识库\教材章节知识模型转换\11_语义复核批次\BATCH-006-CH05-COMMERCIAL\mappings\B0410_章节映射.csv
B0410,2.4,C,V2,role_consumer_advice,分销商借用品味专家策略：Dufayel风格竞赛制造“时代新风格”,单一案例，非系统证据,核对clean L2506,ACCEPTED_AS_CORE_SOURCE,D:\Design-history-知识库\教材章节知识模型转换\11_语义复核批次\BATCH-006-CH05-COMMERCIAL\mappings\B0410_章节映射.csv
B0410,5.1,D,V2,role_art_nouveau_rejection,记录style moderne与art nouveau在法国家具市场被拒斥、历史主义拼贴主导,非装饰艺术专题，属背景性证据,核对clean L1931—1933,ACCEPTED_AS_CORE_SOURCE,D:\Design-history-知识库\教材章节知识模型转换\11_语义复核批次\BATCH-006-CH05-COMMERCIAL\mappings\B0410_章节映射.csv
B0410,5.2,C,V2,role_comparative_reference,法国19世纪消费以趣味与阶级区分为核心、信用零售（abonnement）与百货商店为共享机制，可作美式大众消费体系的对照命题,本书未系统比较美国，对照为分析性命题,核对clean L2158,ACCEPTED_AS_CORE_SOURCE,D:\Design-history-知识库\教材章节知识模型转换\11_语义复核批次\BATCH-006-CH05-COMMERCIAL\mappings\B0410_章节映射.csv
B0410,5.2,D,V2,role_mass_consumption,结语“大众风格体制”与“公民—消费者”为美式消费社会的法国前史参照,属前瞻性结论，非经验证据,核对L2588—2643结语,ACCEPTED_AS_CORE_SOURCE,D:\Design-history-知识库\教材章节知识模型转换\11_语义复核批次\BATCH-006-CH05-COMMERCIAL\mappings\B0410_章节映射.csv
B0410,9.1,C,V2,role_consumer_citizen,“公民—消费者”命题：大众风格体制下消费逻辑渗透社会,时段早于战后丰裕社会，属先声,核对L2596,ACCEPTED_AS_CORE_SOURCE,D:\Design-history-知识库\教材章节知识模型转换\11_语义复核批次\BATCH-006-CH05-COMMERCIAL\mappings\B0410_章节映射.csv
B0410,9.3,A,V2,role_gendered_consumption,19世纪“发明女性消费者”，女性被定义为消费者、男性为生产者；性别化消费体制与美学重新性别化,女性主体声音间接，多经规范文本中介,核对clean L316、L1795,ACCEPTED_AS_CORE_SOURCE,D:\Design-history-知识库\教材章节知识模型转换\11_语义复核批次\BATCH-006-CH05-COMMERCIAL\mappings\B0410_章节映射.csv
B0410,9.3,B,V2,role_masculine_collecting,男性通过收藏（拍卖行、跳蚤市场、古董店）重新夺取消费中的阳刚,以小说与规范文本为主要证据,核对clean L1883—1887,ACCEPTED_AS_CORE_SOURCE,D:\Design-history-知识库\教材章节知识模型转换\11_语义复核批次\BATCH-006-CH05-COMMERCIAL\mappings\B0410_章节映射.csv
B0410,9.3,B,V2,role_taste_professionals,趣味专家以笔代手，通过礼法书、装饰杂志、博览会机构规定阶级化趣味并“制造”工人阶级,“趣味专家”为作者建构的分析范畴,核对clean L1239—1243,ACCEPTED_AS_CORE_SOURCE,D:\Design-history-知识库\教材章节知识模型转换\11_语义复核批次\BATCH-006-CH05-COMMERCIAL\mappings\B0410_章节映射.csv
B0427,0.3,B,V2,relational_history_object_networks,以物件为中心的传记揭示制造者、赞助人、策展人与来源社群之间的权力关系网络（Ram Singh-Kipling-维多利亚、Clarke-Keith-Scindia、Ngati Awa-南肯辛顿），替代英雄谱系叙事,关系网络由分散档案重建，关键环节缺位（Clarke无日记）时只能推断,回查clean L695-709（Gwalior关系网）、L844-867（Ram Singh生涯）,ACCEPTED_AS_KEY_SOURCE,D:\Design-history-知识库\教材章节知识模型转换\11_语义复核批次\BATCH-003-CH02-EXPANDED\mappings\B0427_章节映射.csv
B0427,0.4,A,V2,social_life_of_things_object_biography,人工物在被设计意图之外获得多段社会生命：制造、迁移、展示与遮蔽语境不断重写其意义（Gwalior门楼、Hinemihi、Mataatua、Bentzon银器均示范此方法）,物件传记是作者基于档案与实物的方法论重构，档案缺位环节（如Clarke无日记、屏风无法断代）须留白,回查clean L249（导言方法论）、L273、L1639（“语境有转化力量”）,ACCEPTED_AS_CORE_SOURCE,D:\Design-history-知识库\教材章节知识模型转换\11_语义复核批次\BATCH-003-CH02-EXPANDED\mappings\B0427_章节映射.csv
B0427,0.5,B,V2,visual_archival_oral_evidence,殖民摄影与报刊图像不是中性记录：Lang照片被“科学程序”框定、说明文字支配图像（“Parisienne”标题）、同一照片在不同出版物配不同叙事，需与档案、口述交叉解读,照片的证据地位在本书即争论对象（Doyle主张照片自我言说vs Roby主张文字补充），不能把照片当直接事实,回查clean L1772-1808（照片程序、说明文字）、L445-461（ILN图像谱系）,ACCEPTED_AS_KEY_SOURCE,D:\Design-history-知识库\教材章节知识模型转换\11_语义复核批次\BATCH-003-CH02-EXPANDED\mappings\B0427_章节映射.csv
B0427,0.6,A,V2,evidence_bias_absent_makers,博物馆分类与艺术话语把殖民地生产者匿名化（“没有真实的人做了这只罐，它是这个种族做的”），档案缺席使工匠、妇女与使用者难以被听见，微观档案（人口普查、教区记录、日记）只能片段性恢复,缺席与沉默本身也是证据，恢复不可过度推断（Bentzon生平终点1850年后即无踪迹）,回查clean L586（Clunas论陶工匿名）、L1455-1457（妇女藏ridgepole、多数沉默）、L903-937（Bentzon档案重建）,ACCEPTED_AS_CORE_SOURCE,D:\Design-history-知识库\教材章节知识模型转换\11_语义复核批次\BATCH-003-CH02-EXPANDED\mappings\B0427_章节映射.csv
B0427,0.7,B,V2,entanglement_asymmetry_model,殖民权力关系下的物品流动是不对称的纠缠：混杂性（Ram Singh屏风）、驯化（苏联瓷塑、比利时象牙）、模拟（Mbuti表演）都是权力-抵抗交互的产物，构成“纠缠与不对称”模型的经验证据,混杂性、驯化等是作者理论解读而非史料事实，同一物件可被不同框架定性（Bentzon银器在三个博物馆被定性为不同文化）,回查clean L768（混杂性定义）、L995（驯化）、L1760（模拟）,ACCEPTED_AS_KEY_SOURCE,D:\Design-history-知识库\教材章节知识模型转换\11_语义复核批次\BATCH-003-CH02-EXPANDED\mappings\B0427_章节映射.csv
B0427,1.3,C,V2,pattern_authority_colonial_design_education,殖民设计教育中“以何种图样/实物为范本”是权力问题：Kipling反对孟买Sir J. J.学校的石膏像临摹法，主张学生从拉合尔博物馆本土物件写生再作组合设计,这是教育政策话语，学生实际习得效果与工匠反应证据有限,回查clean L798-804（Kipling教学改革）,CONTEXT_ONLY,D:\Design-history-知识库\教材章节知识模型转换\11_语义复核批次\BATCH-003-CH02-EXPANDED\mappings\B0427_章节映射.csv
B0427,1.6,B,V2,concept_competition_art_category,“艺术”与“中国艺术”是竞争中的分类概念而非现成容器：人种学、分类学、版画部门、陶瓷部门、学院讲座与市场争夺定义权，定义权属于特定社会群体与机构,该话语史基于英国档案与出版物，是英国侧案例，不等同于全球普遍进程,回查clean L552-574（中国艺术的制度框架竞争）、L608-612（Hansford“东方艺术不能留给东方人”）,ACCEPTED_AS_KEY_SOURCE,D:\Design-history-知识库\教材章节知识模型转换\11_语义复核批次\BATCH-003-CH02-EXPANDED\mappings\B0427_章节映射.csv
B0427,2.1,B,V2,great_exhibition_indian_court,"1851年万国博览会印度馆（30000平方英尺）以原材料与制品展示殖民经济，其门票利润£186,000购地、政府拨款中购藏印度物件£1276，直接催生南肯辛顿博物馆",博览会观众接受无直接证据，“设计改革影响”是组织者（Cole、Jones购买委员会）意图,回查clean L277-282（印度馆、购藏资金、Jones）,ACCEPTED_AS_KEY_SOURCE,D:\Design-history-知识库\教材章节知识模型转换\11_语义复核批次\BATCH-003-CH02-EXPANDED\mappings\B0427_章节映射.csv
B0427,2.2,A,V2,museum_school_state_governance,南肯辛顿博物馆与科学与艺术部构成中央集权设计教育网络，以博物馆+艺术学校+巡回展览+定期视察服务于国家工业竞争与帝国治理（教师遍布悉尼、加尔各答、孟买、拉合尔）,机构意图来自官方档案（First Report、Robinson 1858），其实际影响需结合殖民地侧记录验证,回查clean L284-294（科学与艺术部、Kipling任教、说教项目）,ACCEPTED_AS_CORE_SOURCE,D:\Design-history-知识库\教材章节知识模型转换\11_语义复核批次\BATCH-003-CH02-EXPANDED\mappings\B0427_章节映射.csv
B0427,2.3,C,V2,ruskinian_anti_industrial_colonial,卢斯金式反工业化话语被殖民地官员挪用为“印度一切都是手工的、多少都是艺术品”的论证（Birdwood），与Owen Jones将印度纹样纳入工业设计形成对照,Birdwood立场是殖民话语的一种，与英国本土工艺运动的关系需另行核实,回查clean L336-348（Birdwood vs Jones对照）,CONTEXT_ONLY,D:\Design-history-知识库\教材章节知识模型转换\11_语义复核批次\BATCH-003-CH02-EXPANDED\mappings\B0427_章节映射.csv
B0427,2.5,C,V2,art_nouveau_colonial_propaganda,新艺术（Le Style Congo）在1897年布鲁塞尔-泰尔菲伦展被动员为殖民宣传美学：“若一切能被统一的Art Nouveau主义统摄，陌生将显得熟悉，危险将被弄得安全”,“驯化”是Flynn的论证性解读，风格与宣传的关联停留在策展意图层面，不能推出观众解读,回查clean L1957（Le Style Congo）、L2006（驯化收束）,CONTEXT_ONLY,D:\Design-history-知识库\教材章节知识模型转换\11_语义复核批次\BATCH-003-CH02-EXPANDED\mappings\B0427_章节映射.csv
B0427,2.6,A,V2,colonial_taxonomy_imperial_exhibition,19世纪世界博览会与帝国博物馆通过分类学、标签、人种模型与展览动线把殖民地产物展示、命名并等级化（文明/野蛮二元），构成帝国意识形态机器,展示分类与策展文本是组织者话语，不能推出观众实际接受，也不是来源社会的自我分类,回查clean L296-305东方馆、L388-405（1886展）、L1860-2016（泰尔菲伦展）,ACCEPTED_AS_CORE_SOURCE,D:\Design-history-知识库\教材章节知识模型转换\11_语义复核批次\BATCH-003-CH02-EXPANDED\mappings\B0427_章节映射.csv
B0427,2.7,B,V2,cross_border_transfer_colonial_objects,物件在殖民迁移中经历意义剧变：屏风源自中国、经西方市场传入印度、被本土工匠模仿并注入purdah/jali传统，跨境流通伴随误读、改造与再生产,迁移路径多由档案与风格推断（屏风无精确断代），“影响”不能从风格相似直接推出,回查clean L829-840（屏风跨文化谱系）、L227（导言论意义剧变）,ACCEPTED_AS_KEY_SOURCE,D:\Design-history-知识库\教材章节知识模型转换\11_语义复核批次\BATCH-003-CH02-EXPANDED\mappings\B0427_章节映射.csv
B0427,6.1,C,V2,chinese_art_category_british_construction,作为反例/背景：“中国艺术”在英国是19-20世纪被博物馆、学院与市场建构的分类话语（陶瓷部门霸权、义和团赔款资助讲座），与东亚自身的现代设计转译叙事不同轨,本书证据限于英国档案与话语，不覆盖东亚内部转译，故不作6.x核心来源,回查clean L552-586（中国艺术的英国建构）,CONTEXT_ONLY,D:\Design-history-知识库\教材章节知识模型转换\11_语义复核批次\BATCH-003-CH02-EXPANDED\mappings\B0427_章节映射.csv
B0427,8.3,B,V2,soviet_decorative_art_domestication,苏联装饰艺术把中亚乌兹别克形象“驯化”为迷人家居图像，自然化中央对边缘的政治控制；苏联中亚虽非名义殖民地，却存在殖民权力失衡（中心以物表征边缘而非物来中心）,Kettering基于瓷厂档案与图像分析，“观众被潜移默化”是政策制定者预期而非实测接受,回查clean L995-1005（驯化命题）、L1069（1937巴黎馆“文化差异的时间差”）,ACCEPTED_AS_KEY_SOURCE,D:\Design-history-知识库\教材章节知识模型转换\11_语义复核批次\BATCH-003-CH02-EXPANDED\mappings\B0427_章节映射.csv
B0427,12.1,A,V2,restitution_community_participation,归还与社区协商是当代博物馆应对殖民遗产的伦理路径：怀唐伊法庭1996年建议归还Mataatua并已执行，布拉德福德以社区协商、观众反馈与百年出口线建立“全国第一个非殖民收藏”,怀唐伊裁决是新西兰特定法律-政治进程，不能外推为普遍模式；布拉德福德是单一机构实践且作者为当事人,回查clean L1489-1499（归还裁决）、L1097-1103（非殖民收藏）,ACCEPTED_AS_CORE_SOURCE,D:\Design-history-知识库\教材章节知识模型转换\11_语义复核批次\BATCH-003-CH02-EXPANDED\mappings\B0427_章节映射.csv
B0436,0.6,C,V2,evidence_bias,图录式概览的证据边界：图像证据为主而clean仅有文字、评述浅描、无注释、巴黎中心残余、OCR残损,图版视觉信息不可复核,回查clean L1119、L2126、L2129、L2159,CONTEXT_ONLY,D:\Design-history-知识库\教材章节知识模型转换\11_语义复核批次\BATCH-006-CH05-COMMERCIAL\mappings\B0436_章节映射.csv
B0436,0.6,C,V2,duplicate_p0,与B0073共享Art Deco对象（1925博览会、新材料、直线形式等），同一对象只计一份P0，本包知识涌现分析仅作语义路由,P4知识涌现模型推演产物，非原文直接陈述,回查本packet知识涌现分析文件（00-04）,CONTEXT_ONLY,D:\Design-history-知识库\教材章节知识模型转换\11_语义复核批次\BATCH-006-CH05-COMMERCIAL\mappings\B0436_章节映射.csv
B0436,4.1,C,V2,prehistory_evidence,19世纪铸铁建筑（Polonceau、Labrouste、Eiffel）与1889博览会为现代建筑先声；1900新艺术曲线遭1925清算,以论辩性叙述呈现，非专门前史研究,回查clean L40-L47、L113、L257-L258,CONTEXT_ONLY,D:\Design-history-知识库\教材章节知识模型转换\11_语义复核批次\BATCH-006-CH05-COMMERCIAL\mappings\B0436_章节映射.csv
B0436,5.1,C,V2,supplement_source,1925年巴黎国际装饰艺术与现代工业博览会的组织理念、四大呈现方式与“原创性”唯一规定,图册式总览，转述博览会官方组织文本，无脚注；为5.1节补充性概览而非核心专史,回查clean L69-L92、L78,CONTEXT_ONLY,D:\Design-history-知识库\教材章节知识模型转换\11_语义复核批次\BATCH-006-CH05-COMMERCIAL\mappings\B0436_章节映射.csv
B0436,5.1,C,V2,exhibition_core,展览名称加入“industriels”宣告艺术创造与工业传播的合作，艺术-工业联盟为1925纲领成就,引文与转述源自博览会官方文本与作者立论，无独立史料标注,回查clean L74、L1288,CONTEXT_ONLY,D:\Design-history-知识库\教材章节知识模型转换\11_语义复核批次\BATCH-006-CH05-COMMERCIAL\mappings\B0436_章节映射.csv
B0436,5.1,C,V2,modernity_definition,“现代性”＝形式服从需要与技术、复兴传统逻辑而非模仿传统形貌；区别于时尚与流行,作者立场性论断，属“运动当事人自我镜像”文本，需与批判性研究对照,回查clean L15-L16、L22、L48,CONTEXT_ONLY,D:\Design-history-知识库\教材章节知识模型转换\11_语义复核批次\BATCH-006-CH05-COMMERCIAL\mappings\B0436_章节映射.csv
B0436,5.1,C,V2,material_tech,钢筋混凝土为现代建筑物质基础，其整一性导出直线、水平线、细柱无柱头的形式语言,技术史叙述集中但无引用体系,回查clean L170-L224、L248、L270-L271,CONTEXT_ONLY,D:\Design-history-知识库\教材章节知识模型转换\11_语义复核批次\BATCH-006-CH05-COMMERCIAL\mappings\B0436_章节映射.csv
B0436,5.1,C,V2,hygiene_interior,卫生观念重塑室内设计：去帷幔、平滑表面、无檐口家具、大玻璃窗、金属床架,家具板块论点，非博览会制度记录,回查clean L1178-L1189、L1241,CONTEXT_ONLY,D:\Design-history-知识库\教材章节知识模型转换\11_语义复核批次\BATCH-006-CH05-COMMERCIAL\mappings\B0436_章节映射.csv
B0436,5.1,C,V2,regional_colonial,外省参与与殖民艺术纳入叙事，主张在传统与“现代”间取“转化式借鉴”而非复制臣服,以1925年当时观察口吻呈现，非当代批判性殖民研究,回查clean L1604-L1731,CONTEXT_ONLY,D:\Design-history-知识库\教材章节知识模型转换\11_语义复核批次\BATCH-006-CH05-COMMERCIAL\mappings\B0436_章节映射.csv
B0436,5.1,C,V2,critic_quotes,保留当时艺评家大量引文（Sedeyn、Sarfatti、Wettergren、van der Burch、Guerin），具二手文献汇编价值,引文无出处可复核，用作修辞性支撑,回查clean L898-L911、L1046-L1048、L1772-L1786,CONTEXT_ONLY,D:\Design-history-知识库\教材章节知识模型转换\11_语义复核批次\BATCH-006-CH05-COMMERCIAL\mappings\B0436_章节映射.csv
B0436,5.4,D,V2,contrast_reference,以“直线胜曲线”清算1900年新艺术，直线与水平线统治1925样式，可作流线型前史对照,本书未系统讨论流线型（streamline），仅“直线/水平线”形式命题可对照,回查clean L793、L203-L208,CONTEXT_ONLY,D:\Design-history-知识库\教材章节知识模型转换\11_语义复核批次\BATCH-006-CH05-COMMERCIAL\mappings\B0436_章节映射.csv
B0436,5.4,D,V2,furniture_geometry,家具“敏感严整”的简洁曲线与计算比例，相似于钢筋混凝土建筑的简单几何,L1173单点对照，家具板块语境，无流线型术语,回查clean L1173,CONTEXT_ONLY,D:\Design-history-知识库\教材章节知识模型转换\11_语义复核批次\BATCH-006-CH05-COMMERCIAL\mappings\B0436_章节映射.csv
B0450,0.2,A,V2,arts_crafts_as_multiple_modernity_strategies_and_endings,工艺美术运动包含现代／反现代、手工／机器与多个终点，不能作单线时期标签,作者纠正反工业神话仍不能消除英国章更强反工业性的区域差异,按国家、机构、对象与时段分别核验,ACCEPTED_AS_HISTORIOGRAPHIC_CORE,D:\Design-history-知识库\教材章节知识模型转换\11_语义复核批次\BATCH-003-CH02-EXPANDED\mappings\B0450_章节映射.csv
B0450,0.3,A,V2,three_theme_by_local_translation_comparative_matrix,共同问题轴须同传播渠道、地方语境和制度结果交叉比较,中心—边缘矩阵不能把地方写成被动接收者,逐案区分来源、选择、误读、再生产与无直接接触,ACCEPTED_AS_METHOD,D:\Design-history-知识库\教材章节知识模型转换\11_语义复核批次\BATCH-003-CH02-EXPANDED\mappings\B0450_章节映射.csv
B0450,0.4,A,V2,exhibition_objects_checklist_material_and_provenance,展览实物、材质、尺寸、年代、藏地和来源可作为对象研究入口,策展对象不是系统样本，OCR图像也不能承担精确视觉判断,回展品、馆藏记录、修复、来源、制作和使用材料,ACCEPTED_AS_OBJECT_NAVIGATION,D:\Design-history-知识库\教材章节知识模型转换\11_语义复核批次\BATCH-003-CH02-EXPANDED\mappings\B0450_章节映射.csv
B0450,0.5,A,V2,notes_checklist_periodicals_archives_and_multilingual_sources,注释、Checklist、同期刊物、讲演、书信和机构材料构成多语种证据入口,图录正文的综合句不能替代原文页码与档案核验,核定版次、注释、档案号、展品号和引文上下文,ACCEPTED_AS_SOURCE_NAVIGATION,D:\Design-history-知识库\教材章节知识模型转换\11_语义复核批次\BATCH-003-CH02-EXPANDED\mappings\B0450_章节映射.csv
B0450,0.6,A,V2,curatorial_regional_gender_class_labour_and_colonial_bias,展览佳品、欧美范围、国别不均、女性／劳动／阶级与殖民缺口须进入审计,女性和家庭工业案例存在不等于结构性缺席被解决,补普通物、工人、工资、殖民网络、非欧美区域和使用者,ACCEPTED_AS_EVIDENCE_AUDIT,D:\Design-history-知识库\教材章节知识模型转换\11_语义复核批次\BATCH-003-CH02-EXPANDED\mappings\B0450_章节映射.csv
B0450,0.7,A,V2,selective_reception_translation_and_asymmetric_network,出版、展览、旅行、商业与国家中介使英国资源在各地被选择性重组,仍由英国来源组织横轴，不能直接推广为全球互惠网络,补反向流动、无英国中介路径和非欧美研究,ACCEPTED_AS_GLOBAL_TRANSLATION_METHOD,D:\Design-history-知识库\教材章节知识模型转换\11_语义复核批次\BATCH-003-CH02-EXPANDED\mappings\B0450_章节映射.csv
B0450,1.3,B,V2,making_process_design_execution_and_standardization,制作过程、设计—执行关系与Typisierung说明构思、制造和重复的重新分工,不是工业劳动分工或技术标准化的完整专史,补图纸、规格、工序、工厂、工资、专利与标准文件,ACCEPTED_AS_DIVISION_OF_LABOUR_SUPPORT,D:\Design-history-知识库\教材章节知识模型转换\11_语义复核批次\BATCH-003-CH02-EXPANDED\mappings\B0450_章节映射.csv
B0450,1.5,A,V2,workshops_firms_amateurs_students_women_and_distributed_authorship,作坊、制造商、业余者、学生、女性、贸易商与设计者共同构成运动生产网络,名单与展品不能自动说明职责、权力、报酬或作者权,补印记、合同、工资、岗位、工序、协会与个人材料,ACCEPTED_AS_CORE_ACTOR_SOURCE,D:\Design-history-知识库\教材章节知识模型转换\11_语义复核批次\BATCH-003-CH02-EXPANDED\mappings\B0450_章节映射.csv
B0450,1.6,A,V2,movement_not_style_design_reform_and_local_terms,运动不是单一风格；design reform、Sachlichkeit、Typisierung等地方术语显示概念竞争,译名相近不等于语义、职业制度或社会目标相同,保留原语、时段、行动者、机构和使用语境,ACCEPTED_AS_CONCEPT_HISTORY_CORE,D:\Design-history-知识库\教材章节知识模型转换\11_语义复核批次\BATCH-003-CH02-EXPANDED\mappings\B0450_章节映射.csv
B0450,1.7,A,V2,hand_machine_workshop_factory_and_regional_hybrid_production,英国、德国、奥地利、北欧与美国呈现不同手工—机器混合路径,国别概括内部仍有企业、地区、阶级和对象差异,以同类对象和组织材料做受控比较,ACCEPTED_AS_CORE_REGIONAL_COMPARISON,D:\Design-history-知识库\教材章节知识模型转换\11_语义复核批次\BATCH-003-CH02-EXPANDED\mappings\B0450_章节映射.csv
B0450,2.2,B,V2,museums_schools_societies_and_state_reform,博物馆、学校、协会和国家项目参与设计改革、民族工艺与产业竞争,图录不提供所有机构治理、课程、预算与受益者成效,补章程、课程、财政、采购、评审和参与者记录,ACCEPTED_AS_INSTITUTIONAL_SUPPORT,D:\Design-history-知识库\教材章节知识模型转换\11_语义复核批次\BATCH-003-CH02-EXPANDED\mappings\B0450_章节映射.csv
B0450,2.3,A,V2,arts_crafts_labour_ethics_machine_market_and_price_tensions,劳动中的快乐、机器使用、商业体制、工资与奢侈市场构成工艺美术的核心矛盾,运动领袖宣言与图录对象不能证明实际劳动解放或民主可及,补工资、工时、价格、销量、工人、企业和消费者材料,ACCEPTED_AS_CORE_SOURCE,D:\Design-history-知识库\教材章节知识模型转换\11_语义复核批次\BATCH-003-CH02-EXPANDED\mappings\B0450_章节映射.csv
B0450,2.4,B,V2,shops_exhibitions_periodicals_and_market_mediation,画廊商店、展览、期刊和贸易商把改革语言转化为商品分类与市场传播,不是百货、信用、陈列和普通消费者的完整研究,与零售史、企业账册、顾客及家庭材料对读,ACCEPTED_AS_MARKET_MEDIATION_SUPPORT,D:\Design-history-知识库\教材章节知识模型转换\11_语义复核批次\BATCH-003-CH02-EXPANDED\mappings\B0450_章节映射.csv
B0450,2.5,A,V2,art_and_life_total_environment_and_regional_variants,总体艺术、住宅、作坊共同体与地方风格显示艺术—生活融合的多种实践,整体环境的策展复原不能等同原住用经验，亦非统一新艺术形式,补委托、建造、家具、居民、维护、照片和使用记录,ACCEPTED_AS_CORE_TOTAL_ENVIRONMENT_SOURCE,D:\Design-history-知识库\教材章节知识模型转换\11_语义复核批次\BATCH-003-CH02-EXPANDED\mappings\B0450_章节映射.csv
B0450,2.6,X,V2,euro_american_catalogue_without_colonial_experience,不以该书证明世界博览会殖民分类、殖民劳动或被展示者经验,帝国经济和殖民企业仅构成部分国别背景，非系统研究对象,改用殖民展览、贸易、来源社群、征集和劳工P0,EXCLUDE_AS_COLONIAL_CORE_SOURCE,D:\Design-history-知识库\教材章节知识模型转换\11_语义复核批次\BATCH-003-CH02-EXPANDED\mappings\B0450_章节映射.csv
B0450,2.7,A,V2,publications_exhibitions_travel_commerce_government_and_local_remaking,出版、展览、旅行、商业和政府派驻连接英国资源与地方选择、改写和再生产,英源横轴与日本影响仍缺完整来源社会和殖民权力链,补双向通信、贸易、日方／殖民地生产者和无直接接触反例,ACCEPTED_AS_CORE_TRANSFER_SOURCE_WITH_CENTER_PERIPHERY_AUDIT,D:\Design-history-知识库\教材章节知识模型转换\11_语义复核批次\BATCH-003-CH02-EXPANDED\mappings\B0450_章节映射.csv
B0450,4.1,A,V2,werkbund_aeg_standardization_and_wiener_werkstatte_prehistory,德国标准化、AEG、Werkbund及Wiener Werkstätte显示改革联盟与企业系统的多路径前史,图录不能承担联盟治理、企业合同、量产或标准争论的完整证据,补Werkbund／AEG／Werkstätte档案、章程、合同、生产与劳动,ACCEPTED_AS_CORE_INSTITUTIONAL_PREHISTORY,D:\Design-history-知识库\教材章节知识模型转换\11_语义复核批次\BATCH-003-CH02-EXPANDED\mappings\B0450_章节映射.csv
B0450,4.2,B,V2,art_schools_workshops_and_production_education_prehistory,艺术学校、工坊、协会展览与学生参展构成包豪斯之前的生产性教育背景,不是Bauhaus基础课程、师生权力或呼捷玛斯教育体系来源,补学校课程、师生、招生、治理、财政和作品记录,ACCEPTED_AS_EDUCATIONAL_PREHISTORY,D:\Design-history-知识库\教材章节知识模型转换\11_语义复核批次\BATCH-003-CH02-EXPANDED\mappings\B0450_章节映射.csv
B0450,4.6,B,V2,replicable_societies_workshops_exhibitions_and_publications,协会、作坊、展览与出版在多国被选择性复制，说明制度传播不等于形式复制,未系统追踪哪些制度长期存续、失败或进入通行课程,补章程版本、人员迁移、课程、财政和后续机构史,ACCEPTED_AS_REPLICATION_SUPPORT,D:\Design-history-知识库\教材章节知识模型转换\11_语义复核批次\BATCH-003-CH02-EXPANDED\mappings\B0450_章节映射.csv
B0450,4.7,B,V2,people_publications_and_cranbrook_transfer_prehistory,人员、出版物及Cranbrook等节点提示欧洲改革资源向美国教育机构的后续转译,相关迁移只被点到，不能承担完整Cranbrook或全球教育史,补迁徙档案、课程、学生、机构治理和接收方改写,ACCEPTED_AS_TRANSFER_PREHISTORY,D:\Design-history-知识库\教材章节知识模型转换\11_语义复核批次\BATCH-003-CH02-EXPANDED\mappings\B0450_章节映射.csv
B0450,12.6,B,V2,women_home_industries_charity_profession_and_class,女性协会、家庭工业、慈善工艺和职业训练显示性别与阶级共同塑造设计劳动,富裕赞助者、受训设计者和贫困制作妇女不能合并成统一女性经验,补工资、权力、种族／移民、家庭劳动、个人自述和组织档案,ACCEPTED_AS_GENDERED_LABOUR_SUPPORT,D:\Design-history-知识库\教材章节知识模型转换\11_语义复核批次\BATCH-003-CH02-EXPANDED\mappings\B0450_章节映射.csv
B0452,0.2,C,V2,modernism_origin_narrative,作者命题：日本主义提供了二十世纪现代主义若干核心概念（新视角、对角线分离平面、截断前景）并最终通向战后抽象,属作者因果叙事，证据强度不足（如Tachism溯源书法），只能作为“现代主义起源叙事”的一派观点引用,回查clean第207、265、11136-11140行,CONTEXT_ONLY,D:\Design-history-知识库\教材章节知识模型转换\11_语义复核批次\BATCH-003-CH02-EXPANDED\mappings\B0452_章节映射.csv
B0452,0.3,B,V2,device_and_network_organisation,本书按“题材—手段”而非个人风格组织全书，并呈现博览会—商人—期刊—拍卖的制度网络，为“从英雄谱系到关系史”提供案例素材,艺术家各章仍是英雄谱系式逐一专节，制度网络论述服务于“影响”主线，不能直接等同于教材的关系史主张,回查clean第277-281、307行,ACCEPTED_AS_CORE_SOURCE,D:\Design-history-知识库\教材章节知识模型转换\11_语义复核批次\BATCH-003-CH02-EXPANDED\mappings\B0452_章节映射.csv
B0452,0.4,C,V2,objects_as_evidence,刀镡、梳饰、染型纸、和服、陶瓷等器物被本书作为艺术史证据系统使用，显示人工物可承担史料功能,器物证据服务于欧洲艺术史叙事，不涉及人工物史料学的理论讨论,回查clean第4888-5511、5512行,CONTEXT_ONLY,D:\Design-history-知识库\教材章节知识模型转换\11_语义复核批次\BATCH-003-CH02-EXPANDED\mappings\B0452_章节映射.csv
B0452,0.5,B,V2,visual_archival_composite,本书示范图像证据（1105幅并置）、博览会报告、艺术家书信、拍卖目录、画谱等多类史料的组合使用方式,以图像类比为主的论证在无文献直接证据处依赖视觉相似性，恰是证据方法教学中需警示的样本,回查clean第187、257、9389行,ACCEPTED_AS_CORE_SOURCE,D:\Design-history-知识库\教材章节知识模型转换\11_语义复核批次\BATCH-003-CH02-EXPANDED\mappings\B0452_章节映射.csv
B0452,0.6,B,V2,absence_of_japanese_agency,本书自认不涉汉学/日本学、以欧洲视角把握“刺激—类比”，日方生产者、出口商与本土分类缺席——是“证据偏差与缺席者”议题的典型批判案例,缺席本身是证据但非原著命题，批判性使用须明确此判断来自复核框架而非本书立场,回查clean第201、217行,ACCEPTED_AS_CRITICAL_CASE,D:\Design-history-知识库\教材章节知识模型转换\11_语义复核批次\BATCH-003-CH02-EXPANDED\mappings\B0452_章节映射.csv
B0452,0.7,B,V2,diffusion_model_specimen,本书是“扩散/影响”模型的典型文本：“日本→西方”单向因果链（如“日本主义提供现代主义核心概念”、“书法→塔希主义”），可作为讨论扩散模型局限的正面案例,模型批判是教材立场；本书“转化（transmutation）”提法有限度地接近转译模型，引用时须区分作者原话与教材评价,回查clean第207、265、281行,ACCEPTED_AS_CRITICAL_CASE,D:\Design-history-知识库\教材章节知识模型转换\11_语义复核批次\BATCH-003-CH02-EXPANDED\mappings\B0452_章节映射.csv
B0452,1.4,C,V2,craft_material_systems,陶瓷与玻璃章呈现釉料、材质与形制（天目、青瓷、玉质感玻璃、葫芦形）的材料—工艺系统及其在欧洲工坊的再生产,材料知识服务于“影响”论证且属手工艺语境，与1.4工业化材料系统议题不同，仅作补充,回查clean第8418-10150、9874行,CONTEXT_ONLY,D:\Design-history-知识库\教材章节知识模型转换\11_语义复核批次\BATCH-003-CH02-EXPANDED\mappings\B0452_章节映射.csv
B0452,2.2,C,V2,museum_acquisition_node,维也纳工艺美术博物馆1873年购入数千张katagami并持续展示与出售，显示博物馆作为制度化收藏与传播节点,仅单一收藏实例，不承担博物馆—国家治理的核心命题,回查clean第5512、12396行,CONTEXT_ONLY,D:\Design-history-知识库\教材章节知识模型转换\11_语义复核批次\BATCH-003-CH02-EXPANDED\mappings\B0452_章节映射.csv
B0452,2.5,B,V2,art_nouveau_borrowing,鸢尾、波浪、格栅、家徽（mon）、剪影、景泰蓝主义等母题与手段经日本范例进入新艺术：克里姆特与维也纳分离派（图案—底纹原则）、Gallé、Lalique、Guimard等,作者把新艺术诸特征直接溯源于日本原型属其命题；欧洲内部动因（工业化、装饰危机）权重未评估，使用时应并置其他解释,回查clean第2235、5704、5794、8287行,ACCEPTED_AS_CORE_SOURCE,D:\Design-history-知识库\教材章节知识模型转换\11_语义复核批次\BATCH-003-CH02-EXPANDED\mappings\B0452_章节映射.csv
B0452,2.5,C,V2,kimono_fashion_chain,和服个案示范“剧场姿态→木刻图式→画家吸收→巴黎时尚”四阶传导：1878博览会报道、莫奈《La Japonaise》与巴黎女性和服化着装,时尚传导证据主要是欧洲图版与报刊；日本和服生产、出口与消费端缺位，仅作时尚传导的补充案例,回查clean第410-457行,CONTEXT_ONLY,D:\Design-history-知识库\教材章节知识模型转换\11_语义复核批次\BATCH-003-CH02-EXPANDED\mappings\B0452_章节映射.csv
B0452,2.6,C,V2,exhibition_marketplace,博览会兼具展示与买卖双重功能，欧洲人与机构在展会上购买中日艺术品，催生收藏与拍卖市场,本书不分析博览会的殖民分类学与权力结构，不能承担2.6核心命题，仅提供“购买场所”侧证据,回查clean第9389、10665行,CONTEXT_ONLY,D:\Design-history-知识库\教材章节知识模型转换\11_语义复核批次\BATCH-003-CH02-EXPANDED\mappings\B0452_章节映射.csv
B0452,2.7,A,V2,reception_network_evidence,日本主义在欧洲的传播经由博览会（1862-1904）、商人Bing与《Le Japon artistique》、收藏家与拍卖市场构成的网络，欧洲艺术家在其中选择、误读与转化（transmutation）而非复制日本范例,作者框架仍是“日本→西方”单向影响叙事，日方生产/出口端与贸易档案缺位，只能承担“欧洲接受侧”的传播—选择—转译证据,回查clean第227、257、277、281、9389行,ACCEPTED_AS_CORE_SOURCE,D:\Design-history-知识库\教材章节知识模型转换\11_语义复核批次\BATCH-003-CH02-EXPANDED\mappings\B0452_章节映射.csv
B0452,2.7,B,V2,exhibition_channels,历届国际博览会（1862伦敦、1867/1878/1889/1900巴黎、1873维也纳、1904圣路易斯）是日本器物与图像入欧的主要通道，参观者与机构在展会上购买中日艺术品,本书只记录博览会作为展示与购买场所，不分析其组织分类与殖民权力框架，博览会侧证据须与2.6批判性材料并用,回查clean第9389、10665、11457行,ACCEPTED_AS_CORE_SOURCE,D:\Design-history-知识库\教材章节知识模型转换\11_语义复核批次\BATCH-003-CH02-EXPANDED\mappings\B0452_章节映射.csv
B0452,2.7,B,V2,intermediary_actors,Samuel Bing（商人—出版家—画廊主三重身份）、龚古尔兄弟、Cernuschi、Guimet等收藏家及1891/1897/1902年三大拍卖构成日本主义的中介与定价机制；1890年代贸易由私下转向公开市场,中介叙述以欧洲行动者为主，日方中介（如Hayashi）仅一笔带过，日方主体性缺位须在教学中补足,回查clean第227、241-259、307行,ACCEPTED_AS_CORE_SOURCE,D:\Design-history-知识库\教材章节知识模型转换\11_语义复核批次\BATCH-003-CH02-EXPANDED\mappings\B0452_章节映射.csv
B0452,2.7,B,V2,stencil_object_trade,染型纸（katagami）1873年维也纳博览会由奥地利博物馆购入数千张，并历经1878/1889/1900巴黎博览会展示与出售，成为欧洲装饰艺术（分离派、Guimard等）改造的模板,本书未追踪katagami在日本的制作—出口链条，“可出售”证据仅见于注释，贸易端链条须另寻档案,回查clean第5512、5597、12396行,ACCEPTED_AS_CORE_SOURCE,D:\Design-history-知识库\教材章节知识模型转换\11_语义复核批次\BATCH-003-CH02-EXPANDED\mappings\B0452_章节映射.csv
B0452,2.7,B,V2,selection_and_misreading,欧洲艺术家与观众在应用艺术上几乎不区分日本与中国，将中日器物混同吸收——“风格相似”并置构成全书论证基础，须警惕其影响推论,作者自认不涉日本学，欧洲收藏/文献分类不能当作日本社会自我分类，图像类比缺乏直接文献证据处应标注为作者推断,回查clean第201、227、289行,ACCEPTED_AS_CORE_SOURCE_WITH_CAVEAT,D:\Design-history-知识库\教材章节知识模型转换\11_语义复核批次\BATCH-003-CH02-EXPANDED\mappings\B0452_章节映射.csv
B0454,0.5,B,V2,evidence_types,证据类型：一手文献（Gropius纲领、Itten日记/辞呈、Klee Pädagogischer Nachlaß课程手稿、Schlemmer书信）+Bauhaus-Archiv档案+学生回忆+期刊（bauhaus杂志、Bauhausbücher）,档案与回忆类证据行号需逐条回clean文本核实,clean第4689行、第3478-3484行,ACCEPTED_AS_CORE_SOURCE,D:\Design-history-知识库\教材章节知识模型转换\11_语义复核批次\BATCH-005-CH04-BAUHAUS\mappings\B0454_章节映射.csv
B0454,0.6,B,V2,source_bias_limits,证据偏差自省：自限必修课而排除工作坊教学；排除Grunow；对Cizek影响、Klee受聘原因明言无法定论,未定论处不得升级,clean第1459-1470行、第1904行,ACCEPTED_AS_CORE_SOURCE,D:\Design-history-知识库\教材章节知识模型转换\11_语义复核批次\BATCH-005-CH04-BAUHAUS\mappings\B0454_章节映射.csv
B0454,0.6,B,V2,effect_evaluation_layering,教学成效评价须区分主张与证据：对Meyer肯定其科学化贡献同时指出其造成的解体进程，对Mies批评其教学方法；多数成效判断系当时人或后世评价转述,引用时须标注评价主体与转述链条,clean第1426-1455行,ACCEPTED_AS_CORE_SOURCE,D:\Design-history-知识库\教材章节知识模型转换\11_语义复核批次\BATCH-005-CH04-BAUHAUS\mappings\B0454_章节映射.csv
B0454,4.2,A,V2,vorkurs_founding_1920,预备课程由Itten于1919年10月引入、1920年董事会决议必修化，是教学法脊梁但绝非其全体,课程制度为史实；“脊梁但非全体”为Wick判断（针对Banham化约）,packet Ch5-6,ACCEPTED_AS_CORE_SOURCE,D:\Design-history-知识库\教材章节知识模型转换\11_语义复核批次\BATCH-005-CH04-BAUHAUS\mappings\B0454_章节映射.csv
B0454,4.2,A,V2,vorkurs_three_transformations,Vorkurs由Itten的个性解放/精神训练，经Moholy的感官系统化（触觉/光学练习），到Albers的材料经济/建构思维，经历根本转型,三位教师个案章互证，附学生作业图版与Moholy引文,clean第2843-2957行、第3414-3527行,ACCEPTED_AS_CORE_SOURCE,D:\Design-history-知识库\教材章节知识模型转换\11_语义复核批次\BATCH-005-CH04-BAUHAUS\mappings\B0454_章节映射.csv
B0454,4.2,B,V2,vkhutemas_parallel,俄国Vkhutemas基础部（两年制、三循环）与包豪斯预备课程平行但更长更偏学校化,基础部组织结构为史实；“平行”比较属Wick分析，直接观念交流（Bähr）仅为推测,clean第1111行,ACCEPTED_AS_CORE_SOURCE,D:\Design-history-知识库\教材章节知识模型转换\11_语义复核批次\BATCH-005-CH04-BAUHAUS\mappings\B0454_章节映射.csv
B0454,4.3,B,V2,turn_1923,1923转向：“艺术与技术——新的统一”口号，Vorkurs从Itten交接至Moholy，作者将其解释为历史必然而非背叛,Ch3分期+Ch5-6个案；转向性质评价属Wick解释框架,clean第680、783行,ACCEPTED_AS_CORE_SOURCE,D:\Design-history-知识库\教材章节知识模型转换\11_语义复核批次\BATCH-005-CH04-BAUHAUS\mappings\B0454_章节映射.csv
B0454,4.6,A,V2,plurality_of_pedagogy,"“包豪斯教学法”非单一实体：以Dexel批判“包豪斯风格”为方法论原型，主张教学法形态与教师等量（“What the masters do, they teach”）",为Wick的解释框架而非可直接验证的史实，引用时须分层处理,clean第246—250行、第1457行,ACCEPTED_AS_CORE_SOURCE,D:\Design-history-知识库\教材章节知识模型转换\11_语义复核批次\BATCH-005-CH04-BAUHAUS\mappings\B0454_章节映射.csv
B0454,4.6,A,V2,pedagogy_selective_survival,教学法被选择性保存：Itten内容渗入德国普通与职业学校（含秘密课程）而Albers原则罕被采纳、Moholy几乎未被采纳；北美只移植预备课程形式、面向单一专业,接受史主张（Stelzer论点+Grawe结论），部分不可独立验证,clean第1841行、第6883行、第2289行,ACCEPTED_AS_CORE_SOURCE,D:\Design-history-知识库\教材章节知识模型转换\11_语义复核批次\BATCH-005-CH04-BAUHAUS\mappings\B0454_章节映射.csv
B0454,4.6,B,V2,grundlehre_institutionalization,Grundlehre在德绍时期制度化（1925课程表：基础实践+基础形式教学），战后经包豪斯成员延续至乌尔姆HfG等（Grundlehre 1953-55）,1925课程与乌尔姆承接为制度史实,clean第1251—1283行、第6540行,ACCEPTED_AS_CORE_SOURCE,D:\Design-history-知识库\教材章节知识模型转换\11_语义复核批次\BATCH-005-CH04-BAUHAUS\mappings\B0454_章节映射.csv
B0454,4.7,A,V2,diaspora_north_america,包豪斯教学法在北美：Gropius（哈佛）、Albers（黑山学院/耶鲁）、Moholy（芝加哥新包豪斯/设计学院）各自的改造与变异，第二代人（Beckmann、Bredendieck、Dearstyne等）延续基础课,Ch13（Grawe撰）据1998博士论文压缩，须与其他包豪斯通史（B0182/B0282）互核,clean第6636-6883行,ACCEPTED_AS_CORE_SOURCE,D:\Design-history-知识库\教材章节知识模型转换\11_语义复核批次\BATCH-005-CH04-BAUHAUS\mappings\B0454_章节映射.csv
B0454,4.7,B,V2,reception_germany,德国接受史：魏玛共和国时期论争、第三帝国压制、二战后联邦德国与民主德国对包豪斯教学法的不同评价与延续,Wick自承德国接受史仅为“粗略草图”，引用须标注此限定,clean第6066-6338行,ACCEPTED_AS_CORE_SOURCE,D:\Design-history-知识库\教材章节知识模型转换\11_语义复核批次\BATCH-005-CH04-BAUHAUS\mappings\B0454_章节映射.csv
B0463,0.2,B,V2,modernity_self_proof,奥斯曼与埃及参与博览会及自办庆典是“成为现代文明可见成员”的自证演练，现代化是穆斯林改革话语中的核心价值,“可见性”动机出自官方文件与知识分子话语；现代化叙事是作者重构而非当时统一共识,回查clean第1282、324—330行,ACCEPTED_AS_CORE_SOURCE,D:\Design-history-知识库\教材章节知识模型转换\11_语义复核批次\BATCH-003-CH02-EXPANDED\mappings\B0463_章节映射.csv
B0463,0.4,B,V2,pavilion_as_historical_source,展馆建筑本身成为史料：复制品与展览厅两种类型、建筑师图纸（Parvillée、D'Aronco）与128幅图像构成建筑史证据链,展馆均为临时建筑已不存，D'Aronco图纸仅两张留存，图像证据依赖文字转述,回查clean第914—925、1335—1341行,ACCEPTED_AS_CORE_SOURCE,D:\Design-history-知识库\教材章节知识模型转换\11_语义复核批次\BATCH-003-CH02-EXPANDED\mappings\B0463_章节映射.csv
B0463,0.5,B,V2,archives_press_photography,史料组合包括奥斯曼总理府档案（Yıldız/Irade收藏）、多语种报刊（Sabah、Diyojen、L'Illustration、Chicago Tribune）、官方委员会出版物与游记小说,档案使用集中于第4章；报刊以法英奥斯曼为主，阿拉伯语报刊覆盖有限,回查clean第1278、3443—3447行,ACCEPTED_AS_CORE_SOURCE,D:\Design-history-知识库\教材章节知识模型转换\11_语义复核批次\BATCH-003-CH02-EXPANDED\mappings\B0463_章节映射.csv
B0463,0.6,A,V2,displayed_absent_producers,被展示的殖民地生产者与表演者（肚皮舞者、工匠、土著村落居民）作为奇观在场却无自身记录，其声音在史料中缺席，作者自认穆斯林一方记录占比有限,缺席判断基于史料构成（官方/报刊/游记为主）；被展示者态度多靠间接推断,回查clean第399—408、591—598行,ACCEPTED_AS_CORE_SOURCE,D:\Design-history-知识库\教材章节知识模型转换\11_语义复核批次\BATCH-003-CH02-EXPANDED\mappings\B0463_章节映射.csv
B0463,0.6,B,V2,discourse_layer_distinction,本书示范区分组织者话语（官方出版物、场地规划）、批评者解释（报刊评论）与被展示者记录（穆斯林知识分子游记），不把展览目录类别当来源社会自我分类,话语层级区分是作者的方法自觉而非普遍事实；各层级引文须分别标注出处,回查clean第486—552、561—593行,ACCEPTED_AS_CORE_SOURCE,D:\Design-history-知识库\教材章节知识模型转换\11_语义复核批次\BATCH-003-CH02-EXPANDED\mappings\B0463_章节映射.csv
B0463,2.1,C,V2,crystal_palace_precedent,1851水晶宫开创单一大厅展示世界的模式，后无法容纳整个世界的展示需求，1867年起出现主展区/外围“如画”区两分结构,水晶宫仅作前史背景，非本书重点；两分结构判断依据1867年场地规划,回查clean第601—611行,CONTEXT_ONLY,D:\Design-history-知识库\教材章节知识模型转换\11_语义复核批次\BATCH-003-CH02-EXPANDED\mappings\B0463_章节映射.csv
B0463,2.2,C,V2,museum_state_governance_link,博览会与博物馆制度联动：Mariette埃及学与Bulaque博物馆、Trocadéro民族志博物馆到Musée de l'Homme的谱系，展示知识被制度化,博物馆内容集中在1878—1900展馆个案与尾声，非全书主线,回查clean第1080—1095、1690—1704行,CONTEXT_ONLY,D:\Design-history-知识库\教材章节知识模型转换\11_语义复核批次\BATCH-003-CH02-EXPANDED\mappings\B0463_章节映射.csv
B0463,2.5,C,V2,art_nouveau_islamic_connection,意大利新艺术建筑师D'Aronco（stile floreale）受聘设计1894伊斯坦布尔博览会，“新伊斯兰vs现代欧洲”双轨并存,关联限于个案且博览会未建成，不能推广为流派关系命题,回查clean第1335—1341行,CONTEXT_ONLY,D:\Design-history-知识库\教材章节知识模型转换\11_语义复核批次\BATCH-003-CH02-EXPANDED\mappings\B0463_章节映射.csv
B0463,2.6,A,V2,exposition_colonial_classification,19世纪世博会以展示、命名与空间等级化重绘世界秩序：主展区/边缘如画区两分场地、Midway“人类滑尺”、Trocadéro殖民地展区将伊斯兰世界“建筑地冻结”为无时间他者,分类机制由场地规划与组织者话语证明（作者批判性解读），观众实际接受不可由展览目标直接推出,回查clean第599—600、651—654、830—831、888行,ACCEPTED_AS_CORE_SOURCE,D:\Design-history-知识库\教材章节知识模型转换\11_语义复核批次\BATCH-003-CH02-EXPANDED\mappings\B0463_章节映射.csv
B0463,2.6,A,V2,authenticity_display_mechanism,“真实性”执念是殖民展示的关键机制：Rue du Caire以回收构件与细节确证制造“比开罗本城更真实”的幻象，同时排除历史与变化,“更真实”是组织者Gleon的自称，须与作者批判区分，不能当作事实陈述,回查clean第757、782—788行,ACCEPTED_AS_CORE_SOURCE,D:\Design-history-知识库\教材章节知识模型转换\11_语义复核批次\BATCH-003-CH02-EXPANDED\mappings\B0463_章节映射.csv
B0463,2.6,B,V2,human_display_racial_hierarchy,人类展示按种族等级组织（Benedict五类、Fabian“另一时间”、Midway种族滑尺），种族主义分类是展示制度的内在机制,历史种族主义材料仅在说明制度机制时最小限度转述，不复制侮辱性语言；Benedict/Fabian为作者引用理论,回查clean第363—366、381—425、830—831行,ACCEPTED_AS_CORE_SOURCE,D:\Design-history-知识库\教材章节知识模型转换\11_语义复核批次\BATCH-003-CH02-EXPANDED\mappings\B0463_章节映射.csv
B0463,2.7,A,V2,exposition_model_transfer_east,博览会模式并非单向西来：1863奥斯曼总博览会早于多数欧美大型博览会，1894年计划未竟而风格之争留存，1869苏伊士运河庆典把博览会要素内化为国家表演,“借用西方格式”出自奥斯曼官方文件与作者分析；庆典“从国际博览会学来”见于当时记录（活画/原住民展示）,回查clean第1281、1285—1296、1330—1332、1348—1351行,ACCEPTED_AS_CORE_SOURCE,D:\Design-history-知识库\教材章节知识模型转换\11_语义复核批次\BATCH-003-CH02-EXPANDED\mappings\B0463_章节映射.csv
B0463,2.7,B,V2,muslim_self_representation,独立穆斯林国家（奥斯曼、埃及、伊朗）在世博会中争夺文化自我定义，以清真寺与君主宅邸为原型自我表征，但自我表征也落入欧洲模式（如官方出版物冻结文化）,官方出版物与知识分子游记证明自我表征存在；“落入欧洲模式”是作者分析判断,回查clean第309—311、506—517、532行,ACCEPTED_AS_CORE_SOURCE,D:\Design-history-知识库\教材章节知识模型转换\11_语义复核批次\BATCH-003-CH02-EXPANDED\mappings\B0463_章节映射.csv
B0463,2.7,B,V2,bidirectional_architectural_exchange,世博会建筑影响双向：奥斯曼/埃及向西方学习图纸技术与新伊斯兰风格，西方建筑师（Owen Jones、Furness、Sullivan、Hénard）从伊斯兰建筑汲取理论资源,“双向影响”是作者第5章核心论点；风格相似或同场展出不等于影响，个案证据强度不一,回查clean第1405—1415、1520—1543、1584—1617行,ACCEPTED_AS_CORE_SOURCE,D:\Design-history-知识库\教材章节知识模型转换\11_语义复核批次\BATCH-003-CH02-EXPANDED\mappings\B0463_章节映射.csv
B0463,2.7,C,V2,neo_islamic_local_practice,博览会热回传催生伊斯坦布尔新伊斯兰与开罗新阿拉伯本土实践，1894年计划中的“奥斯曼/伊斯兰建筑科学”之争浓缩现代性两难,1894博览会未建成，风格争论证据限于政府文件；本土实践证据见于第5章,回查clean第1330—1332、1460—1466、1483—1496行,ACCEPTED_AS_CORE_SOURCE,D:\Design-history-知识库\教材章节知识模型转换\11_语义复核批次\BATCH-003-CH02-EXPANDED\mappings\B0463_章节映射.csv
B0463,6.1,X,V2,east_asia_translation_excluded,本书聚焦中东与北非伊斯兰世界，与1895—1949东亚转译及中国现代设计无实质关联，不作为6.1—6.7的来源,章节排除基于主题域不相交，非质量判断,无需回查原文,EXCLUDE_AS_OUT_OF_SCOPE,D:\Design-history-知识库\教材章节知识模型转换\11_语义复核批次\BATCH-003-CH02-EXPANDED\mappings\B0463_章节映射.csv
B0463,8.4,C,V2,twentieth_century_colonial_legacy,尾声追踪展示遗产至20世纪：1931殖民博览会、Fathy新Gourna、土耳其共和国展馆与头巾争议，与去殖民化/国家建设的教材主题仅边缘关联,尾声为延伸论证，证据密度低于主体章节,回查clean第1653—1674、1736—1748、1768行,CONTEXT_ONLY,D:\Design-history-知识库\教材章节知识模型转换\11_语义复核批次\BATCH-003-CH02-EXPANDED\mappings\B0463_章节映射.csv
B0464,0.6,C,V2,evidence_bias_inversion_thesis,“倒转论”为全称命题（“一切创始理念都被倒转为对立面”），且“Bauhaus idea”无独立定义，存在循环论证风险；作者在L1512以“门面翻转”自我修正,证据偏差条目：全称命题边界须标注；Klee/Kandinsky的自治艺术并未“倒转”（作者自认）,clean第145—149行、第1510—1512行,CONTEXT_ONLY,D:\Design-history-知识库\教材章节知识模型转换\11_语义复核批次\BATCH-005-CH04-BAUHAUS\mappings\B0464_章节映射.csv
B0464,0.6,C,V2,evidence_bias_1923_exhibition,1923展览“自我动员说”基于文献空缺推断（作者明示“迄今未发现政府指令文件”），属反证论证，证据等级低于档案直接证据,推断成立依赖Stölzl回忆与议会辩论间接支持；与Scheidig/Hüter成说并存，须对照使用,clean第859—863行,CONTEXT_ONLY,D:\Design-history-知识库\教材章节知识模型转换\11_语义复核批次\BATCH-005-CH04-BAUHAUS\mappings\B0464_章节映射.csv
B0464,0.6,C,V2,evidence_bias_meyer_evaluation,对Meyer的“历史可信度”判断本身是作者的历史判断，Maldonado持相反立场且被作者如实并列,证据偏差条目：作者立场与档案事实须区分；“Meyer是否误导Gropius”作者自陈未决,clean第1470、1488—1494行,CONTEXT_ONLY,D:\Design-history-知识库\教材章节知识模型转换\11_语义复核批次\BATCH-005-CH04-BAUHAUS\mappings\B0464_章节映射.csv
B0464,4.2,A,V2,weimar_dual_system,1919年双轨制（Formmeister/Handwerkmeister）与大师议会制度：艺术导师垄断决策、手工艺大师无投票权，埋下“艺术-技术”结构性裂痕,制度描述为档案事实；“双轨制违背行会平等理想”为作者分析,clean第358—378、461—465行,ACCEPTED_AS_CORE_SOURCE,D:\Design-history-知识库\教材章节知识模型转换\11_语义复核批次\BATCH-005-CH04-BAUHAUS\mappings\B0464_章节映射.csv
B0464,4.2,A,V2,preliminary_course_vorkurs,基础课程（Vorkurs）从Itten（Mazdaznan教学法）经Moholy-Nagy到Albers的交接，是包豪斯教育理念与校内权力斗争的交汇点,工坊再分配与人事时间为档案事实；Itten-Gropius教学哲学对立及“时间即政治”为作者分析,clean第579—607、825—851行,ACCEPTED_AS_CORE_SOURCE,D:\Design-history-知识库\教材章节知识模型转换\11_语义复核批次\BATCH-005-CH04-BAUHAUS\mappings\B0464_章节映射.csv
B0464,4.3,A,V2,institutional_turn_1923_exhibition,1923年大展系Gropius主动发动（驳“政府强令说”），以集体任务统一分裂中的学校并争取工业界支持；“艺术与技术：新的统一”既是外交口号也是哲学上荒谬的命题,展览缘起为作者考证推断：无政府指令文件，依据Gropius 1922年9月15日备忘录与Stölzl回忆；口号双重分析属Forgács命题,clean第857—1007行,ACCEPTED_AS_CORE_SOURCE,D:\Design-history-知识库\教材章节知识模型转换\11_语义复核批次\BATCH-005-CH04-BAUHAUS\mappings\B0464_章节映射.csv
B0464,4.5,A,V2,weimar_parliament_struggle,包豪斯生存取决于图林根政党政治与拨款博弈；Gropius自称像Cerberus一样排除政治，但“生存本身即政治”,议会辩论与报刊材料部分经Scheidig/Hüter等二手转引；“政治不可避免”为Forgács命题,clean第427—469行,ACCEPTED_AS_CORE_SOURCE,D:\Design-history-知识库\教材章节知识模型转换\11_语义复核批次\BATCH-005-CH04-BAUHAUS\mappings\B0464_章节映射.csv
B0464,4.5,A,V2,gropius_resignation_1928,Gropius辞职是校内共同体理想耗尽（Klee/Kandinsky裂痕、Breuer产权之争）与政治右转的双重结果；“信仰的时代结束了”,辞职时间线（1928年1月17日告知、2月4日辞职信、3月28日离校）为档案事实；象征解读为Forgács解释,clean第1257—1283行,ACCEPTED_AS_CORE_SOURCE,D:\Design-history-知识库\教材章节知识模型转换\11_语义复核批次\BATCH-005-CH04-BAUHAUS\mappings\B0464_章节映射.csv
B0464,4.5,A,V2,meyer_directorship,Meyer任内产业订单增长与智力水准下降并存；两大纲领（《building》《bauhaus and society》）全文为原始文本；因共产主义学生政治化经Hesse/Grote调查于1930年被解职,“误读历史时刻”与“缺乏历史可信度”为Forgács核心命题，作者并列Maldonado反方观点；Meyer是否“真”共产主义者作者自陈未决,clean第1285—1520行,ACCEPTED_AS_CORE_SOURCE,D:\Design-history-知识库\教材章节知识模型转换\11_语义复核批次\BATCH-005-CH04-BAUHAUS\mappings\B0464_章节映射.csv
B0464,4.5,A,V2,mies_tenure_and_1933_closure,Mies任内非政治化路线未能挽救学校：1932年德绍关校、1933年4月11日柏林关闭、8月10日解散；Rosenberg视艺术独立精神为比共产主义更激进的纳粹之敌,终局事件时间线为档案史实；Rosenberg判断属作者引用与解读,clean第1612—1690行,ACCEPTED_AS_CORE_SOURCE,D:\Design-history-知识库\教材章节知识模型转换\11_语义复核批次\BATCH-005-CH04-BAUHAUS\mappings\B0464_章节映射.csv
B0464,4.5,B,V2,artists_role_in_ouster,Kandinsky/Klee/Schlemmer/Albers等艺术家群体在Meyer下台中作用被以往低估；“设计成了艺术赖以幸存的门面”（门面翻转）,为作者“非常规解释”，有Hesse信件与Droste佐证，属解释性命题而非档案直接记载,clean第1510—1512行,ACCEPTED_AS_SUPPORTING_SOURCE,D:\Design-history-知识库\教材章节知识模型转换\11_语义复核批次\BATCH-005-CH04-BAUHAUS\mappings\B0464_章节映射.csv
B0464,4.6,A,V2,dessau_production_programme,德绍纲领《Bauhaus Dessau — Principles of Bauhaus Production》（1926年3月）将设计/标准型生产确立为学校任务；Kandinsky同年12月发文反拨，标志艺术-设计裂痕显性化,纲领与Kandinsky文章全文为一手文本；“理念被倒转”为Forgács命题（皮洛士式胜利）,clean第1191—1207行,ACCEPTED_AS_CORE_SOURCE,D:\Design-history-知识库\教材章节知识模型转换\11_语义复核批次\BATCH-005-CH04-BAUHAUS\mappings\B0464_章节映射.csv
B0464,4.6,B,V2,dessau_institutional_transition,“整体人vs部分人”教育哲学与Kunst→Gestaltung术语转向，构成德绍时期从艺术学校向设计-制度形态转变的思想轨迹,术语转向为作者语义学分析；德绍校舍与大师宅为物证,clean第1101—1186行,ACCEPTED_AS_SUPPORTING_SOURCE,D:\Design-history-知识库\教材章节知识模型转换\11_语义复核批次\BATCH-005-CH04-BAUHAUS\mappings\B0464_章节映射.csv
B0464,4.6,B,V2,bauhaus_vkhutemas_comparison,包豪斯与VKhUTEMAS看似平行实则相反：一从边缘先锋到时尚设计学校，一从国家中心到边缘；制度地位与物质条件（钢vs木）决定设计差异,比较框架与材料决定论为作者分析命题；两校课程/人事对应可证,clean第1522—1610行,ACCEPTED_AS_SUPPORTING_SOURCE,D:\Design-history-知识库\教材章节知识模型转换\11_语义复核批次\BATCH-005-CH04-BAUHAUS\mappings\B0464_章节映射.csv
B0465,6.3,B,V2,print_capital_and_press_advertising,鸦片战争后石版印刷传入香港，报刊广告成为近代广告最显著标志；《星岛日报》《明报》广告、50年代“4A”广告商会与中外广告公司并存,印刷技术史与报刊广告史实层，多转引行业史,回查L23—L63、L72、L96,ACCEPTED_AS_CORE_SOURCE,D:\Design-history-知识库\教材章节知识模型转换\11_语义复核批次\BATCH-007-CH06-EASTASIA\mappings\B0465_章节映射.csv
B0465,6.3,B,V2,advertising_industry_growth,广告总开支1971年2亿港元、2004年447.07亿港元（增223.5倍），90年代广告公司近千家，“亚洲广告之都”，广告大赛体系,统计数据无档案直接佐证，属引述数据层,回查L116—L135、L177数据来源,ACCEPTED_AS_CORE_SOURCE,D:\Design-history-知识库\教材章节知识模型转换\11_语义复核批次\BATCH-007-CH06-EASTASIA\mappings\B0465_章节映射.csv
B0465,6.3,C,V2,yuefenpai_commercial_art,月份牌广告画（关蕙农“月份牌王”）为近代香港最早商品广告形式之一，中西商业美术交汇的香港侧证据,与上海月份牌同一研究对象——本书仅作香港侧证据，P0与上海侧来源合并只计一次,回查L63月份牌专述,ACCEPTED_AS_CORE_SOURCE,D:\Design-history-知识库\教材章节知识模型转换\11_语义复核批次\BATCH-007-CH06-EASTASIA\mappings\B0465_章节映射.csv
B0465,6.3,C,V2,book_design_and_print_craft,香港书籍设计“工业性复制”工艺（灰平衡、“平衡点”延长灰调阶度、特种纸张油墨），并批评大陆出版印刷业“群体性观念的偏错”,行业工艺描述+作者论辩层,回查L183书籍工艺论,ACCEPTED_AS_CORE_SOURCE,D:\Design-history-知识库\教材章节知识模型转换\11_语义复核批次\BATCH-007-CH06-EASTASIA\mappings\B0465_章节映射.csv
B0465,6.4,C,V2,shanghai_hong_kong_consumption_contrast,石汉瑞受20世纪20年代上海广告画影响、靳埭强中国银行CI等提供沪港都市消费文化对照的侧证,本书非上海专论，仅作对照侧证（P1层）,回查L9石汉瑞背景与靳埭强CI表述,ACCEPTED_AS_CORE_SOURCE,D:\Design-history-知识库\教材章节知识模型转换\11_语义复核批次\BATCH-007-CH06-EASTASIA\mappings\B0465_章节映射.csv
B0465,6.5,A,V2,hong_kong_education_lineage,香港设计教育沿革：1955美专设计系→1960工业学院商业美术及设计系→1967理工专科学校→1981太古设计学院→1980正形设计学校；王无邪引包豪斯为教育先导，构成多层次教育体系,教育史实层（院校沿革、人物履历）可核，包豪斯传播链为本书核心论述,回查L144、L201教育沿革与L1序引靳埭强语,ACCEPTED_AS_CORE_SOURCE,D:\Design-history-知识库\教材章节知识模型转换\11_语义复核批次\BATCH-007-CH06-EASTASIA\mappings\B0465_章节映射.csv
B0465,6.5,A,V2,hong_kong_designer_lineage,石汉瑞（跨文化设计代表）、王无邪（设计教育开山）、靳埭强（中西融合旗手）、陈幼坚、李永铨、刘小康等23位设计师构成香港设计谱系,人物谱系史实层；与B0517/B0492共享同一对象时P0只计一份,回查L227—L298个案与L144先驱节,ACCEPTED_AS_CORE_SOURCE,D:\Design-history-知识库\教材章节知识模型转换\11_语义复核批次\BATCH-007-CH06-EASTASIA\mappings\B0465_章节映射.csv
B0465,6.5,B,V2,intercultural_design_practice,石汉瑞以异族眼光将文化融入设计、以国际主义美学表达当地文化，如Jade Creations珠宝（1972）、香港电话公司标志（1978）,概念框架+作品个案，作品断代可核,回查L102、L110跨文化设计案例,ACCEPTED_AS_CORE_SOURCE,D:\Design-history-知识库\教材章节知识模型转换\11_语义复核批次\BATCH-007-CH06-EASTASIA\mappings\B0465_章节映射.csv
B0465,6.5,B,V2,design_institutions_and_awards,香港设计师协会（1972）、香港设计中心（2001，特区政府年资助2000万港币）、四大奖项（亚洲最具影响力/设计领袖/青年才俊/世界华人）构成制度化网络,机构史实可核；协会成立年份以L9为1972年,回查L164、L201、L204—L216,ACCEPTED_AS_CORE_SOURCE,D:\Design-history-知识库\教材章节知识模型转换\11_语义复核批次\BATCH-007-CH06-EASTASIA\mappings\B0465_章节映射.csv
B0465,6.5,B,V2,creative_industry_policy,创意工业概念引英国政府定义，1999年《信报》、2000年香港艺术发展局《创意工业导论》、2002年特区政府咨询文件，香港进入创意工业时代,概念转引+政策文件序列，属当代制度层,回查L9、L167定义与文件,ACCEPTED_AS_CORE_SOURCE,D:\Design-history-知识库\教材章节知识模型转换\11_语义复核批次\BATCH-007-CH06-EASTASIA\mappings\B0465_章节映射.csv
B0465,6.5,C,V2,digital_and_postmodern_design,电脑美术字/数码字体使字体演变“非标准化、民主化”逆转，解构主义影响90年代设计；电脑引入1980年代,行业性描述层，技术史判断较概括,回查L158、L170数码字体论,ACCEPTED_AS_CORE_SOURCE,D:\Design-history-知识库\教材章节知识模型转换\11_语义复核批次\BATCH-007-CH06-EASTASIA\mappings\B0465_章节映射.csv
B0465,6.6,B,V2,national_form_debate,驳“香港现代设计是西方照抄翻版”论，主张“本色”为中国传统文化审美趣味，“具有中国特色的现代和后现代设计”；回归后“国家观念和民族意识昭然可见”,作者立场性论辩层，构成民族形式之争的香港样本,回查L9驳论原文与L177回归海报论,ACCEPTED_AS_CORE_SOURCE,D:\Design-history-知识库\教材章节知识模型转换\11_语义复核批次\BATCH-007-CH06-EASTASIA\mappings\B0465_章节映射.csv
B0465,6.6,C,V2,identity_and_national_symbols,香港区旗区徽（紫荆花五星）、城市形象飞龙标志（陈幼坚操刀，2001年推出）、凤凰卫视标志（彩陶凤鸟“喜相逢”）——设计史与政治认同直接连接,个案描述层，作品与年份可核,回查L189、L192、L195,ACCEPTED_AS_CORE_SOURCE,D:\Design-history-知识库\教材章节知识模型转换\11_语义复核批次\BATCH-007-CH06-EASTASIA\mappings\B0465_章节映射.csv
B0465,6.6,C,V2,chinese_character_design,美术字分平面/立体/创意三类，汉字方块字表意与拉丁字母构词对比，“字骨”不变隐忧——汉字设计现代转型的民族形式面向,行业描述层，与6.6民族形式议题相关,回查L18、L72、L170,ACCEPTED_AS_CORE_SOURCE,D:\Design-history-知识库\教材章节知识模型转换\11_语义复核批次\BATCH-007-CH06-EASTASIA\mappings\B0465_章节映射.csv
B0465,13.7,C,V2,mainland_design_demonstration,香港平面设计“波及中国内地，影响了世界”，“催生和丰富了大陆的平面设计艺术”，对大陆设计起示范效应——中国设计转型的香港动力侧证,绪论层面宏观论断（P1层），非具体机制论证,回查L9示范效应表述,ACCEPTED_AS_CORE_SOURCE,D:\Design-history-知识库\教材章节知识模型转换\11_语义复核批次\BATCH-007-CH06-EASTASIA\mappings\B0465_章节映射.csv
B0469,0.4,A,V2,artifact_material_evidence,以人工物为史料：甲骨、金文鼎彝、睡虎地秦简、马王堆帛书、西汉纸（灞桥纸）、《乙瑛碑》《曹全碑》等碑帖、济南刘家功夫针铺广告铜版构成实物证据链,出土实物与传世碑帖分层、实物优先；灞桥纸等年代结论为作者辨伪推断,回查clean L238、L267、L323、L353、L786,ACCEPTED_AS_CORE_SOURCE,D:\Design-history-知识库\教材章节知识模型转换\11_语义复核批次\BATCH-007-CH06-EASTASIA\mappings\B0469_章节映射.csv
B0469,0.5,A,V2,evidence_hierarchy,证据类型四类并用：出土实物、传世碑帖、古典文献（《说文解字》《梦溪笔谈》《天工开物》）、近人研究（徐邦达、启功、郑振铎、戈公振），对蔡伦造纸等旧说逐条辨伪存疑,无注释体系、转引旧说未加考证；辨伪结论为作者个人推断,回查clean L84、L353、L416—417,ACCEPTED_AS_CORE_SOURCE,D:\Design-history-知识库\教材章节知识模型转换\11_语义复核批次\BATCH-007-CH06-EASTASIA\mappings\B0469_章节映射.csv
B0469,6.2,B,V2,western_technology_introduction,晚清工业背景下的技术传入（铅印、石印、机械装订、洋纸进口）与本土印刷业回应（商务印书馆、扫叶山房采用西法），双面印刷促成装订技术改革,近人叙述，无注释体系,回查clean L915、L972,ACCEPTED_AS_CORE_SOURCE,D:\Design-history-知识库\教材章节知识模型转换\11_语义复核批次\BATCH-007-CH06-EASTASIA\mappings\B0469_章节映射.csv
B0469,6.2,B,V2,traditional_craft_artisans,工匠与技术家系：蔡伦、毕昇、王桢、胡正言（饵版拱花）、吴发祥构成技术传承链；明代资本主义萌芽期插图版画黄金时代、徽派刻工,掌故化叙述与人物谱系框架；部分人物为传说性记载,回查clean L200、L797—828,ACCEPTED_AS_CORE_SOURCE,D:\Design-history-知识库\教材章节知识模型转换\11_语义复核批次\BATCH-007-CH06-EASTASIA\mappings\B0469_章节映射.csv
B0469,6.3,A,V2,print_capital_press_advertising,《申报》广告业（史量才、张竹平广告设计组、1915年广告面积超新闻面积）与《点石斋画报》石印新闻画构成上海印刷资本的视觉公共领域,作者叙述+近代报刊史料；广告面积数据可回查《申报》档案,回查clean L915、L946相关段落,ACCEPTED_AS_CORE_SOURCE,D:\Design-history-知识库\教材章节知识模型转换\11_语义复核批次\BATCH-007-CH06-EASTASIA\mappings\B0469_章节映射.csv
B0469,6.3,A,V2,calendar_poster_industry,月份牌画为附年历商业宣传画：屈臣氏最早，周慕桥成名作，郑曼陀“曼陀风”，杭穉英开中国最早现代广告公司，金雪尘李慕白画室合作——月份牌产业机制（画室合作、商标包装）,图像实物（月份牌图版）与叙述分层；画家生卒、作品名录为掌故式叙述,回查clean L930、L935、L938、L956—969,ACCEPTED_AS_CORE_SOURCE,D:\Design-history-知识库\教材章节知识模型转换\11_语义复核批次\BATCH-007-CH06-EASTASIA\mappings\B0469_章节映射.csv
B0469,6.3,A,V2,printing_tech_history,雕版工序（书样—反贴—镌刻—试印—刷印）、泥/木/金属活字、饵版拱花、笺纸工艺构成完整技术链条；《金刚经》年代考辨,实物与版本学著录分层；“绝不是最早”为作者个人推断,回查clean L751、L770—771、L890—906,ACCEPTED_AS_CORE_SOURCE,D:\Design-history-知识库\教材章节知识模型转换\11_语义复核批次\BATCH-007-CH06-EASTASIA\mappings\B0469_章节映射.csv
B0469,6.3,C,V2,book_design_industry,旧平装书装帧设计业：铅印传入后封面由单色转多色，出现专门书刊封面装帧设计艺术（李叔同、闻一多、鲁迅、丰子恺书衣设计），商务印书馆等出版机构印制,叙述框架+人物名录；“设计手法与世界先进水平同步”为作者判断,回查clean L972—1032,ACCEPTED_AS_CORE_SOURCE,D:\Design-history-知识库\教材章节知识模型转换\11_语义复核批次\BATCH-007-CH06-EASTASIA\mappings\B0469_章节映射.csv
B0469,6.4,A,V2,shanghai_urban_consumer_culture,五口通商后上海成最大商埠，租界洋商资本与民族资本汇聚“十里洋场万商云集”；市民文化兴起，月份牌画推波助澜,作者叙述+常识性判断；“繁华不亚于伦敦纽约”为价值判断,回查clean L915、L946,ACCEPTED_AS_CORE_SOURCE,D:\Design-history-知识库\教材章节知识模型转换\11_语义复核批次\BATCH-007-CH06-EASTASIA\mappings\B0469_章节映射.csv
B0469,6.4,A,V2,calendar_poster_advertising,月份牌画为附年历商业宣传画（画家与广告公司个案）,图像实物与叙述分层,回查clean L930—969,ACCEPTED_AS_CORE_SOURCE,D:\Design-history-知识库\教材章节知识模型转换\11_语义复核批次\BATCH-007-CH06-EASTASIA\mappings\B0469_章节映射.csv
B0469,6.4,B,V2,republican_material_culture,民国装裱业（含作假系统）、书信笺纸（诗婢家、《百花诗笺谱》《北平笺谱》）、六类广告形式多半首创于上海后蔓延至京津汉渝,掌故式叙述为主；造假系统细节近口述性质材料,回查clean L1034—1086,ACCEPTED_AS_CORE_SOURCE,D:\Design-history-知识库\教材章节知识模型转换\11_语义复核批次\BATCH-007-CH06-EASTASIA\mappings\B0469_章节映射.csv
B0469,6.6,A,V2,national_form_identity,中国平面设计民族特质“沉静而有内力”，汉字本位、书法即高级字体设计，雕版/装裱/饵版拱花为“完全中国化的独门艺术”，驳斥“中国平面设计源于西方”论,强烈价值判断+中西比较论证；“中国是世界老大”等断语缺乏可比性论证,回查clean L3、L8、L915断语式判断的论证链条,ACCEPTED_AS_CORE_SOURCE,D:\Design-history-知识库\教材章节知识模型转换\11_语义复核批次\BATCH-007-CH06-EASTASIA\mappings\B0469_章节映射.csv
B0469,6.6,B,V2,art_nouveau_localization,新艺术运动经谢列特、穆卡海报传入，郑曼陀等将西方美女换成中国女子形成“曼陀风”，被纳入新艺术运动在中国的兴起与发展的世界语境,作者判断框架；“绝不落后于任何先进国家”为价值判断,回查clean L951—952、L1086新艺术运动关联论述,ACCEPTED_AS_CORE_SOURCE,D:\Design-history-知识库\教材章节知识模型转换\11_语义复核批次\BATCH-007-CH06-EASTASIA\mappings\B0469_章节映射.csv
B0469,6.6,B,V2,decline_narrative,“民国最后的辉煌—此后衰落”叙事：民国平面设计繁荣为史上最后辉煌，之后未再达世界一流水平；篆书等传统退出使用舞台,个人价值判断，非实证结论,回查clean L1086断语与1949年后设计史实对照,ACCEPTED_AS_CORE_SOURCE,D:\Design-history-知识库\教材章节知识模型转换\11_语义复核批次\BATCH-007-CH06-EASTASIA\mappings\B0469_章节映射.csv
B0469,6.6,C,V2,japanese_reference_comparison,日本平面设计渊源于中国（绘卷、书道、水墨画、浮世绘），明治维新后转向西化，“模仿中的创造”反衬中国近代平面设计传承问题,域外参照框架，附录性质；中日传播链为作者勾勒,回查clean L1086—1214附录中日比较论述,ACCEPTED_AS_CORE_SOURCE,D:\Design-history-知识库\教材章节知识模型转换\11_语义复核批次\BATCH-007-CH06-EASTASIA\mappings\B0469_章节映射.csv
B0472,0.2,B,V2,modernity_global_network,中国现代设计应放在全球设计交互网络中研究，“照相蒙太奇”在欧亚大陆的传播是典型的跨越文化语境与意识形态的全球史议题,跨文化传播比较方法，涉及日本、苏俄、欧美影响及外国设计师在华实践,回查clean第17行（二）横向全球史、Ch07章,ACCEPTED_AS_CORE_SOURCE,D:\Design-history-知识库\教材章节知识模型转换\11_语义复核批次\BATCH-007-CH06-EASTASIA\mappings\B0472_章节映射.csv
B0472,0.2,B,V2,modernity_designer_centric_narrative,中国现代设计史应建立以人和作品为中心的经典叙事（设计师、团体、风格、流派、事件），主张史实求真优先、反对“以论代史”,作者方法论立场，在与佩夫斯纳—伍德姆谱系对话中展开，非实证命题,回查clean第7行引言、第10行伍德姆评述、第14行,ACCEPTED_AS_CORE_SOURCE,D:\Design-history-知识库\教材章节知识模型转换\11_语义复核批次\BATCH-007-CH06-EASTASIA\mappings\B0472_章节映射.csv
B0472,6.3,A,V2,print_capital_journal_periodization,民国期刊设计四分期（1815—1949）与全流程分类：封面、版式、印刷装订各环节独立研究，期刊设计应区别于书籍设计,Ch06专章系统研究，以作者自藏与馆藏实物考据为据,回查clean第238行四分期、第300行结语,ACCEPTED_AS_CORE_SOURCE,D:\Design-history-知识库\教材章节知识模型转换\11_语义复核批次\BATCH-007-CH06-EASTASIA\mappings\B0472_章节映射.csv
B0472,6.3,B,V2,print_capital_eastern_miscellany,《东方杂志》四十年刊名字体史显示金石趣味（篆隶为主）占据主流，是碑学大兴的结果；1933年改宋体美术字、1934年遵令改篆书祥云,个案逐年考据，不能外推为全部民国期刊总论,回查clean第123行,ACCEPTED_AS_CORE_SOURCE,D:\Design-history-知识库\教材章节知识模型转换\11_语义复核批次\BATCH-007-CH06-EASTASIA\mappings\B0472_章节映射.csv
B0472,6.3,B,V2,print_capital_layout_innovation,民国期刊引入“花边”（Frame）与“插画”（Cut）概念，经历直排改横排（1915《科学》）、双页排版、复式页码等版式变革，并受苏联构成主义、日本杂志设计等国际风格影响,以《图案法讲义》为设计观念一手证据，覆盖封面、内页、印刷装订全流程,回查clean第258—288行,ACCEPTED_AS_CORE_SOURCE,D:\Design-history-知识库\教材章节知识模型转换\11_语义复核批次\BATCH-007-CH06-EASTASIA\mappings\B0472_章节映射.csv
B0472,6.5,A,V2,education_mediation_beijing_art_school,北京美术学校（1918）是中国近代第一个开设图案专业的国立美术学校，图案专业延续至1956年分设中央工艺美术学院，形成北京美术学校—国立北平艺专—中央工艺美术学院教育谱系,Ch05专章，以七本图案法讲义（其中四本2010年新发现）的一手考证为据,回查clean第157行建校与谱系、第162行讲义实物考证,ACCEPTED_AS_CORE_SOURCE,D:\Design-history-知识库\教材章节知识模型转换\11_语义复核批次\BATCH-007-CH06-EASTASIA\mappings\B0472_章节映射.csv
B0472,6.5,B,V2,education_mediation_pattern_curriculum,“图案法”自《北京美术学校学则》（1918）核准之日起即为核心课程，图案、绘画及其他美术类专业均须修习，对中国现代设计教育影响深远,讲义实物与学则文献互证，覆盖1918—1922北京美术学校时期,回查clean第157行“图案法”课程地位,ACCEPTED_AS_CORE_SOURCE,D:\Design-history-知识库\教材章节知识模型转换\11_语义复核批次\BATCH-007-CH06-EASTASIA\mappings\B0472_章节映射.csv
B0472,6.6,A,V2,national_form_jinshiwei,“金石味”（碑学趣味）通过文字设计进入印刷媒介与公共视觉文化，参与中国现代“民族性”建构；进步知识界与政府文化保守主义者几乎一致认可其为民族性重要表征,Ch03专章，以《东方杂志》与钱君匋及其师友圈（鲁迅、闻一多、郑午昌）为中心,回查clean第120行金石味三特征、第126行鲁迅建议、第136行结语,ACCEPTED_AS_CORE_SOURCE,D:\Design-history-知识库\教材章节知识模型转换\11_语义复核批次\BATCH-007-CH06-EASTASIA\mappings\B0472_章节映射.csv
B0472,6.6,B,V2,national_form_hanwen_zhengkai,汉文正楷是文化民族主义的话语实践：1935年郑午昌呈请蒋介石确立楷书标准书体地位，既有利于印刷时代传承固有文化，又对现代中文字体设计现代化形成阻碍,个案研究，两通指令影响因材料缺失采取“勾勒”式处理,回查clean第87行呈请档案、第117行“字体政治”结语,ACCEPTED_AS_CORE_SOURCE,D:\Design-history-知识库\教材章节知识模型转换\11_语义复核批次\BATCH-007-CH06-EASTASIA\mappings\B0472_章节映射.csv
B0472,6.6,B,V2,national_form_modernity_identity,现代化不主动建构民族性，但会激发特定族群对文化认同的寻求；民族性往往通过回溯久远历史获得,作者理论判断，属论文集观点而非定论,回查clean第136行对应Ch03结语,ACCEPTED_AS_CORE_SOURCE,D:\Design-history-知识库\教材章节知识模型转换\11_语义复核批次\BATCH-007-CH06-EASTASIA\mappings\B0472_章节映射.csv
B0472,6.6,B,V2,national_form_ancient_heritage,敦煌千年艺术遗产的“再发现”影响中国现代设计与视觉文化；研究新中国“民族风格”（如北京十大建筑）不能越过古代艺术遗产的价值,导论性论述（研究途径第一条），非专章研究,回查clean第17行“纵向一贯史”部分,ACCEPTED_AS_CORE_SOURCE,D:\Design-history-知识库\教材章节知识模型转换\11_语义复核批次\BATCH-007-CH06-EASTASIA\mappings\B0472_章节映射.csv
B0472,6.7,B,V2,war_propaganda_poster_schema,中国宣传画作为画种的兴衰由其属性与历史语境决定；其“图式”（Schema）是视觉的范式或程式，支撑它的是话语和思想,Ch10历时性画种研究，覆盖延安至毛泽东时代宣传画,回查clean第385行图式概念、第403行兴衰根由,ACCEPTED_AS_CORE_SOURCE,D:\Design-history-知识库\教材章节知识模型转换\11_语义复核批次\BATCH-007-CH06-EASTASIA\mappings\B0472_章节映射.csv
B0472,6.7,B,V2,war_propaganda_yanan_style,延安设计样式是毛泽东时代形成的革命现代主义设计模式，延安美术设计创作萌芽对毛泽东时代设计具“原型”意义,概念界定为主，非专章展开,回查clean第17行延安美术“原型”意义、第327行延安设计样式,ACCEPTED_AS_CORE_SOURCE,D:\Design-history-知识库\教材章节知识模型转换\11_语义复核批次\BATCH-007-CH06-EASTASIA\mappings\B0472_章节映射.csv
B0478,0.1,B,V2,translation_terminology_reference,中译本前言对「设计」「设计师」「设计与制作的分离」等核心概念的中文表述可作为教材中文引用的术语参照,译名经译者选择且clean版存在OCR噪声，行号为clean版定位,引用时回查实体书前言页码及英文原文,ACCEPTED_AS_TRANSLATION_REFERENCE,D:\Design-history-知识库\教材章节知识模型转换\11_语义复核批次\BATCH-003-CH02-EXPANDED\mappings\B0478_章节映射.csv
B0478,0.2,C,V2,chronology_chinese_version,中文大事年表（1654—2010）为中译本对原版年表的全译，可作教学时间轴与分期参照,年表内容与英文版一致，无中译本独立增补条目,核对原版年表条目与中文译文的逐条对应,CONTEXT_ONLY,D:\Design-history-知识库\教材章节知识模型转换\11_语义复核批次\BATCH-003-CH02-EXPANDED\mappings\B0478_章节映射.csv
B0478,0.5,C,V2,transliteration_inconsistency,人名音译不一致（「扬·茨池侯德」与「扬·奇肖尔德」并用）且部分译名偏离通用译名（勒·科比西埃、密斯·范·德·罗厄），引用时须附原文统一,音译体系不统一为中译本已知技术问题,引用人名时统一采用通用译名并保留英文原文,CONTEXT_ONLY,D:\Design-history-知识库\教材章节知识模型转换\11_语义复核批次\BATCH-003-CH02-EXPANDED\mappings\B0478_章节映射.csv
B0478,0.5,B,V2,translators_afterword_context,译后记记载译本生成过程（第一版2007年、第二版昂与李昶合译）与译者对中国设计处境的观察（王澍2012年获普利兹克奖），是中译本接受史的一手材料,译后记系译者个人观点，不代表原著立场,如需引用「物质文化」表述应以正文论述为准,ACCEPTED_AS_TRANSLATION_REFERENCE,D:\Design-history-知识库\教材章节知识模型转换\11_语义复核批次\BATCH-003-CH02-EXPANDED\mappings\B0478_章节映射.csv
B0478,0.5,X,V2,appendix_not_translation_additions,书末「拓展阅读/精选书目/图片版权/注释」为英文原版内容直接收录，不能视为中译本增补，亦不能作为英文第二版内容的独立证据,中译本未见中文参考文献增补,检索文献时以英文原版书末书目为准,EXCLUDE_AS_DUPLICATE_OF_B0101,D:\Design-history-知识库\教材章节知识模型转换\11_语义复核批次\BATCH-003-CH02-EXPANDED\mappings\B0478_章节映射.csv
B0478,0.6,X,V2,emergence_models_not_source_propositions,P4知识涌现分析中的命名、网络、枢纽、S值等模型是对分析报告的二次推演，不得写成原著命题,00_方法与规则自述为元分析且k/b/S为半定量估算,引用本书命题一律以clean正文与英文原版为准,EXCLUDE_AS_META_MODEL,D:\Design-history-知识库\教材章节知识模型转换\11_语义复核批次\BATCH-003-CH02-EXPANDED\mappings\B0478_章节映射.csv
B0478,0.8,C,V2,translation_structure_mapping,中译本目录与2010英文第二版六卷十六章结构完全对应、无删节合并，可用作中英章节对照与教学导航,对应关系依据目录与分章报告，未逐页比对实体书,抽查实体书各章起始页码与目录一致性,ACCEPTED_AS_TRANSLATION_REFERENCE,D:\Design-history-知识库\教材章节知识模型转换\11_语义复核批次\BATCH-003-CH02-EXPANDED\mappings\B0478_章节映射.csv
B0478,0.8,C,V2,translator_added_notes,中文注释对「新艺术运动」「衬线」等术语的解释是中译本特有的阅读辅助，可作术语教学参考,注释位置受OCR分页影响，归属章节待核,核对实体书该注释的页脚归属,ACCEPTED_AS_TRANSLATION_REFERENCE,D:\Design-history-知识库\教材章节知识模型转换\11_语义复核批次\BATCH-003-CH02-EXPANDED\mappings\B0478_章节映射.csv
B0478,0.8,X,V2,translation_not_independent_evidence,中译本与B0101（2010英文第二版）为同一版次知识内容，全部16章命题重合，不得独立计证,本卡只承担译本审计职能，命题证据一律回查英文原版,命题映射引用B0101的18条V2映射,EXCLUDE_AS_DUPLICATE_OF_B0101,D:\Design-history-知识库\教材章节知识模型转换\11_语义复核批次\BATCH-003-CH02-EXPANDED\mappings\B0478_章节映射.csv
B0478,1.5,X,V2,erroneous_royal_society_year,「1873年被选为皇家学会会员」与韦奇伍德生卒（1730—1795）矛盾，疑为1773/1783之误，不得作为史实引用,错误源于原书或排印未定，需对照2010英文原版,回查英文第二版对应句子及皇家学会当选记录,EXCLUDE_AS_ERRONEOUS,D:\Design-history-知识库\教材章节知识模型转换\11_语义复核批次\BATCH-003-CH02-EXPANDED\mappings\B0478_章节映射.csv
B0485,0.2,A,V2,modernity_enlightenment_rescue,“现代”之于中国便是“启蒙”与“救亡”，中国现代设计史的沉重性源于中西碰撞与民族自强双重语境；以器物入手（洋务运动）是中国现代性的突出表现,命题为作者核心论点，与李泽厚“启蒙与救亡”双重变奏谱系相关，属思想史阐释而非档案事实,回查clean L57德里克引文与“启蒙与救亡”原句,ACCEPTED_AS_CORE_SOURCE,D:\Design-history-知识库\教材章节知识模型转换\11_语义复核批次\BATCH-007-CH06-EASTASIA\mappings\B0485_章节映射.csv
B0485,0.2,B,V2,life_enlightenment_mediation,设计为生活与现代性之“中介”；“生活启蒙”比思想启蒙更直接、更逼真、更可靠，衣食住行用之“美”必须存在于物质基础之上,“生活启蒙”为作者建构的核心概念（以王家树—于光远通信为史实支撑），概念框架与史实需分层,回查clean L93通信全文与“生活启蒙”提出段落,ACCEPTED_AS_CORE_SOURCE,D:\Design-history-知识库\教材章节知识模型转换\11_语义复核批次\BATCH-007-CH06-EASTASIA\mappings\B0485_章节映射.csv
B0485,6.1,C,V2,three_constitutes_import,“三大构成”（平面、立体、色彩）源自包豪斯基础课，经香港吕立勋与日本两渠道传入中国，成为设计教育概念史环节,教育史事实性叙述，映射为概念前史补充,回查clean L107三大构成传入渠道段,ACCEPTED_AS_CORE_SOURCE,D:\Design-history-知识库\教材章节知识模型转换\11_语义复核批次\BATCH-007-CH06-EASTASIA\mappings\B0485_章节映射.csv
B0485,6.2,A,V2,national_goods_movement,国货运动与近代工商业、孙中山实业思想及上海商业美术家群体（周柏生、徐咏青、郑曼陀、杭穉英）构成晚清—民国设计观念的基础,近代史段落综合陈旭麓、李长莉等二手文献与方志辑录,回查clean L57国货运动与孙中山引文,ACCEPTED_AS_CORE_SOURCE,D:\Design-history-知识库\教材章节知识模型转换\11_语义复核批次\BATCH-007-CH06-EASTASIA\mappings\B0485_章节映射.csv
B0485,6.2,C,V2,tech_journals_propagation,《格致汇编》（1876）重科学理性、《点石斋画报》（1884）重生活想象，分别从技术与艺术推广工艺与社会生活联系,属章节例证性材料，非专论报刊史,回查clean L57两刊定位表述,ACCEPTED_AS_CORE_SOURCE,D:\Design-history-知识库\教材章节知识模型转换\11_语义复核批次\BATCH-007-CH06-EASTASIA\mappings\B0485_章节映射.csv
B0485,6.4,B,V2,shanghai_consumer_culture,上海为早期最具资本主义色彩的城市：西式器物与生活方式渗入百姓日常，《嘉定县续志》等方志记录生活变迁；商业美术家自商业接触中成长,上海仅为第一章近代史段落之一，非专论上海消费文化；方志引文为转引二手辑录,回查clean L57月份牌画家名单与方志引文,ACCEPTED_AS_CORE_SOURCE,D:\Design-history-知识库\教材章节知识模型转换\11_语义复核批次\BATCH-007-CH06-EASTASIA\mappings\B0485_章节映射.csv
B0485,6.6,B,V2,craft_vs_modern_debate,80年代“工艺美术”与“现代设计”之争：辛华泉《论构成》、杭间《对“工艺美术”的诘难》（1986《中国美术报》）、对比公式、Crafts改Design、“三股并列”（张道一），作者取“扬弃”立场,论争史实可考（刊物原文），“扬弃”评价为作者立场；与民族形式/现代形式之争为平行论域,回查clean L110《装饰》文章清单与杭间文编者按,ACCEPTED_AS_CORE_SOURCE,D:\Design-history-知识库\教材章节知识模型转换\11_语义复核批次\BATCH-007-CH06-EASTASIA\mappings\B0485_章节映射.csv
B0485,6.6,B,V2,national_form_mural,首都机场壁画“民族新传统”（张仃“以线为基础”、中国重彩/水墨与传统工艺手法）与西方现代艺术（肖惠祥变形手法）的中西合璧，作为“文革”后视觉艺术首次真正中西合璧与当代设计起始点,事件叙述基于袁运生/袁运甫口述与《人民日报》报道，“起始点”定论为作者判断,回查clean L90壁画7件清单与细节,ACCEPTED_AS_CORE_SOURCE,D:\Design-history-知识库\教材章节知识模型转换\11_语义复核批次\BATCH-007-CH06-EASTASIA\mappings\B0485_章节映射.csv
B0485,6.6,C,V2,decor_debate,装饰功罪之辩：卢斯“装饰即罪恶”到“装饰热”到“丑陋建筑评选”，作者强调装饰的启蒙价值与双面性,散见第四章，非专节论述,回查clean L121-L124装饰论述段,ACCEPTED_AS_CORE_SOURCE,D:\Design-history-知识库\教材章节知识模型转换\11_语义复核批次\BATCH-007-CH06-EASTASIA\mappings\B0485_章节映射.csv
B0485,6.7,C,V2,wartime_propaganda_image,延安木刻、政治招贴/新年画传统构成“中国式”现代设计图像之源；桑塔格论政治招贴全文直引,第一章图像现代性小节例证，非战争宣传史专论,回查clean L69延安木刻与新年画段,ACCEPTED_AS_CORE_SOURCE,D:\Design-history-知识库\教材章节知识模型转换\11_语义复核批次\BATCH-007-CH06-EASTASIA\mappings\B0485_章节映射.csv
B0485,6.7,C,V2,image_modernity_book,《新青年》中西混排书籍革命、鲁迅对木刻与书籍装帧的贡献、1992年深圳“平面设计在中国”展——平面设计最先与国际接轨,以图像案例论证观念变迁，属叙述性证据,回查clean L69平面设计接轨论断,ACCEPTED_AS_CORE_SOURCE,D:\Design-history-知识库\教材章节知识模型转换\11_语义复核批次\BATCH-007-CH06-EASTASIA\mappings\B0485_章节映射.csv
B0485,10.1,B,V2,prc_crafts_discourse,1949年后“工艺美术”话语主导：毛泽东手工业改造思想、中央工艺美术学院1956年建院、《工艺美术通讯》上庞薰琹/陈之佛/张道一/郑可的定义、1950-70年代设计“名存实亡”判断,属第一章近代史收束段，非1949年史专章；“名存实亡”为作者概括性判断,回查clean L63-L66工艺美术话语确立段,ACCEPTED_AS_CORE_SOURCE,D:\Design-history-知识库\教材章节知识模型转换\11_语义复核批次\BATCH-007-CH06-EASTASIA\mappings\B0485_章节映射.csv
B0485,10.1,B,V2,reform_era_restart,1978年后中国现代设计重新启蒙：1998年教育部目录更名“艺术设计”、1995年广州会议、1999年中央工艺美院并入清华大学,更名事件史实可考，“重新启蒙”为作者框架；与B0500/B0472同对象只计一份P0,回查clean L113-L118名词变迁与并入清华叙述,ACCEPTED_AS_CORE_SOURCE,D:\Design-history-知识库\教材章节知识模型转换\11_语义复核批次\BATCH-007-CH06-EASTASIA\mappings\B0485_章节映射.csv
B0492,0.6,B,V2,evidence_layering_three_levels,证据分层规则示范：编者/主编立场（许江总序、杭间导言）与档案史料（梁思成信影印、四定方案、718厂档案、座谈会文件）须分层；直接接触、制度转译、正典建构三级证据边界清晰,各段证据类型不同须分别标注,回查clean第113、121行与第180行,ACCEPTED_AS_CORE_SOURCE,D:\Design-history-知识库\教材章节知识模型转换\11_语义复核批次\BATCH-005-CH04-BAUHAUS\mappings\B0492_章节映射.csv
B0492,0.6,C,V2,ocr_damage_note,部分一手文献OCR损坏严重（clean第129行邵大箴原文乱码等），细节引用须回查原刊；个别转引著录有瑕疵（克雷格年份）,OCR损伤为实证；分析报告已如实标注,回查clean第129行原刊（《世界美术》1979）,ACCEPTED_AS_CORE_SOURCE,D:\Design-history-知识库\教材章节知识模型转换\11_语义复核批次\BATCH-005-CH04-BAUHAUS\mappings\B0492_章节映射.csv
B0492,0.7,B,V2,five_translations_model,全球接受的不对称模型：乌尔姆科技融合并'与包豪斯保持距离'、美国去政治化演变为国际主义风格'背离初衷'、东德视作社会主义理想、日本构成化、中国扬弃——同一遗产五种转译,转译与不对称的全球案例集,回查clean第30行艾舍引文,ACCEPTED_AS_CORE_SOURCE,D:\Design-history-知识库\教材章节知识模型转换\11_语义复核批次\BATCH-005-CH04-BAUHAUS\mappings\B0492_章节映射.csv
B0492,0.7,B,V2,museum_legacy_claim,'包豪斯的遗产主要在博物馆里，而不在目前的技术与经济中'（艾舍1987）——遗产存在于各国转译路径而非复制的编者立场支撑,属乌尔姆当事人观点转引，非本书结论,核对clean第30行转引链,ACCEPTED_AS_CORE_SOURCE,D:\Design-history-知识库\教材章节知识模型转换\11_语义复核批次\BATCH-005-CH04-BAUHAUS\mappings\B0492_章节映射.csv
B0492,4.7,A,V2,core_evidence,包豪斯在中国的接受是选择性重组：四段论（初晤—曲折—误读变体—扬弃），核心是'中国的设计界追求民生改善与现代化的自己的历史',档案（梁思成信、四定方案）与编者导言分层使用,回查clean第83—180行原文引述,ACCEPTED_AS_CORE_SOURCE,D:\Design-history-知识库\教材章节知识模型转换\11_语义复核批次\BATCH-005-CH04-BAUHAUS\mappings\B0492_章节映射.csv
B0492,4.7,A,V2,indirect_contact_early,中国最早经日本、法国间接渠道接触包豪斯：陈之佛文无Bauhaus字样仅Breuhaus、庞薰琹柏林考察、郑可1931年参观,属间接接触证据，不构成直接影响命题,回查clean第83、87行,ACCEPTED_AS_CORE_SOURCE,D:\Design-history-知识库\教材章节知识模型转换\11_语义复核批次\BATCH-005-CH04-BAUHAUS\mappings\B0492_章节映射.csv
B0492,4.7,A,V2,canon_three_nodes,正典建构三节点：圣约翰建筑系1942年引进包豪斯体系、同济文远楼1953年、梁思成1945年信倡Bauhaus方法并改革清华教学,建筑教育领域的制度转译证据充分,回查clean第113、117、121行,ACCEPTED_AS_CORE_SOURCE,D:\Design-history-知识库\教材章节知识模型转换\11_语义复核批次\BATCH-005-CH04-BAUHAUS\mappings\B0492_章节映射.csv
B0492,4.7,B,V2,uniqueness_claim_editorial,'包豪斯与中国的关系比世界上任何国家都要独特'是编者（杭间导言）立场命题，属纪念文献展的价值判断,仅作编者立场引用，不得当作档案事实,核对clean第180行上下文,ACCEPTED_AS_CORE_SOURCE,D:\Design-history-知识库\教材章节知识模型转换\11_语义复核批次\BATCH-005-CH04-BAUHAUS\mappings\B0492_章节映射.csv
B0492,4.7,B,V2,three_constitutes_misreading,'三大构成'系日本构成教育的中国化形态，被误认为包豪斯基础课（康定斯基/伊顿先入华造成错觉），21世纪被扬弃——转译中的概念错位典型案例,'既非出自包豪斯，又背离了现代设计艺术的要求',回查clean第170行,ACCEPTED_AS_CORE_SOURCE,D:\Design-history-知识库\教材章节知识模型转换\11_语义复核批次\BATCH-005-CH04-BAUHAUS\mappings\B0492_章节映射.csv
B0492,4.7,B,V2,chen_zhifo_self_correction,陈之佛接受证据链的自我修正：张道一称其'介绍包豪斯'，但原文无Bauhaus字样、系对日文资料汇编——证明接受史须区分直接接触与间接汇编,分析报告已如实标注此矛盾,核对clean第83行'作者附记',ACCEPTED_AS_CORE_SOURCE,D:\Design-history-知识库\教材章节知识模型转换\11_语义复核批次\BATCH-005-CH04-BAUHAUS\mappings\B0492_章节映射.csv
B0492,4.7,B,V2,translation_popularization,70—80年代误读变体期的译介普及：1979年里德'建筑者之家'、邵大箴'包浩斯学院'、1982年译名定型（阳太阳、迟轲、奚传绩等），构成正典化的文本层证据,译名演变即正典建构的术语考古证据,回查clean第125行,ACCEPTED_AS_CORE_SOURCE,D:\Design-history-知识库\教材章节知识模型转换\11_语义复核批次\BATCH-005-CH04-BAUHAUS\mappings\B0492_章节映射.csv
B0492,6.1,B,V2,spatial_transfer_chain,东亚转译空间链条：日本→香港→内地（朝仓直巳《艺术·设计的平面构成》90年代初从香港传入，与色彩/立体构成合称'三大构成'）,转译路径双向（日本反向影响中国）,回查clean第64、170行,ACCEPTED_AS_CORE_SOURCE,D:\Design-history-知识库\教材章节知识模型转换\11_语义复核批次\BATCH-005-CH04-BAUHAUS\mappings\B0492_章节映射.csv
B0492,6.5,A,V2,japan_intermediary,日本作为东亚中介：水谷武彦译'构成'自Gestaltung、高桥正人建立构成学科并'在教育制度上根本改革'、朝仓直巳'三大构成'经香港传入内地,构成教育制度转译链条完整,回查clean第64行,ACCEPTED_AS_CORE_SOURCE,D:\Design-history-知识库\教材章节知识模型转换\11_语义复核批次\BATCH-005-CH04-BAUHAUS\mappings\B0492_章节映射.csv
B0492,6.5,A,V2,hong_kong_second_intermediary,香港作为第二层中介：吕立勋1979年在中央工艺美院开'设计中国'讲座（王无邪构成理论）、1980年'设计捌拾'展、广州美院1986年设构成专业,香港—内地教育中介证据,回查clean第64行细节,ACCEPTED_AS_CORE_SOURCE,D:\Design-history-知识库\教材章节知识模型转换\11_语义复核批次\BATCH-005-CH04-BAUHAUS\mappings\B0492_章节映射.csv
B0492,6.5,B,V2,education_downward,教育制度向下延伸：武井胜雄将基础训练实施于小学、1934年与川喜田炼七郎编《构成教育大系》、川喜田的'建筑工艺研究所'培养出龟仓雄策,中小学构成教育为制度转译的纵深证据,核对clean第64、68行,ACCEPTED_AS_CORE_SOURCE,D:\Design-history-知识库\教材章节知识模型转换\11_语义复核批次\BATCH-005-CH04-BAUHAUS\mappings\B0492_章节映射.csv
B0492,6.7,B,V2,nationalization_case,区域转译的民族化个案：柳宗理（水谷武彦学生、柳宗悦之子）将功能主义与民艺传统结合，蝴蝶凳1957年获米兰三年展金奖——'用就是美',个案性证据，不作普遍命题,核对clean第64行附近L73,ACCEPTED_AS_CORE_SOURCE,D:\Design-history-知识库\教材章节知识模型转换\11_语义复核批次\BATCH-005-CH04-BAUHAUS\mappings\B0492_章节映射.csv
B0493,0.2,B,V2,modernity_bauhaus_china,20世纪80年代中国现代设计思潮是“经由生活的一次人文启蒙”，香港担当连接“欧陆”的中介；包豪斯思想隔半世纪传入中国，但对包豪斯的理解不完整，功能主义成为宣扬设计至上的理由；现代设计仓促发生导致“泡沫教育”与“泡沫设计”并存,现代性叙述为作者个人史观与反思,回查clean L358,ACCEPTED_AS_SUPPLEMENTARY_SOURCE,D:\Design-history-知识库\教材章节知识模型转换\11_语义复核批次\BATCH-007-CH06-EASTASIA\mappings\B0493_章节映射.csv
B0493,6.1,A,V2,craft_aesthetics_discipline_foundation,工艺美学作为中国设计学本土化奠基：“工艺美术是造物的美术，工艺美学是造物的美学”；六大基本特征与“适用”范畴构成概念前史的核心学科资源,概念界定为作者建构（1981年田自秉首倡经作者体系化）；“适用”引王朝闻信为史料,回查clean L1与绪论,ACCEPTED_AS_CORE_SOURCE,D:\Design-history-知识库\教材章节知识模型转换\11_语义复核批次\BATCH-007-CH06-EASTASIA\mappings\B0493_章节映射.csv
B0493,6.1,B,V2,three_schools_thought_resources,儒道互补为主的思想格局（官方工艺以儒家为主导、民间工艺多符合道家），并对墨家重点论述——墨子为“第一位工艺美学家”，“兼爱节用”功利主义工艺观；道家“技进乎道”“大巧若拙”与器用观,三家思想解读含作者诠释（如对李泽厚评墨子的反驳）,回查clean L39-100,ACCEPTED_AS_SUPPLEMENTARY_SOURCE,D:\Design-history-知识库\教材章节知识模型转换\11_语义复核批次\BATCH-007-CH06-EASTASIA\mappings\B0493_章节映射.csv
B0493,6.2,A,V2,late_qing_industry_shift,晚清“师夷长技以制夷”与洋务运动开启由传统手工艺向近代工业的转变，“具有近代形态的工艺美学或设计美学开始了它的萌芽”,人物名单与奏议以原文为准；开启论断为作者判断,回查clean L204-217,ACCEPTED_AS_CORE_SOURCE,D:\Design-history-知识库\教材章节知识模型转换\11_语义复核批次\BATCH-007-CH06-EASTASIA\mappings\B0493_章节映射.csv
B0493,6.2,A,V2,qiyi_lingqiao_and_qidao_debate,“奇技淫巧”与“器道之争”：保守派倭仁vs洋务派“师夷长技”，张之洞“中学为体，西学为用”；近代器用观从拒购轮船到接纳“工业文明之美”的转变,器物接受史叙述（杜兰德小火车、慈禧汽车、飞机变展品）为作者论证材料,回查clean L214、L217,ACCEPTED_AS_CORE_SOURCE,D:\Design-history-知识库\教材章节知识模型转换\11_语义复核批次\BATCH-007-CH06-EASTASIA\mappings\B0493_章节映射.csv
B0493,6.2,B,V2,jingshi_zhiyong_legacy,明末清初经世致用实学传统（黄宗羲、顾炎武、王夫之、方以智）为洋务运动与近代工艺观提供理论依据，同时乾嘉考据未根本改变重道轻器,思想家论断以原著互证，作者评述与史实需区分,回查clean L210-211,ACCEPTED_AS_SUPPLEMENTARY_SOURCE,D:\Design-history-知识库\教材章节知识模型转换\11_语义复核批次\BATCH-007-CH06-EASTASIA\mappings\B0493_章节映射.csv
B0493,6.6,B,V2,from_craft_to_design_transition,1998年学科目录“工艺美术”改称“艺术设计”；“工艺美术”与“设计艺术”不是截然分开的东西，而是中国设计的两个过程；传统工艺是“唤醒中国本土设计面向世界的重要源泉”,“一个名词兴衰的背后”为作者史学解释，学科目录事实（1998年）可独立核验,回查clean L351-358,ACCEPTED_AS_SUPPLEMENTARY_SOURCE,D:\Design-history-知识库\教材章节知识模型转换\11_语义复核批次\BATCH-007-CH06-EASTASIA\mappings\B0493_章节映射.csv
B0493,6.6,C,V2,modern_decorative_art_dilemma,近代装饰艺术：装饰的伦理、政治与救国维度，“艺术地生活”理想的艰难；装饰艺术运动经庞薰琹传入中国，但在产业薄弱与意识形态语境下沦为少数人的艺术趣味,本章为专论性叙述，与6.6民族形式争论的对应为间接语义关联,回查clean L330-349,ACCEPTED_AS_SUPPLEMENTARY_SOURCE,D:\Design-history-知识库\教材章节知识模型转换\11_语义复核批次\BATCH-007-CH06-EASTASIA\mappings\B0493_章节映射.csv
B0493,6.6,C,V2,liyu_daily_life_aesthetics,李渔工艺美学思想：生活日用美学的系统个案，“制体宜坚”、“取景在借”，为民族生活美学与日常器用设计思想提供传统资源,本章为个案专论，与6.6的关联在于本土生活美学传统资源,回查clean L219-238,ACCEPTED_AS_SUPPLEMENTARY_SOURCE,D:\Design-history-知识库\教材章节知识模型转换\11_语义复核批次\BATCH-007-CH06-EASTASIA\mappings\B0493_章节映射.csv
B0493,10.1,B,V2,craft_concept_and_regime,“工艺美术＝造物的美术”概念界定（不只是设计且须制成终端产品，“先工后美、工艺并存”）；1949年后工艺美术体制变迁（手工业合作社→中央手工业管理局→轻工部，外销换汇使命）,制度沿革以1954-1978年机构调整为据,回查clean L1、L13、L352,ACCEPTED_AS_SUPPLEMENTARY_SOURCE,D:\Design-history-知识库\教材章节知识模型转换\11_语义复核批次\BATCH-007-CH06-EASTASIA\mappings\B0493_章节映射.csv
B0495,0.2,A,V2,modernity_and_post_modernity_discourse,现代性即“脱域”（disembedding）；“后”生活与“后设计”表征；后现代主义是“软弱的批判”；中国设计史按农耕→工业两阶段理解现代转型,V章L119-L148、IV章L110-L118（理论命题+中国个案分层）,核对L123脱域、L147后现代批判表述,ACCEPTED_AS_CORE_SOURCE,D:\Design-history-知识库\教材章节知识模型转换\11_语义复核批次\BATCH-007-CH06-EASTASIA\mappings\B0495_章节映射.csv
B0495,6.1,A,V2,naming_reform_and_concept_history,1998年学科目录“工艺美术”→“艺术设计”是20世纪中国重要历史事件；名词变迁折射产业结构调整与意识形态纠缠；“工艺美术”名词兴衰（百工→图案→美术工艺→工艺美术→设计艺术）,I章L8-L24（观念史+政策文献：学科目录、毛泽东批示、轻工部沿革、清末出使大臣奏折）,核对L10学科目录与批示引文、L23两大后果论述,ACCEPTED_AS_CORE_SOURCE,D:\Design-history-知识库\教材章节知识模型转换\11_语义复核批次\BATCH-007-CH06-EASTASIA\mappings\B0495_章节映射.csv
B0495,6.5,B,V2,education_institution_and_east_asian_mediation,1956年中央工艺美术学院建立使“工艺美术”概念深入人心；“意匠”源于日本转译；香港担当连接欧陆的“中介”角色；XI章论设计教育理想与生活互动,I章L92-L99、XI章L244-L279（教育观念论述，非制度史专著）,核对L20香港中介表述、L93中央工艺美院建院表述,ACCEPTED_AS_CORE_SOURCE,D:\Design-history-知识库\教材章节知识模型转换\11_语义复核批次\BATCH-007-CH06-EASTASIA\mappings\B0495_章节映射.csv
B0495,6.6,A,V2,national_style_and_modern_form_debate,设计风格是民族的文化生存战略；“设计之道归于风格”，“道”含技术途径/风度格调/形而上体系三层；全球化下以国际语言“呈现”本土文化；风格自觉形成与自然形成两阶段,XIII章L316-L349（风格论与跨文化比较）、前言L3,核对L317“道”三层含义原文、L348民族风格表述,ACCEPTED_AS_CORE_SOURCE,D:\Design-history-知识库\教材章节知识模型转换\11_语义复核批次\BATCH-007-CH06-EASTASIA\mappings\B0495_章节映射.csv
B0495,10.1,A,V2,institutional_reorganization_and_term_continuity,工艺美术从个体作坊→手工业合作社→集体企业→回归个体的命运；轻工部建制沿革（1954-1978）；毛泽东1950年代批示定位手工艺为工业化原始积累工具,I章L10-L12（政策文献为直接史料）,核对L10毛泽东批示引文与轻工部年表,ACCEPTED_AS_CORE_SOURCE,D:\Design-history-知识库\教材章节知识模型转换\11_语义复核批次\BATCH-007-CH06-EASTASIA\mappings\B0495_章节映射.csv
B0495,10.6,B,V2,craft_and_national_form_policy,《加快手工业的社会主义改造》后手工艺被当作重工业原始积累资本工具，“牺牲掉了它们的优势”；“工艺美术”重提为中国本土设计的文化身份识别,IV章L116-L118、I章L20（观念史评述+政策文献）,核对L117大炼钢铁/人民公社时期手工艺命运表述,ACCEPTED_AS_CORE_SOURCE,D:\Design-history-知识库\教材章节知识模型转换\11_语义复核批次\BATCH-007-CH06-EASTASIA\mappings\B0495_章节映射.csv
B0495,10.7,C,V2,craft_profession_in_political_upheaval,1958年大炼钢铁、“人民公社”“大跃进”时期手工艺专业地位的牺牲——“这是设计从古代到近、现代转折时碰到的最痛苦的抉择”,IV章L116-L118（观念史评述，直接档案有限）,核对L117“最痛苦的抉择”原文表述,ACCEPTED_WITH_CAVEAT,D:\Design-history-知识库\教材章节知识模型转换\11_语义复核批次\BATCH-007-CH06-EASTASIA\mappings\B0495_章节映射.csv
B0495,11.1,B,V2,postmodern_design_and_weak_critique,“后设计”指后现代主义设计的小众化标新立异；现代主义功过须分说；后现代主义是一种“软弱的批判”；文丘里、詹克斯的引介,V章L119-L148（理论命题，与个案史料分层）,核对L133后设计定义、L144现代主义评述,ACCEPTED_AS_CORE_SOURCE,D:\Design-history-知识库\教材章节知识模型转换\11_语义复核批次\BATCH-007-CH06-EASTASIA\mappings\B0495_章节映射.csv
B0495,12.1,B,V2,design_ethics_and_consumption_critique,“设计夺权”论；“制造风格”刺激消费造成资源浪费与人的退化；设计是刺激消费帮凶还是生活改进者之辩；功能主义“用”是设计底线伦理,IX章L214-L231（伦理理论命题）,核对L217-218设计夺权、L226-227制造风格,ACCEPTED_AS_CORE_SOURCE,D:\Design-history-知识库\教材章节知识模型转换\11_语义复核批次\BATCH-007-CH06-EASTASIA\mappings\B0495_章节映射.csv
B0495,12.2,C,V2,papanek_and_survival_design_reference,引帕帕耐克《为了生存的设计》与麦克哈格《设计结合自然》讨论设计责任与生存伦理,XII章L314（理论引证，非实证研究）,核对L314帕帕耐克/麦克哈格引用,ACCEPTED_WITH_CAVEAT,D:\Design-history-知识库\教材章节知识模型转换\11_语义复核批次\BATCH-007-CH06-EASTASIA\mappings\B0495_章节映射.csv
B0495,14.1,C,V2,digital_survival_and_nonmaterial_design,数字化生存与“非物质设计”图景（尼葛洛庞蒂）；数字时代设计主体困境与关怀,XIV章L350-L397（21世纪初展望性理论论述，非制度史实证）,核对L366非物质设计表述,ACCEPTED_WITH_CAVEAT,D:\Design-history-知识库\教材章节知识模型转换\11_语义复核批次\BATCH-007-CH06-EASTASIA\mappings\B0495_章节映射.csv
B0495,14.6,C,V2,design_industry_and_cultural_consciousness,设计产业作为商业战略与“文化自觉”；全球化下设计师的文化立场与本土性保持,XIV章L392-L395（战略展望性论述）,核对L392-L395文化自觉表述,ACCEPTED_WITH_CAVEAT,D:\Design-history-知识库\教材章节知识模型转换\11_语义复核批次\BATCH-007-CH06-EASTASIA\mappings\B0495_章节映射.csv
B0500,0.2,A,V2,modernity_of_chinese_design,中国设计现代性问题：中性人格、月份牌女性形象现代性、电影造梦、市民文化,“中性人格”“现代性”为作者建构概念，个案为史料,回查clean L40、L59、L297现代性论述,ACCEPTED_AS_CORE_SOURCE,D:\Design-history-知识库\教材章节知识模型转换\11_语义复核批次\BATCH-007-CH06-EASTASIA\mappings\B0500_章节映射.csv
B0500,0.2,C,V2,designers_personality_modernity,设计师人格现代性（中性人格）与设计现代化关系,概念建构为主，个案（吕彦直、梁思成、杭穉英）支撑,回查clean L58-59,ACCEPTED_AS_SUPPLEMENT,D:\Design-history-知识库\教材章节知识模型转换\11_语义复核批次\BATCH-007-CH06-EASTASIA\mappings\B0500_章节映射.csv
B0500,6.1,B,V2,pre_history_of_concept,概念前史：观念史方法论、D1/D2区分、设计反思两条路径（技术史/观念史）,方法论框架为作者建构，哲学资源（科林伍德、洛夫乔伊）有据,回查clean L11、L16、L21,ACCEPTED_AS_CORE_SOURCE,D:\Design-history-知识库\教材章节知识模型转换\11_语义复核批次\BATCH-007-CH06-EASTASIA\mappings\B0500_章节映射.csv
B0500,6.1,C,V2,pattern_education_system,图案教育制度（1902年三江师范学堂、北平美术学校、杭州国立艺术院）作为概念前史与设计教育基础,教育史实有据，“图案为中国设计观念主要思想资源”为作者概括,回查clean L37图案教育段落,ACCEPTED_AS_SUPPLEMENT,D:\Design-history-知识库\教材章节知识模型转换\11_语义复核批次\BATCH-007-CH06-EASTASIA\mappings\B0500_章节映射.csv
B0500,6.2,A,V2,late_qing_industry_and_national_goods,晚清洋务运动重商思想—以工立国—实业救国构成中国现代设计观念的经济思想起点,序言与第三章以经济思想史为叙述框架，属作者建构+档案史实（论著原文引证）分层,回查clean L6、L40工业化思想谱系原文,ACCEPTED_AS_CORE_SOURCE,D:\Design-history-知识库\教材章节知识模型转换\11_语义复核批次\BATCH-007-CH06-EASTASIA\mappings\B0500_章节映射.csv
B0500,6.2,A,V2,design_idea_transfer_via_products,设计观念随技术/工业产品跨国转移而渗透（德国汽车飞机、美国汽车无线电、福特生产方式）,转移史实有档案文献，'观念载体'命题为作者理论概括,回查clean L26、L28-32技术转移段落,ACCEPTED_AS_CORE_SOURCE,D:\Design-history-知识库\教材章节知识模型转换\11_语义复核批次\BATCH-007-CH06-EASTASIA\mappings\B0500_章节映射.csv
B0500,6.2,A,V2,expo_and_design_transfer,博览会作为设计观念输入与展示节点（1925年巴黎国际装饰艺术博览会、1929年费城世博会、1904年路易斯安那世博会）,事件记录有据，影响程度评估为作者判断,回查clean L37、L40博览会条目,ACCEPTED_AS_CORE_SOURCE,D:\Design-history-知识库\教材章节知识模型转换\11_语义复核批次\BATCH-007-CH06-EASTASIA\mappings\B0500_章节映射.csv
B0500,6.2,A,V2,national_brands_and_national_goods,国货/老品牌（永丰泰国货号、无敌牌缝纫机、百雀羚、双妹、金龙牌热水瓶、华生电扇）作为民族工业设计载体与国货意识表征,品牌史料来自左旭初藏品研究及口述整理，清单为作者编排,回查clean L40品牌条目,ACCEPTED_AS_CORE_SOURCE,D:\Design-history-知识库\教材章节知识模型转换\11_语义复核批次\BATCH-007-CH06-EASTASIA\mappings\B0500_章节映射.csv
B0500,6.2,B,V2,low_industrialization_strategy,低度工业化论争（方显廷、丁趾祥丝绸优先、高叔康改良手工业）塑造民国设计产业条件,经济思想史原文引证可靠，与设计发展的关联为作者推论,回查clean L47-54三论原文,ACCEPTED_AS_CORE_SOURCE,D:\Design-history-知识库\教材章节知识模型转换\11_语义复核批次\BATCH-007-CH06-EASTASIA\mappings\B0500_章节映射.csv
B0500,6.3,C,V2,visual_public_sphere_advertising,广告媒介与视觉传播（1932-34年上海广告牌4000平方米、霓虹灯广告、张光宇广告摄影术、月份牌远销全国）涉及视觉公共领域,本书以观念史为主轴，印刷资本机制非其重点，仅局部关联,回查clean L40、L59广告论述,ACCEPTED_AS_SUPPLEMENT,D:\Design-history-知识库\教材章节知识模型转换\11_语义复核批次\BATCH-007-CH06-EASTASIA\mappings\B0500_章节映射.csv
B0500,6.4,A,V2,shanghai_urban_consumer_culture,上海都市消费文化：月份牌广告、电影、霓虹灯广告、云裳时装催生设计现代性,个案深描（杭穉英、张光宇、周瘦鹃）支撑，概括性判断属作者,回查clean L59、L62-74月份牌与电影段落,ACCEPTED_AS_CORE_SOURCE,D:\Design-history-知识库\教材章节知识模型转换\11_语义复核批次\BATCH-007-CH06-EASTASIA\mappings\B0500_章节映射.csv
B0500,6.4,B,V2,film_and_mass_entertainment,30年代电影作为大众娱乐“现代性”风向标（联华/明星公司、左翼影人、片单）,电影史料翔实，“电影造梦”阐释为作者,回查clean L62-74电影论述,ACCEPTED_AS_CORE_SOURCE,D:\Design-history-知识库\教材章节知识模型转换\11_语义复核批次\BATCH-007-CH06-EASTASIA\mappings\B0500_章节映射.csv
B0500,6.6,B,V2,national_form_vs_modern_form,民族形式与现代形式之争：80年代图案与“三大构成”论战、工艺美术vs工业设计两错误道路论、西化vs自主之争,论争梳理为作者叙述，双方观点有脚注文献支撑,回查clean L117、L187、L297,ACCEPTED_AS_CORE_SOURCE,D:\Design-history-知识库\教材章节知识模型转换\11_语义复核批次\BATCH-007-CH06-EASTASIA\mappings\B0500_章节映射.csv
B0500,10.1,C,V2,new_china_design_institution,1949年后工程自发型设计与出口贸易（一五计划、156项工程、1957年首届广交会、出口纺织品）关联新中国设计制度,以观念延续为主线，制度层面非本书重点，仅局部涉及,回查clean L81、L112,ACCEPTED_AS_SUPPLEMENT,D:\Design-history-知识库\教材章节知识模型转换\11_语义复核批次\BATCH-007-CH06-EASTASIA\mappings\B0500_章节映射.csv
B0505,0.4,A,V2,artifact_evidence_book_cover,民国书籍封面实物（上海图书馆、北京国家图书馆、南京图书馆、中央研究院馆藏与家属收藏）为研究对象,图版目录L610—778（图1—55）；clean无图，图像本体不可复核,核对图版与描述对应,ACCEPTED_AS_CORE_SOURCE,D:\Design-history-知识库\教材章节知识模型转换\11_语义复核批次\BATCH-007-CH06-EASTASIA\mappings\B0505_章节映射.csv
B0505,0.4,B,V2,visual_evidence_limitation,风格分析（色彩/构图/元素）全部依赖文字描述，如《彷徨》「橘红底暗蓝纹，三人向太阳」,clean无图,核对描述与图版对应关系,ACCEPTED_AS_CORE_SOURCE,D:\Design-history-知识库\教材章节知识模型转换\11_语义复核批次\BATCH-007-CH06-EASTASIA\mappings\B0505_章节映射.csv
B0505,0.5,A,V2,testimonial_oral_source,当事人回忆（钱君匋、吴梦非）与艺术家书信（弘一致丰子恺）为口述/书信证据,L153弘一书信OCR错乱；口述证据需交叉印证,核对口述与书信,ACCEPTED_AS_CORE_SOURCE,D:\Design-history-知识库\教材章节知识模型转换\11_语义复核批次\BATCH-007-CH06-EASTASIA\mappings\B0505_章节映射.csv
B0505,0.5,B,V2,secondary_citation_chain,大量转引当代研究（李欧梵、刘建辉、今井阳子等）并采用作者—年份—页码规范引用,转引链需回查原始文献,核对转引链,ACCEPTED_AS_CORE_SOURCE,D:\Design-history-知识库\教材章节知识模型转换\11_语义复核批次\BATCH-007-CH06-EASTASIA\mappings\B0505_章节映射.csv
B0505,0.5,C,V2,p4_inference_route,知识涌现（P4中日传承链、印刷资本/视觉公共领域关联）属知识涌现分析推演，仅作语义路由,clean无「印刷资本」「视觉公共领域」字样,仅作路由,ACCEPTED_AS_CORE_SOURCE,D:\Design-history-知识库\教材章节知识模型转换\11_语义复核批次\BATCH-007-CH06-EASTASIA\mappings\B0505_章节映射.csv
B0505,6.2,B,V2,late_qing_industrialization,甲午战后实业救国与西艺教育（同文馆1862、福州船政学堂1866、张謇广设工艺学堂）为图案/工艺教育提供制度背景,教育机构史实,核对西艺教育机构与年代,ACCEPTED_AS_CORE_SOURCE,D:\Design-history-知识库\教材章节知识模型转换\11_语义复核批次\BATCH-007-CH06-EASTASIA\mappings\B0505_章节映射.csv
B0505,6.2,C,V2,industry_demand_design,上海工业化（1914—1928新开工厂1229家）催生广告与美术设计部门需求，传统手工向机器生产转变,二手统计数据（转引刘建辉2003、夏燕靖2006）,注明转引链,ACCEPTED_AS_CORE_SOURCE,D:\Design-history-知识库\教材章节知识模型转换\11_语义复核批次\BATCH-007-CH06-EASTASIA\mappings\B0505_章节映射.csv
B0505,6.3,A,V2,visual_public_sphere_book_cover,书衣借书刊流通实现「艺术大眾化」，构成印刷媒介上的视觉公共场域（移动的美术馆隐喻）,隐喻为作者表述,核对clean L211「艺术大眾化」原文措辞,ACCEPTED_AS_CORE_SOURCE,D:\Design-history-知识库\教材章节知识模型转换\11_语义复核批次\BATCH-007-CH06-EASTASIA\mappings\B0505_章节映射.csv
B0505,6.3,A,V2,print_capital_publishing_market,民初出版社（商务印书馆、开明书店等）借封面设计吸引读者以应对出版竞争，市场与封面流通度相关,兼引钱君匋回忆与李欧梵,核对《东方杂志》封面委托关系是否在clean直接表述,ACCEPTED_AS_CORE_SOURCE,D:\Design-history-知识库\教材章节知识模型转换\11_语义复核批次\BATCH-007-CH06-EASTASIA\mappings\B0505_章节映射.csv
B0505,6.3,A,V2,print_technology_transition,西方凸版/石印印刷技术传入使装帧由雕版线装过渡到铅印线装与双面印刷胶装，直排改横排、右翻改左翻,印刷技术史细节,核对印刷技术史细节与《东语正规》例证,ACCEPTED_AS_CORE_SOURCE,D:\Design-history-知识库\教材章节知识模型转换\11_语义复核批次\BATCH-007-CH06-EASTASIA\mappings\B0505_章节映射.csv
B0505,6.3,B,V2,publisher_institution,商务印书馆1897年始创于上海、开明书店等现代出版机构兴起并延揽图案人才，构成印刷资本机构基础,机构史实,核对L27英文摘要与L123机构叙述,ACCEPTED_AS_CORE_SOURCE,D:\Design-history-知识库\教材章节知识模型转换\11_语义复核批次\BATCH-007-CH06-EASTASIA\mappings\B0505_章节映射.csv
B0505,6.3,C,V2,design_professionalization,「从图案到设计」专业化叙事：美术与设计（图案）专业分化前，商业美术在书籍装帧领域先完成开拓,结论L372（P8命题）,核对结论L372原文,ACCEPTED_AS_CORE_SOURCE,D:\Design-history-知识库\教材章节知识模型转换\11_语义复核批次\BATCH-007-CH06-EASTASIA\mappings\B0505_章节映射.csv
B0505,6.4,A,V2,shanghai_urban_modernity,1920年代上海为世界级摩登都市，外滩建筑与南京路摩天楼体现新古典主义向装饰艺术的转变,转引李欧梵、刘建辉,核对转引关系与行号,ACCEPTED_AS_CORE_SOURCE,D:\Design-history-知识库\教材章节知识模型转换\11_语义复核批次\BATCH-007-CH06-EASTASIA\mappings\B0505_章节映射.csv
B0505,6.4,A,V2,commercial_art_consumption,「商业美术」名词1925年前后出现，上海产业化催生广告与美术设计部门需求,1914—1928上海新开工厂1229家（转引刘建辉2003）,核对转引数据,ACCEPTED_AS_CORE_SOURCE,D:\Design-history-知识库\教材章节知识模型转换\11_语义复核批次\BATCH-007-CH06-EASTASIA\mappings\B0505_章节映射.csv
B0505,6.4,B,V2,urban_sensory_culture,《妇女杂志》封面等书衣以「东西混合的艺术语言」刻画上海感官世界（舞厅、娼妓、电影、好莱坞影星照）,例证（《神女》《马路天使》《良友》《明星》等）,核对例证,ACCEPTED_AS_CORE_SOURCE,D:\Design-history-知识库\教材章节知识模型转换\11_语义复核批次\BATCH-007-CH06-EASTASIA\mappings\B0505_章节映射.csv
B0505,6.4,C,V2,semicolonial_modernity,上海半殖民地空间（租界、「魔都」「野蛮都市」）与摩登艺术追求并存，呈现都市现代性内部张力,村松梢风/芥川龙之介转引；L299—301引文OCR错乱,L299—301引文仅可依上下文理解,ACCEPTED_AS_CORE_SOURCE,D:\Design-history-知识库\教材章节知识模型转换\11_语义复核批次\BATCH-007-CH06-EASTASIA\mappings\B0505_章节映射.csv
B0514,0.2,B,V2,role_concept_authority,现代性定义与四体系框架（技术/功能/思想/制度），“经典现代建筑”概念区分；现代建筑经济性、工业化、简约美学符合中国国情的判断,第1章L18–19、L25、L36–37,回查L19四体系原文与L37“天然需要”完整论证,ACCEPTED_AS_SUPPORTING_SOURCE,D:\Design-history-知识库\教材章节知识模型转换\11_语义复核批次\BATCH-007-CH06-EASTASIA\mappings\B0514_章节映射.csv
B0514,6.1,D,V2,role_term_context,本书对“现代建筑/现代性/风格化”的术语界定属建筑域概念工作，与“图案/工艺美术/设计”语义变化不同对象域，仅方法论参照,第1章L16–22,回查L16–22术语定义原文；不作6.1史实证据,ACCEPTED_AS_SUPPORTING_SOURCE,D:\Design-history-知识库\教材章节知识模型转换\11_语义复核批次\BATCH-007-CH06-EASTASIA\mappings\B0514_章节映射.csv
B0514,6.2,D,V2,role_background_context,晚清工业与博览会不在本书叙事范围（起点1920年代末），仅19—20世纪之交列强建筑输入的背景段可作时空铺垫,第2章L42–43、L115,回查L43“被迫纳入世界市场”输入建筑背景；无晚清博览会/国货内容,ACCEPTED_AS_SUPPORTING_SOURCE,D:\Design-history-知识库\教材章节知识模型转换\11_语义复核批次\BATCH-007-CH06-EASTASIA\mappings\B0514_章节映射.csv
B0514,6.4,C,V2,role_spatial_evidence,上海都市消费文化的建筑空间载体：旅馆、公寓、银行、百货等新类型建筑实例（沙逊大厦、国际饭店、百老汇大厦等）,第2章L115输入建筑类型清单,回查L115旅馆公寓银行实例与“新类型”论断,ACCEPTED_AS_SUPPORTING_SOURCE,D:\Design-history-知识库\教材章节知识模型转换\11_语义复核批次\BATCH-007-CH06-EASTASIA\mappings\B0514_章节映射.csv
B0514,6.5,C,V2,role_education_evidence,留学网络与建筑教育实证：第一代建筑师留美以宾夕法尼亚大学学院派为主；柳士英留日；梁思成在清华引入包豪斯体系,第1章L94、第3章L271、第4章L360–361,回查L94宾大留学生群体、L360–361梁思成清华包豪斯原文,ACCEPTED_AS_SUPPORTING_SOURCE,D:\Design-history-知识库\教材章节知识模型转换\11_语义复核批次\BATCH-007-CH06-EASTASIA\mappings\B0514_章节映射.csv
B0514,6.6,A,V2,role_primary_evidence,民族形式与现代形式之争的完整史实链：苏联“社会主义内容、民族形式”口号输入→梁思成理论中国化→宫殿式/少数民族式/苏式三类型→第一次反浪费运动斥“复古主义”→十四字方针确立（1955）,第4章L311–524；分章报告Ch04,回查L347口号来源、L367两张想象图、L516–517梁思成“替罪”与L522–523十四字方针原文,ACCEPTED_AS_CORE_SOURCE,D:\Design-history-知识库\教材章节知识模型转换\11_语义复核批次\BATCH-007-CH06-EASTASIA\mappings\B0514_章节映射.csv
B0514,6.7,C,V2,role_contextual_evidence,战争环境中的建筑与思想延续：1937–1949十一年战乱中现代建筑思想“深入”，战时反思与科学主义传播（2.3节）,第2章L108–194，总纲L42–43,回查L43“11年战争”与2.3节战时建筑实例,ACCEPTED_AS_SUPPORTING_SOURCE,D:\Design-history-知识库\教材章节知识模型转换\11_语义复核批次\BATCH-007-CH06-EASTASIA\mappings\B0514_章节映射.csv
B0514,10.1,C,V2,role_institutional_evidence,建设体制确立与术语延续：三年恢复期确立基本建设体制；“民族形式”“社会主义内容”“复古主义”“十四字方针”等术语沿革及“现代建筑/现代性”术语界定,第3章L195–310、第1章L16–22、第4章L347–353,回查L347口号、L522–523方针原文,ACCEPTED_AS_SUPPORTING_SOURCE,D:\Design-history-知识库\教材章节知识模型转换\11_语义复核批次\BATCH-007-CH06-EASTASIA\mappings\B0514_章节映射.csv
B0514,10.2,C,V2,role_production_process_evidence,计划经济下设计劳动的组织方式：建筑师执行国家意志，设计任务来源为国家计划；“解剖麻雀”“下楼出院”“三结合”“现场设计”等设计工作机制,第6章L675–685、第1章L91,回查L681–682设计革命工作方式、L91国家意志原文,ACCEPTED_AS_SUPPORTING_SOURCE,D:\Design-history-知识库\教材章节知识模型转换\11_语义复核批次\BATCH-007-CH06-EASTASIA\mappings\B0514_章节映射.csv
B0514,10.4,B,V2,role_primary_evidence,大型公共活动与公共建筑实证：国庆十大建筑（1959）、文革期体育馆（首都/五台山/上海/辽宁）、1990s交通/科教/博览建筑类型档案,第5章L525–671、第6章L726–793、第8章L1423/1468/1501,回查L582–583十大建筑两分评价、L1423交通建筑、L1501博览建筑原文,ACCEPTED_AS_SUPPORTING_SOURCE,D:\Design-history-知识库\教材章节知识模型转换\11_语义复核批次\BATCH-007-CH06-EASTASIA\mappings\B0514_章节映射.csv
B0514,10.5,C,V2,role_symbolic_evidence,政治宣传符号的建筑化：政治建筑“形象明喻与数字暗喻”两手法（“忠”字形、“中”字形、23级台阶、8.1m底座、12.26m像高等）,第6章L688–706,回查L693–694成都展览馆暗喻系统原文,ACCEPTED_AS_SUPPORTING_SOURCE,D:\Design-history-知识库\教材章节知识模型转换\11_语义复核批次\BATCH-007-CH06-EASTASIA\mappings\B0514_章节映射.csv
B0514,10.6,C,V2,role_comparative_evidence,“民族形式”被选择、标准化与政治化的建筑侧机制：苏联理论中国化→全国性大屋顶→反浪费批判，为工艺美术领域民族形式政治化提供对照,第4章L347–367、L510–523,回查L364“阶级立场问题”论断、L516–517批判原文,ACCEPTED_AS_SUPPORTING_SOURCE,D:\Design-history-知识库\教材章节知识模型转换\11_语义复核批次\BATCH-007-CH06-EASTASIA\mappings\B0514_章节映射.csv
B0514,10.7,B,V2,role_adaptation_evidence,短缺经济与政治变动下专业的中断与隐性延续：文革设计单位瘫痪、38.2万人下放29.1万人；“促生产”间隙中外交外贸建筑与地域性建筑的局部前进,第6章L672–827，总纲L54–55,回查L684–685劫难数据、L795–799广州隔而不绝实例,ACCEPTED_AS_SUPPORTING_SOURCE,D:\Design-history-知识库\教材章节知识模型转换\11_语义复核批次\BATCH-007-CH06-EASTASIA\mappings\B0514_章节映射.csv
B0517,0.6,B,V2,evidence_layering_editor_stance,证据偏差控制：本书存在编者立场（靳埭强、杭间）与档案史实两类证据，须分层使用,口述史、会议发言与档案考据在书中并行且未标注证据等级,核对L1007—1142口述段与L1479—1741档案段,ACCEPTED_AS_CORE_SOURCE,D:\Design-history-知识库\教材章节知识模型转换\11_语义复核批次\BATCH-005-CH04-BAUHAUS\mappings\B0517_章节映射.csv
B0517,0.6,C,V2,p4_emergence_semantic_routing,知识涌现模型（P4）仅作语义路由：本书的知识发现报告属P4推演，不构成本书直接陈述,P4结论须标注为推演,核对packet中知识涌现分析四份报告,ACCEPTED_AS_CORE_SOURCE,D:\Design-history-知识库\教材章节知识模型转换\11_语义复核批次\BATCH-005-CH04-BAUHAUS\mappings\B0517_章节映射.csv
B0517,0.7,B,V2,asymmetric_translation_social_engineering,中国对包豪斯的转译呈不对称性：只取基础课与构成体系，弃其社会工程与“艺术改造社会”内核,王受之“中国没有包豪斯生存土壤”与杭间798案例两说并置，为会议论辩而非定论,核对clean第2319—2329行与798论述,ACCEPTED_AS_CORE_SOURCE,D:\Design-history-知识库\教材章节知识模型转换\11_语义复核批次\BATCH-005-CH04-BAUHAUS\mappings\B0517_章节映射.csv
B0517,0.7,C,V2,global_design_history_model_cases,本书为全球设计史“转译与不对称”模型提供中国大陆、香港、台湾三地对照案例,文集定位使其成为案例集成而非模型建构之作,核对序言L127—145与论坛总结L2309—2332,ACCEPTED_AS_CORE_SOURCE,D:\Design-history-知识库\教材章节知识模型转换\11_语义复核批次\BATCH-005-CH04-BAUHAUS\mappings\B0517_章节映射.csv
B0517,4.7,A,V2,architecture_modernism_transfer_1930_1960,1930—1960中国建筑现代主义是留德（奚福泉、夏昌世）与留美（贝聿铭、黄作燊、王大闳）建筑师思想移转的结果,Kögel以博士论文、大学档案与建筑图纸支撑，为全书档案实证最强篇之一,核对clean第1612、1616、1671、1716行,ACCEPTED_AS_CORE_SOURCE,D:\Design-history-知识库\教材章节知识模型转换\11_语义复核批次\BATCH-005-CH04-BAUHAUS\mappings\B0517_章节映射.csv
B0517,4.7,B,V2,two_paths_mainland_hk_japan,内地接受包豪斯经香港（美系）与日本（三大构成）两条路径，台湾经日本殖民教育,杭间路线陈述与靳埭强讨论补充属会议发言共识，缺乏系统档案统计支撑,核对clean第1759—1761行与第2377行,ACCEPTED_AS_CORE_SOURCE,D:\Design-history-知识库\教材章节知识模型转换\11_语义复核批次\BATCH-005-CH04-BAUHAUS\mappings\B0517_章节映射.csv
B0517,4.7,B,V2,canon_building_three_constitutes,三大构成作为中国对包豪斯基础课的正典化误读对象，其“构成”语源实为日本与俄国构成主义,王受之正典批判与杭间正面辩护两说并置，语源论断有据但影响机制分析简略,核对clean第2319行与第2325行,ACCEPTED_AS_CORE_SOURCE,D:\Design-history-知识库\教材章节知识模型转换\11_语义复核批次\BATCH-005-CH04-BAUHAUS\mappings\B0517_章节映射.csv
B0517,4.7,B,V2,hong_kong_lineage_eight_designers,香港现代设计传承为郑可→王无邪→吕立勋/靳埭强/梁巨廷→石汉瑞/何弢/钟培正八人谱系,靳埭强自述式口述史，单源回忆，缺乏档案交叉验证；人物与作品图像证据可部分佐证,核对clean第1007、1030、1083行,ACCEPTED_AS_CORE_SOURCE,D:\Design-history-知识库\教材章节知识模型转换\11_语义复核批次\BATCH-005-CH04-BAUHAUS\mappings\B0517_章节映射.csv
B0517,4.7,B,V2,misreading_as_active_agency,自觉误读被正面化为中国人面对现代性的主动选择，而非贬义接受失真,杭间观念史论证，属阐释框架命题；“正读只有在误读中产生意义”为理论主张,核对clean第1784行,ACCEPTED_AS_CORE_SOURCE,D:\Design-history-知识库\教材章节知识模型转换\11_语义复核批次\BATCH-005-CH04-BAUHAUS\mappings\B0517_章节映射.csv
B0517,4.7,B,V2,bauhaus_collection_reverse_resource,7010件包豪斯藏品入藏中国美术学院，实现中国研究包豪斯实物资源反转,郑巨欣亲历事件记录，单篇短论、事件真实但论述简略,核对clean第415行,ACCEPTED_AS_CORE_SOURCE,D:\Design-history-知识库\教材章节知识模型转换\11_语义复核批次\BATCH-005-CH04-BAUHAUS\mappings\B0517_章节映射.csv
B0517,6.5,B,V2,st_john_tongji_education_transfer,黄作燊1942年圣约翰大学建筑系引入包豪斯式教学体系，1952年并入同济，构成中国现代建筑教育制度转译起点,毛其智、Kögel、殷正声三篇互证，但早期课程细节多赖口述与回忆,核对clean第1612行与第1945行,ACCEPTED_AS_CORE_SOURCE,D:\Design-history-知识库\教材章节知识模型转换\11_语义复核批次\BATCH-005-CH04-BAUHAUS\mappings\B0517_章节映射.csv
B0517,6.5,B,V2,hong_kong_design_education_transfer_mainland,香港设计教育经王无邪基础课模式与1979年广州美院讲学等事件向内地转移,靳埭强口述为单源证据；事件可考但影响程度无独立评估,核对clean第1142行,ACCEPTED_AS_CORE_SOURCE,D:\Design-history-知识库\教材章节知识模型转换\11_语义复核批次\BATCH-005-CH04-BAUHAUS\mappings\B0517_章节映射.csv
B0517,6.5,B,V2,taiwan_japan_intermediary_education,台湾设计教育经日据时期殖民教育（姚村雄）与战后美国影响（王行恭）两条线接受包豪斯,两篇视角有差异且编者未加按语；姚村雄有总督府规章、海报展档案支撑,核对clean第2319行与两篇报告差异,ACCEPTED_AS_CORE_SOURCE,D:\Design-history-知识库\教材章节知识模型转换\11_语义复核批次\BATCH-005-CH04-BAUHAUS\mappings\B0517_章节映射.csv
B0517,6.5,C,V2,shantou_curriculum_reform,汕头大学长江艺术与设计学院以中国文化为本、心手合一的整体教学改革，超越三大构成引进,靳埭强自述教学实践，教学报告性质、无独立评估,核对clean第1149行,ACCEPTED_AS_CORE_SOURCE,D:\Design-history-知识库\教材章节知识模型转换\11_语义复核批次\BATCH-005-CH04-BAUHAUS\mappings\B0517_章节映射.csv
P0040,0.5,A,V2,archive_publication_plate_chain,日记、草稿、图版、印刷与版次材料可重建设计知识出版链,文章复述不能替代未直接核验的档案和首版图版,回Cole日记、RIBA草稿、V&A预备图及首版,ACCEPTED_WITH_PRIMARY_FOLLOWUP,D:\Design-history-知识库\教材章节知识模型转换\11_语义复核批次\BATCH-001-CH01-CH02\mappings\P0040_章节映射.csv
P0040,0.6,B,V2,authority_and_infallibility_rhetoric,所谓科学和自然原则也可构成知识权威修辞，应审查其排除与等级化效果,这是Jespersen借用Wihl形成的解释，不是Jones自称,补后殖民研究、来源社群与反向接受,ACCEPTED_AS_INTERPRETATION,D:\Design-history-知识库\教材章节知识模型转换\11_语义复核批次\BATCH-001-CH01-CH02\mappings\P0040_章节映射.csv
P0040,0.7,B,V2,global_coverage_and_context_loss,《语法》的全球覆盖通过抽离语境、重绘和网格化形成,覆盖广不等于去殖民或关系史；形式并置不证明传播,补对象原境、采集与地方史,ACCEPTED_WITH_LIMITS,D:\Design-history-知识库\教材章节知识模型转换\11_语义复核批次\BATCH-001-CH01-CH02\mappings\P0040_章节映射.csv
P0040,1.6,A,V2,grammar_originality_and_design_theory,37条命题构成19世纪装饰设计理论与原创性争论的核心文本,论文支持的是理论和处理的原创性，不是所有图样由Jones原创,分别核命题、图版来源、协作者和后期作品,ACCEPTED_WITH_ATTRIBUTION_LIMIT,D:\Design-history-知识库\教材章节知识模型转换\11_语义复核批次\BATCH-001-CH01-CH02\mappings\P0040_章节映射.csv
P0040,2.1,B,V2,crystal_palace_origin_context,Cole圈、Crystal Palace与设计改革网络参与了该书的生成,不能由成书史替代1851博览会完整历史,补Cole档案、展览目录和同期批评,ACCEPTED_AS_POSTHISTORY,D:\Design-history-知识库\教材章节知识模型转换\11_语义复核批次\BATCH-001-CH01-CH02\mappings\P0040_章节映射.csv
P0040,2.2,A,V2,design_reform_publication_and_teaching,《语法》把改革机构、教学原则、彩色复制和设计实践连接起来,传播广与教育有效是不同命题，后者尚缺使用证据,补学校借阅、课程、学生作业和事务所使用记录,ACCEPTED_WITH_OUTCOME_GAP,D:\Design-history-知识库\教材章节知识模型转换\11_语义复核批次\BATCH-001-CH01-CH02\mappings\P0040_章节映射.csv
P0040,2.6,B,V2,plate_selection_and_global_classification,图版来源比例、重绘和编排可解释非欧洲装饰如何进入英国设计知识系统,作者的‘视觉学术无可挑剔’属评价且未处理全部殖民语境,补采集史、原对象与来源社群材料,ACCEPTED_WITH_COUNTERSOURCE_REQUIRED,D:\Design-history-知识库\教材章节知识模型转换\11_语义复核批次\BATCH-001-CH01-CH02\mappings\P0040_章节映射.csv
P0040,2.7,B,V2,precedent_to_new_design,从旧例提取原则并生成新设计是Jones体系所宣称的转译机制,不能由Templeton地毯个案证明普遍有效或文化上互惠,补具体对象、图版、委托和接收史,ACCEPTED_AS_SUPPORT,D:\Design-history-知识库\教材章节知识模型转换\11_语义复核批次\BATCH-001-CH01-CH02\mappings\P0040_章节映射.csv
